{"custom_metrics": {"initial_efficiency_mean": 0.16677684669355766, "initial_efficiency_min": 0.005908880004590616, "initial_efficiency_max": 0.2194915369417785, "max_eff_mean": 0.1972886548274416, "max_eff_min": 0.18063649324168896, "max_eff_max": 0.2194915369417785}, "episode_media": {}, "num_recreated_workers": 0, "info": {"learner": {}, "num_env_steps_sampled": 1000, "num_env_steps_trained": 0, "num_agent_steps_sampled": 1000, "num_agent_steps_trained": 0}, "sampler_results": {"episode_reward_max": 8.961417550321435, "episode_reward_min": 2.085806406206726, "episode_reward_mean": 4.188025311223813, "episode_len_mean": 128.0, "episode_media": {}, "episodes_this_iter": 7, "policy_reward_min": {}, "policy_reward_max": {}, "policy_reward_mean": {}, "custom_metrics": {"initial_efficiency_mean": 0.16677684669355766, "initial_efficiency_min": 0.005908880004590616, "initial_efficiency_max": 0.2194915369417785, "max_eff_mean": 0.1972886548274416, "max_eff_min": 0.18063649324168896, "max_eff_max": 0.2194915369417785}, "hist_stats": {"episode_reward": [8.961417550321435, 2.9502983812878067, 2.085806406206726, 2.5878098768691027, 2.5758875804957597, 5.167046120476385, 4.9879112629094715], "episode_lengths": [128, 128, 128, 128, 128, 128, 128]}, "sampler_perf": {"mean_raw_obs_processing_ms": 0.26026234164700046, "mean_inference_ms": 53.20636661617191, "mean_action_processing_ms": 0.03979923008205174, "mean_env_wait_ms": 6.925475704562771, "mean_env_render_ms": 0.0}, "num_faulty_episodes": 0}, "episode_reward_max": 8.961417550321435, "episode_reward_min": 2.085806406206726, "episode_reward_mean": 4.188025311223813, "episode_len_mean": 128.0, "episodes_this_iter": 7, "policy_reward_min": {}, "policy_reward_max": {}, "policy_reward_mean": {}, "hist_stats": {"episode_reward": [8.961417550321435, 2.9502983812878067, 2.085806406206726, 2.5878098768691027, 2.5758875804957597, 5.167046120476385, 4.9879112629094715], "episode_lengths": [128, 128, 128, 128, 128, 128, 128]}, "sampler_perf": {"mean_raw_obs_processing_ms": 0.26026234164700046, "mean_inference_ms": 53.20636661617191, "mean_action_processing_ms": 0.03979923008205174, "mean_env_wait_ms": 6.925475704562771, "mean_env_render_ms": 0.0}, "num_faulty_episodes": 0, "num_healthy_workers": 1, "num_agent_steps_sampled": 1000, "num_agent_steps_trained": 0, "num_env_steps_sampled": 1000, "num_env_steps_trained": 0, "num_env_steps_sampled_this_iter": 1000, "num_env_steps_trained_this_iter": 0, "timesteps_total": 1000, "num_steps_trained_this_iter": 0, "agent_timesteps_total": 1000, "timers": {"training_iteration_time_ms": 121.404}, "counters": {"num_env_steps_sampled": 1000, "num_env_steps_trained": 0, "num_agent_steps_sampled": 1000, "num_agent_steps_trained": 0}, "done": false, "episodes_total": 7, "training_iteration": 1, "trial_id": "9dc86_00000", "experiment_id": "a458554042c348b283ecf2b53450ab2c", "date": "2024-06-13_04-31-19", "timestamp": 1718253079, "time_this_iter_s": 61.520546674728394, "time_total_s": 61.520546674728394, "pid": 3207886, "hostname": "ro", "node_ip": "192.168.210.211", "config": {"extra_python_environs_for_driver": {}, "extra_python_environs_for_worker": {}, "num_gpus": 1, "num_cpus_per_worker": 1, "num_gpus_per_worker": 0, "_fake_gpus": false, "custom_resources_per_worker": {}, "placement_strategy": "PACK", "eager_tracing": false, "eager_max_retraces": 20, "tf_session_args": {"intra_op_parallelism_threads": 2, "inter_op_parallelism_threads": 2, "gpu_options": {"allow_growth": true}, "log_device_placement": false, "device_count": {"CPU": 1}, "allow_soft_placement": true}, "local_tf_session_args": {"intra_op_parallelism_threads": 8, "inter_op_parallelism_threads": 8}, "env": "MeentIndex-v0", "env_config": {"wavelength": 1100, "desired_angle": 70, "thickness": 325}, "observation_space": null, "action_space": null, "env_task_fn": null, "render_env": false, "clip_rewards": null, "normalize_actions": false, "clip_actions": false, "disable_env_checking": false, "num_workers": 1, "num_envs_per_worker": 1, "sample_collector": "<class 'ray.rllib.evaluation.collectors.simple_list_collector.SimpleListCollector'>", "sample_async": false, "enable_connectors": false, "rollout_fragment_length": 2, "batch_mode": "truncate_episodes", "remote_worker_envs": false, "remote_env_batch_wait_ms": 0, "validate_workers_after_construction": true, "ignore_worker_failures": false, "recreate_failed_workers": false, "restart_failed_sub_environments": false, "num_consecutive_worker_failures_tolerance": 100, "horizon": 512, "soft_horizon": false, "no_done_at_end": false, "preprocessor_pref": "deepmind", "observation_filter": "NoFilter", "synchronize_filters": true, "compress_observations": false, "enable_tf1_exec_eagerly": false, "sampler_perf_stats_ema_coef": null, "gamma": 0.99, "lr": 0.001, "train_batch_size": 256, "model": {"_use_default_native_models": false, "_disable_preprocessor_api": false, "_disable_action_flattening": false, "fcnet_hiddens": [256, 256], "fcnet_activation": "tanh", "conv_filters": null, "conv_activation": "relu", "post_fcnet_hiddens": [], "post_fcnet_activation": "relu", "free_log_std": false, "no_final_linear": false, "vf_share_layers": true, "use_lstm": false, "max_seq_len": 20, "lstm_cell_size": 256, "lstm_use_prev_action": false, "lstm_use_prev_reward": false, "_time_major": false, "use_attention": false, "attention_num_transformer_units": 1, "attention_dim": 64, "attention_num_heads": 1, "attention_head_dim": 32, "attention_memory_inference": 50, "attention_memory_training": 50, "attention_position_wise_mlp_dim": 32, "attention_init_gru_gate_bias": 2.0, "attention_use_n_prev_actions": 0, "attention_use_n_prev_rewards": 0, "framestack": true, "dim": 84, "grayscale": false, "zero_mean": true, "custom_model": "<class 'model.ShallowUQNet'>", "custom_model_config": {}, "custom_action_dist": null, "custom_preprocessor": null, "lstm_use_prev_action_reward": -1}, "optimizer": {}, "explore": true, "exploration_config": {"type": "EpsilonGreedy", "initial_epsilon": 0.99, "final_epsilon": 0.01, "epsilon_timesteps": 50000}, "input_config": {}, "actions_in_input_normalized": false, "postprocess_inputs": false, "shuffle_buffer_size": 0, "output": null, "output_config": {}, "output_compress_columns": ["obs", "new_obs"], "output_max_file_size": 67108864, "evaluation_interval": null, "evaluation_duration": 10, "evaluation_duration_unit": "episodes", "evaluation_sample_timeout_s": 180.0, "evaluation_parallel_to_training": false, "evaluation_config": {"extra_python_environs_for_driver": {}, "extra_python_environs_for_worker": {}, "num_gpus": 1, "num_cpus_per_worker": 1, "num_gpus_per_worker": 0, "_fake_gpus": false, "custom_resources_per_worker": {}, "placement_strategy": "PACK", "eager_tracing": false, "eager_max_retraces": 20, "tf_session_args": {"intra_op_parallelism_threads": 2, "inter_op_parallelism_threads": 2, "gpu_options": {"allow_growth": true}, "log_device_placement": false, "device_count": {"CPU": 1}, "allow_soft_placement": true}, "local_tf_session_args": {"intra_op_parallelism_threads": 8, "inter_op_parallelism_threads": 8}, "env": "MeentIndex-v0", "env_config": {"wavelength": 1100, "desired_angle": 70, "thickness": 325}, "observation_space": null, "action_space": null, "env_task_fn": null, "render_env": false, "clip_rewards": null, "normalize_actions": false, "clip_actions": false, "disable_env_checking": false, "num_workers": 1, "num_envs_per_worker": 1, "sample_collector": "<class 'ray.rllib.evaluation.collectors.simple_list_collector.SimpleListCollector'>", "sample_async": false, "enable_connectors": false, "rollout_fragment_length": 2, "batch_mode": "truncate_episodes", "remote_worker_envs": false, "remote_env_batch_wait_ms": 0, "validate_workers_after_construction": true, "ignore_worker_failures": false, "recreate_failed_workers": false, "restart_failed_sub_environments": false, "num_consecutive_worker_failures_tolerance": 100, "horizon": 512, "soft_horizon": false, "no_done_at_end": false,