Wavelength(m)	n	k
# material: Au
# source: Material_data set, optprop_Au.m
# model: Brendel-Bormann oscillators, sampled onto this grid
# type: model
# range: 1.5000e-07 - 1.0000e-04 m
# converted: 2026-08-03 by tools/convert_matlab_optprop.py
1.500000e-07	0.289501	1.14991
1.502441e-07	0.289789	1.15309
1.504886e-07	0.290079	1.15628
1.507335e-07	0.29037	1.15946
1.509788e-07	0.290661	1.16265
1.512245e-07	0.290954	1.16585
1.514705e-07	0.291248	1.16904
1.517170e-07	0.291543	1.17224
1.519639e-07	0.29184	1.17544
1.522112e-07	0.292137	1.17864
1.524589e-07	0.292435	1.18184
1.527070e-07	0.292735	1.18505
1.529555e-07	0.293035	1.18826
1.532044e-07	0.293336	1.19147
1.534537e-07	0.293639	1.19468
1.537034e-07	0.293942	1.1979
1.539536e-07	0.294247	1.20112
1.542041e-07	0.294552	1.20435
1.544550e-07	0.294858	1.20757
1.547064e-07	0.295166	1.2108
1.549581e-07	0.295474	1.21403
1.552103e-07	0.295783	1.21727
1.554629e-07	0.296093	1.22051
1.557158e-07	0.296404	1.22375
1.559692e-07	0.296716	1.22699
1.562230e-07	0.297029	1.23024
1.564773e-07	0.297342	1.23349
1.567319e-07	0.297657	1.23674
1.569870e-07	0.297972	1.24
1.572424e-07	0.298289	1.24326
1.574983e-07	0.298606	1.24653
1.577546e-07	0.298924	1.24979
1.580113e-07	0.299242	1.25306
1.582684e-07	0.299562	1.25634
1.585260e-07	0.299882	1.25962
1.587840e-07	0.300203	1.2629
1.590424e-07	0.300525	1.26619
1.593012e-07	0.300848	1.26948
1.595604e-07	0.301172	1.27277
1.598200e-07	0.301496	1.27607
1.600801e-07	0.301821	1.27937
1.603406e-07	0.302147	1.28267
1.606015e-07	0.302473	1.28598
1.608629e-07	0.302801	1.2893
1.611247e-07	0.303129	1.29261
1.613869e-07	0.303458	1.29594
1.616495e-07	0.303787	1.29926
1.619125e-07	0.304117	1.30259
1.621760e-07	0.304449	1.30593
1.624399e-07	0.30478	1.30927
1.627043e-07	0.305113	1.31261
1.629690e-07	0.305446	1.31596
1.632342e-07	0.30578	1.31931
1.634999e-07	0.306115	1.32267
1.637659e-07	0.30645	1.32604
1.640324e-07	0.306786	1.3294
1.642994e-07	0.307123	1.33278
1.645667e-07	0.307461	1.33615
1.648345e-07	0.3078	1.33954
1.651028e-07	0.308139	1.34292
1.653714e-07	0.308479	1.34632
1.656405e-07	0.308819	1.34972
1.659101e-07	0.309161	1.35312
1.661801e-07	0.309503	1.35653
1.664505e-07	0.309846	1.35994
1.667214e-07	0.31019	1.36336
1.669927e-07	0.310534	1.36679
1.672644e-07	0.31088	1.37022
1.675366e-07	0.311226	1.37366
1.678092e-07	0.311573	1.3771
1.680823e-07	0.311921	1.38055
1.683558e-07	0.312269	1.384
1.686298e-07	0.312619	1.38746
1.689042e-07	0.312969	1.39093
1.691791e-07	0.313321	1.3944
1.694544e-07	0.313673	1.39788
1.697301e-07	0.314026	1.40137
1.700063e-07	0.31438	1.40486
1.702830e-07	0.314736	1.40836
1.705601e-07	0.315092	1.41186
1.708376e-07	0.315449	1.41538
1.711156e-07	0.315807	1.4189
1.713941e-07	0.316166	1.42242
1.716730e-07	0.316527	1.42595
1.719524e-07	0.316888	1.42949
1.722322e-07	0.317251	1.43304
1.725125e-07	0.317614	1.43659
1.727932e-07	0.317979	1.44015
1.730744e-07	0.318346	1.44372
1.733560e-07	0.318713	1.4473
1.736381e-07	0.319082	1.45088
1.739207e-07	0.319452	1.45447
1.742037e-07	0.319824	1.45807
1.744872e-07	0.320197	1.46168
1.747711e-07	0.320571	1.46529
1.750555e-07	0.320947	1.46891
1.753404e-07	0.321325	1.47254
1.756257e-07	0.321704	1.47618
1.759115e-07	0.322085	1.47983
1.761978e-07	0.322467	1.48348
1.764845e-07	0.322851	1.48715
1.767717e-07	0.323237	1.49082
1.770594e-07	0.323625	1.4945
1.773475e-07	0.324015	1.49819
1.776361e-07	0.324407	1.50189
1.779252e-07	0.324801	1.50559
1.782147e-07	0.325197	1.50931
1.785047e-07	0.325595	1.51303
1.787952e-07	0.325995	1.51677
1.790862e-07	0.326398	1.52051
1.793776e-07	0.326803	1.52426
1.796695e-07	0.32721	1.52802
1.799619e-07	0.32762	1.5318
1.802547e-07	0.328033	1.53558
1.805480e-07	0.328448	1.53937
1.808418e-07	0.328866	1.54317
1.811361e-07	0.329287	1.54698
1.814309e-07	0.32971	1.5508
1.817261e-07	0.330137	1.55463
1.820219e-07	0.330567	1.55847
1.823181e-07	0.331	1.56232
1.826148e-07	0.331436	1.56618
1.829119e-07	0.331876	1.57005
1.832096e-07	0.332319	1.57394
1.835077e-07	0.332766	1.57783
1.838063e-07	0.333216	1.58173
1.841054e-07	0.33367	1.58565
1.844050e-07	0.334128	1.58957
1.847051e-07	0.334591	1.59351
1.850057e-07	0.335057	1.59746
1.853068e-07	0.335527	1.60141
1.856083e-07	0.336002	1.60538
1.859103e-07	0.336481	1.60937
1.862129e-07	0.336965	1.61336
1.865159e-07	0.337453	1.61736
1.868194e-07	0.337947	1.62138
1.871234e-07	0.338445	1.6254
1.874279e-07	0.338948	1.62944
1.877329e-07	0.339457	1.63349
1.880384e-07	0.339971	1.63756
1.883444e-07	0.34049	1.64163
1.886509e-07	0.341015	1.64572
1.889579e-07	0.341546	1.64982
1.892654e-07	0.342083	1.65393
1.895734e-07	0.342626	1.65805
1.898819e-07	0.343175	1.66219
1.901909e-07	0.34373	1.66633
1.905004e-07	0.344292	1.67049
1.908104e-07	0.344861	1.67467
1.911209e-07	0.345437	1.67885
1.914319e-07	0.346019	1.68305
1.917434e-07	0.346609	1.68726
1.920554e-07	0.347206	1.69148
1.923680e-07	0.34781	1.69572
1.926810e-07	0.348423	1.69997
1.929946e-07	0.349043	1.70423
1.933086e-07	0.349671	1.70851
1.936232e-07	0.350307	1.71279
1.939383e-07	0.350952	1.71709
1.942539e-07	0.351605	1.72141
1.945700e-07	0.352267	1.72573
1.948866e-07	0.352938	1.73007
1.952038e-07	0.353618	1.73443
1.955214e-07	0.354307	1.73879
1.958396e-07	0.355006	1.74317
1.961583e-07	0.355714	1.74756
1.964775e-07	0.356433	1.75197
1.967972e-07	0.357161	1.75639
1.971175e-07	0.3579	1.76082
1.974382e-07	0.358649	1.76527
1.977595e-07	0.359409	1.76973
1.980813e-07	0.360179	1.7742
1.984037e-07	0.360961	1.77868
1.987265e-07	0.361754	1.78318
1.990499e-07	0.362558	1.78769
1.993738e-07	0.363375	1.79222
1.996983e-07	0.364203	1.79676
2.000232e-07	0.365043	1.80131
2.003487e-07	0.365895	1.80587
2.006748e-07	0.36676	1.81045
2.010013e-07	0.367638	1.81504
2.013284e-07	0.368529	1.81965
2.016560e-07	0.369433	1.82426
2.019842e-07	0.37035	1.82889
2.023129e-07	0.371281	1.83354
2.026421e-07	0.372225	1.83819
2.029719e-07	0.373184	1.84286
2.033022e-07	0.374157	1.84754
2.036330e-07	0.375144	1.85224
2.039644e-07	0.376146	1.85694
2.042963e-07	0.377163	1.86166
2.046287e-07	0.378195	1.8664
2.049617e-07	0.379243	1.87114
2.052953e-07	0.380306	1.8759
2.056293e-07	0.381384	1.88067
2.059640e-07	0.382479	1.88545
2.062991e-07	0.38359	1.89025
2.066348e-07	0.384717	1.89505
2.069711e-07	0.385861	1.89987
2.073079e-07	0.387022	1.9047
2.076453e-07	0.3882	1.90954
2.079832e-07	0.389395	1.9144
2.083216e-07	0.390608	1.91926
2.086606e-07	0.391838	1.92414
2.090002e-07	0.393086	1.92903
2.093403e-07	0.394353	1.93392
2.096809e-07	0.395637	1.93883
2.100221e-07	0.396941	1.94376
2.103639e-07	0.398263	1.94869
2.107062e-07	0.399604	1.95363
2.110491e-07	0.400964	1.95858
2.113926e-07	0.402343	1.96355
2.117366e-07	0.403742	1.96852
2.120811e-07	0.405161	1.9735
2.124262e-07	0.4066	1.9785
2.127719e-07	0.408059	1.9835
2.131182e-07	0.409538	1.98851
2.134650e-07	0.411038	1.99354
2.138123e-07	0.412559	1.99857
2.141603e-07	0.414101	2.00361
2.145088e-07	0.415663	2.00866
2.148579e-07	0.417247	2.01371
2.152075e-07	0.418853	2.01878
2.155577e-07	0.42048	2.02385
2.159085e-07	0.422129	2.02894
2.162598e-07	0.4238	2.03403
2.166117e-07	0.425493	2.03913
2.169642e-07	0.427208	2.04423
2.173173e-07	0.428946	2.04934
2.176709e-07	0.430707	2.05446
2.180252e-07	0.43249	2.05959
2.183800e-07	0.434297	2.06472
2.187353e-07	0.436126	2.06986
2.190913e-07	0.437979	2.07501
2.194478e-07	0.439856	2.08016
2.198049e-07	0.441755	2.08532
2.201626e-07	0.443679	2.09048
2.205209e-07	0.445626	2.09565
2.208797e-07	0.447598	2.10082
2.212392e-07	0.449593	2.106
2.215992e-07	0.451613	2.11118
2.219598e-07	0.453657	2.11636
2.223210e-07	0.455725	2.12155
2.226828e-07	0.457818	2.12675
2.230451e-07	0.459936	2.13194
2.234081e-07	0.462079	2.13714
2.237717e-07	0.464246	2.14235
2.241358e-07	0.466439	2.14755
2.245005e-07	0.468656	2.15276
2.248659e-07	0.470899	2.15797
2.252318e-07	0.473167	2.16318
2.255983e-07	0.47546	2.16839
2.259654e-07	0.477778	2.17361
2.263331e-07	0.480122	2.17882
2.267015e-07	0.482492	2.18404
2.270704e-07	0.484887	2.18926
2.274399e-07	0.487308	2.19447
2.278100e-07	0.489755	2.19969
2.281807e-07	0.492227	2.20491
2.285520e-07	0.494725	2.21012
2.289239e-07	0.497249	2.21534
2.292965e-07	0.499799	2.22055
2.296696e-07	0.502375	2.22576
2.300434e-07	0.504976	2.23097
2.304177e-07	0.507604	2.23618
2.307927e-07	0.510258	2.24139
2.311682e-07	0.512937	2.24659
2.315444e-07	0.515643	2.25179
2.319212e-07	0.518374	2.25698
2.322986e-07	0.521132	2.26218
2.326766e-07	0.523915	2.26737
2.330553e-07	0.526724	2.27255
2.334345e-07	0.52956	2.27773
2.338144e-07	0.532421	2.28291
2.341949e-07	0.535308	2.28808
2.345760e-07	0.538221	2.29324
2.349577e-07	0.54116	2.2984
2.353400e-07	0.544124	2.30356
2.357230e-07	0.547114	2.3087
2.361066e-07	0.55013	2.31384
2.364908e-07	0.553172	2.31898
2.368757e-07	0.556239	2.32411
2.372611e-07	0.559331	2.32923
2.376472e-07	0.562449	2.33434
2.380340e-07	0.565592	2.33944
2.384213e-07	0.56876	2.34454
2.388093e-07	0.571954	2.34963
2.391979e-07	0.575173	2.35471
2.395872e-07	0.578416	2.35978
2.399770e-07	0.581684	2.36484
2.403676e-07	0.584977	2.36989
2.407587e-07	0.588295	2.37493
2.411505e-07	0.591637	2.37996
2.415429e-07	0.595004	2.38498
2.419360e-07	0.598395	2.38999
2.423297e-07	0.60181	2.39499
2.427240e-07	0.605249	2.39998
2.431190e-07	0.608712	2.40496
2.435146e-07	0.612198	2.40992
2.439109e-07	0.615708	2.41488
2.443078e-07	0.619241	2.41982
2.447054e-07	0.622798	2.42475
2.451036e-07	0.626378	2.42966
2.455025e-07	0.62998	2.43457
2.459020e-07	0.633606	2.43946
2.463021e-07	0.637253	2.44433
2.467029e-07	0.640924	2.4492
2.471044e-07	0.644616	2.45405
2.475065e-07	0.64833	2.45888
2.479093e-07	0.652066	2.4637
2.483127e-07	0.655824	2.46851
2.487168e-07	0.659603	2.4733
2.491215e-07	0.663403	2.47808
2.495269e-07	0.667224	2.48285
2.499330e-07	0.671066	2.48759
2.503397e-07	0.674928	2.49233
2.507471e-07	0.678811	2.49704
2.511551e-07	0.682713	2.50175
2.515638e-07	0.686636	2.50643
2.519732e-07	0.690578	2.5111
2.523832e-07	0.694539	2.51575
2.527939e-07	0.698519	2.52039
2.532053e-07	0.702519	2.52501
2.536173e-07	0.706537	2.52962
2.540300e-07	0.710573	2.53421
2.544434e-07	0.714627	2.53878
2.548575e-07	0.718699	2.54333
2.552722e-07	0.722789	2.54787
2.556876e-07	0.726896	2.55239
2.561037e-07	0.731021	2.55689
2.565204e-07	0.735162	2.56138
2.569379e-07	0.739319	2.56585
2.573560e-07	0.743493	2.5703
2.577748e-07	0.747683	2.57473
2.581943e-07	0.751889	2.57915
2.586144e-07	0.75611	2.58355
2.590353e-07	0.760346	2.58793
2.594568e-07	0.764597	2.5923
2.598790e-07	0.768863	2.59665
2.603019e-07	0.773144	2.60098
2.607255e-07	0.777438	2.60529
2.611498e-07	0.781747	2.60958
2.615748e-07	0.786069	2.61386
2.620004e-07	0.790405	2.61812
2.624268e-07	0.794753	2.62237
2.628538e-07	0.799115	2.62659
2.632816e-07	0.803489	2.6308
2.637100e-07	0.807876	2.635
2.641391e-07	0.812275	2.63917
2.645690e-07	0.816686	2.64333
2.649995e-07	0.821109	2.64747
2.654307e-07	0.825543	2.6516
2.658627e-07	0.829988	2.65571
2.662953e-07	0.834445	2.6598
2.667287e-07	0.838913	2.66388
2.671627e-07	0.843391	2.66794
2.675975e-07	0.84788	2.67199
2.680329e-07	0.85238	2.67602
2.684691e-07	0.856889	2.68004
2.689060e-07	0.861409	2.68404
2.693436e-07	0.865939	2.68803
2.697819e-07	0.870479	2.692
2.702209e-07	0.875029	2.69596
2.706606e-07	0.879589	2.69991
2.711011e-07	0.884158	2.70384
2.715422e-07	0.888737	2.70776
2.719841e-07	0.893326	2.71166
2.724267e-07	0.897925	2.71556
2.728700e-07	0.902533	2.71944
2.733141e-07	0.907151	2.7233
2.737588e-07	0.911778	2.72716
2.742043e-07	0.916416	2.73101
2.746505e-07	0.921063	2.73484
2.750975e-07	0.92572	2.73867
2.755451e-07	0.930388	2.74248
2.759935e-07	0.935066	2.74628
2.764427e-07	0.939755	2.75008
2.768925e-07	0.944454	2.75386
2.773431e-07	0.949165	2.75764
2.777944e-07	0.953886	2.76141
2.782465e-07	0.95862	2.76517
2.786993e-07	0.963365	2.76892
2.791528e-07	0.968123	2.77266
2.796071e-07	0.972893	2.7764
2.800621e-07	0.977676	2.78013
2.805178e-07	0.982473	2.78385
2.809743e-07	0.987284	2.78756
2.814315e-07	0.992109	2.79127
2.818895e-07	0.996949	2.79498
2.823482e-07	1.0018	2.79868
2.828077e-07	1.00668	2.80237
2.832679e-07	1.01156	2.80605
2.837289e-07	1.01647	2.80974
2.841906e-07	1.02139	2.81341
2.846530e-07	1.02634	2.81708
2.851163e-07	1.0313	2.82075
2.855802e-07	1.03628	2.82441
2.860450e-07	1.04128	2.82807
2.865104e-07	1.04631	2.83172
2.869767e-07	1.05136	2.83537
2.874437e-07	1.05643	2.83901
2.879114e-07	1.06152	2.84265
2.883799e-07	1.06664	2.84628
2.888492e-07	1.07179	2.84991
2.893193e-07	1.07696	2.85353
2.897901e-07	1.08216	2.85714
2.902617e-07	1.08739	2.86075
2.907340e-07	1.09265	2.86435
2.912071e-07	1.09794	2.86794
2.916810e-07	1.10326	2.87153
2.921556e-07	1.10861	2.87511
2.926311e-07	1.114	2.87868
2.931073e-07	1.11942	2.88224
2.935842e-07	1.12487	2.88579
2.940620e-07	1.13037	2.88932
2.945405e-07	1.13589	2.89285
2.950198e-07	1.14146	2.89637
2.954999e-07	1.14707	2.89987
2.959808e-07	1.15272	2.90335
2.964624e-07	1.1584	2.90683
2.969449e-07	1.16413	2.91028
2.974281e-07	1.1699	2.91372
2.979121e-07	1.17572	2.91714
2.983969e-07	1.18158	2.92053
2.988825e-07	1.18748	2.92391
2.993688e-07	1.19343	2.92726
2.998560e-07	1.19943	2.93059
3.003440e-07	1.20547	2.9339
3.008327e-07	1.21156	2.93718
3.013223e-07	1.2177	2.94042
3.018126e-07	1.22388	2.94364
3.023037e-07	1.23012	2.94683
3.027957e-07	1.2364	2.94998
3.032884e-07	1.24274	2.9531
3.037820e-07	1.24912	2.95618
3.042763e-07	1.25556	2.95922
3.047715e-07	1.26204	2.96222
3.052674e-07	1.26858	2.96518
3.057642e-07	1.27516	2.96809
3.062617e-07	1.2818	2.97096
3.067601e-07	1.28849	2.97377
3.072593e-07	1.29522	2.97654
3.077593e-07	1.30201	2.97926
3.082601e-07	1.30884	2.98192
3.087618e-07	1.31573	2.98452
3.092642e-07	1.32266	2.98707
3.097675e-07	1.32964	2.98955
3.102716e-07	1.33667	2.99197
3.107765e-07	1.34374	2.99433
3.112822e-07	1.35086	2.99662
3.117887e-07	1.35803	2.99884
3.122961e-07	1.36523	3.00099
3.128043e-07	1.37248	3.00307
3.133133e-07	1.37978	3.00507
3.138232e-07	1.38711	3.00699
3.143339e-07	1.39448	3.00884
3.148454e-07	1.40189	3.0106
3.153578e-07	1.40933	3.01229
3.158709e-07	1.41681	3.01388
3.163850e-07	1.42432	3.0154
3.168998e-07	1.43187	3.01682
3.174155e-07	1.43944	3.01815
3.179320e-07	1.44704	3.01939
3.184494e-07	1.45466	3.02054
3.189676e-07	1.46231	3.02159
3.194867e-07	1.46998	3.02255
3.200066e-07	1.47767	3.02341
3.205273e-07	1.48538	3.02417
3.210489e-07	1.4931	3.02483
3.215714e-07	1.50083	3.02538
3.220946e-07	1.50858	3.02584
3.226188e-07	1.51633	3.02619
3.231438e-07	1.52408	3.02643
3.236696e-07	1.53184	3.02657
3.241964e-07	1.5396	3.0266
3.247239e-07	1.54736	3.02652
3.252523e-07	1.55511	3.02633
3.257816e-07	1.56285	3.02603
3.263118e-07	1.57059	3.02563
3.268428e-07	1.5783	3.02511
3.273746e-07	1.58601	3.02448
3.279074e-07	1.59369	3.02374
3.284410e-07	1.60135	3.02289
3.289755e-07	1.60899	3.02193
3.295108e-07	1.6166	3.02086
3.300470e-07	1.62418	3.01967
3.305841e-07	1.63172	3.01837
3.311221e-07	1.63923	3.01697
3.316609e-07	1.6467	3.01545
3.322006e-07	1.65413	3.01382
3.327412e-07	1.66151	3.01208
3.332827e-07	1.66885	3.01023
3.338250e-07	1.67613	3.00827
3.343683e-07	1.68336	3.00621
3.349124e-07	1.69054	3.00404
3.354574e-07	1.69766	3.00176
3.360033e-07	1.70471	2.99938
3.365501e-07	1.7117	2.99689
3.370977e-07	1.71863	2.99431
3.376463e-07	1.72548	2.99162
3.381957e-07	1.73226	2.98883
3.387461e-07	1.73897	2.98594
3.392973e-07	1.7456	2.98296
3.398495e-07	1.75215	2.97988
3.404025e-07	1.75861	2.9767
3.409564e-07	1.765	2.97344
3.415113e-07	1.77129	2.97009
3.420670e-07	1.7775	2.96665
3.426237e-07	1.78362	2.96312
3.431812e-07	1.78964	2.95951
3.437397e-07	1.79556	2.95582
3.442990e-07	1.80139	2.95204
3.448593e-07	1.80712	2.94819
3.454205e-07	1.81275	2.94427
3.459826e-07	1.81828	2.94027
3.465456e-07	1.8237	2.93621
3.471096e-07	1.82901	2.93207
3.476744e-07	1.83422	2.92787
3.482402e-07	1.83932	2.92361
3.488069e-07	1.8443	2.91929
3.493745e-07	1.84918	2.91491
3.499430e-07	1.85394	2.91047
3.505125e-07	1.85859	2.90598
3.510829e-07	1.86312	2.90145
3.516542e-07	1.86753	2.89686
3.522264e-07	1.87183	2.89223
3.527996e-07	1.87601	2.88756
3.533737e-07	1.88007	2.88285
3.539488e-07	1.88401	2.87811
3.545248e-07	1.88783	2.87333
3.551017e-07	1.89153	2.86852
3.556795e-07	1.89511	2.86368
3.562583e-07	1.89857	2.85882
3.568381e-07	1.90191	2.85394
3.574188e-07	1.90512	2.84903
3.580004e-07	1.90821	2.84411
3.585830e-07	1.91119	2.83918
3.591665e-07	1.91404	2.83423
3.597510e-07	1.91676	2.82928
3.603364e-07	1.91937	2.82432
3.609228e-07	1.92186	2.81936
3.615101e-07	1.92422	2.81439
3.620984e-07	1.92647	2.80943
3.626876e-07	1.9286	2.80447
3.632778e-07	1.9306	2.79952
3.638690e-07	1.93249	2.79458
3.644611e-07	1.93426	2.78965
3.650542e-07	1.93592	2.78474
3.656483e-07	1.93746	2.77984
3.662433e-07	1.93888	2.77497
3.668393e-07	1.94019	2.77011
3.674362e-07	1.94139	2.76528
3.680341e-07	1.94248	2.76047
3.686330e-07	1.94346	2.75569
3.692329e-07	1.94432	2.75095
3.698338e-07	1.94508	2.74623
3.704356e-07	1.94574	2.74155
3.710384e-07	1.94628	2.73691
3.716422e-07	1.94673	2.7323
3.722470e-07	1.94707	2.72774
3.728527e-07	1.94731	2.72322
3.734595e-07	1.94745	2.71874
3.740672e-07	1.94749	2.7143
3.746759e-07	1.94744	2.70992
3.752857e-07	1.94729	2.70558
3.758964e-07	1.94706	2.70129
3.765081e-07	1.94672	2.69705
3.771207e-07	1.9463	2.69287
3.777344e-07	1.9458	2.68874
3.783491e-07	1.9452	2.68467
3.789648e-07	1.94453	2.68065
3.795815e-07	1.94377	2.67669
3.801992e-07	1.94293	2.67279
3.808179e-07	1.94201	2.66895
3.814376e-07	1.94101	2.66516
3.820583e-07	1.93994	2.66145
3.826800e-07	1.93879	2.65779
3.833028e-07	1.93758	2.65419
3.839265e-07	1.93629	2.65066
3.845513e-07	1.93494	2.6472
3.851771e-07	1.93352	2.6438
3.858039e-07	1.93204	2.64046
3.864317e-07	1.93049	2.63719
3.870605e-07	1.92888	2.63399
3.876904e-07	1.92722	2.63085
3.883213e-07	1.9255	2.62779
3.889532e-07	1.92372	2.62478
3.895861e-07	1.92189	2.62185
3.902201e-07	1.92	2.61898
3.908551e-07	1.91807	2.61618
3.914912e-07	1.91609	2.61345
3.921282e-07	1.91406	2.61079
3.927663e-07	1.91198	2.60819
3.934055e-07	1.90987	2.60566
3.940457e-07	1.90771	2.6032
3.946869e-07	1.90551	2.60081
3.953292e-07	1.90327	2.59848
3.959725e-07	1.90099	2.59622
3.966169e-07	1.89867	2.59403
3.972623e-07	1.89633	2.5919
3.979088e-07	1.89394	2.58984
3.985563e-07	1.89153	2.58785
3.992048e-07	1.88909	2.58591
3.998545e-07	1.88661	2.58405
4.005052e-07	1.88411	2.58225
4.011569e-07	1.88158	2.58051
4.018097e-07	1.87903	2.57883
4.024636e-07	1.87645	2.57722
4.031185e-07	1.87385	2.57567
4.037745e-07	1.87122	2.57418
4.044316e-07	1.86857	2.57276
4.050897e-07	1.86591	2.57139
4.057489e-07	1.86322	2.57008
4.064092e-07	1.86052	2.56883
4.070705e-07	1.8578	2.56764
4.077329e-07	1.85506	2.56651
4.083964e-07	1.8523	2.56543
4.090610e-07	1.84953	2.56441
4.097267e-07	1.84675	2.56345
4.103934e-07	1.84395	2.56254
4.110613e-07	1.84114	2.56169
4.117302e-07	1.83832	2.56088
4.124002e-07	1.83548	2.56014
4.130713e-07	1.83264	2.55944
4.137435e-07	1.82978	2.5588
4.144168e-07	1.82692	2.5582
4.150912e-07	1.82404	2.55766
4.157666e-07	1.82116	2.55717
4.164432e-07	1.81827	2.55672
4.171209e-07	1.81537	2.55632
4.177997e-07	1.81246	2.55597
4.184796e-07	1.80954	2.55567
4.191606e-07	1.80662	2.55541
4.198427e-07	1.80369	2.5552
4.205259e-07	1.80076	2.55504
4.212102e-07	1.79781	2.55491
4.218956e-07	1.79487	2.55483
4.225822e-07	1.79191	2.5548
4.232699e-07	1.78896	2.5548
4.239586e-07	1.78599	2.55485
4.246485e-07	1.78302	2.55494
4.253396e-07	1.78005	2.55507
4.260317e-07	1.77707	2.55524
4.267250e-07	1.77409	2.55545
4.274194e-07	1.7711	2.55569
4.281150e-07	1.7681	2.55598
4.288116e-07	1.76511	2.5563
4.295094e-07	1.76211	2.55666
4.302084e-07	1.7591	2.55706
4.309085e-07	1.75609	2.5575
4.316097e-07	1.75307	2.55797
4.323120e-07	1.75005	2.55847
4.330155e-07	1.74703	2.55902
4.337202e-07	1.744	2.55959
4.344260e-07	1.74096	2.5602
4.351329e-07	1.73792	2.56085
4.358410e-07	1.73488	2.56153
4.365503e-07	1.73183	2.56224
4.372607e-07	1.72878	2.56298
4.379722e-07	1.72572	2.56376
4.386849e-07	1.72266	2.56457
4.393988e-07	1.71959	2.56541
4.401138e-07	1.71652	2.56629
4.408300e-07	1.71344	2.56719
4.415474e-07	1.71035	2.56813
4.422659e-07	1.70726	2.5691
4.429856e-07	1.70417	2.5701
4.437065e-07	1.70107	2.57113
4.444285e-07	1.69796	2.57219
4.451518e-07	1.69485	2.57328
4.458762e-07	1.69173	2.5744
4.466017e-07	1.6886	2.57555
4.473285e-07	1.68547	2.57673
4.480564e-07	1.68233	2.57794
4.487856e-07	1.67919	2.57918
4.495159e-07	1.67604	2.58045
4.502474e-07	1.67288	2.58175
4.509800e-07	1.66971	2.58307
4.517139e-07	1.66654	2.58443
4.524490e-07	1.66336	2.58582
4.531853e-07	1.66017	2.58723
4.539227e-07	1.65698	2.58868
4.546614e-07	1.65378	2.59015
4.554013e-07	1.65057	2.59166
4.561424e-07	1.64735	2.59319
4.568846e-07	1.64413	2.59475
4.576281e-07	1.6409	2.59634
4.583728e-07	1.63766	2.59796
4.591187e-07	1.63441	2.59961
4.598659e-07	1.63116	2.60128
4.606142e-07	1.62789	2.60299
4.613638e-07	1.62462	2.60472
4.621145e-07	1.62134	2.60649
4.628665e-07	1.61805	2.60828
4.636198e-07	1.61475	2.6101
4.643742e-07	1.61145	2.61195
4.651299e-07	1.60814	2.61383
4.658868e-07	1.60481	2.61574
4.666449e-07	1.60148	2.61768
4.674043e-07	1.59815	2.61965
4.681649e-07	1.5948	2.62165
4.689268e-07	1.59144	2.62368
4.696898e-07	1.58808	2.62574
4.704542e-07	1.58471	2.62782
4.712197e-07	1.58133	2.62994
4.719866e-07	1.57794	2.63209
4.727546e-07	1.57454	2.63427
4.735239e-07	1.57113	2.63647
4.742945e-07	1.56772	2.63871
4.750663e-07	1.56429	2.64098
4.758394e-07	1.56086	2.64328
4.766137e-07	1.55742	2.64561
4.773893e-07	1.55397	2.64797
4.781662e-07	1.55052	2.65036
4.789443e-07	1.54705	2.65278
4.797237e-07	1.54358	2.65523
4.805044e-07	1.5401	2.65772
4.812863e-07	1.53661	2.66023
4.820695e-07	1.53312	2.66278
4.828539e-07	1.52961	2.66535
4.836397e-07	1.5261	2.66796
4.844267e-07	1.52258	2.6706
4.852150e-07	1.51905	2.67327
4.860046e-07	1.51552	2.67598
4.867955e-07	1.51198	2.67871
4.875877e-07	1.50843	2.68148
4.883811e-07	1.50487	2.68428
4.891759e-07	1.50131	2.68711
4.899719e-07	1.49774	2.68998
4.907692e-07	1.49416	2.69288
4.915679e-07	1.49058	2.6958
4.923678e-07	1.48699	2.69877
4.931690e-07	1.48339	2.70176
4.939716e-07	1.47979	2.70479
4.947754e-07	1.47618	2.70785
4.955805e-07	1.47256	2.71094
4.963870e-07	1.46894	2.71407
4.971948e-07	1.46532	2.71723
4.980039e-07	1.46169	2.72042
4.988143e-07	1.45805	2.72365
4.996260e-07	1.45441	2.72691
5.004390e-07	1.45076	2.7302
5.012534e-07	1.44711	2.73353
5.020691e-07	1.44345	2.73689
5.028861e-07	1.43979	2.74028
5.037044e-07	1.43612	2.74371
5.045241e-07	1.43245	2.74717
5.053451e-07	1.42878	2.75067
5.061675e-07	1.4251	2.7542
5.069912e-07	1.42142	2.75776
5.078162e-07	1.41774	2.76136
5.086426e-07	1.41405	2.76499
5.094703e-07	1.41036	2.76866
5.102993e-07	1.40666	2.77236
5.111298e-07	1.40297	2.7761
5.119615e-07	1.39927	2.77987
5.127946e-07	1.39556	2.78367
5.136291e-07	1.39186	2.78751
5.144649e-07	1.38815	2.79138
5.153021e-07	1.38445	2.79529
5.161407e-07	1.38074	2.79923
5.169806e-07	1.37703	2.8032
5.178219e-07	1.37332	2.80721
5.186645e-07	1.3696	2.81126
5.195086e-07	1.36589	2.81534
5.203540e-07	1.36218	2.81945
5.212007e-07	1.35846	2.8236
5.220489e-07	1.35475	2.82778
5.228984e-07	1.35104	2.832
5.237493e-07	1.34732	2.83625
5.246016e-07	1.34361	2.84054
5.254553e-07	1.3399	2.84486
5.263104e-07	1.33618	2.84922
5.271668e-07	1.33247	2.85361
5.280247e-07	1.32876	2.85803
5.288840e-07	1.32506	2.86249
5.297446e-07	1.32135	2.86699
5.306067e-07	1.31765	2.87151
5.314701e-07	1.31394	2.87608
5.323350e-07	1.31024	2.88067
5.332013e-07	1.30655	2.88531
5.340689e-07	1.30285	2.88997
5.349380e-07	1.29916	2.89467
5.358085e-07	1.29547	2.89941
5.366805e-07	1.29179	2.90417
5.375538e-07	1.2881	2.90898
5.384286e-07	1.28443	2.91381
5.393047e-07	1.28075	2.91868
5.401824e-07	1.27708	2.92359
5.410614e-07	1.27342	2.92853
5.419419e-07	1.26975	2.9335
5.428238e-07	1.2661	2.9385
5.437071e-07	1.26245	2.94354
5.445919e-07	1.2588	2.94862
5.454781e-07	1.25516	2.95372
5.463658e-07	1.25152	2.95886
5.472549e-07	1.24789	2.96404
5.481454e-07	1.24427	2.96924
5.490374e-07	1.24065	2.97449
5.499309e-07	1.23704	2.97976
5.508258e-07	1.23343	2.98506
5.517221e-07	1.22983	2.9904
5.526199e-07	1.22624	2.99578
5.535192e-07	1.22265	3.00118
5.544200e-07	1.21907	3.00662
5.553222e-07	1.2155	3.01209
5.562258e-07	1.21193	3.01759
5.571310e-07	1.20838	3.02313
5.580376e-07	1.20483	3.0287
5.589457e-07	1.20129	3.0343
5.598553e-07	1.19775	3.03993
5.607663e-07	1.19423	3.04559
5.616789e-07	1.19071	3.05129
5.625929e-07	1.1872	3.05702
5.635084e-07	1.1837	3.06277
5.644254e-07	1.18021	3.06856
5.653439e-07	1.17673	3.07439
5.662639e-07	1.17325	3.08024
5.671854e-07	1.16979	3.08613
5.681083e-07	1.16634	3.09204
5.690328e-07	1.16289	3.09799
5.699588e-07	1.15946	3.10397
5.708863e-07	1.15603	3.10997
5.718153e-07	1.15261	3.11601
5.727458e-07	1.14921	3.12208
5.736778e-07	1.14581	3.12818
5.746114e-07	1.14243	3.13431
5.755465e-07	1.13905	3.14047
5.764830e-07	1.13569	3.14666
5.774212e-07	1.13234	3.15288
5.783608e-07	1.12899	3.15913
5.793020e-07	1.12566	3.16541
5.802447e-07	1.12234	3.17172
5.811889e-07	1.11903	3.17805
5.821347e-07	1.11573	3.18442
5.830820e-07	1.11245	3.19082
5.840308e-07	1.10917	3.19724
5.849812e-07	1.10591	3.20369
5.859332e-07	1.10265	3.21017
5.868867e-07	1.09941	3.21669
5.878417e-07	1.09618	3.22322
5.887983e-07	1.09297	3.22979
5.897564e-07	1.08976	3.23639
5.907162e-07	1.08657	3.24301
5.916774e-07	1.08339	3.24966
5.926403e-07	1.08022	3.25634
5.936047e-07	1.07706	3.26304
5.945706e-07	1.07392	3.26978
5.955382e-07	1.07079	3.27654
5.965073e-07	1.06767	3.28332
5.974780e-07	1.06457	3.29014
5.984503e-07	1.06147	3.29698
5.994241e-07	1.05839	3.30385
6.003996e-07	1.05533	3.31074
6.013766e-07	1.05227	3.31766
6.023552e-07	1.04923	3.32461
6.033355e-07	1.0462	3.33158
6.043173e-07	1.04319	3.33858
6.053007e-07	1.04019	3.34561
6.062857e-07	1.0372	3.35266
6.072723e-07	1.03423	3.35973
6.082605e-07	1.03126	3.36684
6.092503e-07	1.02832	3.37396
6.102418e-07	1.02538	3.38111
6.112348e-07	1.02246	3.38829
6.122295e-07	1.01955	3.39549
6.132258e-07	1.01666	3.40272
6.142237e-07	1.01378	3.40997
6.152232e-07	1.01091	3.41725
6.162243e-07	1.00806	3.42455
6.172271e-07	1.00522	3.43187
6.182315e-07	1.0024	3.43922
6.192376e-07	0.999585	3.44659
6.202453e-07	0.996788	3.45399
6.212546e-07	0.994004	3.46141
6.222656e-07	0.991235	3.46885
6.232782e-07	0.988479	3.47632
6.242924e-07	0.985737	3.48381
6.253084e-07	0.98301	3.49133
6.263259e-07	0.980296	3.49886
6.273451e-07	0.977597	3.50642
6.283660e-07	0.974912	3.514
6.293886e-07	0.97224	3.52161
6.304128e-07	0.969583	3.52924
6.314386e-07	0.96694	3.53689
6.324662e-07	0.964311	3.54456
6.334954e-07	0.961696	3.55225
6.345263e-07	0.959096	3.55997
6.355588e-07	0.956509	3.56771
6.365931e-07	0.953937	3.57547
6.376290e-07	0.951379	3.58325
6.386666e-07	0.948835	3.59106
6.397059e-07	0.946305	3.59888
6.407469e-07	0.94379	3.60673
6.417896e-07	0.941288	3.6146
6.428340e-07	0.938801	3.62249
6.438801e-07	0.936328	3.6304
6.449279e-07	0.93387	3.63833
6.459774e-07	0.931425	3.64628
6.470286e-07	0.928995	3.65425
6.480815e-07	0.926579	3.66224
6.491361e-07	0.924177	3.67026
6.501924e-07	0.921789	3.67829
6.512505e-07	0.919415	3.68634
6.523103e-07	0.917055	3.69442
6.533718e-07	0.91471	3.70251
6.544350e-07	0.912379	3.71063
6.555000e-07	0.910062	3.71876
6.565667e-07	0.907759	3.72692
6.576351e-07	0.90547	3.73509
6.587053e-07	0.903195	3.74328
6.597772e-07	0.900934	3.75149
6.608509e-07	0.898687	3.75973
6.619263e-07	0.896454	3.76798
6.630034e-07	0.894235	3.77625
6.640823e-07	0.892031	3.78454
6.651630e-07	0.88984	3.79285
6.662454e-07	0.887663	3.80117
6.673296e-07	0.8855	3.80952
6.684155e-07	0.883351	3.81788
6.695032e-07	0.881216	3.82627
6.705927e-07	0.879094	3.83467
6.716840e-07	0.876987	3.84309
6.727770e-07	0.874893	3.85153
6.738718e-07	0.872813	3.85998
6.749684e-07	0.870747	3.86846
6.760668e-07	0.868694	3.87695
6.771670e-07	0.866656	3.88546
6.782689e-07	0.864631	3.89399
6.793727e-07	0.862619	3.90254
6.804782e-07	0.860621	3.9111
6.815856e-07	0.858637	3.91969
6.826947e-07	0.856666	3.92829
6.838056e-07	0.854709	3.9369
6.849184e-07	0.852765	3.94554
6.860330e-07	0.850835	3.95419
6.871494e-07	0.848918	3.96286
6.882676e-07	0.847015	3.97155
6.893876e-07	0.845125	3.98025
6.905094e-07	0.843248	3.98897
6.916331e-07	0.841385	3.99771
6.927586e-07	0.839535	4.00647
6.938859e-07	0.837698	4.01524
6.950151e-07	0.835874	4.02403
6.961461e-07	0.834064	4.03283
6.972789e-07	0.832266	4.04165
6.984136e-07	0.830482	4.05049
6.995501e-07	0.828711	4.05935
7.006885e-07	0.826952	4.06822
7.018287e-07	0.825207	4.07711
7.029708e-07	0.823475	4.08601
7.041148e-07	0.821755	4.09493
7.052606e-07	0.820049	4.10387
7.064082e-07	0.818355	4.11283
7.075578e-07	0.816674	4.1218
7.087092e-07	0.815006	4.13078
7.098625e-07	0.81335	4.13978
7.110176e-07	0.811708	4.1488
7.121747e-07	0.810078	4.15783
7.133336e-07	0.80846	4.16688
7.144944e-07	0.806855	4.17595
7.156571e-07	0.805263	4.18503
7.168217e-07	0.803683	4.19413
7.179882e-07	0.802115	4.20324
7.191566e-07	0.80056	4.21237
7.203268e-07	0.799017	4.22151
7.214990e-07	0.797487	4.23067
7.226731e-07	0.795969	4.23985
7.238491e-07	0.794463	4.24904
7.250271e-07	0.792969	4.25824
7.262069e-07	0.791488	4.26746
7.273887e-07	0.790019	4.2767
7.285723e-07	0.788561	4.28595
7.297579e-07	0.787116	4.29522
7.309455e-07	0.785683	4.3045
7.321350e-07	0.784262	4.3138
7.333264e-07	0.782852	4.32311
7.345197e-07	0.781455	4.33244
7.357150e-07	0.780069	4.34178
7.369122e-07	0.778696	4.35114
7.381114e-07	0.777334	4.36051
7.393125e-07	0.775983	4.3699
7.405156e-07	0.774645	4.3793
7.417206e-07	0.773318	4.38871
7.429277e-07	0.772002	4.39815
7.441366e-07	0.770698	4.40759
7.453476e-07	0.769406	4.41705
7.465605e-07	0.768125	4.42653
7.477753e-07	0.766856	4.43602
7.489922e-07	0.765598	4.44552
7.502110e-07	0.764351	4.45504
7.514319e-07	0.763116	4.46458
7.526547e-07	0.761892	4.47413
7.538795e-07	0.760679	4.48369
7.551062e-07	0.759478	4.49327
7.563350e-07	0.758287	4.50286
7.575658e-07	0.757108	4.51247
7.587986e-07	0.75594	4.52209
7.600334e-07	0.754783	4.53173
7.612702e-07	0.753636	4.54138
7.625090e-07	0.752501	4.55104
7.637498e-07	0.751377	4.56072
7.649927e-07	0.750263	4.57041
7.662376e-07	0.749161	4.58012
7.674845e-07	0.748069	4.58984
7.687334e-07	0.746988	4.59958
7.699844e-07	0.745917	4.60933
7.712374e-07	0.744858	4.61909
7.724924e-07	0.743809	4.62887
7.737495e-07	0.74277	4.63867
7.750086e-07	0.741742	4.64847
7.762698e-07	0.740725	4.65829
7.775330e-07	0.739718	4.66813
7.787983e-07	0.738722	4.67798
7.800656e-07	0.737736	4.68784
7.813350e-07	0.73676	4.69772
7.826065e-07	0.735795	4.70761
7.838800e-07	0.73484	4.71752
7.851556e-07	0.733895	4.72744
7.864333e-07	0.732961	4.73737
7.877131e-07	0.732036	4.74732
7.889949e-07	0.731122	4.75728
7.902789e-07	0.730218	4.76726
7.915649e-07	0.729324	4.77725
7.928530e-07	0.72844	4.78725
7.941432e-07	0.727566	4.79727
7.954355e-07	0.726702	4.8073
7.967299e-07	0.725848	4.81734
7.980265e-07	0.725003	4.8274
7.993251e-07	0.724169	4.83748
8.006258e-07	0.723344	4.84756
8.019287e-07	0.722529	4.85767
8.032337e-07	0.721724	4.86778
8.045408e-07	0.720929	4.87791
8.058500e-07	0.720143	4.88805
8.071614e-07	0.719367	4.89821
8.084749e-07	0.7186	4.90838
8.097905e-07	0.717844	4.91857
8.111083e-07	0.717096	4.92876
8.124282e-07	0.716358	4.93898
8.137502e-07	0.71563	4.9492
8.150745e-07	0.714911	4.95944
8.164008e-07	0.714201	4.9697
8.177294e-07	0.713501	4.97997
8.190601e-07	0.71281	4.99025
8.203929e-07	0.712128	5.00054
8.217279e-07	0.711455	5.01085
8.230651e-07	0.710792	5.02118
8.244045e-07	0.710138	5.03151
8.257461e-07	0.709493	5.04186
8.270898e-07	0.708857	5.05223
8.284357e-07	0.708231	5.06261
8.297838e-07	0.707613	5.073
8.311342e-07	0.707004	5.08341
8.324867e-07	0.706405	5.09383
8.338414e-07	0.705814	5.10426
8.351983e-07	0.705232	5.11471
8.365574e-07	0.704659	5.12517
8.379187e-07	0.704095	5.13565
8.392823e-07	0.70354	5.14614
8.406480e-07	0.702994	5.15664
8.420160e-07	0.702456	5.16716
8.433862e-07	0.701927	5.17769
8.447587e-07	0.701407	5.18823
8.461334e-07	0.700895	5.19879
8.475103e-07	0.700392	5.20937
8.488894e-07	0.699898	5.21995
8.502708e-07	0.699412	5.23055
8.516545e-07	0.698935	5.24117
8.530404e-07	0.698467	5.2518
8.544285e-07	0.698007	5.26244
8.558189e-07	0.697555	5.2731
8.572116e-07	0.697112	5.28377
8.586066e-07	0.696677	5.29445
8.600038e-07	0.69625	5.30515
8.614033e-07	0.695832	5.31586
8.628050e-07	0.695423	5.32659
8.642091e-07	0.695021	5.33733
8.656154e-07	0.694628	5.34808
8.670240e-07	0.694243	5.35885
8.684349e-07	0.693866	5.36963
8.698481e-07	0.693498	5.38043
8.712636e-07	0.693137	5.39124
8.726814e-07	0.692785	5.40206
8.741016e-07	0.692441	5.4129
8.755240e-07	0.692105	5.42376
8.769487e-07	0.691777	5.43462
8.783758e-07	0.691457	5.4455
8.798052e-07	0.691145	5.4564
8.812369e-07	0.690841	5.46731
8.826709e-07	0.690544	5.47823
8.841073e-07	0.690256	5.48917
8.855460e-07	0.689976	5.50012
8.869870e-07	0.689703	5.51109
8.884304e-07	0.689439	5.52207
8.898762e-07	0.689182	5.53306
8.913243e-07	0.688933	5.54407
8.927747e-07	0.688692	5.55509
8.942276e-07	0.688458	5.56613
8.956827e-07	0.688232	5.57718
8.971403e-07	0.688014	5.58824
8.986002e-07	0.687804	5.59932
9.000625e-07	0.687601	5.61042
9.015272e-07	0.687406	5.62153
9.029942e-07	0.687219	5.63265
9.044637e-07	0.687039	5.64379
9.059355e-07	0.686866	5.65494
9.074097e-07	0.686701	5.6661
9.088864e-07	0.686544	5.67728
9.103654e-07	0.686394	5.68848
9.118468e-07	0.686252	5.69969
9.133307e-07	0.686117	5.71091
9.148169e-07	0.685989	5.72215
9.163056e-07	0.685869	5.7334
9.177967e-07	0.685756	5.74467
9.192903e-07	0.685651	5.75595
9.207862e-07	0.685552	5.76724
9.222846e-07	0.685462	5.77855
9.237855e-07	0.685378	5.78988
9.252887e-07	0.685302	5.80122
9.267945e-07	0.685233	5.81257
9.283026e-07	0.685171	5.82394
9.298133e-07	0.685117	5.83533
9.313264e-07	0.685069	5.84672
9.328419e-07	0.685029	5.85814
9.343599e-07	0.684996	5.86956
9.358804e-07	0.68497	5.88101
9.374034e-07	0.684951	5.89246
9.389288e-07	0.684939	5.90394
9.404567e-07	0.684935	5.91542
9.419871e-07	0.684937	5.92692
9.435200e-07	0.684947	5.93844
9.450554e-07	0.684963	5.94997
9.465933e-07	0.684986	5.96152
9.481337e-07	0.685017	5.97308
9.496766e-07	0.685054	5.98465
9.512220e-07	0.685098	5.99624
9.527699e-07	0.68515	6.00785
9.543204e-07	0.685208	6.01947
9.558733e-07	0.685273	6.03111
9.574288e-07	0.685345	6.04276
9.589869e-07	0.685423	6.05442
9.605474e-07	0.685509	6.0661
9.621105e-07	0.685601	6.0778
9.636762e-07	0.6857	6.08951
9.652444e-07	0.685806	6.10124
9.668151e-07	0.685919	6.11298
9.683884e-07	0.686039	6.12474
9.699643e-07	0.686165	6.13651
9.715427e-07	0.686298	6.14829
9.731237e-07	0.686437	6.1601
9.747072e-07	0.686584	6.17191
9.762934e-07	0.686737	6.18375
9.778821e-07	0.686896	6.1956
9.794734e-07	0.687062	6.20746
9.810673e-07	0.687235	6.21934
9.826638e-07	0.687415	6.23123
9.842629e-07	0.687601	6.24314
9.858646e-07	0.687794	6.25507
9.874689e-07	0.687993	6.26701
9.890758e-07	0.688199	6.27896
9.906853e-07	0.688411	6.29094
9.922975e-07	0.68863	6.30292
9.939122e-07	0.688855	6.31493
9.955296e-07	0.689087	6.32694
9.971497e-07	0.689326	6.33898
9.987723e-07	0.68957	6.35103
1.000398e-06	0.689822	6.36309
1.002026e-06	0.690079	6.37517
1.003656e-06	0.690343	6.38727
1.005289e-06	0.690614	6.39938
1.006925e-06	0.690891	6.41151
1.008564e-06	0.691174	6.42366
1.010205e-06	0.691464	6.43582
1.011849e-06	0.69176	6.44799
1.013496e-06	0.692063	6.46018
1.015145e-06	0.692371	6.47239
1.016797e-06	0.692687	6.48461
1.018451e-06	0.693008	6.49685
1.020109e-06	0.693336	6.50911
1.021769e-06	0.69367	6.52138
1.023432e-06	0.69401	6.53367
1.025097e-06	0.694357	6.54597
1.026765e-06	0.694709	6.55829
1.028436e-06	0.695069	6.57063
1.030110e-06	0.695434	6.58298
1.031786e-06	0.695805	6.59535
1.033465e-06	0.696183	6.60773
1.035147e-06	0.696567	6.62013
1.036831e-06	0.696957	6.63255
1.038518e-06	0.697354	6.64499
1.040208e-06	0.697756	6.65744
1.041901e-06	0.698165	6.6699
1.043597e-06	0.69858	6.68238
1.045295e-06	0.699001	6.69488
1.046996e-06	0.699428	6.7074
1.048700e-06	0.699861	6.71993
1.050406e-06	0.700301	6.73248
1.052116e-06	0.700746	6.74504
1.053828e-06	0.701198	6.75762
1.055543e-06	0.701656	6.77022
1.057260e-06	0.702119	6.78284
1.058981e-06	0.702589	6.79547
1.060704e-06	0.703065	6.80812
1.062430e-06	0.703547	6.82078
1.064159e-06	0.704035	6.83346
1.065891e-06	0.704529	6.84616
1.067625e-06	0.705029	6.85888
1.069363e-06	0.705535	6.87161
1.071103e-06	0.706048	6.88436
1.072846e-06	0.706566	6.89712
1.074592e-06	0.70709	6.9099
1.076340e-06	0.70762	6.9227
1.078092e-06	0.708156	6.93552
1.079846e-06	0.708698	6.94835
1.081603e-06	0.709246	6.96121
1.083363e-06	0.709801	6.97407
1.085126e-06	0.710361	6.98696
1.086892e-06	0.710927	6.99986
1.088661e-06	0.711498	7.01278
1.090433e-06	0.712076	7.02571
1.092207e-06	0.71266	7.03867
1.093984e-06	0.71325	7.05164
1.095765e-06	0.713846	7.06463
1.097548e-06	0.714447	7.07763
1.099334e-06	0.715055	7.09066
1.101123e-06	0.715668	7.1037
1.102915e-06	0.716287	7.11675
1.104709e-06	0.716913	7.12983
1.106507e-06	0.717544	7.14292
1.108308e-06	0.718181	7.15603
1.110111e-06	0.718823	7.16916
1.111918e-06	0.719472	7.1823
1.113727e-06	0.720127	7.19547
1.115540e-06	0.720787	7.20865
1.117355e-06	0.721454	7.22185
1.119173e-06	0.722126	7.23506
1.120994e-06	0.722804	7.24829
1.122819e-06	0.723488	7.26155
1.124646e-06	0.724177	7.27482
1.126476e-06	0.724873	7.2881
1.128309e-06	0.725574	7.30141
1.130145e-06	0.726282	7.31473
1.131984e-06	0.726995	7.32807
1.133826e-06	0.727714	7.34143
1.135671e-06	0.728438	7.35481
1.137519e-06	0.729169	7.3682
1.139370e-06	0.729905	7.38161
1.141225e-06	0.730648	7.39505
1.143082e-06	0.731396	7.40849
1.144942e-06	0.732149	7.42196
1.146805e-06	0.732909	7.43545
1.148671e-06	0.733674	7.44895
1.150540e-06	0.734446	7.46247
1.152413e-06	0.735223	7.47601
1.154288e-06	0.736005	7.48957
1.156166e-06	0.736794	7.50315
1.158048e-06	0.737588	7.51674
1.159932e-06	0.738389	7.53036
1.161820e-06	0.739195	7.54399
1.163710e-06	0.740006	7.55764
1.165604e-06	0.740824	7.57131
1.167501e-06	0.741647	7.585
1.169401e-06	0.742476	7.59871
1.171304e-06	0.743311	7.61243
1.173210e-06	0.744152	7.62618
1.175119e-06	0.744998	7.63994
1.177031e-06	0.745851	7.65372
1.178947e-06	0.746709	7.66752
1.180865e-06	0.747572	7.68134
1.182787e-06	0.748442	7.69518
1.184712e-06	0.749317	7.70904
1.186639e-06	0.750198	7.72291
1.188571e-06	0.751085	7.73681
1.190505e-06	0.751978	7.75072
1.192442e-06	0.752876	7.76465
1.194382e-06	0.753781	7.7786
1.196326e-06	0.754691	7.79258
1.198273e-06	0.755606	7.80657
1.200223e-06	0.756528	7.82058
1.202176e-06	0.757455	7.8346
1.204132e-06	0.758388	7.84865
1.206092e-06	0.759327	7.86272
1.208054e-06	0.760272	7.87681
1.210020e-06	0.761222	7.89091
1.211989e-06	0.762179	7.90504
1.213962e-06	0.763141	7.91918
1.215937e-06	0.764108	7.93335
1.217916e-06	0.765082	7.94753
1.219898e-06	0.766061	7.96173
1.221883e-06	0.767046	7.97596
1.223871e-06	0.768037	7.9902
1.225863e-06	0.769034	8.00446
1.227858e-06	0.770037	8.01874
1.229856e-06	0.771045	8.03304
1.231857e-06	0.772059	8.04736
1.233862e-06	0.773079	8.06171
1.235870e-06	0.774105	8.07607
1.237881e-06	0.775136	8.09045
1.239895e-06	0.776174	8.10485
1.241913e-06	0.777217	8.11927
1.243934e-06	0.778266	8.13371
1.245958e-06	0.779321	8.14817
1.247986e-06	0.780381	8.16265
1.250016e-06	0.781448	8.17715
1.252051e-06	0.78252	8.19167
1.254088e-06	0.783598	8.20621
1.256129e-06	0.784682	8.22077
1.258173e-06	0.785772	8.23536
1.260220e-06	0.786867	8.24996
1.262271e-06	0.787969	8.26458
1.264325e-06	0.789076	8.27922
1.266383e-06	0.790189	8.29388
1.268443e-06	0.791308	8.30857
1.270508e-06	0.792433	8.32327
1.272575e-06	0.793563	8.338
1.274646e-06	0.7947	8.35274
1.276720e-06	0.795842	8.36751
1.278798e-06	0.796991	8.38229
1.280879e-06	0.798145	8.3971
1.282963e-06	0.799305	8.41192
1.285051e-06	0.800471	8.42677
1.287142e-06	0.801643	8.44164
1.289237e-06	0.80282	8.45653
1.291335e-06	0.804004	8.47144
1.293436e-06	0.805194	8.48637
1.295541e-06	0.806389	8.50132
1.297649e-06	0.80759	8.5163
1.299761e-06	0.808798	8.53129
1.301876e-06	0.810011	8.54631
1.303994e-06	0.81123	8.56134
1.306116e-06	0.812455	8.5764
1.308242e-06	0.813686	8.59148
1.310371e-06	0.814923	8.60658
1.312503e-06	0.816166	8.6217
1.314639e-06	0.817415	8.63684
1.316778e-06	0.81867	8.652
1.318921e-06	0.819931	8.66719
1.321067e-06	0.821198	8.6824
1.323217e-06	0.822471	8.69762
1.325370e-06	0.82375	8.71287
1.327527e-06	0.825034	8.72814
1.329687e-06	0.826325	8.74343
1.331851e-06	0.827622	8.75875
1.334019e-06	0.828925	8.77408
1.336189e-06	0.830234	8.78944
1.338364e-06	0.831549	8.80482
1.340542e-06	0.83287	8.82022
1.342723e-06	0.834197	8.83564
1.344908e-06	0.83553	8.85108
1.347097e-06	0.836869	8.86655
1.349289e-06	0.838215	8.88204
1.351485e-06	0.839566	8.89755
1.353684e-06	0.840924	8.91308
1.355887e-06	0.842287	8.92863
1.358093e-06	0.843657	8.94421
1.360303e-06	0.845033	8.95981
1.362517e-06	0.846414	8.97543
1.364734e-06	0.847802	8.99107
1.366955e-06	0.849197	9.00673
1.369179e-06	0.850597	9.02242
1.371407e-06	0.852003	9.03813
1.373639e-06	0.853416	9.05386
1.375874e-06	0.854835	9.06961
1.378113e-06	0.85626	9.08539
1.380356e-06	0.857691	9.10118
1.382602e-06	0.859128	9.117
1.384852e-06	0.860572	9.13285
1.387106e-06	0.862022	9.14871
1.389363e-06	0.863478	9.1646
1.391624e-06	0.86494	9.18051
1.393888e-06	0.866409	9.19645
1.396157e-06	0.867884	9.2124
1.398429e-06	0.869365	9.22838
1.400704e-06	0.870852	9.24438
1.402984e-06	0.872346	9.26041
1.405267e-06	0.873845	9.27646
1.407554e-06	0.875352	9.29253
1.409844e-06	0.876864	9.30862
1.412138e-06	0.878383	9.32474
1.414436e-06	0.879908	9.34088
1.416738e-06	0.88144	9.35704
1.419043e-06	0.882978	9.37323
1.421353e-06	0.884522	9.38943
1.423666e-06	0.886073	9.40567
1.425982e-06	0.88763	9.42192
1.428303e-06	0.889193	9.4382
1.430627e-06	0.890763	9.4545
1.432955e-06	0.892339	9.47083
1.435287e-06	0.893922	9.48718
1.437623e-06	0.895511	9.50355
1.439962e-06	0.897107	9.51995
1.442305e-06	0.898709	9.53637
1.444653e-06	0.900317	9.55281
1.447003e-06	0.901932	9.56927
1.449358e-06	0.903554	9.58577
1.451717e-06	0.905182	9.60228
1.454079e-06	0.906817	9.61882
1.456445e-06	0.908458	9.63538
1.458815e-06	0.910106	9.65196
1.461189e-06	0.91176	9.66857
1.463567e-06	0.913421	9.68521
1.465949e-06	0.915088	9.70186
1.468334e-06	0.916762	9.71854
1.470724e-06	0.918443	9.73525
1.473117e-06	0.92013	9.75198
1.475514e-06	0.921824	9.76873
1.477915e-06	0.923524	9.78551
1.480320e-06	0.925232	9.80231
1.482729e-06	0.926946	9.81914
1.485142e-06	0.928666	9.83599
1.487559e-06	0.930393	9.85286
1.489980e-06	0.932127	9.86976
1.492404e-06	0.933868	9.88668
1.494833e-06	0.935616	9.90363
1.497265e-06	0.93737	9.9206
1.499702e-06	0.939131	9.9376
1.502142e-06	0.940899	9.95462
1.504587e-06	0.942673	9.97167
1.507035e-06	0.944455	9.98874
1.509488e-06	0.946243	10.0058
1.511944e-06	0.948038	10.023
1.514404e-06	0.94984	10.0401
1.516869e-06	0.951649	10.0573
1.519337e-06	0.953464	10.0745
1.521810e-06	0.955287	10.0917
1.524286e-06	0.957116	10.1089
1.526767e-06	0.958953	10.1262
1.529251e-06	0.960796	10.1435
1.531740e-06	0.962646	10.1608
1.534232e-06	0.964504	10.1782
1.536729e-06	0.966368	10.1955
1.539230e-06	0.968239	10.2129
1.541734e-06	0.970118	10.2303
1.544243e-06	0.972003	10.2478
1.546756e-06	0.973895	10.2653
1.549273e-06	0.975795	10.2828
1.551794e-06	0.977701	10.3003
1.554320e-06	0.979615	10.3178
1.556849e-06	0.981535	10.3354
1.559382e-06	0.983463	10.353
1.561920e-06	0.985398	10.3706
1.564462e-06	0.98734	10.3883
1.567008e-06	0.98929	10.406
1.569558e-06	0.991246	10.4237
1.572112e-06	0.99321	10.4414
1.574670e-06	0.995181	10.4591
1.577232e-06	0.997159	10.4769
1.579799e-06	0.999144	10.4947
1.582370e-06	1.00114	10.5125
1.584945e-06	1.00314	10.5304
1.587524e-06	1.00514	10.5483
1.590107e-06	1.00716	10.5662
1.592695e-06	1.00918	10.5841
1.595287e-06	1.01121	10.6021
1.597883e-06	1.01325	10.6201
1.600483e-06	1.01529	10.6381
1.603088e-06	1.01734	10.6561
1.605696e-06	1.0194	10.6742
1.608309e-06	1.02147	10.6923
1.610926e-06	1.02354	10.7104
1.613548e-06	1.02562	10.7286
1.616174e-06	1.02771	10.7467
1.618804e-06	1.02981	10.7649
1.621438e-06	1.03191	10.7832
1.624076e-06	1.03402	10.8014
1.626719e-06	1.03614	10.8197
1.629366e-06	1.03827	10.838
1.632018e-06	1.0404	10.8563
1.634674e-06	1.04254	10.8747
1.637334e-06	1.04469	10.8931
1.639998e-06	1.04685	10.9115
1.642667e-06	1.04902	10.9299
1.645340e-06	1.05119	10.9484
1.648018e-06	1.05337	10.9669
1.650699e-06	1.05556	10.9854
1.653386e-06	1.05775	11.004
1.656076e-06	1.05996	11.0225
1.658771e-06	1.06217	11.0411
1.661470e-06	1.06439	11.0598
1.664174e-06	1.06661	11.0784
1.666882e-06	1.06885	11.0971
1.669595e-06	1.07109	11.1158
1.672312e-06	1.07334	11.1346
1.675033e-06	1.0756	11.1533
1.677759e-06	1.07786	11.1721
1.680489e-06	1.08014	11.1909
1.683224e-06	1.08242	11.2098
1.685963e-06	1.08471	11.2287
1.688706e-06	1.08701	11.2476
1.691454e-06	1.08932	11.2665
1.694207e-06	1.09163	11.2855
1.696964e-06	1.09395	11.3045
1.699725e-06	1.09628	11.3235
1.702491e-06	1.09862	11.3425
1.705262e-06	1.10097	11.3616
1.708037e-06	1.10332	11.3807
1.710816e-06	1.10569	11.3998
1.713600e-06	1.10806	11.419
1.716389e-06	1.11044	11.4382
1.719182e-06	1.11283	11.4574
1.721980e-06	1.11522	11.4766
1.724782e-06	1.11763	11.4959
1.727589e-06	1.12004	11.5152
1.730400e-06	1.12246	11.5345
1.733216e-06	1.12489	11.5539
1.736036e-06	1.12733	11.5733
1.738861e-06	1.12977	11.5927
1.741691e-06	1.13223	11.6121
1.744525e-06	1.13469	11.6316
1.747364e-06	1.13716	11.6511
1.750207e-06	1.13964	11.6706
1.753056e-06	1.14213	11.6902
1.755908e-06	1.14463	11.7097
1.758766e-06	1.14713	11.7294
1.761628e-06	1.14965	11.749
1.764494e-06	1.15217	11.7687
1.767366e-06	1.1547	11.7884
1.770242e-06	1.15724	11.8081
1.773123e-06	1.15979	11.8279
1.776008e-06	1.16235	11.8477
1.778898e-06	1.16491	11.8675
1.781793e-06	1.16749	11.8873
1.784692e-06	1.17007	11.9072
1.787597e-06	1.17266	11.9271
1.790506e-06	1.17526	11.947
1.793419e-06	1.17787	11.967
1.796338e-06	1.18049	11.987
1.799261e-06	1.18312	12.007
1.802189e-06	1.18576	12.0271
1.805122e-06	1.1884	12.0471
1.808059e-06	1.19106	12.0673
1.811001e-06	1.19372	12.0874
1.813948e-06	1.19639	12.1076
1.816900e-06	1.19907	12.1278
1.819857e-06	1.20176	12.148
1.822818e-06	1.20446	12.1683
1.825785e-06	1.20717	12.1886
1.828756e-06	1.20989	12.2089
1.831732e-06	1.21262	12.2292
1.834712e-06	1.21535	12.2496
1.837698e-06	1.2181	12.27
1.840689e-06	1.22085	12.2905
1.843684e-06	1.22362	12.3109
1.846684e-06	1.22639	12.3314
1.849689e-06	1.22917	12.352
1.852699e-06	1.23196	12.3725
1.855714e-06	1.23476	12.3931
1.858734e-06	1.23758	12.4137
1.861759e-06	1.2404	12.4344
1.864788e-06	1.24322	12.4551
1.867823e-06	1.24606	12.4758
1.870862e-06	1.24891	12.4965
1.873907e-06	1.25177	12.5173
1.876956e-06	1.25464	12.5381
1.880011e-06	1.25751	12.559
1.883070e-06	1.2604	12.5798
1.886134e-06	1.2633	12.6007
1.889204e-06	1.2662	12.6217
1.892278e-06	1.26912	12.6426
1.895357e-06	1.27204	12.6636
1.898442e-06	1.27498	12.6846
1.901531e-06	1.27792	12.7057
1.904625e-06	1.28088	12.7268
1.907725e-06	1.28384	12.7479
1.910829e-06	1.28681	12.769
1.913939e-06	1.2898	12.7902
1.917053e-06	1.29279	12.8114
1.920173e-06	1.29579	12.8327
1.923297e-06	1.29881	12.8539
1.926427e-06	1.30183	12.8753
1.929562e-06	1.30486	12.8966
1.932702e-06	1.30791	12.918
1.935847e-06	1.31096	12.9394
1.938997e-06	1.31403	12.9608
1.942153e-06	1.3171	12.9823
1.945313e-06	1.32018	13.0037
1.948479e-06	1.32328	13.0253
1.951650e-06	1.32638	13.0468
1.954825e-06	1.3295	13.0684
1.958007e-06	1.33262	13.09
1.961193e-06	1.33576	13.1117
1.964384e-06	1.3389	13.1334
1.967581e-06	1.34206	13.1551
1.970783e-06	1.34522	13.1769
1.973990e-06	1.3484	13.1986
1.977202e-06	1.35159	13.2205
1.980420e-06	1.35479	13.2423
1.983642e-06	1.35799	13.2642
1.986870e-06	1.36121	13.2861
1.990104e-06	1.36444	13.308
1.993342e-06	1.36768	13.33
1.996586e-06	1.37093	13.352
1.999835e-06	1.37419	13.3741
2.003089e-06	1.37746	13.3962
2.006349e-06	1.38075	13.4183
2.009614e-06	1.38404	13.4404
2.012884e-06	1.38734	13.4626
2.016160e-06	1.39066	13.4848
2.019441e-06	1.39398	13.507
2.022727e-06	1.39732	13.5293
2.026018e-06	1.40067	13.5516
2.029315e-06	1.40402	13.5739
2.032618e-06	1.40739	13.5963
2.035925e-06	1.41077	13.6187
2.039238e-06	1.41417	13.6412
2.042557e-06	1.41757	13.6636
2.045881e-06	1.42098	13.6861
2.049210e-06	1.42441	13.7087
2.052545e-06	1.42784	13.7312
2.055885e-06	1.43129	13.7538
2.059230e-06	1.43475	13.7765
2.062581e-06	1.43822	13.7992
2.065938e-06	1.4417	13.8219
2.069300e-06	1.44519	13.8446
2.072667e-06	1.44869	13.8674
2.076040e-06	1.45221	13.8902
2.079418e-06	1.45573	13.913
2.082802e-06	1.45927	13.9359
2.086191e-06	1.46282	13.9588
2.089586e-06	1.46638	13.9817
2.092987e-06	1.46995	14.0047
2.096393e-06	1.47353	14.0277
2.099804e-06	1.47713	14.0508
2.103221e-06	1.48074	14.0739
2.106644e-06	1.48435	14.097
2.110072e-06	1.48798	14.1201
2.113505e-06	1.49163	14.1433
2.116945e-06	1.49528	14.1665
2.120390e-06	1.49895	14.1898
2.123840e-06	1.50262	14.213
2.127296e-06	1.50631	14.2364
2.130758e-06	1.51001	14.2597
2.134225e-06	1.51373	14.2831
2.137698e-06	1.51745	14.3065
2.141177e-06	1.52119	14.33
2.144661e-06	1.52494	14.3535
2.148151e-06	1.5287	14.377
2.151647e-06	1.53247	14.4006
2.155149e-06	1.53626	14.4242
2.158656e-06	1.54006	14.4478
2.162168e-06	1.54387	14.4715
2.165687e-06	1.54769	14.4952
2.169211e-06	1.55152	14.5189
2.172741e-06	1.55537	14.5427
2.176277e-06	1.55923	14.5665
2.179818e-06	1.5631	14.5903
2.183365e-06	1.56699	14.6142
2.186918e-06	1.57088	14.6381
2.190477e-06	1.57479	14.662
2.194042e-06	1.57871	14.686
2.197612e-06	1.58265	14.71
2.201188e-06	1.5866	14.7341
2.204770e-06	1.59056	14.7582
2.208358e-06	1.59453	14.7823
2.211952e-06	1.59851	14.8065
2.215551e-06	1.60251	14.8307
2.219157e-06	1.60652	14.8549
2.222768e-06	1.61055	14.8792
2.226385e-06	1.61458	14.9035
2.230008e-06	1.61863	14.9278
2.233637e-06	1.6227	14.9522
2.237272e-06	1.62677	14.9766
2.240913e-06	1.63086	15.001
2.244559e-06	1.63496	15.0255
2.248212e-06	1.63908	15.0501
2.251870e-06	1.6432	15.0746
2.255535e-06	1.64734	15.0992
2.259205e-06	1.6515	15.1238
2.262882e-06	1.65567	15.1485
2.266564e-06	1.65985	15.1732
2.270252e-06	1.66404	15.1979
2.273947e-06	1.66825	15.2227
2.277647e-06	1.67247	15.2475
2.281354e-06	1.67671	15.2724
2.285066e-06	1.68095	15.2973
2.288784e-06	1.68522	15.3222
2.292509e-06	1.68949	15.3471
2.296240e-06	1.69378	15.3721
2.299976e-06	1.69808	15.3972
2.303719e-06	1.7024	15.4222
2.307468e-06	1.70673	15.4473
2.311223e-06	1.71107	15.4725
2.314984e-06	1.71543	15.4977
2.318751e-06	1.7198	15.5229
2.322524e-06	1.72419	15.5481
2.326304e-06	1.72859	15.5734
2.330089e-06	1.733	15.5987
2.333881e-06	1.73743	15.6241
2.337679e-06	1.74187	15.6495
2.341483e-06	1.74633	15.675
2.345294e-06	1.7508	15.7004
2.349110e-06	1.75528	15.7259
2.352933e-06	1.75978	15.7515
2.356762e-06	1.76429	15.7771
2.360597e-06	1.76882	15.8027
2.364438e-06	1.77336	15.8284
2.368286e-06	1.77792	15.8541
2.372140e-06	1.78249	15.8798
2.376000e-06	1.78707	15.9056
2.379866e-06	1.79167	15.9314
2.383739e-06	1.79629	15.9573
2.387618e-06	1.80092	15.9832
2.391504e-06	1.80556	16.0091
2.395395e-06	1.81022	16.0351
2.399293e-06	1.81489	16.0611
2.403198e-06	1.81958	16.0871
2.407108e-06	1.82428	16.1132
2.411026e-06	1.829	16.1393
2.414949e-06	1.83373	16.1655
2.418879e-06	1.83848	16.1917
2.422815e-06	1.84324	16.2179
2.426758e-06	1.84802	16.2442
2.430707e-06	1.85281	16.2705
2.434662e-06	1.85762	16.2969
2.438624e-06	1.86244	16.3233
2.442593e-06	1.86728	16.3497
2.446568e-06	1.87213	16.3762
2.450549e-06	1.877	16.4027
2.454537e-06	1.88188	16.4292
2.458531e-06	1.88678	16.4558
2.462532e-06	1.8917	16.4825
2.466539e-06	1.89663	16.5091
2.470553e-06	1.90157	16.5358
2.474573e-06	1.90654	16.5626
2.478600e-06	1.91151	16.5893
2.482633e-06	1.91651	16.6162
2.486673e-06	1.92151	16.643
2.490720e-06	1.92654	16.6699
2.494773e-06	1.93158	16.6969
2.498833e-06	1.93664	16.7238
2.502899e-06	1.94171	16.7509
2.506972e-06	1.9468	16.7779
2.511052e-06	1.9519	16.805
2.515138e-06	1.95702	16.8322
2.519231e-06	1.96216	16.8593
2.523330e-06	1.96731	16.8866
2.527437e-06	1.97248	16.9138
2.531550e-06	1.97766	16.9411
2.535669e-06	1.98286	16.9684
2.539795e-06	1.98808	16.9958
2.543928e-06	1.99332	17.0232
2.548068e-06	1.99857	17.0507
2.552215e-06	2.00383	17.0782
2.556368e-06	2.00912	17.1057
2.560528e-06	2.01442	17.1333
2.564695e-06	2.01973	17.1609
2.568868e-06	2.02507	17.1886
2.573048e-06	2.03042	17.2163
2.577236e-06	2.03578	17.244
2.581430e-06	2.04117	17.2718
2.585630e-06	2.04657	17.2996
2.589838e-06	2.05199	17.3275
2.594052e-06	2.05742	17.3554
2.598274e-06	2.06287	17.3833
2.602502e-06	2.06834	17.4113
2.606737e-06	2.07383	17.4393
2.610979e-06	2.07933	17.4674
2.615228e-06	2.08485	17.4955
2.619483e-06	2.09039	17.5236
2.623746e-06	2.09594	17.5518
2.628016e-06	2.10152	17.58
2.632292e-06	2.10711	17.6083
2.636576e-06	2.11271	17.6366
2.640866e-06	2.11834	17.665
2.645164e-06	2.12398	17.6934
2.649468e-06	2.12964	17.7218
2.653780e-06	2.13532	17.7503
2.658098e-06	2.14101	17.7788
2.662424e-06	2.14673	17.8074
2.666756e-06	2.15246	17.8359
2.671096e-06	2.15821	17.8646
2.675443e-06	2.16397	17.8933
2.679796e-06	2.16976	17.922
2.684157e-06	2.17556	17.9508
2.688525e-06	2.18138	17.9796
2.692900e-06	2.18722	18.0084
2.697282e-06	2.19308	18.0373
2.701672e-06	2.19895	18.0662
2.706068e-06	2.20485	18.0952
2.710472e-06	2.21076	18.1242
2.714883e-06	2.21669	18.1533
2.719300e-06	2.22264	18.1824
2.723726e-06	2.22861	18.2115
2.728158e-06	2.23459	18.2407
2.732597e-06	2.2406	18.2699
2.737044e-06	2.24662	18.2992
2.741498e-06	2.25267	18.3285
2.745959e-06	2.25873	18.3579
2.750428e-06	2.26481	18.3873
2.754904e-06	2.27091	18.4167
2.759387e-06	2.27702	18.4462
2.763877e-06	2.28316	18.4757
2.768375e-06	2.28932	18.5053
2.772880e-06	2.29549	18.5349
2.777392e-06	2.30169	18.5646
2.781912e-06	2.3079	18.5943
2.786439e-06	2.31413	18.624
2.790973e-06	2.32039	18.6538
2.795515e-06	2.32666	18.6836
2.800064e-06	2.33295	18.7135
2.804621e-06	2.33926	18.7434
2.809185e-06	2.34559	18.7733
2.813756e-06	2.35194	18.8033
2.818335e-06	2.35831	18.8334
2.822921e-06	2.3647	18.8635
2.827515e-06	2.37111	18.8936
2.832116e-06	2.37754	18.9238
2.836725e-06	2.38398	18.954
2.841341e-06	2.39045	18.9842
2.845965e-06	2.39694	19.0145
2.850596e-06	2.40345	19.0449
2.855235e-06	2.40998	19.0753
2.859881e-06	2.41653	19.1057
2.864535e-06	2.4231	19.1362
2.869196e-06	2.42969	19.1667
2.873865e-06	2.4363	19.1972
2.878542e-06	2.44293	19.2278
2.883226e-06	2.44958	19.2585
2.887918e-06	2.45625	19.2892
2.892618e-06	2.46294	19.3199
2.897325e-06	2.46966	19.3507
2.902040e-06	2.47639	19.3815
2.906762e-06	2.48314	19.4124
2.911492e-06	2.48992	19.4433
2.916230e-06	2.49672	19.4743
2.920976e-06	2.50353	19.5053
2.925729e-06	2.51037	19.5363
2.930490e-06	2.51723	19.5674
2.935259e-06	2.52411	19.5986
2.940035e-06	2.53101	19.6298
2.944820e-06	2.53794	19.661
2.949612e-06	2.54488	19.6922
2.954412e-06	2.55185	19.7236
2.959220e-06	2.55883	19.7549
2.964035e-06	2.56584	19.7863
2.968858e-06	2.57287	19.8178
2.973690e-06	2.57992	19.8493
2.978529e-06	2.587	19.8808
2.983376e-06	2.59409	19.9124
2.988231e-06	2.60121	19.944
2.993093e-06	2.60835	19.9757
2.997964e-06	2.61551	20.0074
3.002843e-06	2.62269	20.0392
3.007729e-06	2.6299	20.071
3.012624e-06	2.63712	20.1029
3.017526e-06	2.64437	20.1348
3.022437e-06	2.65164	20.1667
3.027355e-06	2.65894	20.1987
3.032281e-06	2.66625	20.2307
3.037216e-06	2.67359	20.2628
3.042158e-06	2.68095	20.2949
3.047109e-06	2.68834	20.3271
3.052067e-06	2.69574	20.3593
3.057034e-06	2.70317	20.3916
3.062009e-06	2.71062	20.4239
3.066991e-06	2.7181	20.4563
3.071982e-06	2.7256	20.4887
3.076981e-06	2.73312	20.5211
3.081989e-06	2.74066	20.5536
3.087004e-06	2.74823	20.5862
3.092027e-06	2.75582	20.6187
3.097059e-06	2.76343	20.6514
3.102099e-06	2.77106	20.684
3.107147e-06	2.77872	20.7168
3.112203e-06	2.78641	20.7495
3.117268e-06	2.79411	20.7824
3.122340e-06	2.80184	20.8152
3.127421e-06	2.8096	20.8481
3.132511e-06	2.81737	20.8811
3.137608e-06	2.82517	20.9141
3.142714e-06	2.833	20.9471
3.147828e-06	2.84085	20.9802
3.152951e-06	2.84872	21.0134
3.158082e-06	2.85662	21.0466
3.163221e-06	2.86454	21.0798
3.168368e-06	2.87248	21.1131
3.173524e-06	2.88045	21.1464
3.178688e-06	2.88844	21.1798
3.183861e-06	2.89646	21.2132
3.189042e-06	2.9045	21.2467
3.194232e-06	2.91257	21.2802
3.199430e-06	2.92066	21.3138
3.204636e-06	2.92878	21.3474
3.209851e-06	2.93692	21.3811
3.215074e-06	2.94508	21.4148
3.220306e-06	2.95327	21.4485
3.225547e-06	2.96149	21.4823
3.230796e-06	2.96973	21.5162
3.236053e-06	2.97799	21.5501
3.241319e-06	2.98628	21.584
3.246594e-06	2.9946	21.618
3.251877e-06	3.00294	21.652
3.257169e-06	3.0113	21.6861
3.262469e-06	3.01969	21.7202
3.267778e-06	3.02811	21.7544
3.273096e-06	3.03655	21.7887
3.278422e-06	3.04502	21.8229
3.283757e-06	3.05351	21.8573
3.289101e-06	3.06203	21.8916
3.294453e-06	3.07058	21.9261
3.299814e-06	3.07915	21.9605
3.305184e-06	3.08775	21.995
3.310563e-06	3.09637	22.0296
3.315950e-06	3.10502	22.0642
3.321346e-06	3.11369	22.0989
3.326751e-06	3.12239	22.1336
3.332164e-06	3.13112	22.1683
3.337587e-06	3.13987	22.2032
3.343018e-06	3.14865	22.238
3.348458e-06	3.15746	22.2729
3.353907e-06	3.16629	22.3079
3.359365e-06	3.17516	22.3429
3.364832e-06	3.18404	22.3779
3.370307e-06	3.19296	22.413
3.375792e-06	3.2019	22.4481
3.381285e-06	3.21086	22.4833
3.386787e-06	3.21986	22.5186
3.392299e-06	3.22888	22.5539
3.397819e-06	3.23793	22.5892
3.403348e-06	3.247	22.6246
3.408887e-06	3.25611	22.66
3.414434e-06	3.26524	22.6955
3.419990e-06	3.2744	22.7311
3.425556e-06	3.28358	22.7666
3.431130e-06	3.2928	22.8023
3.436714e-06	3.30204	22.838
3.442306e-06	3.31131	22.8737
3.447908e-06	3.3206	22.9095
3.453519e-06	3.32993	22.9453
3.459138e-06	3.33928	22.9812
3.464768e-06	3.34866	23.0171
3.470406e-06	3.35807	23.0531
3.476053e-06	3.36751	23.0891
3.481710e-06	3.37698	23.1252
3.487376e-06	3.38647	23.1613
3.493051e-06	3.39599	23.1975
3.498735e-06	3.40554	23.2337
3.504428e-06	3.41512	23.27
3.510131e-06	3.42473	23.3063
3.515843e-06	3.43437	23.3427
3.521564e-06	3.44404	23.3791
3.527295e-06	3.45373	23.4156
3.533035e-06	3.46345	23.4521
3.538784e-06	3.47321	23.4887
3.544543e-06	3.48299	23.5253
3.550311e-06	3.4928	23.562
3.556088e-06	3.50264	23.5987
3.561875e-06	3.51251	23.6355
3.567672e-06	3.52241	23.6723
3.573477e-06	3.53234	23.7092
3.579292e-06	3.5423	23.7461
3.585117e-06	3.55229	23.7831
3.590951e-06	3.56231	23.8201
3.596795e-06	3.57236	23.8572
3.602648e-06	3.58244	23.8943
3.608510e-06	3.59254	23.9315
3.614382e-06	3.60268	23.9688
3.620264e-06	3.61285	24.006
3.626155e-06	3.62305	24.0434
3.632056e-06	3.63328	24.0807
3.637967e-06	3.64354	24.1182
3.643887e-06	3.65383	24.1557
3.649816e-06	3.66415	24.1932
3.655756e-06	3.6745	24.2308
3.661705e-06	3.68489	24.2684
3.667663e-06	3.6953	24.3061
3.673632e-06	3.70574	24.3438
3.679610e-06	3.71622	24.3816
3.685598e-06	3.72673	24.4194
3.691595e-06	3.73726	24.4573
3.697603e-06	3.74783	24.4953
3.703620e-06	3.75843	24.5333
3.709647e-06	3.76906	24.5713
3.715683e-06	3.77973	24.6094
3.721730e-06	3.79042	24.6475
3.727786e-06	3.80115	24.6857
3.733853e-06	3.81191	24.724
3.739929e-06	3.8227	24.7623
3.746015e-06	3.83352	24.8006
3.752111e-06	3.84437	24.839
3.758216e-06	3.85526	24.8775
3.764332e-06	3.86618	24.916
3.770458e-06	3.87713	24.9545
3.776594e-06	3.88811	24.9932
3.782739e-06	3.89913	25.0318
3.788895e-06	3.91018	25.0705
3.795061e-06	3.92126	25.1093
3.801236e-06	3.93237	25.1481
3.807422e-06	3.94352	25.187
3.813618e-06	3.9547	25.2259
3.819824e-06	3.96591	25.2649
3.826040e-06	3.97715	25.3039
3.832266e-06	3.98843	25.3429
3.838502e-06	3.99974	25.3821
3.844749e-06	4.01109	25.4213
3.851005e-06	4.02247	25.4605
3.857272e-06	4.03388	25.4998
3.863549e-06	4.04532	25.5391
3.869836e-06	4.0568	25.5785
3.876133e-06	4.06831	25.6179
3.882441e-06	4.07986	25.6574
3.888759e-06	4.09144	25.697
3.895087e-06	4.10306	25.7365
3.901426e-06	4.1147	25.7762
3.907774e-06	4.12639	25.8159
3.914133e-06	4.1381	25.8556
3.920503e-06	4.14985	25.8955
3.926883e-06	4.16164	25.9353
3.933273e-06	4.17346	25.9752
3.939674e-06	4.18531	26.0152
3.946085e-06	4.1972	26.0552
3.952506e-06	4.20913	26.0953
3.958938e-06	4.22109	26.1354
3.965380e-06	4.23308	26.1756
3.971833e-06	4.24511	26.2158
3.978297e-06	4.25718	26.2561
3.984771e-06	4.26928	26.2964
3.991255e-06	4.28141	26.3368
3.997750e-06	4.29358	26.3772
4.004256e-06	4.30579	26.4177
4.010772e-06	4.31803	26.4583
4.017298e-06	4.33031	26.4989
4.023836e-06	4.34262	26.5395
4.030384e-06	4.35497	26.5802
4.036942e-06	4.36735	26.621
4.043512e-06	4.37977	26.6618
4.050092e-06	4.39223	26.7026
4.056682e-06	4.40473	26.7435
4.063284e-06	4.41726	26.7845
4.069896e-06	4.42982	26.8255
4.076519e-06	4.44242	26.8666
4.083153e-06	4.45506	26.9077
4.089797e-06	4.46774	26.9489
4.096453e-06	4.48045	26.9902
4.103119e-06	4.4932	27.0314
4.109796e-06	4.50599	27.0728
4.116484e-06	4.51881	27.1142
4.123182e-06	4.53167	27.1556
4.129892e-06	4.54457	27.1971
4.136613e-06	4.55751	27.2387
4.143344e-06	4.57048	27.2803
4.150087e-06	4.58349	27.322
4.156840e-06	4.59654	27.3637
4.163605e-06	4.60963	27.4055
4.170380e-06	4.62275	27.4473
4.177166e-06	4.63591	27.4892
4.183964e-06	4.64911	27.5311
4.190772e-06	4.66235	27.5731
4.197592e-06	4.67563	27.6151
4.204423e-06	4.68894	27.6572
4.211265e-06	4.7023	27.6994
4.218118e-06	4.71569	27.7416
4.224982e-06	4.72912	27.7838
4.231857e-06	4.74259	27.8261
4.238744e-06	4.75609	27.8685
4.245641e-06	4.76964	27.9109
4.252550e-06	4.78323	27.9534
4.259471e-06	4.79685	27.9959
4.266402e-06	4.81051	28.0385
4.273345e-06	4.82422	28.0812
4.280299e-06	4.83796	28.1238
4.287264e-06	4.85174	28.1666
4.294241e-06	4.86556	28.2094
4.301229e-06	4.87942	28.2522
4.308228e-06	4.89332	28.2951
4.315239e-06	4.90727	28.3381
4.322261e-06	4.92125	28.3811
4.329295e-06	4.93527	28.4242
4.336340e-06	4.94933	28.4673
4.343396e-06	4.96343	28.5105
4.350464e-06	4.97757	28.5537
4.357544e-06	4.99175	28.597
4.364635e-06	5.00598	28.6404
4.371738e-06	5.02024	28.6838
4.378852e-06	5.03454	28.7272
4.385977e-06	5.04889	28.7707
4.393115e-06	5.06327	28.8143
4.400264e-06	5.0777	28.8579
4.407424e-06	5.09217	28.9016
4.414596e-06	5.10668	28.9453
4.421780e-06	5.12123	28.9891
4.428976e-06	5.13582	29.0329
4.436183e-06	5.15045	29.0768
4.443402e-06	5.16513	29.1208
4.450633e-06	5.17984	29.1648
4.457875e-06	5.1946	29.2088
4.465130e-06	5.2094	29.2529
4.472396e-06	5.22425	29.2971
4.479674e-06	5.23913	29.3413
4.486964e-06	5.25406	29.3856
4.494265e-06	5.26903	29.4299
4.501579e-06	5.28404	29.4743
4.508904e-06	5.2991	29.5188
4.516241e-06	5.31419	29.5633
4.523591e-06	5.32933	29.6078
4.530952e-06	5.34451	29.6524
4.538325e-06	5.35974	29.6971
4.545710e-06	5.37501	29.7418
4.553108e-06	5.39032	29.7866
4.560517e-06	5.40568	29.8314
4.567938e-06	5.42108	29.8763
4.575372e-06	5.43652	29.9212
4.582817e-06	5.452	29.9662
4.590275e-06	5.46753	30.0113
4.597745e-06	5.48311	30.0564
4.605227e-06	5.49872	30.1015
4.612721e-06	5.51438	30.1468
4.620227e-06	5.53009	30.192
4.627745e-06	5.54584	30.2374
4.635276e-06	5.56163	30.2827
4.642819e-06	5.57747	30.3282
4.650374e-06	5.59335	30.3737
4.657942e-06	5.60928	30.4192
4.665522e-06	5.62525	30.4648
4.673114e-06	5.64127	30.5105
4.680719e-06	5.65733	30.5562
4.688336e-06	5.67344	30.602
4.695965e-06	5.68959	30.6478
4.703607e-06	5.70578	30.6937
4.711261e-06	5.72203	30.7396
4.718928e-06	5.73831	30.7856
4.726607e-06	5.75465	30.8317
4.734298e-06	5.77103	30.8778
4.742002e-06	5.78745	30.9239
4.749719e-06	5.80392	30.9701
4.757448e-06	5.82044	31.0164
4.765190e-06	5.837	31.0628
4.772944e-06	5.85361	31.1091
4.780712e-06	5.87027	31.1556
4.788491e-06	5.88697	31.2021
4.796283e-06	5.90372	31.2486
4.804088e-06	5.92051	31.2952
4.811906e-06	5.93735	31.3419
4.819737e-06	5.95424	31.3886
4.827580e-06	5.97118	31.4354
4.835436e-06	5.98816	31.4822
4.843304e-06	6.00519	31.5291
4.851186e-06	6.02226	31.5761
4.859080e-06	6.03939	31.6231
4.866987e-06	6.05656	31.6701
4.874908e-06	6.07378	31.7172
4.882840e-06	6.09105	31.7644
4.890786e-06	6.10836	31.8116
4.898745e-06	6.12572	31.8589
4.906717e-06	6.14313	31.9062
4.914702e-06	6.16059	31.9536
4.922699e-06	6.1781	32.0011
4.930710e-06	6.19565	32.0486
4.938734e-06	6.21326	32.0961
4.946771e-06	6.23091	32.1437
4.954820e-06	6.24861	32.1914
4.962883e-06	6.26636	32.2391
4.970960e-06	6.28416	32.2869
4.979049e-06	6.30201	32.3348
4.987151e-06	6.3199	32.3827
4.995267e-06	6.33785	32.4306
5.003396e-06	6.35584	32.4786
5.011538e-06	6.37389	32.5267
5.019693e-06	6.39198	32.5748
5.027861e-06	6.41013	32.623
5.036043e-06	6.42832	32.6712
5.044238e-06	6.44656	32.7195
5.052447e-06	6.46486	32.7679
5.060669e-06	6.4832	32.8163
5.068904e-06	6.50159	32.8647
5.077153e-06	6.52004	32.9132
5.085415e-06	6.53853	32.9618
5.093690e-06	6.55708	33.0104
5.101979e-06	6.57567	33.0591
5.110282e-06	6.59432	33.1078
5.118598e-06	6.61302	33.1566
5.126927e-06	6.63176	33.2055
5.135270e-06	6.65056	33.2544
5.143627e-06	6.66941	33.3034
5.151997e-06	6.68832	33.3524
5.160381e-06	6.70727	33.4015
5.168778e-06	6.72627	33.4506
5.177190e-06	6.74533	33.4998
5.185614e-06	6.76444	33.549
5.194053e-06	6.7836	33.5983
5.202505e-06	6.80281	33.6477
5.210971e-06	6.82207	33.6971
5.219451e-06	6.84139	33.7466
5.227945e-06	6.86076	33.7961
5.236452e-06	6.88018	33.8457
5.244974e-06	6.89965	33.8953
5.253509e-06	6.91918	33.945
5.262058e-06	6.93876	33.9948
5.270621e-06	6.95839	34.0446
5.279198e-06	6.97807	34.0945
5.287788e-06	6.99781	34.1444
5.296393e-06	7.0176	34.1944
5.305012e-06	7.03745	34.2444
5.313645e-06	7.05734	34.2945
5.322292e-06	7.0773	34.3446
5.330953e-06	7.0973	34.3948
5.339628e-06	7.11736	34.4451
5.348317e-06	7.13747	34.4954
5.357020e-06	7.15764	34.5458
5.365738e-06	7.17786	34.5962
5.374470e-06	7.19813	34.6467
5.383215e-06	7.21846	34.6972
5.391976e-06	7.23885	34.7478
5.400750e-06	7.25928	34.7985
5.409539e-06	7.27978	34.8492
5.418341e-06	7.30032	34.9
5.427159e-06	7.32093	34.9508
5.435990e-06	7.34158	35.0017
5.444836e-06	7.3623	35.0526
5.453697e-06	7.38306	35.1036
5.462572e-06	7.40389	35.1546
5.471461e-06	7.42477	35.2058
5.480365e-06	7.4457	35.2569
5.489283e-06	7.46669	35.3081
5.498215e-06	7.48774	35.3594
5.507163e-06	7.50884	35.4107
5.516125e-06	7.53	35.4621
5.525101e-06	7.55121	35.5136
5.534092e-06	7.57248	35.5651
5.543098e-06	7.59381	35.6166
5.552118e-06	7.61519	35.6682
5.561153e-06	7.63663	35.7199
5.570203e-06	7.65812	35.7716
5.579267e-06	7.67968	35.8234
5.588346e-06	7.70129	35.8752
5.597440e-06	7.72295	35.9271
5.606549e-06	7.74468	35.9791
5.615672e-06	7.76646	36.0311
5.624811e-06	7.7883	36.0831
5.633964e-06	7.81019	36.1352
5.643132e-06	7.83215	36.1874
5.652315e-06	7.85416	36.2396
5.661513e-06	7.87623	36.2919
5.670726e-06	7.89836	36.3443
5.679954e-06	7.92054	36.3967
5.689197e-06	7.94279	36.4491
5.698455e-06	7.96509	36.5016
5.707728e-06	7.98745	36.5542
5.717017e-06	8.00987	36.6068
5.726320e-06	8.03235	36.6595
5.735638e-06	8.05488	36.7122
5.744972e-06	8.07748	36.765
5.754321e-06	8.10013	36.8179
5.763685e-06	8.12285	36.8708
5.773064e-06	8.14562	36.9237
5.782458e-06	8.16845	36.9767
5.791868e-06	8.19134	37.0298
5.801293e-06	8.21429	37.0829
5.810734e-06	8.2373	37.1361
5.820190e-06	8.26037	37.1893
5.829661e-06	8.28351	37.2426
5.839147e-06	8.3067	37.296
5.848650e-06	8.32995	37.3494
5.858167e-06	8.35326	37.4028
5.867700e-06	8.37663	37.4563
5.877249e-06	8.40006	37.5099
5.886813e-06	8.42355	37.5635
5.896392e-06	8.44711	37.6172
5.905987e-06	8.47072	37.671
5.915598e-06	8.49439	37.7247
5.925225e-06	8.51813	37.7786
5.934867e-06	8.54193	37.8325
5.944525e-06	8.56579	37.8865
5.954198e-06	8.58971	37.9405
5.963888e-06	8.61369	37.9945
5.973593e-06	8.63773	38.0487
5.983313e-06	8.66184	38.1028
5.993050e-06	8.686	38.1571
6.002803e-06	8.71023	38.2114
6.012571e-06	8.73452	38.2657
6.022355e-06	8.75887	38.3201
6.032155e-06	8.78329	38.3746
6.041972e-06	8.80777	38.4291
6.051804e-06	8.83231	38.4837
6.061652e-06	8.85691	38.5383
6.071516e-06	8.88158	38.593
6.081396e-06	8.9063	38.6477
6.091292e-06	8.9311	38.7025
6.101205e-06	8.95595	38.7573
6.111133e-06	8.98087	38.8122
6.121078e-06	9.00585	38.8672
6.131039e-06	9.03089	38.9222
6.141016e-06	9.056	38.9773
6.151009e-06	9.08117	39.0324
6.161019e-06	9.10641	39.0876
6.171044e-06	9.13171	39.1428
6.181087e-06	9.15707	39.1981
6.191145e-06	9.1825	39.2534
6.201220e-06	9.20799	39.3088
6.211311e-06	9.23355	39.3643
6.221419e-06	9.25917	39.4198
6.231543e-06	9.28486	39.4754
6.241684e-06	9.31061	39.531
6.251841e-06	9.33642	39.5866
6.262014e-06	9.3623	39.6424
6.272204e-06	9.38825	39.6981
6.282411e-06	9.41426	39.754
6.292635e-06	9.44033	39.8099
6.302875e-06	9.46647	39.8658
6.313131e-06	9.49268	39.9218
6.323405e-06	9.51895	39.9779
6.333695e-06	9.54529	40.034
6.344002e-06	9.57169	40.0901
6.354325e-06	9.59816	40.1463
6.364666e-06	9.6247	40.2026
6.375023e-06	9.6513	40.2589
6.385397e-06	9.67797	40.3153
6.395788e-06	9.70471	40.3718
6.406196e-06	9.73151	40.4282
6.416621e-06	9.75837	40.4848
6.427062e-06	9.78531	40.5414
6.437521e-06	9.81231	40.598
6.447997e-06	9.83938	40.6547
6.458490e-06	9.86651	40.7115
6.469000e-06	9.89372	40.7683
6.479527e-06	9.92099	40.8252
6.490071e-06	9.94833	40.8821
6.500632e-06	9.97573	40.9391
6.511211e-06	10.0032	40.9961
6.521806e-06	10.0307	41.0532
6.532419e-06	10.0584	41.1103
6.543049e-06	10.086	41.1675
6.553697e-06	10.1138	41.2248
6.564362e-06	10.1416	41.282
6.575044e-06	10.1695	41.3394
6.585744e-06	10.1974	41.3968
6.596461e-06	10.2254	41.4543
6.607195e-06	10.2535	41.5118
6.617947e-06	10.2817	41.5693
6.628716e-06	10.3099	41.627
6.639503e-06	10.3382	41.6846
6.650308e-06	10.3666	41.7424
6.661130e-06	10.395	41.8001
6.671969e-06	10.4235	41.858
6.682827e-06	10.4521	41.9158
6.693702e-06	10.4807	41.9738
6.704594e-06	10.5094	42.0318
6.715505e-06	10.5382	42.0898
6.726433e-06	10.567	42.1479
6.737379e-06	10.596	42.2061
6.748343e-06	10.6249	42.2643
6.759324e-06	10.654	42.3225
6.770324e-06	10.6831	42.3808
6.781341e-06	10.7123	42.4392
6.792376e-06	10.7416	42.4976
6.803430e-06	10.7709	42.5561
6.814501e-06	10.8004	42.6146
6.825590e-06	10.8298	42.6732
6.836697e-06	10.8594	42.7318
6.847823e-06	10.889	42.7905
6.858966e-06	10.9187	42.8492
6.870128e-06	10.9485	42.908
6.881308e-06	10.9783	42.9668
6.892506e-06	11.0082	43.0257
6.903722e-06	11.0382	43.0846
6.914956e-06	11.0683	43.1436
6.926209e-06	11.0984	43.2027
6.937480e-06	11.1286	43.2618
6.948769e-06	11.1589	43.3209
6.960077e-06	11.1892	43.3801
6.971403e-06	11.2196	43.4394
6.982748e-06	11.2501	43.4987
6.994111e-06	11.2807	43.558
7.005492e-06	11.3113	43.6174
7.016892e-06	11.342	43.6769
7.028311e-06	11.3728	43.7364
7.039748e-06	11.4036	43.796
7.051204e-06	11.4345	43.8556
7.062678e-06	11.4655	43.9153
7.074171e-06	11.4966	43.975
7.085683e-06	11.5277	44.0347
7.097214e-06	11.559	44.0946
7.108763e-06	11.5903	44.1544
7.120331e-06	11.6216	44.2143
7.131918e-06	11.6531	44.2743
7.143524e-06	11.6846	44.3343
7.155149e-06	11.7161	44.3944
7.166792e-06	11.7478	44.4545
7.178455e-06	11.7795	44.5147
7.190136e-06	11.8113	44.5749
7.201837e-06	11.8432	44.6352
7.213556e-06	11.8752	44.6956
7.225295e-06	11.9072	44.7559
7.237053e-06	11.9393	44.8164
7.248830e-06	11.9715	44.8768
7.260626e-06	12.0037	44.9374
7.272441e-06	12.0361	44.998
7.284275e-06	12.0685	45.0586
7.296129e-06	12.101	45.1193
7.308002e-06	12.1335	45.18
7.319894e-06	12.1661	45.2408
7.331806e-06	12.1989	45.3016
7.343737e-06	12.2316	45.3625
7.355688e-06	12.2645	45.4234
7.367657e-06	12.2974	45.4844
7.379647e-06	12.3304	45.5455
7.391656e-06	12.3635	45.6065
7.403684e-06	12.3967	45.6677
7.415732e-06	12.4299	45.7288
7.427800e-06	12.4632	45.7901
7.439887e-06	12.4966	45.8514
7.451994e-06	12.5301	45.9127
7.464121e-06	12.5636	45.9741
7.476267e-06	12.5972	46.0355
7.488433e-06	12.6309	46.097
7.500619e-06	12.6647	46.1585
7.512825e-06	12.6986	46.2201
7.525051e-06	12.7325	46.2817
7.537296e-06	12.7665	46.3434
7.549562e-06	12.8006	46.4051
7.561847e-06	12.8347	46.4669
7.574152e-06	12.869	46.5287
7.586478e-06	12.9033	46.5906
7.598823e-06	12.9377	46.6525
7.611189e-06	12.9721	46.7145
7.623575e-06	13.0067	46.7765
7.635980e-06	13.0413	46.8385
7.648407e-06	13.076	46.9006
7.660853e-06	13.1108	46.9628
7.673319e-06	13.1456	47.025
7.685806e-06	13.1806	47.0873
7.698313e-06	13.2156	47.1496
7.710841e-06	13.2507	47.2119
7.723389e-06	13.2859	47.2743
7.735957e-06	13.3211	47.3368
7.748546e-06	13.3564	47.3993
7.761155e-06	13.3919	47.4618
7.773785e-06	13.4273	47.5244
7.786435e-06	13.4629	47.587
7.799106e-06	13.4986	47.6497
7.811797e-06	13.5343	47.7125
7.824509e-06	13.5701	47.7752
7.837242e-06	13.606	47.8381
7.849996e-06	13.6419	47.9009
7.862770e-06	13.678	47.9639
7.875565e-06	13.7141	48.0268
7.888381e-06	13.7503	48.0899
7.901218e-06	13.7866	48.1529
7.914076e-06	13.8229	48.216
7.926954e-06	13.8594	48.2792
7.939854e-06	13.8959	48.3424
7.952774e-06	13.9325	48.4056
7.965716e-06	13.9692	48.4689
7.978678e-06	14.006	48.5323
7.991662e-06	14.0428	48.5957
8.004667e-06	14.0797	48.6591
8.017693e-06	14.1167	48.7226
8.030740e-06	14.1538	48.7861
8.043809e-06	14.191	48.8497
8.056898e-06	14.2282	48.9133
8.070009e-06	14.2656	48.977
8.083142e-06	14.303	49.0407
8.096295e-06	14.3405	49.1044
8.109470e-06	14.378	49.1682
8.122667e-06	14.4157	49.2321
8.135885e-06	14.4534	49.296
8.149125e-06	14.4912	49.3599
8.162386e-06	14.5291	49.4239
8.175668e-06	14.5671	49.4879
8.188973e-06	14.6052	49.552
8.202299e-06	14.6433	49.6161
8.215646e-06	14.6815	49.6803
8.229016e-06	14.7199	49.7445
8.242407e-06	14.7582	49.8087
8.255819e-06	14.7967	49.873
8.269254e-06	14.8353	49.9374
8.282711e-06	14.8739	50.0018
8.296189e-06	14.9126	50.0662
8.309690e-06	14.9514	50.1307
8.323212e-06	14.9903	50.1952
8.336756e-06	15.0293	50.2598
8.350323e-06	15.0683	50.3244
8.363911e-06	15.1074	50.389
8.377522e-06	15.1467	50.4537
8.391155e-06	15.186	50.5185
8.404810e-06	15.2253	50.5832
8.418487e-06	15.2648	50.6481
8.432186e-06	15.3044	50.7129
8.445908e-06	15.344	50.7778
8.459652e-06	15.3837	50.8428
8.473418e-06	15.4235	50.9078
8.487207e-06	15.4634	50.9728
8.501018e-06	15.5033	51.0379
8.514852e-06	15.5434	51.1031
8.528708e-06	15.5835	51.1682
8.542587e-06	15.6237	51.2334
8.556488e-06	15.664	51.2987
8.570412e-06	15.7044	51.364
8.584359e-06	15.7449	51.4293
8.598328e-06	15.7854	51.4947
8.612321e-06	15.8261	51.5602
8.626335e-06	15.8668	51.6256
8.640373e-06	15.9076	51.6911
8.654434e-06	15.9485	51.7567
8.668517e-06	15.9894	51.8223
8.682623e-06	16.0305	51.8879
8.696752e-06	16.0716	51.9536
8.710905e-06	16.1129	52.0193
8.725080e-06	16.1542	52.0851
8.739278e-06	16.1956	52.1509
8.753500e-06	16.237	52.2167
8.767744e-06	16.2786	52.2826
8.782012e-06	16.3203	52.3486
8.796303e-06	16.362	52.4145
8.810617e-06	16.4038	52.4805
8.824955e-06	16.4457	52.5466
8.839316e-06	16.4877	52.6127
8.853700e-06	16.5298	52.6788
8.868108e-06	16.5719	52.745
8.882539e-06	16.6142	52.8112
8.896993e-06	16.6565	52.8775
8.911471e-06	16.6989	52.9438
8.925973e-06	16.7414	53.0101
8.940498e-06	16.784	53.0765
8.955047e-06	16.8267	53.1429
8.969620e-06	16.8695	53.2093
8.984216e-06	16.9123	53.2758
8.998836e-06	16.9552	53.3424
9.013480e-06	16.9983	53.4089
9.028147e-06	17.0414	53.4756
9.042839e-06	17.0846	53.5422
9.057554e-06	17.1278	53.6089
9.072294e-06	17.1712	53.6756
9.087057e-06	17.2146	53.7424
9.101844e-06	17.2582	53.8092
9.116656e-06	17.3018	53.8761
9.131491e-06	17.3455	53.943
9.146351e-06	17.3893	54.0099
9.161235e-06	17.4332	54.0769
9.176143e-06	17.4772	54.1439
9.191076e-06	17.5212	54.2109
9.206032e-06	17.5654	54.278
9.221013e-06	17.6096	54.3451
9.236019e-06	17.6539	54.4123
9.251048e-06	17.6983	54.4795
9.266103e-06	17.7428	54.5467
9.281181e-06	17.7874	54.614
9.296285e-06	17.832	54.6813
9.311412e-06	17.8768	54.7486
9.326565e-06	17.9216	54.816
9.341742e-06	17.9665	54.8834
9.356944e-06	18.0115	54.9509
9.372170e-06	18.0566	55.0184
9.387422e-06	18.1018	55.0859
9.402698e-06	18.1471	55.1535
9.417999e-06	18.1925	55.2211
9.433325e-06	18.2379	55.2888
9.448676e-06	18.2835	55.3564
9.464052e-06	18.3291	55.4242
9.479452e-06	18.3748	55.4919
9.494878e-06	18.4206	55.5597
9.510329e-06	18.4665	55.6275
9.525806e-06	18.5124	55.6954
9.541307e-06	18.5585	55.7633
9.556834e-06	18.6047	55.8312
9.572385e-06	18.6509	55.8992
9.587963e-06	18.6972	55.9672
9.603565e-06	18.7436	56.0353
9.619193e-06	18.7901	56.1034
9.634846e-06	18.8367	56.1715
9.650525e-06	18.8834	56.2396
9.666229e-06	18.9302	56.3078
9.681959e-06	18.977	56.376
9.697715e-06	19.024	56.4443
9.713496e-06	19.071	56.5126
9.729303e-06	19.1181	56.5809
9.745135e-06	19.1653	56.6493
9.760993e-06	19.2126	56.7177
9.776878e-06	19.26	56.7861
9.792787e-06	19.3075	56.8546
9.808723e-06	19.3551	56.9231
9.824685e-06	19.4027	56.9916
9.840673e-06	19.4505	57.0602
9.856687e-06	19.4983	57.1288
9.872726e-06	19.5462	57.1974
9.888792e-06	19.5942	57.2661
9.904884e-06	19.6423	57.3348
9.921002e-06	19.6905	57.4035
9.937147e-06	19.7388	57.4723
9.953318e-06	19.7871	57.5411
9.969515e-06	19.8356	57.61
9.985738e-06	19.8841	57.6788
1.000199e-05	19.9327	57.7478
1.001826e-05	19.9814	57.8167
1.003457e-05	20.0303	57.8857
1.005090e-05	20.0792	57.9547
1.006725e-05	20.1281	58.0237
1.008363e-05	20.1772	58.0928
1.010004e-05	20.2264	58.1619
1.011648e-05	20.2756	58.231
1.013294e-05	20.325	58.3002
1.014943e-05	20.3744	58.3694
1.016595e-05	20.4239	58.4386
1.018249e-05	20.4735	58.5079
1.019906e-05	20.5232	58.5772
1.021566e-05	20.573	58.6465
1.023228e-05	20.6229	58.7159
1.024893e-05	20.6729	58.7853
1.026561e-05	20.7229	58.8547
1.028232e-05	20.7731	58.9242
1.029905e-05	20.8233	58.9936
1.031581e-05	20.8736	59.0632
1.033259e-05	20.924	59.1327
1.034941e-05	20.9745	59.2023
1.036625e-05	21.0251	59.2719
1.038312e-05	21.0758	59.3415
1.040002e-05	21.1266	59.4112
1.041694e-05	21.1774	59.4809
1.043389e-05	21.2284	59.5507
1.045087e-05	21.2794	59.6204
1.046788e-05	21.3306	59.6902
1.048491e-05	21.3818	59.76
1.050197e-05	21.4331	59.8299
1.051906e-05	21.4845	59.8998
1.053618e-05	21.536	59.9697
1.055333e-05	21.5876	60.0396
1.057050e-05	21.6392	60.1096
1.058770e-05	21.691	60.1796
1.060493e-05	21.7428	60.2497
1.062219e-05	21.7948	60.3197
1.063947e-05	21.8468	60.3898
1.065679e-05	21.8989	60.4599
1.067413e-05	21.9511	60.5301
1.069150e-05	22.0034	60.6003
1.070890e-05	22.0558	60.6705
1.072632e-05	22.1083	60.7407
1.074378e-05	22.1609	60.811
1.076126e-05	22.2135	60.8813
1.077877e-05	22.2663	60.9516
1.079632e-05	22.3191	61.0219
1.081388e-05	22.372	61.0923
1.083148e-05	22.425	61.1627
1.084911e-05	22.4781	61.2332
1.086676e-05	22.5313	61.3036
1.088445e-05	22.5846	61.3741
1.090216e-05	22.638	61.4446
1.091990e-05	22.6915	61.5152
1.093767e-05	22.745	61.5857
1.095547e-05	22.7987	61.6563
1.097330e-05	22.8524	61.727
1.099115e-05	22.9062	61.7976
1.100904e-05	22.9602	61.8683
1.102695e-05	23.0142	61.939
1.104490e-05	23.0683	62.0098
1.106287e-05	23.1225	62.0805
1.108087e-05	23.1767	62.1513
1.109891e-05	23.2311	62.2221
1.111697e-05	23.2856	62.293
1.113506e-05	23.3401	62.3638
1.115318e-05	23.3947	62.4347
1.117133e-05	23.4495	62.5057
1.118951e-05	23.5043	62.5766
1.120772e-05	23.5592	62.6476
1.122595e-05	23.6142	62.7186
1.124422e-05	23.6693	62.7896
1.126252e-05	23.7245	62.8606
1.128085e-05	23.7797	62.9317
1.129920e-05	23.8351	63.0028
1.131759e-05	23.8905	63.074
1.133601e-05	23.9461	63.1451
1.135446e-05	24.0017	63.2163
1.137293e-05	24.0574	63.2875
1.139144e-05	24.1132	63.3587
1.140998e-05	24.1691	63.43
1.142854e-05	24.2251	63.5012
1.144714e-05	24.2812	63.5725
1.146577e-05	24.3373	63.6439
1.148443e-05	24.3936	63.7152
1.150312e-05	24.45	63.7866
1.152184e-05	24.5064	63.858
1.154059e-05	24.5629	63.9294
1.155937e-05	24.6195	64.0009
1.157818e-05	24.6762	64.0723
1.159702e-05	24.733	64.1438
1.161589e-05	24.7899	64.2153
1.163479e-05	24.8469	64.2869
1.165373e-05	24.904	64.3584
1.167269e-05	24.9611	64.43
1.169168e-05	25.0184	64.5017
1.171071e-05	25.0757	64.5733
1.172977e-05	25.1331	64.6449
1.174886e-05	25.1906	64.7166
1.176797e-05	25.2483	64.7883
1.178712e-05	25.3059	64.8601
1.180631e-05	25.3637	64.9318
1.182552e-05	25.4216	65.0036
1.184476e-05	25.4796	65.0754
1.186404e-05	25.5376	65.1472
1.188334e-05	25.5958	65.219
1.190268e-05	25.654	65.2909
1.192205e-05	25.7123	65.3628
1.194145e-05	25.7707	65.4347
1.196088e-05	25.8292	65.5066
1.198035e-05	25.8878	65.5786
1.199984e-05	25.9465	65.6505
1.201937e-05	26.0053	65.7225
1.203893e-05	26.0641	65.7946
1.205852e-05	26.1231	65.8666
1.207814e-05	26.1821	65.9387
1.209780e-05	26.2413	66.0107
1.211748e-05	26.3005	66.0828
1.213720e-05	26.3598	66.155
1.215695e-05	26.4192	66.2271
1.217674e-05	26.4787	66.2993
1.219655e-05	26.5382	66.3715
1.221640e-05	26.5979	66.4437
1.223628e-05	26.6576	66.5159
1.225619e-05	26.7175	66.5881
1.227614e-05	26.7774	66.6604
1.229611e-05	26.8374	66.7327
1.231612e-05	26.8976	66.805
1.233616e-05	26.9578	66.8773
1.235624e-05	27.018	66.9497
1.237635e-05	27.0784	67.0221
1.239649e-05	27.1389	67.0944
1.241666e-05	27.1994	67.1669
1.243687e-05	27.2601	67.2393
1.245710e-05	27.3208	67.3117
1.247738e-05	27.3816	67.3842
1.249768e-05	27.4425	67.4567
1.251802e-05	27.5035	67.5292
1.253839e-05	27.5646	67.6017
1.255879e-05	27.6258	67.6743
1.257923e-05	27.6871	67.7468
1.259970e-05	27.7484	67.8194
1.262020e-05	27.8099	67.892
1.264074e-05	27.8714	67.9646
1.266131e-05	27.933	68.0373
1.268191e-05	27.9947	68.11
1.270255e-05	28.0565	68.1826
1.272322e-05	28.1184	68.2553
1.274393e-05	28.1804	68.328
1.276466e-05	28.2425	68.4008
1.278544e-05	28.3046	68.4735
1.280624e-05	28.3668	68.5463
1.282708e-05	28.4292	68.6191
1.284795e-05	28.4916	68.6919
1.286886e-05	28.5541	68.7647
1.288980e-05	28.6167	68.8376
1.291078e-05	28.6794	68.9104
1.293179e-05	28.7421	68.9833
1.295283e-05	28.805	69.0562
1.297391e-05	28.8679	69.1291
1.299502e-05	28.931	69.202
1.301617e-05	28.9941	69.275
1.303735e-05	29.0573	69.348
1.305857e-05	29.1206	69.4209
1.307982e-05	29.184	69.4939
1.310110e-05	29.2474	69.567
1.312242e-05	29.311	69.64
1.314378e-05	29.3746	69.713
1.316517e-05	29.4384	69.7861
1.318659e-05	29.5022	69.8592
1.320805e-05	29.5661	69.9323
1.322954e-05	29.6301	70.0054
1.325107e-05	29.6942	70.0786
1.327263e-05	29.7583	70.1517
1.329423e-05	29.8226	70.2249
1.331586e-05	29.8869	70.2981
1.333753e-05	29.9514	70.3713
1.335924e-05	30.0159	70.4445
1.338098e-05	30.0805	70.5177
1.340275e-05	30.1452	70.591
1.342456e-05	30.21	70.6642
1.344641e-05	30.2748	70.7375
1.346829e-05	30.3398	70.8108
1.349021e-05	30.4048	70.8841
1.351216e-05	30.47	70.9574
1.353415e-05	30.5352	71.0308
1.355617e-05	30.6005	71.1041
1.357823e-05	30.6659	71.1775
1.360033e-05	30.7314	71.2509
1.362246e-05	30.7969	71.3243
1.364463e-05	30.8626	71.3977
1.366683e-05	30.9283	71.4712
1.368907e-05	30.9941	71.5446
1.371135e-05	31.06	71.6181
1.373366e-05	31.126	71.6916
1.375601e-05	31.1921	71.7651
1.377839e-05	31.2583	71.8386
1.380082e-05	31.3245	71.9121
1.382327e-05	31.3908	71.9856
1.384577e-05	31.4573	72.0592
1.386830e-05	31.5238	72.1328
1.389087e-05	31.5904	72.2063
1.391347e-05	31.6571	72.2799
1.393611e-05	31.7238	72.3536
1.395879e-05	31.7907	72.4272
1.398151e-05	31.8576	72.5008
1.400426e-05	31.9246	72.5745
1.402705e-05	31.9917	72.6481
1.404987e-05	32.0589	72.7218
1.407274e-05	32.1262	72.7955
1.409564e-05	32.1936	72.8692
1.411858e-05	32.261	72.943
1.414155e-05	32.3286	73.0167
1.416456e-05	32.3962	73.0904
1.418761e-05	32.4639	73.1642
1.421070e-05	32.5317	73.238
1.423383e-05	32.5996	73.3118
1.425699e-05	32.6675	73.3856
1.428019e-05	32.7356	73.4594
1.430343e-05	32.8037	73.5332
1.432670e-05	32.8719	73.6071
1.435002e-05	32.9402	73.681
1.437337e-05	33.0086	73.7548
1.439676e-05	33.0771	73.8287
1.442019e-05	33.1456	73.9026
1.444365e-05	33.2142	73.9765
1.446716e-05	33.283	74.0504
1.449070e-05	33.3518	74.1244
1.451428e-05	33.4207	74.1983
1.453790e-05	33.4896	74.2723
1.456156e-05	33.5587	74.3463
1.458525e-05	33.6278	74.4203
1.460899e-05	33.6971	74.4943
1.463276e-05	33.7664	74.5683
1.465657e-05	33.8358	74.6423
1.468042e-05	33.9052	74.7163
1.470431e-05	33.9748	74.7904
1.472824e-05	34.0444	74.8645
1.475221e-05	34.1142	74.9385
1.477622e-05	34.184	75.0126
1.480026e-05	34.2539	75.0867
1.482435e-05	34.3239	75.1608
1.484847e-05	34.3939	75.235
1.487263e-05	34.4641	75.3091
1.489683e-05	34.5343	75.3832
1.492108e-05	34.6046	75.4574
1.494536e-05	34.675	75.5316
1.496968e-05	34.7455	75.6058
1.499404e-05	34.816	75.68
1.501844e-05	34.8867	75.7542
1.504288e-05	34.9574	75.8284
1.506736e-05	35.0282	75.9026
1.509188e-05	35.0991	75.9769
1.511643e-05	35.1701	76.0511
1.514103e-05	35.2411	76.1254
1.516567e-05	35.3123	76.1997
1.519035e-05	35.3835	76.274
1.521507e-05	35.4548	76.3483
1.523983e-05	35.5262	76.4226
1.526463e-05	35.5976	76.4969
1.528947e-05	35.6692	76.5712
1.531435e-05	35.7408	76.6456
1.533927e-05	35.8125	76.7199
1.536423e-05	35.8843	76.7943
1.538924e-05	35.9562	76.8687
1.541428e-05	36.0281	76.9431
1.543936e-05	36.1002	77.0175
1.546449e-05	36.1723	77.0919
1.548965e-05	36.2445	77.1663
1.551486e-05	36.3168	77.2408
1.554011e-05	36.3891	77.3152
1.556539e-05	36.4616	77.3897
1.559072e-05	36.5341	77.4641
1.561610e-05	36.6067	77.5386
1.564151e-05	36.6794	77.6131
1.566696e-05	36.7521	77.6876
1.569246e-05	36.825	77.7621
1.571799e-05	36.8979	77.8366
1.574357e-05	36.9709	77.9112
1.576919e-05	37.044	77.9857
1.579485e-05	37.1172	78.0603
1.582055e-05	37.1904	78.1348
1.584630e-05	37.2638	78.2094
1.587209e-05	37.3372	78.284
1.589791e-05	37.4107	78.3586
1.592378e-05	37.4842	78.4332
1.594970e-05	37.5579	78.5078
1.597565e-05	37.6316	78.5824
1.600165e-05	37.7054	78.6571
1.602769e-05	37.7793	78.7317
1.605377e-05	37.8533	78.8064
1.607990e-05	37.9273	78.881
1.610606e-05	38.0015	78.9557
1.613227e-05	38.0757	79.0304
1.615852e-05	38.1499	79.1051
1.618482e-05	38.2243	79.1798
1.621116e-05	38.2988	79.2545
1.623754e-05	38.3733	79.3293
1.626396e-05	38.4479	79.404
1.629043e-05	38.5226	79.4788
1.631694e-05	38.5973	79.5535
1.634349e-05	38.6722	79.6283
1.637008e-05	38.7471	79.7031
1.639672e-05	38.8221	79.7779
1.642341e-05	38.8972	79.8527
1.645013e-05	38.9723	79.9275
1.647690e-05	39.0475	80.0023
1.650371e-05	39.1229	80.0771
1.653057e-05	39.1982	80.152
1.655747e-05	39.2737	80.2268
1.658441e-05	39.3493	80.3017
1.661140e-05	39.4249	80.3766
1.663843e-05	39.5006	80.4514
1.666551e-05	39.5764	80.5263
1.669263e-05	39.6522	80.6012
1.671979e-05	39.7281	80.6761
1.674700e-05	39.8042	80.7511
1.677425e-05	39.8802	80.826
1.680155e-05	39.9564	80.9009
1.682889e-05	40.0326	80.9759
1.685628e-05	40.109	81.0508
1.688371e-05	40.1854	81.1258
1.691118e-05	40.2618	81.2008
1.693870e-05	40.3384	81.2758
1.696627e-05	40.415	81.3508
1.699388e-05	40.4917	81.4258
1.702153e-05	40.5685	81.5008
1.704923e-05	40.6454	81.5758
1.707697e-05	40.7223	81.6509
1.710476e-05	40.7993	81.7259
1.713260e-05	40.8764	81.801
1.716048e-05	40.9536	81.876
1.718840e-05	41.0308	81.9511
1.721637e-05	41.1081	82.0262
1.724439e-05	41.1855	82.1013
1.727245e-05	41.263	82.1764
1.730056e-05	41.3405	82.2515
1.732871e-05	41.4181	82.3266
1.735691e-05	41.4958	82.4018
1.738516e-05	41.5736	82.4769
1.741345e-05	41.6515	82.5521
1.744178e-05	41.7294	82.6272
1.747017e-05	41.8074	82.7024
1.749860e-05	41.8854	82.7776
1.752707e-05	41.9636	82.8528
1.755559e-05	42.0418	82.928
1.758416e-05	42.1201	83.0032
1.761278e-05	42.1985	83.0784
1.764144e-05	42.2769	83.1537
1.767015e-05	42.3555	83.2289
1.769890e-05	42.4341	83.3042
1.772770e-05	42.5127	83.3794
1.775655e-05	42.5915	83.4547
1.778545e-05	42.6703	83.53
1.781439e-05	42.7492	83.6053
1.784338e-05	42.8282	83.6805
1.787241e-05	42.9072	83.7559
1.790150e-05	42.9863	83.8312
1.793063e-05	43.0655	83.9065
1.795981e-05	43.1448	83.9818
1.798903e-05	43.2241	84.0572
1.801831e-05	43.3035	84.1326
1.804763e-05	43.383	84.2079
1.807700e-05	43.4626	84.2833
1.810641e-05	43.5422	84.3587
1.813588e-05	43.6219	84.4341
1.816539e-05	43.7017	84.5095
1.819495e-05	43.7816	84.5849
1.822456e-05	43.8615	84.6603
1.825422e-05	43.9415	84.7358
1.828392e-05	44.0216	84.8112
1.831368e-05	44.1017	84.8867
1.834348e-05	44.1819	84.9621
1.837333e-05	44.2622	85.0376
1.840323e-05	44.3426	85.1131
1.843317e-05	44.423	85.1886
1.846317e-05	44.5035	85.2641
1.849322e-05	44.5841	85.3396
1.852331e-05	44.6648	85.4151
1.855345e-05	44.7455	85.4907
1.858364e-05	44.8263	85.5662
1.861389e-05	44.9072	85.6418
1.864418e-05	44.9881	85.7173
1.867452e-05	45.0691	85.7929
1.870491e-05	45.1502	85.8685
1.873534e-05	45.2314	85.9441
1.876583e-05	45.3126	86.0197
1.879637e-05	45.3939	86.0953
1.882696e-05	45.4753	86.171
1.885759e-05	45.5567	86.2466
1.888828e-05	45.6383	86.3222
1.891902e-05	45.7198	86.3979
1.894980e-05	45.8015	86.4736
1.898064e-05	45.8832	86.5492
1.901153e-05	45.965	86.6249
1.904247e-05	46.0469	86.7006
1.907345e-05	46.1289	86.7763
1.910449e-05	46.2109	86.8521
1.913558e-05	46.293	86.9278
1.916672e-05	46.3751	87.0035
1.919791e-05	46.4573	87.0793
1.922915e-05	46.5396	87.155
1.926044e-05	46.622	87.2308
1.929179e-05	46.7044	87.3066
1.932318e-05	46.787	87.3824
1.935462e-05	46.8695	87.4582
1.938612e-05	46.9522	87.534
1.941767e-05	47.0349	87.6098
1.944927e-05	47.1177	87.6857
1.948092e-05	47.2006	87.7615
1.951262e-05	47.2835	87.8374
1.954437e-05	47.3665	87.9133
1.957617e-05	47.4495	87.9891
1.960803e-05	47.5327	88.065
1.963994e-05	47.6159	88.1409
1.967190e-05	47.6992	88.2168
1.970391e-05	47.7825	88.2928
1.973597e-05	47.8659	88.3687
1.976809e-05	47.9494	88.4446
1.980026e-05	48.033	88.5206
1.983248e-05	48.1166	88.5966
1.986475e-05	48.2003	88.6726
1.989708e-05	48.284	88.7485
1.992946e-05	48.3679	88.8245
1.996189e-05	48.4518	88.9006
1.999437e-05	48.5357	88.9766
2.002691e-05	48.6198	89.0526
2.005950e-05	48.7039	89.1287
2.009214e-05	48.788	89.2047
2.012484e-05	48.8723	89.2808
2.015759e-05	48.9566	89.3569
2.019039e-05	49.041	89.433
2.022325e-05	49.1254	89.5091
2.025616e-05	49.2099	89.5852
2.028912e-05	49.2945	89.6613
2.032214e-05	49.3791	89.7375
2.035521e-05	49.4639	89.8136
2.038833e-05	49.5486	89.8898
2.042151e-05	49.6335	89.966
2.045474e-05	49.7184	90.0422
2.048803e-05	49.8034	90.1184
2.052137e-05	49.8885	90.1946
2.055476e-05	49.9736	90.2708
2.058821e-05	50.0588	90.347
2.062171e-05	50.144	90.4233
2.065527e-05	50.2293	90.4995
2.068888e-05	50.3147	90.5758
2.072255e-05	50.4002	90.6521
2.075627e-05	50.4857	90.7284
2.079005e-05	50.5713	90.8047
2.082388e-05	50.657	90.881
2.085777e-05	50.7427	90.9574
2.089171e-05	50.8285	91.0337
2.092571e-05	50.9143	91.1101
2.095976e-05	51.0002	91.1865
2.099387e-05	51.0862	91.2628
2.102803e-05	51.1723	91.3392
2.106225e-05	51.2584	91.4156
2.109652e-05	51.3446	91.4921
2.113085e-05	51.4308	91.5685
2.116524e-05	51.5172	91.645
2.119968e-05	51.6036	91.7214
2.123418e-05	51.69	91.7979
2.126873e-05	51.7765	91.8744
2.130335e-05	51.8631	91.9509
2.133801e-05	51.9498	92.0274
2.137274e-05	52.0365	92.1039
2.140752e-05	52.1232	92.1805
2.144235e-05	52.2101	92.257
2.147725e-05	52.297	92.3336
2.151220e-05	52.384	92.4102
2.154720e-05	52.471	92.4868
2.158227e-05	52.5581	92.5634
2.161739e-05	52.6453	92.64
2.165256e-05	52.7325	92.7167
2.168780e-05	52.8198	92.7933
2.172309e-05	52.9072	92.87
2.175844e-05	52.9946	92.9467
2.179385e-05	53.0821	93.0234
2.182932e-05	53.1697	93.1001
2.186484e-05	53.2573	93.1768
2.190042e-05	53.345	93.2536
2.193606e-05	53.4327	93.3303
2.197175e-05	53.5206	93.4071
2.200751e-05	53.6084	93.4839
2.204332e-05	53.6964	93.5606
2.207919e-05	53.7844	93.6375
2.211512e-05	53.8725	93.7143
2.215111e-05	53.9606	93.7911
2.218716e-05	54.0488	93.868
2.222326e-05	54.1371	93.9448
2.225943e-05	54.2254	94.0217
2.229565e-05	54.3138	94.0986
2.233193e-05	54.4023	94.1755
2.236827e-05	54.4908	94.2525
2.240467e-05	54.5794	94.3294
2.244113e-05	54.668	94.4064
2.247765e-05	54.7567	94.4834
2.251423e-05	54.8455	94.5603
2.255086e-05	54.9343	94.6374
2.258756e-05	55.0232	94.7144
2.262432e-05	55.1122	94.7914
2.266113e-05	55.2012	94.8685
2.269801e-05	55.2903	94.9455
2.273495e-05	55.3795	95.0226
2.277194e-05	55.4687	95.0997
2.280900e-05	55.558	95.1768
2.284612e-05	55.6473	95.254
2.288330e-05	55.7367	95.3311
2.292053e-05	55.8262	95.4083
2.295783e-05	55.9157	95.4855
2.299519e-05	56.0053	95.5627
2.303261e-05	56.095	95.6399
2.307009e-05	56.1847	95.7171
2.310763e-05	56.2745	95.7943
2.314524e-05	56.3643	95.8716
2.318290e-05	56.4542	95.9489
2.322063e-05	56.5442	96.0262
2.325841e-05	56.6342	96.1035
2.329626e-05	56.7243	96.1808
2.333417e-05	56.8145	96.2582
2.337214e-05	56.9047	96.3355
2.341018e-05	56.995	96.4129
2.344827e-05	57.0853	96.4903
2.348643e-05	57.1757	96.5677
2.352465e-05	57.2662	96.6452
2.356293e-05	57.3567	96.7226
2.360128e-05	57.4473	96.8001
2.363968e-05	57.538	96.8776
2.367815e-05	57.6287	96.9551
2.371668e-05	57.7194	97.0326
2.375528e-05	57.8103	97.1101
2.379393e-05	57.9012	97.1877
2.383265e-05	57.9921	97.2653
2.387144e-05	58.0831	97.3429
2.391028e-05	58.1742	97.4205
2.394919e-05	58.2654	97.4981
2.398817e-05	58.3566	97.5758
2.402720e-05	58.4478	97.6534
2.406630e-05	58.5392	97.7311
2.410546e-05	58.6305	97.8088
2.414469e-05	58.722	97.8865
2.418398e-05	58.8135	97.9643
2.422334e-05	58.9051	98.042
2.426275e-05	58.9967	98.1198
2.430224e-05	59.0884	98.1976
2.434178e-05	59.1801	98.2754
2.438140e-05	59.2719	98.3533
2.442107e-05	59.3638	98.4311
2.446081e-05	59.4557	98.509
2.450062e-05	59.5477	98.5869
2.454049e-05	59.6398	98.6648
2.458042e-05	59.7319	98.7427
2.462042e-05	59.8241	98.8207
2.466049e-05	59.9163	98.8987
2.470062e-05	60.0086	98.9767
2.474081e-05	60.101	99.0547
2.478107e-05	60.1934	99.1327
2.482140e-05	60.2858	99.2107
2.486179e-05	60.3784	99.2888
2.490225e-05	60.471	99.3669
2.494277e-05	60.5636	99.445
2.498336e-05	60.6563	99.5232
2.502402e-05	60.7491	99.6013
2.506474e-05	60.842	99.6795
2.510553e-05	60.9348	99.7577
2.514638e-05	61.0278	99.8359
2.518730e-05	61.1208	99.9141
2.522829e-05	61.2139	99.9924
2.526934e-05	61.307	100.071
2.531046e-05	61.4002	100.149
2.535165e-05	61.4935	100.227
2.539291e-05	61.5868	100.306
2.543423e-05	61.6801	100.384
2.547562e-05	61.7736	100.462
2.551707e-05	61.8671	100.541
2.555860e-05	61.9606	100.619
2.560019e-05	62.0542	100.698
2.564185e-05	62.1479	100.776
2.568358e-05	62.2416	100.855
2.572537e-05	62.3354	100.933
2.576723e-05	62.4292	101.012
2.580916e-05	62.5231	101.09
2.585116e-05	62.6171	101.169
2.589323e-05	62.7111	101.247
2.593537e-05	62.8052	101.326
2.597757e-05	62.8993	101.405
2.601985e-05	62.9935	101.483
2.606219e-05	63.0878	101.562
2.610460e-05	63.1821	101.641
2.614708e-05	63.2765	101.72
2.618963e-05	63.3709	101.798
2.623225e-05	63.4654	101.877
2.627493e-05	63.56	101.956
2.631769e-05	63.6546	102.035
2.636052e-05	63.7492	102.114
2.640341e-05	63.844	102.193
2.644638e-05	63.9388	102.271
2.648942e-05	64.0336	102.35
2.653252e-05	64.1285	102.429
2.657570e-05	64.2235	102.508
2.661895e-05	64.3185	102.587
2.666226e-05	64.4136	102.666
2.670565e-05	64.5087	102.745
2.674911e-05	64.6039	102.824
2.679264e-05	64.6991	102.904
2.683624e-05	64.7944	102.983
2.687991e-05	64.8898	103.062
2.692365e-05	64.9852	103.141
2.696746e-05	65.0807	103.22
2.701135e-05	65.1763	103.299
2.705530e-05	65.2719	103.379
2.709933e-05	65.3675	103.458
2.714343e-05	65.4632	103.537
2.718760e-05	65.559	103.617
2.723184e-05	65.6548	103.696
2.727616e-05	65.7507	103.775
2.732054e-05	65.8467	103.855
2.736500e-05	65.9427	103.934
2.740953e-05	66.0387	104.014
2.745414e-05	66.1349	104.093
2.749881e-05	66.231	104.173
2.754356e-05	66.3273	104.252
2.758838e-05	66.4236	104.332
2.763328e-05	66.5199	104.411
2.767825e-05	66.6163	104.491
2.772329e-05	66.7128	104.571
2.776840e-05	66.8093	104.65
2.781359e-05	66.9059	104.73
2.785885e-05	67.0026	104.81
2.790418e-05	67.0992	104.889
2.794959e-05	67.196	104.969
2.799507e-05	67.2928	105.049
2.804063e-05	67.3897	105.129
2.808626e-05	67.4866	105.209
2.813197e-05	67.5836	105.289
2.817775e-05	67.6806	105.368
2.822360e-05	67.7777	105.448
2.826953e-05	67.8749	105.528
2.831553e-05	67.9721	105.608
2.836161e-05	68.0694	105.688
2.840776e-05	68.1667	105.768
2.845399e-05	68.2641	105.849
2.850029e-05	68.3615	105.929
2.854667e-05	68.459	106.009
2.859313e-05	68.5566	106.089
2.863966e-05	68.6542	106.169
2.868626e-05	68.7519	106.249
2.873294e-05	68.8496	106.33
2.877970e-05	68.9474	106.41
2.882653e-05	69.0452	106.49
2.887344e-05	69.1431	106.571
2.892043e-05	69.2411	106.651
2.896749e-05	69.3391	106.731
2.901463e-05	69.4372	106.812
2.906184e-05	69.5353	106.892
2.910914e-05	69.6335	106.973
2.915651e-05	69.7317	107.053
2.920395e-05	69.83	107.134
2.925148e-05	69.9284	107.214
2.929908e-05	70.0268	107.295
2.934676e-05	70.1253	107.376
2.939451e-05	70.2238	107.456
2.944235e-05	70.3224	107.537
2.949026e-05	70.421	107.618
2.953825e-05	70.5197	107.698
2.958631e-05	70.6185	107.779
2.963446e-05	70.7173	107.86
2.968268e-05	70.8161	107.941
2.973099e-05	70.9151	108.022
2.977937e-05	71.014	108.103
2.982783e-05	71.1131	108.184
2.987637e-05	71.2122	108.265
2.992498e-05	71.3113	108.346
2.997368e-05	71.4105	108.427
3.002246e-05	71.5098	108.508
3.007131e-05	71.6091	108.589
3.012025e-05	71.7085	108.67
3.016926e-05	71.8079	108.751
3.021836e-05	71.9074	108.832
3.026753e-05	72.007	108.914
3.031679e-05	72.1066	108.995
3.036612e-05	72.2062	109.076
3.041554e-05	72.3059	109.158
3.046503e-05	72.4057	109.239
3.051461e-05	72.5055	109.32
3.056426e-05	72.6054	109.402
3.061400e-05	72.7054	109.483
3.066382e-05	72.8054	109.565
3.071372e-05	72.9054	109.646
3.076370e-05	73.0055	109.728
3.081376e-05	73.1057	109.809
3.086390e-05	73.2059	109.891
3.091413e-05	73.3062	109.973
3.096444e-05	73.4066	110.054
3.101482e-05	73.507	110.136
3.106529e-05	73.6074	110.218
3.111585e-05	73.7079	110.3
3.116648e-05	73.8085	110.382
3.121720e-05	73.9091	110.464
3.126800e-05	74.0098	110.545
3.131888e-05	74.1105	110.627
3.136985e-05	74.2113	110.709
3.142089e-05	74.3122	110.791
3.147203e-05	74.4131	110.873
3.152324e-05	74.514	110.955
3.157454e-05	74.6151	111.038
3.162592e-05	74.7161	111.12
3.167738e-05	74.8173	111.202
3.172893e-05	74.9184	111.284
3.178057e-05	75.0197	111.366
3.183228e-05	75.121	111.449
3.188408e-05	75.2223	111.531
3.193597e-05	75.3238	111.613
3.198794e-05	75.4252	111.696
3.203999e-05	75.5268	111.778
3.209213e-05	75.6283	111.861
3.214435e-05	75.73	111.943
3.219666e-05	75.8317	112.026
3.224906e-05	75.9334	112.108
3.230154e-05	76.0352	112.191
3.235410e-05	76.1371	112.274
3.240675e-05	76.239	112.356
3.245948e-05	76.341	112.439
3.251231e-05	76.443	112.522
3.256521e-05	76.5451	112.605
3.261821e-05	76.6473	112.688
3.267129e-05	76.7495	112.771
3.272445e-05	76.8517	112.853
3.277771e-05	76.9541	112.936
3.283104e-05	77.0564	113.019
3.288447e-05	77.1589	113.102
3.293798e-05	77.2613	113.186
3.299158e-05	77.3639	113.269
3.304527e-05	77.4665	113.352
3.309905e-05	77.5691	113.435
3.315291e-05	77.6719	113.518
3.320686e-05	77.7746	113.602
3.326089e-05	77.8775	113.685
3.331502e-05	77.9803	113.768
3.336923e-05	78.0833	113.852
3.342354e-05	78.1863	113.935
3.347793e-05	78.2893	114.018
3.353240e-05	78.3924	114.102
3.358697e-05	78.4956	114.186
3.364163e-05	78.5988	114.269
3.369637e-05	78.7021	114.353
3.375121e-05	78.8055	114.436
3.380613e-05	78.9088	114.52
3.386114e-05	79.0123	114.604
3.391625e-05	79.1158	114.688
3.397144e-05	79.2194	114.772
3.402672e-05	79.323	114.855
3.408209e-05	79.4267	114.939
3.413755e-05	79.5304	115.023
3.419311e-05	79.6342	115.107
3.424875e-05	79.738	115.191
3.430448e-05	79.8419	115.275
3.436030e-05	79.9459	115.359
3.441622e-05	80.0499	115.444
3.447222e-05	80.154	115.528
3.452832e-05	80.2581	115.612
3.458451e-05	80.3623	115.696
3.464079e-05	80.4666	115.781
3.469716e-05	80.5709	115.865
3.475362e-05	80.6752	115.949
3.481018e-05	80.7796	116.034
3.486682e-05	80.8841	116.118
3.492356e-05	80.9886	116.203
3.498039e-05	81.0932	116.288
3.503732e-05	81.1979	116.372
3.509433e-05	81.3026	116.457
3.515144e-05	81.4073	116.542
3.520864e-05	81.5121	116.626
3.526594e-05	81.617	116.711
3.532333e-05	81.7219	116.796
3.538081e-05	81.8269	116.881
3.543839e-05	81.932	116.966
3.549605e-05	82.0371	117.051
3.555382e-05	82.1422	117.136
3.561167e-05	82.2474	117.221
3.566962e-05	82.3527	117.306
3.572767e-05	82.458	117.391
3.578581e-05	82.5634	117.476
3.584404e-05	82.6689	117.561
3.590237e-05	82.7744	117.647
3.596080e-05	82.8799	117.732
3.601932e-05	82.9856	117.817
3.607793e-05	83.0912	117.903
3.613664e-05	83.197	117.988
3.619545e-05	83.3027	118.074
3.625435e-05	83.4086	118.159
3.631334e-05	83.5145	118.245
3.637244e-05	83.6205	118.331
3.643162e-05	83.7265	118.416
3.649091e-05	83.8326	118.502
3.655029e-05	83.9387	118.588
3.660977e-05	84.0449	118.674
3.666934e-05	84.1511	118.759
3.672902e-05	84.2574	118.845
3.678879e-05	84.3638	118.931
3.684865e-05	84.4702	119.017
3.690862e-05	84.5767	119.103
3.696868e-05	84.6832	119.19
3.702884e-05	84.7898	119.276
3.708909e-05	84.8965	119.362
3.714945e-05	85.0032	119.448
3.720990e-05	85.1099	119.534
3.727045e-05	85.2168	119.621
3.733110e-05	85.3237	119.707
3.739185e-05	85.4306	119.794
3.745270e-05	85.5376	119.88
3.751365e-05	85.6447	119.967
3.757469e-05	85.7518	120.053
3.763584e-05	85.8589	120.14
3.769708e-05	85.9662	120.226
3.775843e-05	86.0735	120.313
3.781987e-05	86.1808	120.4
3.788142e-05	86.2882	120.487
3.794306e-05	86.3957	120.574
3.800481e-05	86.5032	120.661
3.806665e-05	86.6108	120.747
3.812860e-05	86.7184	120.835
3.819065e-05	86.8261	120.922
3.825279e-05	86.9339	121.009
3.831504e-05	87.0417	121.096
3.837739e-05	87.1495	121.183
3.843984e-05	87.2575	121.27
3.850240e-05	87.3655	121.358
3.856505e-05	87.4735	121.445
3.862781e-05	87.5816	121.532
3.869067e-05	87.6898	121.62
3.875363e-05	87.798	121.707
3.881669e-05	87.9063	121.795
3.887986e-05	88.0146	121.882
3.894313e-05	88.123	121.97
3.900650e-05	88.2315	122.058
3.906998e-05	88.34	122.146
3.913355e-05	88.4486	122.233
3.919724e-05	88.5572	122.321
3.926102e-05	88.6659	122.409
3.932491e-05	88.7746	122.497
3.938891e-05	88.8834	122.585
3.945300e-05	88.9923	122.673
3.951721e-05	89.1012	122.761
3.958151e-05	89.2102	122.85
3.964592e-05	89.3193	122.938
3.971044e-05	89.4284	123.026
3.977506e-05	89.5375	123.114
3.983979e-05	89.6468	123.203
3.990462e-05	89.756	123.291
3.996955e-05	89.8654	123.38
4.003460e-05	89.9748	123.468
4.009974e-05	90.0842	123.557
4.016500e-05	90.1938	123.645
4.023036e-05	90.3033	123.734
4.029583e-05	90.413	123.823
4.036140e-05	90.5227	123.912
4.042708e-05	90.6324	124
4.049287e-05	90.7422	124.089
4.055876e-05	90.8521	124.178
4.062476e-05	90.9621	124.267
4.069087e-05	91.072	124.356
4.075709e-05	91.1821	124.446
4.082341e-05	91.2922	124.535
4.088984e-05	91.4024	124.624
4.095638e-05	91.5126	124.713
4.102303e-05	91.6229	124.803
4.108979e-05	91.7333	124.892
4.115665e-05	91.8437	124.981
4.122363e-05	91.9542	125.071
4.129071e-05	92.0647	125.16
4.135790e-05	92.1753	125.25
4.142521e-05	92.2859	125.34
4.149262e-05	92.3966	125.429
4.156014e-05	92.5074	125.519
4.162777e-05	92.6183	125.609
4.169551e-05	92.7291	125.699
4.176336e-05	92.8401	125.789
4.183132e-05	92.9511	125.879
4.189940e-05	93.0622	125.969
4.196758e-05	93.1733	126.059
4.203587e-05	93.2845	126.149
4.210428e-05	93.3958	126.239
4.217279e-05	93.5071	126.33
4.224142e-05	93.6185	126.42
4.231016e-05	93.7299	126.51
4.237901e-05	93.8414	126.601
4.244798e-05	93.953	126.691
4.251705e-05	94.0646	126.782
4.258624e-05	94.1763	126.872
4.265554e-05	94.288	126.963
4.272495e-05	94.3998	127.054
4.279448e-05	94.5117	127.145
4.286412e-05	94.6236	127.236
4.293387e-05	94.7356	127.326
4.300374e-05	94.8476	127.417
4.307372e-05	94.9597	127.508
4.314381e-05	95.0719	127.599
4.321402e-05	95.1841	127.691
4.328434e-05	95.2964	127.782
4.335478e-05	95.4088	127.873
4.342533e-05	95.5212	127.964
4.349600e-05	95.6337	128.056
4.356678e-05	95.7462	128.147
4.363767e-05	95.8588	128.239
4.370869e-05	95.9715	128.33
4.377981e-05	96.0842	128.422
4.385106e-05	96.197	128.513
4.392242e-05	96.3098	128.605
4.399389e-05	96.4227	128.697
4.406548e-05	96.5357	128.789
4.413719e-05	96.6487	128.881
4.420901e-05	96.7618	128.973
4.428096e-05	96.875	129.065
4.435301e-05	96.9882	129.157
4.442519e-05	97.1015	129.249
4.449748e-05	97.2148	129.341
4.456989e-05	97.3282	129.433
4.464242e-05	97.4417	129.526
4.471507e-05	97.5552	129.618
4.478783e-05	97.6688	129.71
4.486072e-05	97.7825	129.803
4.493372e-05	97.8962	129.895
4.500684e-05	98.01	129.988
4.508008e-05	98.1238	130.081
4.515344e-05	98.2377	130.174
4.522692e-05	98.3517	130.266
4.530051e-05	98.4657	130.359
4.537423e-05	98.5798	130.452
4.544807e-05	98.6939	130.545
4.552203e-05	98.8082	130.638
4.559611e-05	98.9224	130.731
4.567030e-05	99.0368	130.824
4.574462e-05	99.1512	130.918
4.581906e-05	99.2656	131.011
4.589363e-05	99.3802	131.104
4.596831e-05	99.4948	131.198
4.604311e-05	99.6094	131.291
4.611804e-05	99.7242	131.385
4.619309e-05	99.8389	131.478
4.626826e-05	99.9538	131.572
4.634355e-05	100.069	131.666
4.641896e-05	100.184	131.76
4.649450e-05	100.299	131.853
4.657016e-05	100.414	131.947
4.664595e-05	100.529	132.041
4.672185e-05	100.644	132.135
4.679788e-05	100.759	132.23
4.687404e-05	100.875	132.324
4.695032e-05	100.99	132.418
4.702672e-05	101.106	132.512
4.710324e-05	101.221	132.607
4.717990e-05	101.337	132.701
4.725667e-05	101.453	132.796
4.733357e-05	101.568	132.89
4.741060e-05	101.684	132.985
4.748775e-05	101.8	133.079
4.756503e-05	101.916	133.174
4.764243e-05	102.032	133.269
4.771996e-05	102.148	133.364
4.779761e-05	102.264	133.459
4.787539e-05	102.38	133.554
4.795330e-05	102.497	133.649
4.803134e-05	102.613	133.744
4.810950e-05	102.729	133.839
4.818779e-05	102.846	133.935
4.826620e-05	102.962	134.03
4.834475e-05	103.079	134.125
4.842342e-05	103.195	134.221
4.850222e-05	103.312	134.316
4.858115e-05	103.429	134.412
4.866020e-05	103.546	134.508
4.873939e-05	103.663	134.603
4.881870e-05	103.78	134.699
4.889814e-05	103.897	134.795
4.897771e-05	104.014	134.891
4.905742e-05	104.131	134.987
4.913725e-05	104.248	135.083
4.921721e-05	104.366	135.179
4.929730e-05	104.483	135.276
4.937752e-05	104.6	135.372
4.945787e-05	104.718	135.468
4.953836e-05	104.835	135.565
4.961897e-05	104.953	135.661
4.969972e-05	105.071	135.758
4.978059e-05	105.188	135.854
4.986160e-05	105.306	135.951
4.994274e-05	105.424	136.048
5.002401e-05	105.542	136.145
5.010542e-05	105.66	136.241
5.018695e-05	105.778	136.338
5.026862e-05	105.896	136.435
5.035042e-05	106.015	136.533
5.043236e-05	106.133	136.63
5.051443e-05	106.251	136.727
5.059663e-05	106.37	136.824
5.067897e-05	106.488	136.922
5.076144e-05	106.607	137.019
5.084404e-05	106.725	137.117
5.092678e-05	106.844	137.214
5.100965e-05	106.963	137.312
5.109266e-05	107.082	137.41
5.117580e-05	107.201	137.507
5.125908e-05	107.32	137.605
5.134250e-05	107.439	137.703
5.142605e-05	107.558	137.801
5.150973e-05	107.677	137.899
5.159355e-05	107.796	137.997
5.167751e-05	107.915	138.096
5.176161e-05	108.035	138.194
5.184584e-05	108.154	138.292
5.193021e-05	108.274	138.391
5.201471e-05	108.393	138.489
5.209936e-05	108.513	138.588
5.218414e-05	108.633	138.686
5.226906e-05	108.752	138.785
5.235411e-05	108.872	138.884
5.243931e-05	108.992	138.983
5.252464e-05	109.112	139.082
5.261012e-05	109.232	139.181
5.269573e-05	109.352	139.28
5.278148e-05	109.472	139.379
5.286737e-05	109.593	139.478
5.295341e-05	109.713	139.577
5.303958e-05	109.833	139.677
5.312589e-05	109.954	139.776
5.321234e-05	110.074	139.876
5.329893e-05	110.195	139.975
5.338567e-05	110.316	140.075
5.347254e-05	110.436	140.175
5.355956e-05	110.557	140.275
5.364671e-05	110.678	140.374
5.373401e-05	110.799	140.474
5.382145e-05	110.92	140.574
5.390904e-05	111.041	140.675
5.399676e-05	111.162	140.775
5.408463e-05	111.283	140.875
5.417265e-05	111.405	140.975
5.426080e-05	111.526	141.076
5.434910e-05	111.648	141.176
5.443754e-05	111.769	141.277
5.452613e-05	111.891	141.377
5.461486e-05	112.012	141.478
5.470373e-05	112.134	141.579
5.479275e-05	112.256	141.68
5.488192e-05	112.378	141.78
5.497123e-05	112.499	141.881
5.506068e-05	112.621	141.982
5.515028e-05	112.744	142.084
5.524003e-05	112.866	142.185
5.532992e-05	112.988	142.286
5.541996e-05	113.11	142.387
5.551014e-05	113.232	142.489
5.560048e-05	113.355	142.59
5.569095e-05	113.477	142.692
5.578158e-05	113.6	142.794
5.587235e-05	113.723	142.895
5.596327e-05	113.845	142.997
5.605434e-05	113.968	143.099
5.614556e-05	114.091	143.201
5.623693e-05	114.214	143.303
5.632844e-05	114.337	143.405
5.642010e-05	114.46	143.508
5.651192e-05	114.583	143.61
5.660388e-05	114.706	143.712
5.669599e-05	114.829	143.815
5.678825e-05	114.953	143.917
5.688066e-05	115.076	144.02
5.697323e-05	115.2	144.122
5.706594e-05	115.323	144.225
5.715880e-05	115.447	144.328
5.725182e-05	115.57	144.431
5.734498e-05	115.694	144.534
5.743830e-05	115.818	144.637
5.753177e-05	115.942	144.74
5.762539e-05	116.066	144.843
5.771917e-05	116.19	144.946
5.781309e-05	116.314	145.05
5.790717e-05	116.438	145.153
5.800140e-05	116.563	145.257
5.809579e-05	116.687	145.36
5.819033e-05	116.811	145.464
5.828502e-05	116.936	145.568
5.837987e-05	117.06	145.672
5.847487e-05	117.185	145.776
5.857003e-05	117.31	145.88
5.866534e-05	117.435	145.984
5.876080e-05	117.559	146.088
5.885643e-05	117.684	146.192
5.895220e-05	117.809	146.296
5.904814e-05	117.934	146.401
5.914423e-05	118.06	146.505
5.924047e-05	118.185	146.61
5.933687e-05	118.31	146.714
5.943343e-05	118.436	146.819
5.953015e-05	118.561	146.924
5.962702e-05	118.686	147.029
5.972405e-05	118.812	147.134
5.982124e-05	118.938	147.239
5.991859e-05	119.063	147.344
6.001609e-05	119.189	147.449
6.011376e-05	119.315	147.554
6.021158e-05	119.441	147.66
6.030956e-05	119.567	147.765
6.040771e-05	119.693	147.871
6.050601e-05	119.82	147.976
6.060447e-05	119.946	148.082
6.070309e-05	120.072	148.188
6.080187e-05	120.199	148.294
6.090082e-05	120.325	148.4
6.099992e-05	120.452	148.506
6.109919e-05	120.578	148.612
6.119861e-05	120.705	148.718
6.129820e-05	120.832	148.824
6.139795e-05	120.959	148.931
6.149786e-05	121.086	149.037
6.159794e-05	121.213	149.143
6.169818e-05	121.34	149.25
6.179858e-05	121.467	149.357
6.189915e-05	121.594	149.463
6.199987e-05	121.721	149.57
6.210077e-05	121.849	149.677
6.220182e-05	121.976	149.784
6.230304e-05	122.104	149.891
6.240443e-05	122.231	149.999
6.250598e-05	122.359	150.106
6.260770e-05	122.487	150.213
6.270958e-05	122.615	150.321
6.281163e-05	122.743	150.428
6.291384e-05	122.871	150.536
6.301622e-05	122.999	150.643
6.311877e-05	123.127	150.751
6.322148e-05	123.255	150.859
6.332436e-05	123.383	150.967
6.342741e-05	123.512	151.075
6.353062e-05	123.64	151.183
6.363401e-05	123.769	151.291
6.373756e-05	123.898	151.399
6.384128e-05	124.026	151.508
6.394517e-05	124.155	151.616
6.404923e-05	124.284	151.725
6.415345e-05	124.413	151.833
6.425785e-05	124.542	151.942
6.436242e-05	124.671	152.051
6.446715e-05	124.8	152.16
6.457206e-05	124.929	152.269
6.467714e-05	125.059	152.378
6.478239e-05	125.188	152.487
6.488781e-05	125.318	152.596
6.499340e-05	125.447	152.705
6.509916e-05	125.577	152.815
6.520510e-05	125.706	152.924
6.531121e-05	125.836	153.034
6.541749e-05	125.966	153.144
6.552394e-05	126.096	153.253
6.563057e-05	126.226	153.363
6.573737e-05	126.356	153.473
6.584435e-05	126.486	153.583
6.595150e-05	126.617	153.693
6.605882e-05	126.747	153.803
6.616632e-05	126.877	153.913
6.627399e-05	127.008	154.024
6.638184e-05	127.138	154.134
6.648986e-05	127.269	154.245
6.659806e-05	127.4	154.355
6.670643e-05	127.531	154.466
6.681499e-05	127.662	154.577
6.692371e-05	127.793	154.688
6.703262e-05	127.924	154.799
6.714170e-05	128.055	154.91
6.725096e-05	128.186	155.021
6.736040e-05	128.317	155.132
6.747001e-05	128.449	155.243
6.757981e-05	128.58	155.355
6.768978e-05	128.712	155.466
6.779993e-05	128.843	155.578
6.791026e-05	128.975	155.69
6.802077e-05	129.107	155.801
6.813146e-05	129.239	155.913
6.824233e-05	129.371	156.025
6.835339e-05	129.503	156.137
6.846462e-05	129.635	156.249
6.857603e-05	129.767	156.362
6.868762e-05	129.899	156.474
6.879940e-05	130.032	156.586
6.891136e-05	130.164	156.699
6.902350e-05	130.296	156.811
6.913582e-05	130.429	156.924
6.924832e-05	130.562	157.037
6.936101e-05	130.694	157.149
6.947388e-05	130.827	157.262
6.958694e-05	130.96	157.375
6.970018e-05	131.093	157.489
6.981360e-05	131.226	157.602
6.992721e-05	131.359	157.715
7.004100e-05	131.493	157.828
7.015498e-05	131.626	157.942
7.026914e-05	131.759	158.056
7.038349e-05	131.893	158.169
7.049802e-05	132.027	158.283
7.061275e-05	132.16	158.397
7.072765e-05	132.294	158.511
7.084275e-05	132.428	158.625
7.095803e-05	132.562	158.739
7.107350e-05	132.696	158.853
7.118916e-05	132.83	158.967
7.130501e-05	132.964	159.082
7.142104e-05	133.098	159.196
7.153727e-05	133.233	159.311
7.165368e-05	133.367	159.426
7.177028e-05	133.501	159.54
7.188707e-05	133.636	159.655
7.200405e-05	133.771	159.77
7.212123e-05	133.905	159.885
7.223859e-05	134.04	160
7.235614e-05	134.175	160.116
7.247389e-05	134.31	160.231
7.259183e-05	134.445	160.346
7.270995e-05	134.58	160.462
7.282828e-05	134.716	160.577
7.294679e-05	134.851	160.693
7.306550e-05	134.986	160.809
7.318439e-05	135.122	160.925
7.330349e-05	135.257	161.041
7.342277e-05	135.393	161.157
7.354226e-05	135.529	161.273
7.366193e-05	135.665	161.389
7.378180e-05	135.801	161.506
7.390187e-05	135.937	161.622
7.402213e-05	136.073	161.739
7.414258e-05	136.209	161.855
7.426324e-05	136.345	161.972
7.438408e-05	136.482	162.089
7.450513e-05	136.618	162.206
7.462637e-05	136.755	162.323
7.474781e-05	136.891	162.44
7.486945e-05	137.028	162.557
7.499128e-05	137.165	162.675
7.511332e-05	137.302	162.792
7.523555e-05	137.439	162.91
7.535798e-05	137.576	163.027
7.548061e-05	137.713	163.145
7.560344e-05	137.85	163.263
7.572647e-05	137.987	163.381
7.584970e-05	138.125	163.499
7.597313e-05	138.262	163.617
7.609676e-05	138.4	163.735
7.622059e-05	138.537	163.853
7.634463e-05	138.675	163.972
7.646886e-05	138.813	164.09
7.659330e-05	138.951	164.209
7.671794e-05	139.089	164.327
7.684279e-05	139.227	164.446
7.696783e-05	139.365	164.565
7.709308e-05	139.503	164.684
7.721854e-05	139.642	164.803
7.734419e-05	139.78	164.922
7.747006e-05	139.919	165.041
7.759612e-05	140.057	165.161
7.772239e-05	140.196	165.28
7.784887e-05	140.335	165.4
7.797556e-05	140.474	165.519
7.810245e-05	140.613	165.639
7.822954e-05	140.752	165.759
7.835685e-05	140.891	165.879
7.848436e-05	141.03	165.999
7.861207e-05	141.169	166.119
7.874000e-05	141.309	166.239
7.886813e-05	141.448	166.36
7.899647e-05	141.588	166.48
7.912503e-05	141.727	166.601
7.925379e-05	141.867	166.721
7.938276e-05	142.007	166.842
7.951194e-05	142.147	166.963
7.964133e-05	142.287	167.084
7.977093e-05	142.427	167.205
7.990074e-05	142.567	167.326
8.003076e-05	142.708	167.447
8.016099e-05	142.848	167.569
8.029144e-05	142.989	167.69
8.042210e-05	143.129	167.812
8.055297e-05	143.27	167.933
8.068405e-05	143.411	168.055
8.081535e-05	143.551	168.177
8.094686e-05	143.692	168.299
8.107859e-05	143.833	168.421
8.121053e-05	143.975	168.543
8.134268e-05	144.116	168.665
8.147505e-05	144.257	168.788
8.160763e-05	144.398	168.91
8.174043e-05	144.54	169.033
8.187345e-05	144.681	169.155
8.200668e-05	144.823	169.278
8.214013e-05	144.965	169.401
8.227380e-05	145.107	169.524
8.240768e-05	145.249	169.647
8.254179e-05	145.391	169.77
8.267611e-05	145.533	169.893
8.281065e-05	145.675	170.017
8.294540e-05	145.817	170.14
8.308038e-05	145.96	170.264
8.321558e-05	146.102	170.387
8.335099e-05	146.245	170.511
8.348663e-05	146.387	170.635
8.362249e-05	146.53	170.759
8.375857e-05	146.673	170.883
8.389487e-05	146.816	171.007
8.403139e-05	146.959	171.132
8.416814e-05	147.102	171.256
8.430510e-05	147.245	171.38
8.444229e-05	147.389	171.505
8.457971e-05	147.532	171.63
8.471734e-05	147.676	171.755
8.485520e-05	147.819	171.88
8.499329e-05	147.963	172.005
8.513160e-05	148.107	172.13
8.527013e-05	148.251	172.255
8.540889e-05	148.395	172.38
8.554788e-05	148.539	172.506
8.568709e-05	148.683	172.631
8.582653e-05	148.827	172.757
8.596619e-05	148.971	172.883
8.610609e-05	149.116	173.008
8.624621e-05	149.26	173.134
8.638656e-05	149.405	173.261
8.652713e-05	149.55	173.387
8.666794e-05	149.695	173.513
8.680897e-05	149.84	173.639
8.695024e-05	149.985	173.766
8.709173e-05	150.13	173.892
8.723346e-05	150.275	174.019
8.737541e-05	150.42	174.146
8.751760e-05	150.566	174.273
8.766002e-05	150.711	174.4
8.780267e-05	150.857	174.527
8.794555e-05	151.002	174.654
8.808866e-05	151.148	174.782
8.823201e-05	151.294	174.909
8.837559e-05	151.44	175.037
8.851940e-05	151.586	175.164
8.866345e-05	151.732	175.292
8.880773e-05	151.878	175.42
8.895225e-05	152.025	175.548
8.909700e-05	152.171	175.676
8.924199e-05	152.318	175.804
8.938721e-05	152.464	175.932
8.953267e-05	152.611	176.061
8.967837e-05	152.758	176.189
8.982430e-05	152.905	176.318
8.997047e-05	153.052	176.447
9.011688e-05	153.199	176.576
9.026353e-05	153.346	176.704
9.041042e-05	153.494	176.834
9.055754e-05	153.641	176.963
9.070491e-05	153.788	177.092
9.085251e-05	153.936	177.221
9.100035e-05	154.084	177.351
9.114844e-05	154.232	177.48
9.129677e-05	154.38	177.61
9.144533e-05	154.528	177.74
9.159414e-05	154.676	177.87
9.174319e-05	154.824	178
9.189249e-05	154.972	178.13
9.204202e-05	155.12	178.26
9.219180e-05	155.269	178.391
9.234183e-05	155.418	178.521
9.249210e-05	155.566	178.652
9.264261e-05	155.715	178.782
9.279337e-05	155.864	178.913
9.294437e-05	156.013	179.044
9.309562e-05	156.162	179.175
9.324711e-05	156.311	179.306
9.339885e-05	156.46	179.438
9.355084e-05	156.61	179.569
9.370308e-05	156.759	179.7
9.385556e-05	156.909	179.832
9.400829e-05	157.059	179.964
9.416127e-05	157.208	180.095
9.431450e-05	157.358	180.227
9.446798e-05	157.508	180.359
9.462171e-05	157.658	180.491
9.477568e-05	157.809	180.624
9.492991e-05	157.959	180.756
9.508439e-05	158.109	180.888
9.523912e-05	158.26	181.021
9.539411e-05	158.41	181.154
9.554934e-05	158.561	181.287
9.570483e-05	158.712	181.419
9.586057e-05	158.863	181.552
9.601656e-05	159.014	181.686
9.617281e-05	159.165	181.819
9.632931e-05	159.316	181.952
9.648607e-05	159.467	182.086
9.664308e-05	159.619	182.219
9.680035e-05	159.77	182.353
9.695787e-05	159.922	182.487
9.711565e-05	160.073	182.621
9.727369e-05	160.225	182.755
9.743198e-05	160.377	182.889
9.759053e-05	160.529	183.023
9.774934e-05	160.681	183.158
9.790841e-05	160.833	183.292
9.806774e-05	160.986	183.427
9.822732e-05	161.138	183.561
9.838717e-05	161.291	183.696
9.854727e-05	161.443	183.831
9.870764e-05	161.596	183.966
9.886827e-05	161.749	184.101
9.902916e-05	161.902	184.237
9.919031e-05	162.055	184.372
9.935172e-05	162.208	184.508
9.951339e-05	162.361	184.643
9.967533e-05	162.514	184.779
9.983753e-05	162.668	184.915
1.000000e-04	162.821	185.051
