Wavelength(m)	n	k
# material: BaTiO3
# source: lab MATLAB library, wavnk_BTO_Intrinsic_260223.mat
# ray: ordinary
# note: uniaxial crystal; pair with the matching -o / -e table to build a (nx, ny, nz) ucell
# type: tabulated nk
# range: 1.9300e-07 - 3.9884e-05 m
# converted: 2026-07-31 by tools/convert_matlab_optprop.py
1.930000e-07	1.66146	0.799357
1.940000e-07	1.66606	0.814264
1.950000e-07	1.67085	0.82847
1.960000e-07	1.67577	0.841999
1.970000e-07	1.68072	0.854879
1.980000e-07	1.68566	0.867144
1.990000e-07	1.69051	0.878834
2.000000e-07	1.69521	0.889989
2.010000e-07	1.6997	0.900656
2.020000e-07	1.70393	0.910884
2.030000e-07	1.70785	0.920728
2.040000e-07	1.71139	0.930243
2.050000e-07	1.71453	0.939491
2.060000e-07	1.7172	0.94854
2.070000e-07	1.71935	0.957461
2.080000e-07	1.72096	0.966336
2.090000e-07	1.72196	0.975255
2.100000e-07	1.72232	0.98432
2.110000e-07	1.722	0.993649
2.120000e-07	1.72097	1.00338
2.130000e-07	1.71921	1.01366
2.140000e-07	1.71673	1.02468
2.150000e-07	1.71357	1.03664
2.160000e-07	1.70978	1.04975
2.170000e-07	1.70549	1.06426
2.180000e-07	1.70089	1.08038
2.190000e-07	1.69623	1.09834
2.200000e-07	1.69184	1.11829
2.210000e-07	1.68808	1.14035
2.220000e-07	1.6854	1.16453
2.230000e-07	1.68423	1.19073
2.240000e-07	1.685	1.21875
2.250000e-07	1.68808	1.24828
2.260000e-07	1.69376	1.27889
2.270000e-07	1.70219	1.31015
2.280000e-07	1.71344	1.34157
2.290000e-07	1.72741	1.3727
2.300000e-07	1.74394	1.40315
2.310000e-07	1.76277	1.43261
2.320000e-07	1.78362	1.46087
2.330000e-07	1.80619	1.48782
2.340000e-07	1.83022	1.51343
2.350000e-07	1.85549	1.53773
2.360000e-07	1.88183	1.5608
2.370000e-07	1.90916	1.58274
2.380000e-07	1.93744	1.60362
2.390000e-07	1.9667	1.62351
2.400000e-07	1.99697	1.64241
2.410000e-07	2.02833	1.6603
2.420000e-07	2.06081	1.67708
2.430000e-07	2.09447	1.69264
2.440000e-07	2.1293	1.70682
2.450000e-07	2.16526	1.71946
2.460000e-07	2.20226	1.73039
2.470000e-07	2.24017	1.73944
2.480000e-07	2.27885	1.74648
2.490000e-07	2.31808	1.75138
2.500000e-07	2.35767	1.75408
2.510000e-07	2.39738	1.75453
2.520000e-07	2.43698	1.75272
2.530000e-07	2.47626	1.74868
2.540000e-07	2.51498	1.74247
2.550000e-07	2.55295	1.73419
2.560000e-07	2.58999	1.72396
2.570000e-07	2.62593	1.7119
2.580000e-07	2.66064	1.69816
2.590000e-07	2.694	1.68292
2.600000e-07	2.72592	1.66633
2.610000e-07	2.75633	1.64858
2.620000e-07	2.78518	1.62983
2.630000e-07	2.81246	1.61026
2.640000e-07	2.83815	1.59003
2.650000e-07	2.86227	1.56931
2.660000e-07	2.88485	1.54825
2.670000e-07	2.90594	1.52699
2.680000e-07	2.92559	1.50567
2.690000e-07	2.94388	1.4844
2.700000e-07	2.96087	1.46329
2.710000e-07	2.97667	1.44244
2.720000e-07	2.99136	1.42193
2.730000e-07	3.00504	1.40182
2.740000e-07	3.01782	1.38217
2.750000e-07	3.02978	1.36302
2.760000e-07	3.04104	1.34441
2.770000e-07	3.05168	1.32634
2.780000e-07	3.06182	1.30883
2.790000e-07	3.07154	1.29187
2.800000e-07	3.08093	1.27544
2.810000e-07	3.09007	1.25951
2.820000e-07	3.09904	1.24407
2.830000e-07	3.1079	1.22907
2.840000e-07	3.11672	1.21446
2.850000e-07	3.12554	1.2002
2.860000e-07	3.13442	1.18624
2.870000e-07	3.1434	1.17252
2.880000e-07	3.15249	1.15898
2.890000e-07	3.16173	1.14556
2.900000e-07	3.17112	1.13221
2.910000e-07	3.18068	1.11888
2.920000e-07	3.19041	1.1055
2.930000e-07	3.20029	1.09202
2.940000e-07	3.21032	1.07839
2.950000e-07	3.22049	1.06456
2.960000e-07	3.23076	1.0505
2.970000e-07	3.24112	1.03615
2.980000e-07	3.25153	1.02148
2.990000e-07	3.26196	1.00646
3.000000e-07	3.27238	0.991051
3.010000e-07	3.28274	0.975241
3.020000e-07	3.29302	0.959005
3.030000e-07	3.30316	0.942326
3.040000e-07	3.31312	0.925194
3.050000e-07	3.32287	0.907599
3.060000e-07	3.33236	0.88954
3.070000e-07	3.34155	0.871016
3.080000e-07	3.35039	0.852031
3.090000e-07	3.35885	0.832595
3.100000e-07	3.36687	0.812718
3.110000e-07	3.37443	0.792415
3.120000e-07	3.38148	0.771705
3.130000e-07	3.38799	0.750609
3.140000e-07	3.39392	0.729151
3.150000e-07	3.39925	0.707359
3.160000e-07	3.40393	0.685261
3.170000e-07	3.40793	0.662891
3.180000e-07	3.41125	0.640281
3.190000e-07	3.41384	0.617468
3.200000e-07	3.41568	0.594489
3.210000e-07	3.41677	0.571386
3.220000e-07	3.41708	0.548197
3.230000e-07	3.4166	0.524966
3.240000e-07	3.41532	0.501737
3.250000e-07	3.41323	0.478552
3.260000e-07	3.41032	0.455456
3.270000e-07	3.40661	0.432496
3.280000e-07	3.40208	0.409716
3.290000e-07	3.39674	0.387163
3.300000e-07	3.3906	0.364881
3.310000e-07	3.38367	0.342916
3.320000e-07	3.37597	0.321314
3.330000e-07	3.3675	0.300117
3.340000e-07	3.3583	0.279369
3.350000e-07	3.34837	0.259113
3.360000e-07	3.33776	0.239391
3.370000e-07	3.32647	0.220241
3.380000e-07	3.31455	0.201703
3.390000e-07	3.30203	0.183814
3.400000e-07	3.28894	0.166608
3.410000e-07	3.27532	0.15012
3.420000e-07	3.26122	0.134381
3.430000e-07	3.24667	0.11942
3.440000e-07	3.23171	0.105265
3.450000e-07	3.21641	0.09194
3.460000e-07	3.2008	0.079469
3.470000e-07	3.18494	0.067871
3.480000e-07	3.16888	0.057164
3.490000e-07	3.15268	0.047363
3.500000e-07	3.1364	0.038481
3.510000e-07	3.1201	0.030527
3.520000e-07	3.10385	0.023508
3.530000e-07	3.08771	0.017429
3.540000e-07	3.07176	0.01229
3.550000e-07	3.05607	0.008091
3.560000e-07	3.04074	0.004825
3.570000e-07	3.02588	0.002486
3.580000e-07	3.01162	0.001063
3.590000e-07	2.99819	0.000541
3.600000e-07	2.986	0.000517
3.610000e-07	2.9747	0.000495
3.620000e-07	2.96404	0.000475
3.630000e-07	2.95393	0.000455
3.640000e-07	2.9443	0.000436
3.650000e-07	2.93507	0.000418
3.660000e-07	2.92622	0.0004
3.670000e-07	2.91771	0.000384
3.680000e-07	2.90951	0.000368
3.690000e-07	2.90159	0.000353
3.700000e-07	2.89393	0.000338
3.710000e-07	2.88653	0.000324
3.720000e-07	2.87935	0.000311
3.730000e-07	2.87238	0.000298
3.740000e-07	2.86562	0.000286
3.750000e-07	2.85906	0.000274
3.760000e-07	2.85267	0.000263
3.770000e-07	2.84645	0.000252
3.780000e-07	2.84039	0.000242
3.790000e-07	2.83449	0.000232
3.800000e-07	2.82874	0.000223
3.810000e-07	2.82313	0.000214
3.820000e-07	2.81765	0.000205
3.830000e-07	2.8123	0.000197
3.840000e-07	2.80707	0.000189
3.850000e-07	2.80196	0.000181
3.860000e-07	2.79697	0.000174
3.870000e-07	2.79208	0.000167
3.880000e-07	2.78729	0.00016
3.890000e-07	2.78261	0.000154
3.900000e-07	2.77802	0.000148
3.910000e-07	2.77353	0.000142
3.920000e-07	2.76913	0.000136
3.930000e-07	2.76481	0.000131
3.940000e-07	2.76058	0.000126
3.950000e-07	2.75643	0.000121
3.960000e-07	2.75236	0.000116
3.970000e-07	2.74836	0.000111
3.980000e-07	2.74444	0.000107
3.990000e-07	2.74059	0.000103
4.000000e-07	2.7368	9.9e-05
4.010000e-07	2.73309	9.5e-05
4.020000e-07	2.72944	9.1e-05
4.030000e-07	2.72585	8.8e-05
4.040000e-07	2.72232	8.4e-05
4.050000e-07	2.71886	8.1e-05
4.060000e-07	2.71545	7.8e-05
4.070000e-07	2.71209	7.5e-05
4.080000e-07	2.7088	7.2e-05
4.090000e-07	2.70555	6.9e-05
4.100000e-07	2.70236	6.7e-05
4.110000e-07	2.69922	6.4e-05
4.120000e-07	2.69612	6.2e-05
4.130000e-07	2.69308	5.9e-05
4.140000e-07	2.69008	5.7e-05
4.150000e-07	2.68712	5.5e-05
4.160000e-07	2.68422	5.3e-05
4.170000e-07	2.68135	5.1e-05
4.180000e-07	2.67853	4.9e-05
4.190000e-07	2.67575	4.7e-05
4.200000e-07	2.673	4.5e-05
4.210000e-07	2.6703	4.3e-05
4.220000e-07	2.66764	4.2e-05
4.230000e-07	2.66501	4e-05
4.240000e-07	2.66242	3.9e-05
4.250000e-07	2.65987	3.7e-05
4.260000e-07	2.65735	3.6e-05
4.270000e-07	2.65487	3.5e-05
4.280000e-07	2.65242	3.3e-05
4.290000e-07	2.65	3.2e-05
4.300000e-07	2.64762	3.1e-05
4.310000e-07	2.64526	3e-05
4.320000e-07	2.64294	2.9e-05
4.330000e-07	2.64065	2.8e-05
4.340000e-07	2.63838	2.7e-05
4.350000e-07	2.63615	2.6e-05
4.360000e-07	2.63394	2.5e-05
4.370000e-07	2.63177	2.4e-05
4.380000e-07	2.62961	2.3e-05
4.390000e-07	2.62749	2.2e-05
4.400000e-07	2.62539	2.1e-05
4.410000e-07	2.62332	2.1e-05
4.420000e-07	2.62127	2e-05
4.430000e-07	2.61925	1.9e-05
4.440000e-07	2.61726	1.8e-05
4.450000e-07	2.61528	1.8e-05
4.460000e-07	2.61333	1.7e-05
4.470000e-07	2.6114	1.7e-05
4.480000e-07	2.6095	1.6e-05
4.490000e-07	2.60762	1.5e-05
4.500000e-07	2.60576	1.5e-05
4.510000e-07	2.60392	1.4e-05
4.520000e-07	2.6021	1.4e-05
4.530000e-07	2.6003	1.3e-05
4.540000e-07	2.59852	1.3e-05
4.550000e-07	2.59676	1.2e-05
4.560000e-07	2.59503	1.2e-05
4.570000e-07	2.59331	1.2e-05
4.580000e-07	2.59161	1.1e-05
4.590000e-07	2.58992	1.1e-05
4.600000e-07	2.58826	1e-05
4.610000e-07	2.58662	1e-05
4.620000e-07	2.58499	1e-05
4.630000e-07	2.58338	9e-06
4.640000e-07	2.58178	9e-06
4.650000e-07	2.58021	9e-06
4.660000e-07	2.57865	9e-06
4.670000e-07	2.5771	8e-06
4.680000e-07	2.57557	8e-06
4.690000e-07	2.57406	8e-06
4.700000e-07	2.57256	7e-06
4.710000e-07	2.57108	7e-06
4.720000e-07	2.56962	7e-06
4.730000e-07	2.56817	7e-06
4.740000e-07	2.56673	6e-06
4.750000e-07	2.56531	6e-06
4.760000e-07	2.5639	6e-06
4.770000e-07	2.5625	6e-06
4.780000e-07	2.56112	6e-06
4.790000e-07	2.55976	5e-06
4.800000e-07	2.5584	5e-06
4.810000e-07	2.55706	5e-06
4.820000e-07	2.55573	5e-06
4.830000e-07	2.55442	5e-06
4.840000e-07	2.55311	5e-06
4.850000e-07	2.55182	5e-06
4.860000e-07	2.55055	4e-06
4.870000e-07	2.54928	4e-06
4.880000e-07	2.54802	4e-06
4.890000e-07	2.54678	4e-06
4.900000e-07	2.54555	4e-06
4.910000e-07	2.54433	4e-06
4.920000e-07	2.54312	4e-06
4.930000e-07	2.54192	3e-06
4.940000e-07	2.54074	3e-06
4.950000e-07	2.53956	3e-06
4.960000e-07	2.5384	3e-06
4.970000e-07	2.53724	3e-06
4.980000e-07	2.5361	3e-06
4.990000e-07	2.53496	3e-06
5.000000e-07	2.53384	3e-06
5.010000e-07	2.53272	3e-06
5.020000e-07	2.53162	3e-06
5.030000e-07	2.53052	3e-06
5.040000e-07	2.52944	2e-06
5.050000e-07	2.52836	2e-06
5.060000e-07	2.52729	2e-06
5.070000e-07	2.52624	2e-06
5.080000e-07	2.52519	2e-06
5.090000e-07	2.52415	2e-06
5.100000e-07	2.52312	2e-06
5.110000e-07	2.52209	2e-06
5.120000e-07	2.52108	2e-06
5.130000e-07	2.52008	2e-06
5.140000e-07	2.51908	2e-06
5.150000e-07	2.51809	2e-06
5.160000e-07	2.51711	2e-06
5.170000e-07	2.51614	2e-06
5.180000e-07	2.51517	2e-06
5.190000e-07	2.51422	2e-06
5.200000e-07	2.51327	2e-06
5.210000e-07	2.51233	1e-06
5.220000e-07	2.51139	1e-06
5.230000e-07	2.51047	1e-06
5.240000e-07	2.50955	1e-06
5.250000e-07	2.50864	1e-06
5.260000e-07	2.50773	1e-06
5.270000e-07	2.50684	1e-06
5.280000e-07	2.50595	1e-06
5.290000e-07	2.50506	1e-06
5.300000e-07	2.50419	1e-06
5.310000e-07	2.50332	1e-06
5.320000e-07	2.50246	1e-06
5.330000e-07	2.5016	1e-06
5.340000e-07	2.50075	1e-06
5.350000e-07	2.49991	1e-06
5.360000e-07	2.49907	1e-06
5.370000e-07	2.49824	1e-06
5.380000e-07	2.49742	1e-06
5.390000e-07	2.4966	1e-06
5.400000e-07	2.49579	1e-06
5.410000e-07	2.49499	1e-06
5.420000e-07	2.49419	1e-06
5.430000e-07	2.4934	1e-06
5.440000e-07	2.49261	1e-06
5.450000e-07	2.49183	1e-06
5.460000e-07	2.49105	1e-06
5.470000e-07	2.49028	1e-06
5.480000e-07	2.48952	1e-06
5.490000e-07	2.48876	1e-06
5.500000e-07	2.48801	1e-06
5.510000e-07	2.48726	1e-06
5.520000e-07	2.48652	1e-06
5.530000e-07	2.48578	1e-06
5.540000e-07	2.48505	1e-06
5.550000e-07	2.48432	1e-06
5.560000e-07	2.4836	1e-06
5.570000e-07	2.48289	1e-06
5.580000e-07	2.48217	1e-06
5.590000e-07	2.48147	0
5.600000e-07	2.48077	0
5.610000e-07	2.48007	0
5.620000e-07	2.47938	0
5.630000e-07	2.47869	0
5.640000e-07	2.47801	0
5.650000e-07	2.47734	0
5.660000e-07	2.47666	0
5.670000e-07	2.476	0
5.680000e-07	2.47533	0
5.690000e-07	2.47467	0
5.700000e-07	2.47402	0
5.710000e-07	2.47337	0
5.720000e-07	2.47272	0
5.730000e-07	2.47208	0
5.740000e-07	2.47145	0
5.750000e-07	2.47081	0
5.760000e-07	2.47019	0
5.770000e-07	2.46956	0
5.780000e-07	2.46894	0
5.790000e-07	2.46833	0
5.800000e-07	2.46772	0
5.810000e-07	2.46711	0
5.820000e-07	2.4665	0
5.830000e-07	2.4659	0
5.840000e-07	2.46531	0
5.850000e-07	2.46472	0
5.860000e-07	2.46413	0
5.870000e-07	2.46354	0
5.880000e-07	2.46296	0
5.890000e-07	2.46239	0
5.900000e-07	2.46181	0
5.910000e-07	2.46124	0
5.920000e-07	2.46068	0
5.930000e-07	2.46012	0
5.940000e-07	2.45956	0
5.950000e-07	2.459	0
5.960000e-07	2.45845	0
5.970000e-07	2.4579	0
5.980000e-07	2.45736	0
5.990000e-07	2.45682	0
6.000000e-07	2.45628	0
6.010000e-07	2.45574	0
6.020000e-07	2.45521	0
6.030000e-07	2.45468	0
6.040000e-07	2.45416	0
6.050000e-07	2.45363	0
6.060000e-07	2.45312	0
6.070000e-07	2.4526	0
6.080000e-07	2.45209	0
6.090000e-07	2.45158	0
6.100000e-07	2.45107	0
6.110000e-07	2.45057	0
6.120000e-07	2.45007	0
6.130000e-07	2.44957	0
6.140000e-07	2.44908	0
6.150000e-07	2.44859	0
6.160000e-07	2.4481	0
6.170000e-07	2.44761	0
6.180000e-07	2.44713	0
6.190000e-07	2.44665	0
6.200000e-07	2.44618	0
6.210000e-07	2.4457	0
6.220000e-07	2.44523	0
6.230000e-07	2.44476	0
6.240000e-07	2.44429	0
6.250000e-07	2.44383	0
6.260000e-07	2.44337	0
6.270000e-07	2.44291	0
6.280000e-07	2.44246	0
6.290000e-07	2.442	0
6.300000e-07	2.44156	0
6.310000e-07	2.44111	0
6.320000e-07	2.44066	0
6.330000e-07	2.44022	0
6.340000e-07	2.43978	0
6.350000e-07	2.43934	0
6.360000e-07	2.43891	0
6.370000e-07	2.43847	0
6.380000e-07	2.43804	0
6.390000e-07	2.43762	0
6.400000e-07	2.43719	0
6.410000e-07	2.43677	0
6.420000e-07	2.43635	0
6.430000e-07	2.43593	0
6.440000e-07	2.43551	0
6.450000e-07	2.4351	0
6.460000e-07	2.43469	0
6.470000e-07	2.43428	0
6.480000e-07	2.43387	0
6.490000e-07	2.43346	0
6.500000e-07	2.43306	0
6.510000e-07	2.43266	0
6.520000e-07	2.43226	0
6.530000e-07	2.43187	0
6.540000e-07	2.43147	0
6.550000e-07	2.43108	0
6.560000e-07	2.43069	0
6.570000e-07	2.4303	0
6.580000e-07	2.42992	0
6.590000e-07	2.42953	0
6.600000e-07	2.42915	0
6.610000e-07	2.42877	0
6.620000e-07	2.42839	0
6.630000e-07	2.42802	0
6.640000e-07	2.42764	0
6.650000e-07	2.42727	0
6.660000e-07	2.4269	0
6.670000e-07	2.42653	0
6.680000e-07	2.42617	0
6.690000e-07	2.4258	0
6.700000e-07	2.42544	0
6.710000e-07	2.42508	0
6.720000e-07	2.42472	0
6.730000e-07	2.42436	0
6.740000e-07	2.42401	0
6.750000e-07	2.42366	0
6.760000e-07	2.42331	0
6.770000e-07	2.42296	0
6.780000e-07	2.42261	0
6.790000e-07	2.42226	0
6.800000e-07	2.42192	0
6.810000e-07	2.42157	0
6.820000e-07	2.42123	0
6.830000e-07	2.42089	0
6.840000e-07	2.42056	0
6.850000e-07	2.42022	0
6.860000e-07	2.41989	0
6.870000e-07	2.41955	0
6.880000e-07	2.41922	0
6.890000e-07	2.41889	0
6.900000e-07	2.41857	0
6.910000e-07	2.41824	0
6.920000e-07	2.41791	0
6.930000e-07	2.41759	0
6.940000e-07	2.41727	0
6.950000e-07	2.41695	0
6.960000e-07	2.41663	0
6.970000e-07	2.41631	0
6.980000e-07	2.416	0
6.990000e-07	2.41569	0
7.000000e-07	2.41537	0
7.010000e-07	2.41506	0
7.020000e-07	2.41475	0
7.030000e-07	2.41445	0
7.040000e-07	2.41414	0
7.050000e-07	2.41383	0
7.060000e-07	2.41353	0
7.070000e-07	2.41323	0
7.080000e-07	2.41293	0
7.090000e-07	2.41263	0
7.100000e-07	2.41233	0
7.110000e-07	2.41203	0
7.120000e-07	2.41174	0
7.130000e-07	2.41145	0
7.140000e-07	2.41115	0
7.150000e-07	2.41086	0
7.160000e-07	2.41057	0
7.170000e-07	2.41028	0
7.180000e-07	2.41	0
7.190000e-07	2.40971	0
7.200000e-07	2.40943	0
7.210000e-07	2.40914	0
7.220000e-07	2.40886	0
7.230000e-07	2.40858	0
7.240000e-07	2.4083	0
7.250000e-07	2.40802	0
7.260000e-07	2.40775	0
7.270000e-07	2.40747	0
7.280000e-07	2.4072	0
7.290000e-07	2.40692	0
7.300000e-07	2.40665	0
7.310000e-07	2.40638	0
7.320000e-07	2.40611	0
7.330000e-07	2.40584	0
7.340000e-07	2.40558	0
7.350000e-07	2.40531	0
7.360000e-07	2.40505	0
7.370000e-07	2.40478	0
7.380000e-07	2.40452	0
7.390000e-07	2.40426	0
7.400000e-07	2.404	0
7.410000e-07	2.40374	0
7.420000e-07	2.40348	0
7.430000e-07	2.40322	0
7.440000e-07	2.40297	0
7.450000e-07	2.40271	0
7.460000e-07	2.40246	0
7.470000e-07	2.40221	0
7.480000e-07	2.40196	0
7.490000e-07	2.40171	0
7.500000e-07	2.40146	0
7.510000e-07	2.40121	0
7.520000e-07	2.40096	0
7.530000e-07	2.40072	0
7.540000e-07	2.40047	0
7.550000e-07	2.40023	0
7.560000e-07	2.39998	0
7.570000e-07	2.39974	0
7.580000e-07	2.3995	0
7.590000e-07	2.39926	0
7.600000e-07	2.39902	0
7.610000e-07	2.39879	0
7.620000e-07	2.39855	0
7.630000e-07	2.39831	0
7.640000e-07	2.39808	0
7.650000e-07	2.39784	0
7.660000e-07	2.39761	0
7.670000e-07	2.39738	0
7.680000e-07	2.39715	0
7.690000e-07	2.39692	0
7.700000e-07	2.39669	0
7.710000e-07	2.39646	0
7.720000e-07	2.39623	0
7.730000e-07	2.39601	0
7.740000e-07	2.39578	0
7.750000e-07	2.39555	0
7.760000e-07	2.39533	0
7.770000e-07	2.39511	0
7.780000e-07	2.39489	0
7.790000e-07	2.39466	0
7.800000e-07	2.39445	0
7.810000e-07	2.39423	0
7.820000e-07	2.39401	0
7.830000e-07	2.39379	0
7.840000e-07	2.39357	0
7.850000e-07	2.39336	0
7.860000e-07	2.39314	0
7.870000e-07	2.39293	0
7.880000e-07	2.39271	0
7.890000e-07	2.3925	0
7.900000e-07	2.39229	0
7.910000e-07	2.39208	0
7.920000e-07	2.39187	0
7.930000e-07	2.39166	0
7.940000e-07	2.39145	0
7.950000e-07	2.39124	0
7.960000e-07	2.39104	0
7.970000e-07	2.39083	0
7.980000e-07	2.39063	0
7.990000e-07	2.39042	0
8.000000e-07	2.39022	0
8.010000e-07	2.39002	0
8.020000e-07	2.38981	0
8.030000e-07	2.38961	0
8.040000e-07	2.38941	0
8.050000e-07	2.38921	0
8.060000e-07	2.38901	0
8.070000e-07	2.38881	0
8.080000e-07	2.38862	0
8.090000e-07	2.38842	0
8.100000e-07	2.38822	0
8.110000e-07	2.38803	0
8.120000e-07	2.38783	0
8.130000e-07	2.38764	0
8.140000e-07	2.38745	0
8.150000e-07	2.38725	0
8.160000e-07	2.38706	0
8.170000e-07	2.38687	0
8.180000e-07	2.38668	0
8.190000e-07	2.38649	0
8.200000e-07	2.3863	0
8.210000e-07	2.38611	0
8.220000e-07	2.38593	0
8.230000e-07	2.38574	0
8.240000e-07	2.38555	0
8.250000e-07	2.38537	0
8.260000e-07	2.38518	0
8.270000e-07	2.385	0
8.280000e-07	2.38482	0
8.290000e-07	2.38463	0
8.300000e-07	2.38445	0
8.310000e-07	2.38427	0
8.320000e-07	2.38409	0
8.330000e-07	2.38391	0
8.340000e-07	2.38373	0
8.350000e-07	2.38355	0
8.360000e-07	2.38337	0
8.370000e-07	2.38319	0
8.380000e-07	2.38301	0
8.390000e-07	2.38284	0
8.400000e-07	2.38266	0
8.410000e-07	2.38249	0
8.420000e-07	2.38231	0
8.430000e-07	2.38214	0
8.440000e-07	2.38196	0
8.450000e-07	2.38179	0
8.460000e-07	2.38162	0
8.470000e-07	2.38145	0
8.480000e-07	2.38128	0
8.490000e-07	2.3811	0
8.500000e-07	2.38094	0
8.510000e-07	2.38077	0
8.520000e-07	2.3806	0
8.530000e-07	2.38043	0
8.540000e-07	2.38026	0
8.550000e-07	2.38009	0
8.560000e-07	2.37993	0
8.570000e-07	2.37976	0
8.580000e-07	2.3796	0
8.590000e-07	2.37943	0
8.600000e-07	2.37927	0
8.610000e-07	2.3791	0
8.620000e-07	2.37894	0
8.630000e-07	2.37878	0
8.640000e-07	2.37861	0
8.650000e-07	2.37845	0
8.660000e-07	2.37829	0
8.670000e-07	2.37813	0
8.680000e-07	2.37797	0
8.690000e-07	2.37781	0
8.700000e-07	2.37765	0
8.710000e-07	2.3775	0
8.720000e-07	2.37734	0
8.730000e-07	2.37718	0
8.740000e-07	2.37702	0
8.750000e-07	2.37687	0
8.760000e-07	2.37671	0
8.770000e-07	2.37656	0
8.780000e-07	2.3764	0
8.790000e-07	2.37625	0
8.800000e-07	2.37609	0
8.810000e-07	2.37594	0
8.820000e-07	2.37579	0
8.830000e-07	2.37563	0
8.840000e-07	2.37548	0
8.850000e-07	2.37533	0
8.860000e-07	2.37518	0
8.870000e-07	2.37503	0
8.880000e-07	2.37488	0
8.890000e-07	2.37473	0
8.900000e-07	2.37458	0
8.910000e-07	2.37443	0
8.920000e-07	2.37428	0
8.930000e-07	2.37414	0
8.940000e-07	2.37399	0
8.950000e-07	2.37384	0
8.960000e-07	2.3737	0
8.970000e-07	2.37355	0
8.980000e-07	2.3734	0
8.990000e-07	2.37326	0
9.000000e-07	2.37312	0
9.010000e-07	2.37297	0
9.020000e-07	2.37283	0
9.030000e-07	2.37269	0
9.040000e-07	2.37254	0
9.050000e-07	2.3724	0
9.060000e-07	2.37226	0
9.070000e-07	2.37212	0
9.080000e-07	2.37198	0
9.090000e-07	2.37183	0
9.100000e-07	2.37169	0
9.110000e-07	2.37155	0
9.120000e-07	2.37142	0
9.130000e-07	2.37128	0
9.140000e-07	2.37114	0
9.150000e-07	2.371	0
9.160000e-07	2.37086	0
9.170000e-07	2.37073	0
9.180000e-07	2.37059	0
9.190000e-07	2.37045	0
9.200000e-07	2.37032	0
9.210000e-07	2.37018	0
9.220000e-07	2.37005	0
9.230000e-07	2.36991	0
9.240000e-07	2.36978	0
9.250000e-07	2.36964	0
9.260000e-07	2.36951	0
9.270000e-07	2.36937	0
9.280000e-07	2.36924	0
9.290000e-07	2.36911	0
9.300000e-07	2.36898	0
9.310000e-07	2.36885	0
9.320000e-07	2.36871	0
9.330000e-07	2.36858	0
9.340000e-07	2.36845	0
9.350000e-07	2.36832	0
9.360000e-07	2.36819	0
9.370000e-07	2.36806	0
9.380000e-07	2.36793	0
9.390000e-07	2.36781	0
9.400000e-07	2.36768	0
9.410000e-07	2.36755	0
9.420000e-07	2.36742	0
9.430000e-07	2.36729	0
9.440000e-07	2.36717	0
9.450000e-07	2.36704	0
9.460000e-07	2.36691	0
9.470000e-07	2.36679	0
9.480000e-07	2.36666	0
9.490000e-07	2.36654	0
9.500000e-07	2.36641	0
9.510000e-07	2.36629	0
9.520000e-07	2.36616	0
9.530000e-07	2.36604	0
9.540000e-07	2.36592	0
9.550000e-07	2.36579	0
9.560000e-07	2.36567	0
9.570000e-07	2.36555	0
9.580000e-07	2.36543	0
9.590000e-07	2.3653	0
9.600000e-07	2.36518	0
9.610000e-07	2.36506	0
9.620000e-07	2.36494	0
9.630000e-07	2.36482	0
9.640000e-07	2.3647	0
9.650000e-07	2.36458	0
9.660000e-07	2.36446	0
9.670000e-07	2.36434	0
9.680000e-07	2.36422	0
9.690000e-07	2.3641	0
9.700000e-07	2.36399	0
9.710000e-07	2.36387	0
9.720000e-07	2.36375	0
9.730000e-07	2.36363	0
9.740000e-07	2.36352	0
9.750000e-07	2.3634	0
9.760000e-07	2.36328	0
9.770000e-07	2.36317	0
9.780000e-07	2.36305	0
9.790000e-07	2.36293	0
9.800000e-07	2.36282	0
9.810000e-07	2.3627	0
9.820000e-07	2.36259	0
9.830000e-07	2.36247	0
9.840000e-07	2.36236	0
9.850000e-07	2.36225	0
9.860000e-07	2.36213	0
9.870000e-07	2.36202	0
9.880000e-07	2.36191	0
9.890000e-07	2.36179	0
9.900000e-07	2.36168	0
9.910000e-07	2.36157	0
9.920000e-07	2.36146	0
9.930000e-07	2.36135	0
9.940000e-07	2.36124	0
9.950000e-07	2.36112	0
9.960000e-07	2.36101	0
9.970000e-07	2.3609	0
9.980000e-07	2.36079	0
9.990000e-07	2.36068	0
1.000000e-06	2.36057	0
1.002500e-06	2.3603	0
1.005000e-06	2.36003	0
1.007500e-06	2.35976	0
1.010000e-06	2.35949	0
1.012500e-06	2.35923	0
1.015000e-06	2.35896	0
1.017500e-06	2.3587	0
1.020000e-06	2.35844	0
1.022500e-06	2.35818	0
1.025000e-06	2.35792	0
1.027500e-06	2.35766	0
1.030000e-06	2.35741	0
1.032500e-06	2.35715	0
1.035000e-06	2.3569	0
1.037500e-06	2.35665	0
1.040000e-06	2.3564	0
1.042500e-06	2.35615	0
1.045000e-06	2.3559	0
1.047500e-06	2.35566	0
1.050000e-06	2.35541	0
1.052500e-06	2.35517	0
1.055000e-06	2.35493	0
1.057500e-06	2.35469	0
1.060000e-06	2.35445	0
1.062500e-06	2.35421	0
1.065000e-06	2.35398	0
1.067500e-06	2.35374	0
1.070000e-06	2.35351	0
1.072500e-06	2.35328	0
1.075000e-06	2.35304	0
1.077500e-06	2.35281	0
1.080000e-06	2.35258	0
1.082500e-06	2.35236	0
1.085000e-06	2.35213	0
1.087500e-06	2.3519	0
1.090000e-06	2.35168	0
1.092500e-06	2.35146	0
1.095000e-06	2.35123	0
1.097500e-06	2.35101	0
1.100000e-06	2.35079	0
1.102500e-06	2.35058	0
1.105000e-06	2.35036	0
1.107500e-06	2.35014	0
1.110000e-06	2.34992	0
1.112500e-06	2.34971	0
1.115000e-06	2.3495	0
1.117500e-06	2.34928	0
1.120000e-06	2.34907	0
1.122500e-06	2.34886	0
1.125000e-06	2.34865	0
1.127500e-06	2.34844	0
1.130000e-06	2.34823	0
1.132500e-06	2.34803	0
1.135000e-06	2.34782	0
1.137500e-06	2.34762	0
1.140000e-06	2.34741	0
1.142500e-06	2.34721	0
1.145000e-06	2.34701	0
1.147500e-06	2.3468	0
1.150000e-06	2.3466	0
1.152500e-06	2.3464	0
1.155000e-06	2.3462	0
1.157500e-06	2.34601	0
1.160000e-06	2.34581	0
1.162500e-06	2.34561	0
1.165000e-06	2.34542	0
1.167500e-06	2.34522	0
1.170000e-06	2.34503	0
1.172500e-06	2.34483	0
1.175000e-06	2.34464	0
1.177500e-06	2.34445	0
1.180000e-06	2.34426	0
1.182500e-06	2.34407	0
1.185000e-06	2.34388	0
1.187500e-06	2.34369	0
1.190000e-06	2.3435	0
1.192500e-06	2.34332	0
1.195000e-06	2.34313	0
1.197500e-06	2.34294	0
1.200000e-06	2.34276	0
1.202500e-06	2.34258	0
1.205000e-06	2.34239	0
1.207500e-06	2.34221	0
1.210000e-06	2.34203	0
1.212500e-06	2.34185	0
1.215000e-06	2.34166	0
1.217500e-06	2.34148	0
1.220000e-06	2.3413	0
1.222500e-06	2.34112	0
1.225000e-06	2.34095	0
1.227500e-06	2.34077	0
1.230000e-06	2.34059	0
1.232500e-06	2.34042	0
1.235000e-06	2.34024	0
1.237500e-06	2.34006	0
1.240000e-06	2.33989	0
1.242500e-06	2.33971	0
1.245000e-06	2.33954	0
1.247500e-06	2.33937	0
1.250000e-06	2.3392	0
1.252500e-06	2.33902	0
1.255000e-06	2.33885	0
1.257500e-06	2.33868	0
1.260000e-06	2.33851	0
1.262500e-06	2.33834	0
1.265000e-06	2.33817	0
1.267500e-06	2.33801	0
1.270000e-06	2.33784	0
1.272500e-06	2.33767	0
1.275000e-06	2.3375	0
1.277500e-06	2.33734	0
1.280000e-06	2.33717	0
1.282500e-06	2.337	0
1.285000e-06	2.33684	0
1.287500e-06	2.33668	0
1.290000e-06	2.33651	0
1.292500e-06	2.33635	0
1.295000e-06	2.33619	0
1.297500e-06	2.33602	0
1.300000e-06	2.33586	0
1.302500e-06	2.3357	0
1.305000e-06	2.33554	0
1.307500e-06	2.33538	0
1.310000e-06	2.33522	0
1.312500e-06	2.33506	0
1.315000e-06	2.3349	0
1.317500e-06	2.33474	0
1.320000e-06	2.33458	0
1.322500e-06	2.33442	0
1.325000e-06	2.33426	0
1.327500e-06	2.33411	0
1.330000e-06	2.33395	0
1.332500e-06	2.33379	0
1.335000e-06	2.33364	0
1.337500e-06	2.33348	0
1.340000e-06	2.33333	0
1.342500e-06	2.33317	0
1.345000e-06	2.33302	0
1.347500e-06	2.33286	0
1.350000e-06	2.33271	0
1.352500e-06	2.33256	0
1.355000e-06	2.3324	0
1.357500e-06	2.33225	0
1.360000e-06	2.3321	0
1.362500e-06	2.33195	0
1.365000e-06	2.3318	0
1.367500e-06	2.33164	0
1.370000e-06	2.33149	0
1.372500e-06	2.33134	0
1.375000e-06	2.33119	0
1.377500e-06	2.33104	0
1.380000e-06	2.33089	0
1.382500e-06	2.33074	0
1.385000e-06	2.3306	0
1.387500e-06	2.33045	0
1.390000e-06	2.3303	0
1.392500e-06	2.33015	0
1.395000e-06	2.33	0
1.397500e-06	2.32986	0
1.400000e-06	2.32971	0
1.402500e-06	2.32956	0
1.405000e-06	2.32942	0
1.407500e-06	2.32927	0
1.410000e-06	2.32912	0
1.412500e-06	2.32898	0
1.415000e-06	2.32884	0
1.417500e-06	2.32869	0
1.420000e-06	2.32855	0
1.422500e-06	2.3284	0
1.425000e-06	2.32826	0
1.427500e-06	2.32811	0
1.430000e-06	2.32797	0
1.432500e-06	2.32783	0
1.435000e-06	2.32768	0
1.437500e-06	2.32754	0
1.440000e-06	2.3274	0
1.442500e-06	2.32726	0
1.445000e-06	2.32712	0
1.447500e-06	2.32697	0
1.450000e-06	2.32683	0
1.452500e-06	2.32669	0
1.455000e-06	2.32655	0
1.457500e-06	2.32641	0
1.460000e-06	2.32627	0
1.462500e-06	2.32613	0
1.465000e-06	2.32599	0
1.467500e-06	2.32585	0
1.470000e-06	2.32571	0
1.472500e-06	2.32557	0
1.475000e-06	2.32543	0
1.477500e-06	2.32529	0
1.480000e-06	2.32515	0
1.482500e-06	2.32502	0
1.485000e-06	2.32488	0
1.487500e-06	2.32474	0
1.490000e-06	2.3246	0
1.492500e-06	2.32446	0
1.495000e-06	2.32432	0
1.497500e-06	2.32419	0
1.500000e-06	2.32405	0
1.502500e-06	2.32391	0
1.505000e-06	2.32378	0
1.507500e-06	2.32364	0
1.510000e-06	2.3235	0
1.512500e-06	2.32337	0
1.515000e-06	2.32323	0
1.517500e-06	2.3231	0
1.520000e-06	2.32296	0
1.522500e-06	2.32283	0
1.525000e-06	2.32269	0
1.527500e-06	2.32256	0
1.530000e-06	2.32242	0
1.532500e-06	2.32229	0
1.535000e-06	2.32215	0
1.537500e-06	2.32202	0
1.540000e-06	2.32188	0
1.542500e-06	2.32175	0
1.545000e-06	2.32162	0
1.547500e-06	2.32148	0
1.550000e-06	2.32135	0
1.552500e-06	2.32122	0
1.555000e-06	2.32108	0
1.557500e-06	2.32095	0
1.560000e-06	2.32082	0
1.562500e-06	2.32068	0
1.565000e-06	2.32055	0
1.567500e-06	2.32042	0
1.570000e-06	2.32029	0
1.572500e-06	2.32015	0
1.575000e-06	2.32002	0
1.577500e-06	2.31989	0
1.580000e-06	2.31976	0
1.582500e-06	2.31963	0
1.585000e-06	2.3195	0
1.587500e-06	2.31936	0
1.590000e-06	2.31923	0
1.592500e-06	2.3191	0
1.595000e-06	2.31897	0
1.597500e-06	2.31884	0
1.600000e-06	2.31871	0
1.602500e-06	2.31858	0
1.605000e-06	2.31845	0
1.607500e-06	2.31832	0
1.610000e-06	2.31819	0
1.612500e-06	2.31806	0
1.615000e-06	2.31793	0
1.617500e-06	2.3178	0
1.620000e-06	2.31767	0
1.622500e-06	2.31754	0
1.625000e-06	2.31741	0
1.627500e-06	2.31728	0
1.630000e-06	2.31715	0
1.632500e-06	2.31702	0
1.635000e-06	2.31689	0
1.637500e-06	2.31676	0
1.640000e-06	2.31663	0
1.642500e-06	2.3165	0
1.645000e-06	2.31637	0
1.647500e-06	2.31625	0
1.650000e-06	2.31612	0
1.652500e-06	2.31599	0
1.655000e-06	2.31586	0
1.657500e-06	2.31573	0
1.660000e-06	2.3156	0
1.662500e-06	2.31548	0
1.665000e-06	2.31535	0
1.667500e-06	2.31522	0
1.670000e-06	2.31509	0
1.672500e-06	2.31496	0
1.675000e-06	2.31483	0
1.677500e-06	2.31471	0
1.680000e-06	2.31458	0
1.682500e-06	2.31445	0
1.685000e-06	2.31432	0
1.687500e-06	2.3142	0
1.690000e-06	2.31407	0
1.692500e-06	2.31394	0
1.695000e-06	2.31381	0
1.697500e-06	2.31369	0
1.700000e-06	2.31356	0
1.702202e-06	2.31584	0
1.702761e-06	2.31581	0
1.703321e-06	2.31578	0
1.703880e-06	2.31575	0
1.704441e-06	2.31572	0
1.705001e-06	2.31569	0
1.705562e-06	2.31567	0
1.706123e-06	2.31564	0
1.706685e-06	2.31561	0
1.707247e-06	2.31558	0
1.707809e-06	2.31555	0
1.708372e-06	2.31552	0
1.708935e-06	2.31549	0
1.709498e-06	2.31547	0
1.710062e-06	2.31544	0
1.710626e-06	2.31541	0
1.711191e-06	2.31538	0
1.711756e-06	2.31535	0
1.712321e-06	2.31532	0
1.712887e-06	2.31529	0
1.713453e-06	2.31527	0
1.714019e-06	2.31524	0
1.714586e-06	2.31521	0
1.715154e-06	2.31518	0
1.715721e-06	2.31515	0
1.716289e-06	2.31512	0
1.716857e-06	2.31509	0
1.717426e-06	2.31507	0
1.717995e-06	2.31504	0
1.718564e-06	2.31501	0
1.719134e-06	2.31498	0
1.719704e-06	2.31495	0
1.720275e-06	2.31492	0
1.720846e-06	2.3149	0
1.721417e-06	2.31487	0
1.721989e-06	2.31484	0
1.722561e-06	2.31481	0
1.723133e-06	2.31478	0
1.723706e-06	2.31475	0
1.724280e-06	2.31472	0
1.724853e-06	2.3147	0
1.725427e-06	2.31467	0
1.726001e-06	2.31464	0
1.726576e-06	2.31461	0
1.727152e-06	2.31458	0
1.727727e-06	2.31455	0
1.728303e-06	2.31452	0
1.728879e-06	2.3145	0
1.729456e-06	2.31447	0
1.730033e-06	2.31444	0
1.730610e-06	2.31441	0
1.731188e-06	2.31438	0
1.731766e-06	2.31435	0
1.732345e-06	2.31432	0
1.732924e-06	2.3143	0
1.733503e-06	2.31427	0
1.734083e-06	2.31424	0
1.734663e-06	2.31421	0
1.735244e-06	2.31418	0
1.735825e-06	2.31415	0
1.736406e-06	2.31412	0
1.736988e-06	2.3141	0
1.737570e-06	2.31407	0
1.738153e-06	2.31404	0
1.738735e-06	2.31401	0
1.739319e-06	2.31398	0
1.739902e-06	2.31395	0
1.740486e-06	2.31392	0
1.741071e-06	2.3139	0
1.741656e-06	2.31387	0
1.742241e-06	2.31384	0
1.742826e-06	2.31381	0
1.743412e-06	2.31378	0
1.743999e-06	2.31375	0
1.744586e-06	2.31372	0
1.745173e-06	2.3137	0
1.745760e-06	2.31367	0
1.746348e-06	2.31364	0
1.746937e-06	2.31361	0
1.747526e-06	2.31358	0
1.748115e-06	2.31355	0
1.748704e-06	2.31352	0
1.749294e-06	2.31349	0
1.749885e-06	2.31346	0
1.750476e-06	2.31344	0
1.751067e-06	2.31341	0
1.751658e-06	2.31338	0
1.752250e-06	2.31335	0
1.752843e-06	2.31332	0
1.753435e-06	2.31329	0
1.754029e-06	2.31326	0
1.754622e-06	2.31324	0
1.755216e-06	2.31321	0
1.755811e-06	2.31318	0
1.756405e-06	2.31315	0
1.757001e-06	2.31312	0
1.757596e-06	2.31309	0
1.758192e-06	2.31306	0
1.758788e-06	2.31304	0
1.759385e-06	2.31301	0
1.759982e-06	2.31298	0
1.760580e-06	2.31295	0
1.761178e-06	2.31292	0
1.761777e-06	2.31289	0
1.762375e-06	2.31286	0
1.762975e-06	2.31283	0
1.763574e-06	2.3128	0
1.764174e-06	2.31278	0
1.764775e-06	2.31275	0
1.765376e-06	2.31272	0
1.765977e-06	2.31269	0
1.766579e-06	2.31266	0
1.767181e-06	2.31263	0
1.767783e-06	2.3126	0
1.768386e-06	2.31257	0
1.768990e-06	2.31255	0
1.769593e-06	2.31252	0
1.770198e-06	2.31249	0
1.770802e-06	2.31246	0
1.771407e-06	2.31243	0
1.772012e-06	2.3124	0
1.772618e-06	2.31237	0
1.773224e-06	2.31234	0
1.773831e-06	2.31231	0
1.774438e-06	2.31229	0
1.775046e-06	2.31226	0
1.775654e-06	2.31223	0
1.776262e-06	2.3122	0
1.776870e-06	2.31217	0
1.777480e-06	2.31214	0
1.778089e-06	2.31211	0
1.778699e-06	2.31209	0
1.779310e-06	2.31206	0
1.779920e-06	2.31203	0
1.780532e-06	2.312	0
1.781143e-06	2.31197	0
1.781756e-06	2.31194	0
1.782368e-06	2.31191	0
1.782981e-06	2.31188	0
1.783594e-06	2.31185	0
1.784208e-06	2.31182	0
1.784822e-06	2.3118	0
1.785437e-06	2.31177	0
1.786052e-06	2.31174	0
1.786667e-06	2.31171	0
1.787283e-06	2.31168	0
1.787899e-06	2.31165	0
1.788516e-06	2.31162	0
1.789133e-06	2.31159	0
1.789751e-06	2.31156	0
1.790369e-06	2.31154	0
1.790988e-06	2.31151	0
1.791606e-06	2.31148	0
1.792226e-06	2.31145	0
1.792845e-06	2.31142	0
1.793466e-06	2.31139	0
1.794086e-06	2.31136	0
1.794707e-06	2.31133	0
1.795328e-06	2.3113	0
1.795950e-06	2.31128	0
1.796573e-06	2.31125	0
1.797195e-06	2.31122	0
1.797818e-06	2.31119	0
1.798442e-06	2.31116	0
1.799066e-06	2.31113	0
1.799690e-06	2.3111	0
1.800315e-06	2.31107	0
1.800941e-06	2.31104	0
1.801566e-06	2.31101	0
1.802193e-06	2.31099	0
1.802820e-06	2.31096	0
1.803446e-06	2.31093	0
1.804074e-06	2.3109	0
1.804702e-06	2.31087	0
1.805330e-06	2.31084	0
1.805959e-06	2.31081	0
1.806589e-06	2.31078	0
1.807218e-06	2.31075	0
1.807848e-06	2.31072	0
1.808479e-06	2.31069	0
1.809110e-06	2.31067	0
1.809741e-06	2.31064	0
1.810373e-06	2.31061	0
1.811006e-06	2.31058	0
1.811638e-06	2.31055	0
1.812271e-06	2.31052	0
1.812905e-06	2.31049	0
1.813539e-06	2.31046	0
1.814174e-06	2.31043	0
1.814809e-06	2.3104	0
1.815444e-06	2.31038	0
1.816080e-06	2.31035	0
1.816716e-06	2.31032	0
1.817353e-06	2.31029	0
1.817990e-06	2.31026	0
1.818628e-06	2.31023	0
1.819266e-06	2.3102	0
1.819905e-06	2.31017	0
1.820544e-06	2.31014	0
1.821183e-06	2.31011	0
1.821823e-06	2.31008	0
1.822463e-06	2.31005	0
1.823104e-06	2.31002	0
1.823745e-06	2.31	0
1.824387e-06	2.30997	0
1.825029e-06	2.30994	0
1.825672e-06	2.30991	0
1.826315e-06	2.30988	0
1.826959e-06	2.30985	0
1.827603e-06	2.30982	0
1.828247e-06	2.30979	0
1.828892e-06	2.30976	0
1.829537e-06	2.30973	0
1.830183e-06	2.3097	0
1.830829e-06	2.30967	0
1.831476e-06	2.30965	0
1.832123e-06	2.30962	0
1.832771e-06	2.30959	0
1.833419e-06	2.30956	0
1.834068e-06	2.30953	0
1.834716e-06	2.3095	0
1.835366e-06	2.30947	0
1.836016e-06	2.30944	0
1.836666e-06	2.30941	0
1.837317e-06	2.30938	0
1.837968e-06	2.30935	0
1.838620e-06	2.30932	0
1.839272e-06	2.30929	0
1.839925e-06	2.30926	0
1.840578e-06	2.30924	0
1.841232e-06	2.30921	0
1.841886e-06	2.30918	0
1.842540e-06	2.30915	0
1.843195e-06	2.30912	0
1.843851e-06	2.30909	0
1.844507e-06	2.30906	0
1.845163e-06	2.30903	0
1.845820e-06	2.309	0
1.846477e-06	2.30897	0
1.847135e-06	2.30894	0
1.847794e-06	2.30891	0
1.848452e-06	2.30888	0
1.849111e-06	2.30885	0
1.849771e-06	2.30882	0
1.850431e-06	2.30879	0
1.851092e-06	2.30877	0
1.851753e-06	2.30874	0
1.852415e-06	2.30871	0
1.853077e-06	2.30868	0
1.853739e-06	2.30865	0
1.854402e-06	2.30862	0
1.855066e-06	2.30859	0
1.855730e-06	2.30856	0
1.856394e-06	2.30853	0
1.857059e-06	2.3085	0
1.857724e-06	2.30847	0
1.858390e-06	2.30844	0
1.859056e-06	2.30841	0
1.859723e-06	2.30838	0
1.860391e-06	2.30835	0
1.861058e-06	2.30832	0
1.861727e-06	2.30829	0
1.862396e-06	2.30827	0
1.863065e-06	2.30823	0
1.863734e-06	2.30821	0
1.864404e-06	2.30818	0
1.865075e-06	2.30815	0
1.865746e-06	2.30812	0
1.866418e-06	2.30809	0
1.867090e-06	2.30806	0
1.867762e-06	2.30803	0
1.868436e-06	2.308	0
1.869109e-06	2.30797	0
1.869783e-06	2.30794	0
1.870458e-06	2.30791	0
1.871133e-06	2.30788	0
1.871808e-06	2.30785	0
1.872484e-06	2.30782	0
1.873160e-06	2.30779	0
1.873838e-06	2.30776	0
1.874515e-06	2.30773	0
1.875193e-06	2.3077	0
1.875871e-06	2.30767	0
1.876550e-06	2.30764	0
1.877229e-06	2.30761	0
1.877910e-06	2.30758	0
1.878590e-06	2.30755	0
1.879271e-06	2.30753	0
1.879952e-06	2.30749	0
1.880634e-06	2.30747	0
1.881317e-06	2.30744	0
1.881999e-06	2.30741	0
1.882683e-06	2.30738	0
1.883366e-06	2.30735	0
1.884051e-06	2.30732	0
1.884736e-06	2.30729	0
1.885422e-06	2.30726	0
1.886107e-06	2.30723	0
1.886794e-06	2.3072	0
1.887480e-06	2.30717	0
1.888168e-06	2.30714	0
1.888856e-06	2.30711	0
1.889544e-06	2.30708	0
1.890233e-06	2.30705	0
1.890922e-06	2.30702	0
1.891612e-06	2.30699	0
1.892302e-06	2.30696	0
1.892993e-06	2.30693	0
1.893685e-06	2.3069	0
1.894376e-06	2.30687	0
1.895069e-06	2.30684	0
1.895762e-06	2.30681	0
1.896455e-06	2.30678	0
1.897149e-06	2.30675	0
1.897844e-06	2.30672	0
1.898539e-06	2.30669	0
1.899234e-06	2.30666	0
1.899930e-06	2.30663	0
1.900626e-06	2.3066	0
1.901323e-06	2.30657	0
1.902021e-06	2.30654	0
1.902719e-06	2.30651	0
1.903417e-06	2.30648	0
1.904116e-06	2.30645	0
1.904816e-06	2.30642	0
1.905516e-06	2.30639	0
1.906216e-06	2.30636	0
1.906918e-06	2.30633	0
1.907619e-06	2.3063	0
1.908321e-06	2.30627	0
1.909024e-06	2.30624	0
1.909727e-06	2.30621	0
1.910431e-06	2.30618	0
1.911135e-06	2.30615	0
1.911839e-06	2.30612	0
1.912545e-06	2.30609	0
1.913250e-06	2.30606	0
1.913957e-06	2.30603	0
1.914663e-06	2.306	0
1.915371e-06	2.30597	0
1.916078e-06	2.30594	0
1.916787e-06	2.30591	0
1.917496e-06	2.30588	0
1.918205e-06	2.30585	0
1.918915e-06	2.30582	0
1.919625e-06	2.30579	0
1.920336e-06	2.30576	0
1.921048e-06	2.30573	0
1.921760e-06	2.3057	0
1.922472e-06	2.30567	0
1.923186e-06	2.30564	0
1.923899e-06	2.30561	0
1.924613e-06	2.30558	0
1.925328e-06	2.30555	0
1.926043e-06	2.30552	0
1.926759e-06	2.30549	0
1.927475e-06	2.30546	0
1.928192e-06	2.30543	0
1.928909e-06	2.3054	0
1.929627e-06	2.30537	0
1.930346e-06	2.30534	0
1.931064e-06	2.30531	0
1.931784e-06	2.30528	0
1.932504e-06	2.30525	0
1.933224e-06	2.30522	0
1.933946e-06	2.30519	0
1.934667e-06	2.30516	0
1.935390e-06	2.30513	0
1.936112e-06	2.3051	0
1.936836e-06	2.30507	0
1.937559e-06	2.30504	0
1.938284e-06	2.305	0
1.939008e-06	2.30498	0
1.939734e-06	2.30494	0
1.940460e-06	2.30491	0
1.941186e-06	2.30488	0
1.941913e-06	2.30485	0
1.942641e-06	2.30482	0
1.943369e-06	2.30479	0
1.944098e-06	2.30476	0
1.944827e-06	2.30473	0
1.945557e-06	2.3047	0
1.946287e-06	2.30467	0
1.947018e-06	2.30464	0
1.947749e-06	2.30461	0
1.948481e-06	2.30458	0
1.949214e-06	2.30455	0
1.949947e-06	2.30452	0
1.950680e-06	2.30449	0
1.951414e-06	2.30446	0
1.952149e-06	2.30443	0
1.952885e-06	2.3044	0
1.953620e-06	2.30437	0
1.954357e-06	2.30434	0
1.955094e-06	2.3043	0
1.955831e-06	2.30428	0
1.956569e-06	2.30424	0
1.957308e-06	2.30421	0
1.958047e-06	2.30418	0
1.958787e-06	2.30415	0
1.959527e-06	2.30412	0
1.960268e-06	2.30409	0
1.961009e-06	2.30406	0
1.961751e-06	2.30403	0
1.962494e-06	2.304	0
1.963237e-06	2.30397	0
1.963981e-06	2.30394	0
1.964725e-06	2.30391	0
1.965469e-06	2.30388	0
1.966215e-06	2.30385	0
1.966961e-06	2.30382	0
1.967707e-06	2.30378	0
1.968454e-06	2.30375	0
1.969202e-06	2.30372	0
1.969950e-06	2.30369	0
1.970699e-06	2.30366	0
1.971448e-06	2.30363	0
1.972198e-06	2.3036	0
1.972948e-06	2.30357	0
1.973700e-06	2.30354	0
1.974451e-06	2.30351	0
1.975203e-06	2.30348	0
1.975956e-06	2.30345	0
1.976709e-06	2.30342	0
1.977463e-06	2.30339	0
1.978217e-06	2.30335	0
1.978973e-06	2.30332	0
1.979728e-06	2.30329	0
1.980484e-06	2.30326	0
1.981241e-06	2.30323	0
1.981999e-06	2.3032	0
1.982757e-06	2.30317	0
1.983515e-06	2.30314	0
1.984274e-06	2.30311	0
1.985034e-06	2.30308	0
1.985794e-06	2.30305	0
1.986555e-06	2.30301	0
1.987317e-06	2.30298	0
1.988078e-06	2.30295	0
1.988841e-06	2.30292	0
1.989604e-06	2.30289	0
1.990368e-06	2.30286	0
1.991132e-06	2.30283	0
1.991897e-06	2.3028	0
1.992663e-06	2.30277	0
1.993429e-06	2.30274	0
1.994196e-06	2.3027	0
1.994963e-06	2.30267	0
1.995731e-06	2.30264	0
1.996499e-06	2.30261	0
1.997269e-06	2.30258	0
1.998038e-06	2.30255	0
1.998808e-06	2.30252	0
1.999579e-06	2.30249	0
2.000350e-06	2.30246	0
2.000350e-06	2.30246	0
2.001123e-06	2.30242	0
2.001123e-06	2.30242	0
2.001895e-06	2.30239	0
2.002668e-06	2.30236	0
2.002668e-06	2.30236	0
2.003442e-06	2.30233	0
2.003442e-06	2.30233	0
2.004217e-06	2.3023	0
2.004217e-06	2.3023	0
2.004992e-06	2.30227	0
2.004992e-06	2.30227	0
2.005767e-06	2.30224	0
2.005767e-06	2.30224	0
2.006544e-06	2.30221	0
2.006544e-06	2.30221	0
2.007320e-06	2.30218	0
2.007320e-06	2.30218	0
2.008098e-06	2.30214	0
2.008098e-06	2.30214	0
2.008876e-06	2.30211	0
2.008876e-06	2.30211	0
2.009654e-06	2.30208	0
2.009654e-06	2.30208	0
2.010434e-06	2.30205	0
2.010434e-06	2.30205	0
2.011213e-06	2.30202	0
2.011213e-06	2.30202	0
2.011994e-06	2.30199	0
2.012775e-06	2.30195	0
2.013557e-06	2.30192	0
2.013557e-06	2.30192	0
2.014339e-06	2.30189	0
2.014339e-06	2.30189	0
2.015122e-06	2.30186	0
2.015122e-06	2.30186	0
2.015905e-06	2.30183	0
2.015906e-06	2.30183	0
2.016689e-06	2.3018	0
2.016689e-06	2.3018	0
2.017474e-06	2.30177	0
2.017474e-06	2.30177	0
2.018260e-06	2.30174	0
2.018260e-06	2.30174	0
2.019045e-06	2.30171	0
2.019045e-06	2.30171	0
2.019832e-06	2.30167	0
2.019832e-06	2.30167	0
2.020619e-06	2.30164	0
2.020619e-06	2.30164	0
2.021407e-06	2.30161	0
2.021407e-06	2.30161	0
2.022195e-06	2.30158	0
2.022195e-06	2.30158	0
2.022984e-06	2.30155	0
2.022984e-06	2.30155	0
2.023774e-06	2.30152	0
2.023774e-06	2.30152	0
2.024564e-06	2.30149	0
2.025355e-06	2.30145	0
2.026146e-06	2.30142	0
2.026146e-06	2.30142	0
2.026938e-06	2.30139	0
2.026938e-06	2.30139	0
2.027731e-06	2.30136	0
2.027731e-06	2.30136	0
2.028525e-06	2.30133	0
2.028525e-06	2.30133	0
2.029318e-06	2.3013	0
2.029318e-06	2.3013	0
2.030113e-06	2.30126	0
2.030908e-06	2.30123	0
2.031704e-06	2.3012	0
2.032501e-06	2.30117	0
2.032501e-06	2.30117	0
2.033297e-06	2.30114	0
2.033297e-06	2.30114	0
2.034095e-06	2.30111	0
2.034095e-06	2.30111	0
2.034894e-06	2.30107	0
2.034894e-06	2.30107	0
2.035693e-06	2.30104	0
2.035693e-06	2.30104	0
2.036492e-06	2.30101	0
2.037292e-06	2.30098	0
2.037292e-06	2.30098	0
2.038093e-06	2.30095	0
2.038093e-06	2.30095	0
2.038894e-06	2.30092	0
2.038894e-06	2.30092	0
2.039696e-06	2.30088	0
2.039697e-06	2.30088	0
2.040499e-06	2.30085	0
2.041302e-06	2.30082	0
2.041303e-06	2.30082	0
2.042107e-06	2.30079	0
2.042107e-06	2.30079	0
2.042911e-06	2.30076	0
2.043716e-06	2.30072	0
2.043716e-06	2.30072	0
2.044522e-06	2.30069	0
2.044522e-06	2.30069	0
2.045329e-06	2.30066	0
2.046136e-06	2.30063	0
2.046944e-06	2.3006	0
2.046944e-06	2.3006	0
2.047752e-06	2.30057	0
2.047752e-06	2.30057	0
2.048561e-06	2.30053	0
2.049371e-06	2.3005	0
2.049371e-06	2.3005	0
2.050181e-06	2.30047	0
2.050181e-06	2.30047	0
2.050992e-06	2.30044	0
2.050992e-06	2.30044	0
2.051804e-06	2.30041	0
2.052616e-06	2.30037	0
2.053429e-06	2.30034	0
2.054243e-06	2.30031	0
2.054243e-06	2.30031	0
2.055057e-06	2.30028	0
2.055872e-06	2.30025	0
2.055872e-06	2.30025	0
2.056687e-06	2.30022	0
2.056687e-06	2.30022	0
2.057503e-06	2.30018	0
2.057504e-06	2.30018	0
2.058320e-06	2.30015	0
2.058320e-06	2.30015	0
2.059138e-06	2.30012	0
2.059138e-06	2.30012	0
2.059956e-06	2.30009	0
2.059956e-06	2.30009	0
2.060775e-06	2.30005	0
2.061594e-06	2.30002	0
2.061594e-06	2.30002	0
2.062414e-06	2.29999	0
2.062414e-06	2.29999	0
2.063234e-06	2.29996	0
2.063234e-06	2.29996	0
2.064056e-06	2.29993	0
2.064056e-06	2.29993	0
2.064878e-06	2.29989	0
2.064878e-06	2.29989	0
2.065700e-06	2.29986	0
2.065700e-06	2.29986	0
2.066524e-06	2.29983	0
2.067348e-06	2.2998	0
2.068172e-06	2.29977	0
2.068172e-06	2.29977	0
2.068998e-06	2.29973	0
2.068998e-06	2.29973	0
2.069824e-06	2.2997	0
2.069824e-06	2.2997	0
2.070651e-06	2.29967	0
2.070651e-06	2.29967	0
2.071478e-06	2.29964	0
2.071478e-06	2.29964	0
2.072306e-06	2.29961	0
2.072306e-06	2.29961	0
2.073134e-06	2.29957	0
2.073963e-06	2.29954	0
2.073963e-06	2.29954	0
2.074793e-06	2.29951	0
2.074793e-06	2.29951	0
2.075624e-06	2.29948	0
2.075624e-06	2.29948	0
2.076455e-06	2.29944	0
2.077287e-06	2.29941	0
2.077287e-06	2.29941	0
2.078120e-06	2.29938	0
2.078953e-06	2.29935	0
2.078953e-06	2.29935	0
2.079787e-06	2.29931	0
2.080622e-06	2.29928	0
2.080622e-06	2.29928	0
2.081457e-06	2.29925	0
2.081457e-06	2.29925	0
2.082292e-06	2.29922	0
2.082293e-06	2.29922	0
2.083129e-06	2.29919	0
2.083129e-06	2.29919	0
2.083966e-06	2.29915	0
2.083966e-06	2.29915	0
2.084804e-06	2.29912	0
2.084804e-06	2.29912	0
2.085643e-06	2.29909	0
2.085643e-06	2.29909	0
2.086482e-06	2.29906	0
2.086482e-06	2.29906	0
2.087322e-06	2.29902	0
2.087322e-06	2.29902	0
2.088163e-06	2.29899	0
2.089004e-06	2.29896	0
2.089004e-06	2.29896	0
2.089846e-06	2.29893	0
2.090689e-06	2.29889	0
2.091532e-06	2.29886	0
2.091532e-06	2.29886	0
2.092376e-06	2.29883	0
2.092376e-06	2.29883	0
2.093221e-06	2.2988	0
2.094067e-06	2.29876	0
2.094912e-06	2.29873	0
2.094913e-06	2.29873	0
2.095759e-06	2.2987	0
2.096607e-06	2.29867	0
2.096607e-06	2.29867	0
2.097455e-06	2.29863	0
2.097455e-06	2.29863	0
2.098304e-06	2.2986	0
2.099153e-06	2.29857	0
2.099153e-06	2.29857	0
2.100003e-06	2.29853	0
2.100004e-06	2.29853	0
2.100854e-06	2.2985	0
2.100854e-06	2.2985	0
2.101706e-06	2.29847	0
2.101706e-06	2.29847	0
2.102558e-06	2.29844	0
2.103411e-06	2.2984	0
2.103411e-06	2.2984	0
2.104265e-06	2.29837	0
2.105119e-06	2.29834	0
2.105119e-06	2.29834	0
2.105974e-06	2.29831	0
2.106830e-06	2.29827	0
2.106830e-06	2.29827	0
2.107686e-06	2.29824	0
2.107686e-06	2.29824	0
2.108543e-06	2.29821	0
2.108544e-06	2.29821	0
2.109401e-06	2.29817	0
2.109401e-06	2.29817	0
2.110260e-06	2.29814	0
2.110260e-06	2.29814	0
2.111119e-06	2.29811	0
2.111119e-06	2.29811	0
2.111979e-06	2.29807	0
2.111979e-06	2.29807	0
2.112840e-06	2.29804	0
2.112840e-06	2.29804	0
2.113701e-06	2.29801	0
2.114563e-06	2.29798	0
2.114563e-06	2.29798	0
2.115426e-06	2.29794	0
2.115426e-06	2.29794	0
2.116289e-06	2.29791	0
2.116289e-06	2.29791	0
2.117154e-06	2.29788	0
2.117154e-06	2.29788	0
2.118018e-06	2.29784	0
2.118884e-06	2.29781	0
2.118884e-06	2.29781	0
2.119750e-06	2.29778	0
2.119750e-06	2.29778	0
2.120617e-06	2.29774	0
2.120617e-06	2.29774	0
2.121485e-06	2.29771	0
2.122353e-06	2.29768	0
2.122353e-06	2.29768	0
2.123222e-06	2.29765	0
2.124092e-06	2.29761	0
2.124963e-06	2.29758	0
2.124963e-06	2.29758	0
2.125833e-06	2.29755	0
2.125834e-06	2.29755	0
2.126706e-06	2.29751	0
2.126706e-06	2.29751	0
2.127579e-06	2.29748	0
2.127579e-06	2.29748	0
2.128452e-06	2.29745	0
2.128452e-06	2.29745	0
2.129326e-06	2.29741	0
2.130200e-06	2.29738	0
2.130200e-06	2.29738	0
2.131076e-06	2.29735	0
2.131076e-06	2.29735	0
2.131953e-06	2.29731	0
2.131953e-06	2.29731	0
2.132830e-06	2.29728	0
2.132830e-06	2.29728	0
2.133707e-06	2.29725	0
2.134585e-06	2.29721	0
2.134586e-06	2.29721	0
2.135465e-06	2.29718	0
2.135465e-06	2.29718	0
2.136344e-06	2.29715	0
2.136345e-06	2.29715	0
2.137225e-06	2.29711	0
2.138107e-06	2.29708	0
2.138107e-06	2.29708	0
2.138989e-06	2.29705	0
2.138989e-06	2.29705	0
2.139871e-06	2.29701	0
2.139872e-06	2.29701	0
2.140755e-06	2.29698	0
2.141639e-06	2.29695	0
2.142524e-06	2.29691	0
2.142524e-06	2.29691	0
2.143410e-06	2.29688	0
2.144296e-06	2.29685	0
2.145183e-06	2.29681	0
2.145183e-06	2.29681	0
2.146071e-06	2.29678	0
2.146072e-06	2.29678	0
2.146960e-06	2.29675	0
2.146960e-06	2.29675	0
2.147849e-06	2.29671	0
2.147849e-06	2.29671	0
2.148740e-06	2.29668	0
2.148740e-06	2.29668	0
2.149631e-06	2.29664	0
2.149631e-06	2.29664	0
2.150522e-06	2.29661	0
2.151414e-06	2.29658	0
2.151415e-06	2.29658	0
2.152308e-06	2.29654	0
2.152308e-06	2.29654	0
2.153201e-06	2.29651	0
2.153201e-06	2.29651	0
2.154096e-06	2.29648	0
2.154096e-06	2.29648	0
2.154991e-06	2.29644	0
2.154991e-06	2.29644	0
2.155887e-06	2.29641	0
2.155887e-06	2.29641	0
2.156784e-06	2.29638	0
2.157682e-06	2.29634	0
2.157682e-06	2.29634	0
2.158580e-06	2.29631	0
2.158580e-06	2.29631	0
2.159479e-06	2.29627	0
2.159479e-06	2.29627	0
2.160379e-06	2.29624	0
2.160379e-06	2.29624	0
2.161279e-06	2.29621	0
2.162180e-06	2.29617	0
2.162180e-06	2.29617	0
2.163083e-06	2.29614	0
2.163083e-06	2.29614	0
2.163985e-06	2.2961	0
2.164889e-06	2.29607	0
2.164889e-06	2.29607	0
2.165793e-06	2.29604	0
2.165793e-06	2.29604	0
2.166698e-06	2.296	0
2.166698e-06	2.296	0
2.167604e-06	2.29597	0
2.168510e-06	2.29594	0
2.168511e-06	2.29594	0
2.169417e-06	2.2959	0
2.169418e-06	2.2959	0
2.170326e-06	2.29587	0
2.170326e-06	2.29587	0
2.171235e-06	2.29583	0
2.172144e-06	2.2958	0
2.173055e-06	2.29576	0
2.173055e-06	2.29576	0
2.173966e-06	2.29573	0
2.174878e-06	2.2957	0
2.174878e-06	2.2957	0
2.175790e-06	2.29566	0
2.175791e-06	2.29566	0
2.176704e-06	2.29563	0
2.177618e-06	2.2956	0
2.177618e-06	2.2956	0
2.178533e-06	2.29556	0
2.179449e-06	2.29553	0
2.179449e-06	2.29553	0
2.180365e-06	2.29549	0
2.181282e-06	2.29546	0
2.181282e-06	2.29546	0
2.182201e-06	2.29542	0
2.182201e-06	2.29542	0
2.183119e-06	2.29539	0
2.183119e-06	2.29539	0
2.184039e-06	2.29535	0
2.184039e-06	2.29535	0
2.184959e-06	2.29532	0
2.184959e-06	2.29532	0
2.185881e-06	2.29529	0
2.185881e-06	2.29529	0
2.186802e-06	2.29525	0
2.186802e-06	2.29525	0
2.187725e-06	2.29522	0
2.188649e-06	2.29518	0
2.189573e-06	2.29515	0
2.189573e-06	2.29515	0
2.190498e-06	2.29512	0
2.191423e-06	2.29508	0
2.191423e-06	2.29508	0
2.192350e-06	2.29505	0
2.193278e-06	2.29501	0
2.194206e-06	2.29498	0
2.194206e-06	2.29498	0
2.195135e-06	2.29494	0
2.195135e-06	2.29494	0
2.196065e-06	2.29491	0
2.196065e-06	2.29491	0
2.196995e-06	2.29487	0
2.196995e-06	2.29487	0
2.197926e-06	2.29484	0
2.197926e-06	2.29484	0
2.198859e-06	2.29481	0
2.198859e-06	2.29481	0
2.199792e-06	2.29477	0
2.199792e-06	2.29477	0
2.200725e-06	2.29474	0
2.201660e-06	2.2947	0
2.201660e-06	2.2947	0
2.202595e-06	2.29467	0
2.202595e-06	2.29467	0
2.203531e-06	2.29463	0
2.203531e-06	2.29463	0
2.204468e-06	2.2946	0
2.205406e-06	2.29456	0
2.205406e-06	2.29456	0
2.206344e-06	2.29453	0
2.207283e-06	2.29449	0
2.207283e-06	2.29449	0
2.208224e-06	2.29446	0
2.208224e-06	2.29446	0
2.209164e-06	2.29442	0
2.210106e-06	2.29439	0
2.211049e-06	2.29435	0
2.211049e-06	2.29435	0
2.211992e-06	2.29432	0
2.211992e-06	2.29432	0
2.212936e-06	2.29428	0
2.212936e-06	2.29428	0
2.213881e-06	2.29425	0
2.213881e-06	2.29425	0
2.214826e-06	2.29421	0
2.214826e-06	2.29421	0
2.215773e-06	2.29418	0
2.216720e-06	2.29414	0
2.216720e-06	2.29414	0
2.217668e-06	2.29411	0
2.217668e-06	2.29411	0
2.218617e-06	2.29407	0
2.218617e-06	2.29407	0
2.219567e-06	2.29404	0
2.219567e-06	2.29404	0
2.220517e-06	2.294	0
2.220517e-06	2.294	0
2.221469e-06	2.29397	0
2.222421e-06	2.29393	0
2.222421e-06	2.29393	0
2.223374e-06	2.2939	0
2.223375e-06	2.2939	0
2.224328e-06	2.29386	0
2.225283e-06	2.29383	0
2.225283e-06	2.29383	0
2.226238e-06	2.29379	0
2.226238e-06	2.29379	0
2.227194e-06	2.29376	0
2.227194e-06	2.29376	0
2.228152e-06	2.29372	0
2.228152e-06	2.29372	0
2.229109e-06	2.29369	0
2.229109e-06	2.29369	0
2.230068e-06	2.29365	0
2.230068e-06	2.29365	0
2.231028e-06	2.29362	0
2.231988e-06	2.29358	0
2.231988e-06	2.29358	0
2.232949e-06	2.29355	0
2.232949e-06	2.29355	0
2.233912e-06	2.29351	0
2.233912e-06	2.29351	0
2.234875e-06	2.29348	0
2.234875e-06	2.29348	0
2.235838e-06	2.29344	0
2.235838e-06	2.29344	0
2.236803e-06	2.29341	0
2.236803e-06	2.29341	0
2.237768e-06	2.29337	0
2.238734e-06	2.29333	0
2.238734e-06	2.29333	0
2.239701e-06	2.2933	0
2.239701e-06	2.2933	0
2.240669e-06	2.29326	0
2.241638e-06	2.29323	0
2.241638e-06	2.29323	0
2.242608e-06	2.29319	0
2.242608e-06	2.29319	0
2.243578e-06	2.29316	0
2.243578e-06	2.29316	0
2.244549e-06	2.29312	0
2.245521e-06	2.29309	0
2.245521e-06	2.29309	0
2.246494e-06	2.29305	0
2.246494e-06	2.29305	0
2.247468e-06	2.29302	0
2.247468e-06	2.29302	0
2.248443e-06	2.29298	0
2.248443e-06	2.29298	0
2.249418e-06	2.29294	0
2.249418e-06	2.29294	0
2.250394e-06	2.29291	0
2.251371e-06	2.29287	0
2.251372e-06	2.29287	0
2.252350e-06	2.29284	0
2.252350e-06	2.29284	0
2.253328e-06	2.2928	0
2.253328e-06	2.2928	0
2.254308e-06	2.29277	0
2.255289e-06	2.29273	0
2.255289e-06	2.29273	0
2.256270e-06	2.29269	0
2.257252e-06	2.29266	0
2.257252e-06	2.29266	0
2.258236e-06	2.29262	0
2.258236e-06	2.29262	0
2.259219e-06	2.29259	0
2.259219e-06	2.29259	0
2.260204e-06	2.29255	0
2.260204e-06	2.29255	0
2.261190e-06	2.29251	0
2.262177e-06	2.29248	0
2.262177e-06	2.29248	0
2.263164e-06	2.29244	0
2.263164e-06	2.29244	0
2.264152e-06	2.29241	0
2.264152e-06	2.29241	0
2.265142e-06	2.29237	0
2.265142e-06	2.29237	0
2.266131e-06	2.29234	0
2.266131e-06	2.29234	0
2.267122e-06	2.2923	0
2.267122e-06	2.2923	0
2.268114e-06	2.29226	0
2.268114e-06	2.29226	0
2.269106e-06	2.29223	0
2.269106e-06	2.29223	0
2.270100e-06	2.29219	0
2.271094e-06	2.29215	0
2.271094e-06	2.29215	0
2.272089e-06	2.29212	0
2.272089e-06	2.29212	0
2.273086e-06	2.29208	0
2.273086e-06	2.29208	0
2.274083e-06	2.29205	0
2.275080e-06	2.29201	0
2.275081e-06	2.29201	0
2.276079e-06	2.29197	0
2.276079e-06	2.29197	0
2.277079e-06	2.29194	0
2.277079e-06	2.29194	0
2.278079e-06	2.2919	0
2.278079e-06	2.2919	0
2.279081e-06	2.29186	0
2.279081e-06	2.29186	0
2.280083e-06	2.29183	0
2.280083e-06	2.29183	0
2.281086e-06	2.29179	0
2.282090e-06	2.29176	0
2.283094e-06	2.29172	0
2.283095e-06	2.29172	0
2.284101e-06	2.29168	0
2.284101e-06	2.29168	0
2.285107e-06	2.29165	0
2.285107e-06	2.29165	0
2.286115e-06	2.29161	0
2.287123e-06	2.29157	0
2.287123e-06	2.29157	0
2.288133e-06	2.29154	0
2.288133e-06	2.29154	0
2.289143e-06	2.2915	0
2.290154e-06	2.29146	0
2.291166e-06	2.29143	0
2.292179e-06	2.29139	0
2.292179e-06	2.29139	0
2.293192e-06	2.29135	0
2.293192e-06	2.29135	0
2.294207e-06	2.29132	0
2.294207e-06	2.29132	0
2.295223e-06	2.29128	0
2.296239e-06	2.29124	0
2.296239e-06	2.29124	0
2.297257e-06	2.29121	0
2.297257e-06	2.29121	0
2.298275e-06	2.29117	0
2.298275e-06	2.29117	0
2.299294e-06	2.29113	0
2.299294e-06	2.29113	0
2.300314e-06	2.2911	0
2.300314e-06	2.2911	0
2.301335e-06	2.29106	0
2.301336e-06	2.29106	0
2.302357e-06	2.29102	0
2.303380e-06	2.29099	0
2.304404e-06	2.29095	0
2.305429e-06	2.29091	0
2.305429e-06	2.29091	0
2.306454e-06	2.29088	0
2.307480e-06	2.29084	0
2.307480e-06	2.29084	0
2.308508e-06	2.2908	0
2.308508e-06	2.2908	0
2.309536e-06	2.29076	0
2.310565e-06	2.29073	0
2.310565e-06	2.29073	0
2.311595e-06	2.29069	0
2.311595e-06	2.29069	0
2.312626e-06	2.29065	0
2.312626e-06	2.29065	0
2.313659e-06	2.29061	0
2.313659e-06	2.29061	0
2.314692e-06	2.29058	0
2.314692e-06	2.29058	0
2.315725e-06	2.29054	0
2.316760e-06	2.2905	0
2.317796e-06	2.29047	0
2.317796e-06	2.29047	0
2.318832e-06	2.29043	0
2.319870e-06	2.29039	0
2.319870e-06	2.29039	0
2.320908e-06	2.29035	0
2.320908e-06	2.29035	0
2.321947e-06	2.29032	0
2.321947e-06	2.29032	0
2.322988e-06	2.29028	0
2.322988e-06	2.29028	0
2.324029e-06	2.29024	0
2.325071e-06	2.2902	0
2.325071e-06	2.2902	0
2.326114e-06	2.29017	0
2.326114e-06	2.29017	0
2.327158e-06	2.29013	0
2.327158e-06	2.29013	0
2.328203e-06	2.29009	0
2.328203e-06	2.29009	0
2.329249e-06	2.29006	0
2.329249e-06	2.29006	0
2.330296e-06	2.29002	0
2.331344e-06	2.28998	0
2.331344e-06	2.28998	0
2.332393e-06	2.28994	0
2.332393e-06	2.28994	0
2.333442e-06	2.28991	0
2.333442e-06	2.28991	0
2.334493e-06	2.28987	0
2.334493e-06	2.28987	0
2.335544e-06	2.28983	0
2.335544e-06	2.28983	0
2.336596e-06	2.28979	0
2.336596e-06	2.28979	0
2.337650e-06	2.28975	0
2.337650e-06	2.28975	0
2.338705e-06	2.28972	0
2.338705e-06	2.28972	0
2.339760e-06	2.28968	0
2.339760e-06	2.28968	0
2.340816e-06	2.28964	0
2.340816e-06	2.28964	0
2.341874e-06	2.2896	0
2.341874e-06	2.2896	0
2.342932e-06	2.28957	0
2.343991e-06	2.28953	0
2.345051e-06	2.28949	0
2.345051e-06	2.28949	0
2.346113e-06	2.28945	0
2.346113e-06	2.28945	0
2.347175e-06	2.28941	0
2.347175e-06	2.28941	0
2.348238e-06	2.28938	0
2.348238e-06	2.28938	0
2.349302e-06	2.28934	0
2.349302e-06	2.28934	0
2.350366e-06	2.2893	0
2.350366e-06	2.2893	0
2.351432e-06	2.28926	0
2.351432e-06	2.28926	0
2.352499e-06	2.28922	0
2.352500e-06	2.28922	0
2.353567e-06	2.28918	0
2.354636e-06	2.28915	0
2.355706e-06	2.28911	0
2.355706e-06	2.28911	0
2.356777e-06	2.28907	0
2.357848e-06	2.28903	0
2.358921e-06	2.28899	0
2.359995e-06	2.28896	0
2.359995e-06	2.28896	0
2.361069e-06	2.28892	0
2.361069e-06	2.28892	0
2.362145e-06	2.28888	0
2.363221e-06	2.28884	0
2.363221e-06	2.28884	0
2.364299e-06	2.2888	0
2.364299e-06	2.2888	0
2.365378e-06	2.28876	0
2.365378e-06	2.28876	0
2.366457e-06	2.28872	0
2.366457e-06	2.28872	0
2.367538e-06	2.28869	0
2.368620e-06	2.28865	0
2.368620e-06	2.28865	0
2.369703e-06	2.28861	0
2.369703e-06	2.28861	0
2.370786e-06	2.28857	0
2.370786e-06	2.28857	0
2.371870e-06	2.28853	0
2.371870e-06	2.28853	0
2.372956e-06	2.28849	0
2.374042e-06	2.28845	0
2.374042e-06	2.28845	0
2.375130e-06	2.28842	0
2.375130e-06	2.28842	0
2.376219e-06	2.28838	0
2.376219e-06	2.28838	0
2.377308e-06	2.28834	0
2.377308e-06	2.28834	0
2.378398e-06	2.2883	0
2.378398e-06	2.2883	0
2.379490e-06	2.28826	0
2.379490e-06	2.28826	0
2.380582e-06	2.28822	0
2.380582e-06	2.28822	0
2.381676e-06	2.28818	0
2.382771e-06	2.28814	0
2.382771e-06	2.28814	0
2.383866e-06	2.2881	0
2.383866e-06	2.2881	0
2.384962e-06	2.28807	0
2.384963e-06	2.28807	0
2.386060e-06	2.28803	0
2.386060e-06	2.28803	0
2.387158e-06	2.28799	0
2.387158e-06	2.28799	0
2.388258e-06	2.28795	0
2.388258e-06	2.28795	0
2.389359e-06	2.28791	0
2.390461e-06	2.28787	0
2.390461e-06	2.28787	0
2.391563e-06	2.28783	0
2.392666e-06	2.28779	0
2.392666e-06	2.28779	0
2.393771e-06	2.28775	0
2.394877e-06	2.28771	0
2.395984e-06	2.28768	0
2.397091e-06	2.28764	0
2.398200e-06	2.2876	0
2.399310e-06	2.28756	0
2.400420e-06	2.28752	0
2.400420e-06	2.28752	0
2.401532e-06	2.28748	0
2.401532e-06	2.28748	0
2.402645e-06	2.28744	0
2.402645e-06	2.28744	0
2.403760e-06	2.2874	0
2.403760e-06	2.2874	0
2.404874e-06	2.28736	0
2.405990e-06	2.28732	0
2.405990e-06	2.28732	0
2.407107e-06	2.28728	0
2.408225e-06	2.28724	0
2.409344e-06	2.2872	0
2.409344e-06	2.2872	0
2.410464e-06	2.28716	0
2.410464e-06	2.28716	0
2.411585e-06	2.28712	0
2.411585e-06	2.28712	0
2.412708e-06	2.28708	0
2.412708e-06	2.28708	0
2.413831e-06	2.28704	0
2.414955e-06	2.287	0
2.414955e-06	2.287	0
2.416080e-06	2.28696	0
2.416081e-06	2.28696	0
2.417207e-06	2.28692	0
2.418334e-06	2.28688	0
2.419463e-06	2.28684	0
2.419463e-06	2.28684	0
2.420592e-06	2.2868	0
2.420592e-06	2.2868	0
2.421723e-06	2.28676	0
2.421723e-06	2.28676	0
2.422854e-06	2.28672	0
2.422854e-06	2.28672	0
2.423987e-06	2.28668	0
2.425121e-06	2.28664	0
2.425121e-06	2.28664	0
2.426256e-06	2.2866	0
2.426256e-06	2.2866	0
2.427392e-06	2.28656	0
2.427392e-06	2.28656	0
2.428528e-06	2.28652	0
2.428528e-06	2.28652	0
2.429667e-06	2.28648	0
2.429667e-06	2.28648	0
2.430806e-06	2.28644	0
2.430806e-06	2.28644	0
2.431946e-06	2.2864	0
2.431946e-06	2.2864	0
2.433087e-06	2.28636	0
2.433087e-06	2.28636	0
2.434229e-06	2.28632	0
2.434229e-06	2.28632	0
2.435373e-06	2.28628	0
2.436517e-06	2.28624	0
2.437662e-06	2.2862	0
2.437662e-06	2.2862	0
2.438809e-06	2.28616	0
2.439957e-06	2.28612	0
2.439957e-06	2.28612	0
2.441106e-06	2.28608	0
2.442255e-06	2.28604	0
2.442255e-06	2.28604	0
2.443406e-06	2.286	0
2.443406e-06	2.286	0
2.444559e-06	2.28596	0
2.444559e-06	2.28596	0
2.445711e-06	2.28592	0
2.445711e-06	2.28592	0
2.446866e-06	2.28588	0
2.446866e-06	2.28588	0
2.448021e-06	2.28584	0
2.449177e-06	2.28579	0
2.449177e-06	2.28579	0
2.450335e-06	2.28575	0
2.450335e-06	2.28575	0
2.451494e-06	2.28571	0
2.451494e-06	2.28571	0
2.452653e-06	2.28567	0
2.453814e-06	2.28563	0
2.453814e-06	2.28563	0
2.454976e-06	2.28559	0
2.454976e-06	2.28559	0
2.456138e-06	2.28555	0
2.457302e-06	2.28551	0
2.457303e-06	2.28551	0
2.458468e-06	2.28547	0
2.459634e-06	2.28543	0
2.459634e-06	2.28543	0
2.460801e-06	2.28539	0
2.460801e-06	2.28539	0
2.461970e-06	2.28534	0
2.463140e-06	2.2853	0
2.463140e-06	2.2853	0
2.464310e-06	2.28526	0
2.465482e-06	2.28522	0
2.466655e-06	2.28518	0
2.467829e-06	2.28514	0
2.467829e-06	2.28514	0
2.469004e-06	2.2851	0
2.469004e-06	2.2851	0
2.470181e-06	2.28505	0
2.470181e-06	2.28505	0
2.471358e-06	2.28501	0
2.471358e-06	2.28501	0
2.472536e-06	2.28497	0
2.472536e-06	2.28497	0
2.473716e-06	2.28493	0
2.473716e-06	2.28493	0
2.474896e-06	2.28489	0
2.474896e-06	2.28489	0
2.476079e-06	2.28485	0
2.476079e-06	2.28485	0
2.477262e-06	2.28481	0
2.478446e-06	2.28477	0
2.478446e-06	2.28476	0
2.479631e-06	2.28472	0
2.480818e-06	2.28468	0
2.482005e-06	2.28464	0
2.482005e-06	2.28464	0
2.483194e-06	2.2846	0
2.484384e-06	2.28456	0
2.484384e-06	2.28456	0
2.485574e-06	2.28451	0
2.485574e-06	2.28451	0
2.486767e-06	2.28447	0
2.486767e-06	2.28447	0
2.487960e-06	2.28443	0
2.487960e-06	2.28443	0
2.489154e-06	2.28439	0
2.489154e-06	2.28439	0
2.490350e-06	2.28435	0
2.490350e-06	2.28435	0
2.491547e-06	2.2843	0
2.491547e-06	2.2843	0
2.492744e-06	2.28426	0
2.492744e-06	2.28426	0
2.493944e-06	2.28422	0
2.493944e-06	2.28422	0
2.495144e-06	2.28418	0
2.495144e-06	2.28418	0
2.496345e-06	2.28414	0
2.496345e-06	2.28414	0
2.497547e-06	2.28409	0
2.497547e-06	2.28409	0
2.498751e-06	2.28405	0
2.498751e-06	2.28405	0
2.499956e-06	2.28401	0
2.499956e-06	2.28401	0
2.501162e-06	2.28397	0
2.501162e-06	2.28397	0
2.502369e-06	2.28392	0
2.502369e-06	2.28392	0
2.503577e-06	2.28388	0
2.504787e-06	2.28384	0
2.504787e-06	2.28384	0
2.505997e-06	2.2838	0
2.505998e-06	2.2838	0
2.507209e-06	2.28376	0
2.507209e-06	2.28376	0
2.508422e-06	2.28371	0
2.509636e-06	2.28367	0
2.509636e-06	2.28367	0
2.510852e-06	2.28363	0
2.512068e-06	2.28358	0
2.513286e-06	2.28354	0
2.514504e-06	2.2835	0
2.514504e-06	2.2835	0
2.515725e-06	2.28346	0
2.515725e-06	2.28346	0
2.516946e-06	2.28341	0
2.516946e-06	2.28341	0
2.518168e-06	2.28337	0
2.518169e-06	2.28337	0
2.519392e-06	2.28333	0
2.519392e-06	2.28333	0
2.520617e-06	2.28328	0
2.520617e-06	2.28328	0
2.521843e-06	2.28324	0
2.523070e-06	2.2832	0
2.524298e-06	2.28316	0
2.524298e-06	2.28316	0
2.525528e-06	2.28311	0
2.525528e-06	2.28311	0
2.526758e-06	2.28307	0
2.526758e-06	2.28307	0
2.527991e-06	2.28303	0
2.527991e-06	2.28303	0
2.529224e-06	2.28298	0
2.529224e-06	2.28298	0
2.530458e-06	2.28294	0
2.530458e-06	2.28294	0
2.531694e-06	2.2829	0
2.531694e-06	2.2829	0
2.532931e-06	2.28285	0
2.532931e-06	2.28285	0
2.534168e-06	2.28281	0
2.534168e-06	2.28281	0
2.535408e-06	2.28277	0
2.535408e-06	2.28277	0
2.536648e-06	2.28272	0
2.536648e-06	2.28272	0
2.537889e-06	2.28268	0
2.537889e-06	2.28268	0
2.539132e-06	2.28264	0
2.539132e-06	2.28264	0
2.540377e-06	2.28259	0
2.540377e-06	2.28259	0
2.541622e-06	2.28255	0
2.541622e-06	2.28255	0
2.542868e-06	2.28251	0
2.542868e-06	2.28251	0
2.544116e-06	2.28246	0
2.544116e-06	2.28246	0
2.545365e-06	2.28242	0
2.545365e-06	2.28242	0
2.546615e-06	2.28238	0
2.546615e-06	2.28238	0
2.547867e-06	2.28233	0
2.547867e-06	2.28233	0
2.549119e-06	2.28229	0
2.550373e-06	2.28224	0
2.551628e-06	2.2822	0
2.551628e-06	2.2822	0
2.552884e-06	2.28215	0
2.552884e-06	2.28215	0
2.554142e-06	2.28211	0
2.555401e-06	2.28207	0
2.555401e-06	2.28207	0
2.556661e-06	2.28202	0
2.556661e-06	2.28202	0
2.557922e-06	2.28198	0
2.557922e-06	2.28198	0
2.559185e-06	2.28193	0
2.560449e-06	2.28189	0
2.561714e-06	2.28185	0
2.561714e-06	2.28185	0
2.562980e-06	2.2818	0
2.564247e-06	2.28176	0
2.564247e-06	2.28176	0
2.565516e-06	2.28171	0
2.566787e-06	2.28167	0
2.566787e-06	2.28167	0
2.568058e-06	2.28163	0
2.569330e-06	2.28158	0
2.570604e-06	2.28154	0
2.570604e-06	2.28154	0
2.571879e-06	2.28149	0
2.573155e-06	2.28145	0
2.573156e-06	2.28145	0
2.574433e-06	2.2814	0
2.574433e-06	2.2814	0
2.575712e-06	2.28136	0
2.575713e-06	2.28136	0
2.576992e-06	2.28131	0
2.576992e-06	2.28131	0
2.578274e-06	2.28127	0
2.579557e-06	2.28122	0
2.579557e-06	2.28122	0
2.580840e-06	2.28118	0
2.580840e-06	2.28118	0
2.582126e-06	2.28113	0
2.582126e-06	2.28113	0
2.583413e-06	2.28109	0
2.583413e-06	2.28109	0
2.584700e-06	2.28104	0
2.585989e-06	2.281	0
2.585989e-06	2.281	0
2.587280e-06	2.28095	0
2.587280e-06	2.28095	0
2.588571e-06	2.28091	0
2.588571e-06	2.28091	0
2.589864e-06	2.28086	0
2.589865e-06	2.28086	0
2.591159e-06	2.28082	0
2.592454e-06	2.28077	0
2.592454e-06	2.28077	0
2.593751e-06	2.28073	0
2.593751e-06	2.28073	0
2.595050e-06	2.28068	0
2.595050e-06	2.28068	0
2.596349e-06	2.28064	0
2.596349e-06	2.28064	0
2.597650e-06	2.28059	0
2.597650e-06	2.28059	0
2.598952e-06	2.28055	0
2.598952e-06	2.28055	0
2.600255e-06	2.2805	0
2.600255e-06	2.2805	0
2.601560e-06	2.28045	0
2.601560e-06	2.28045	0
2.602866e-06	2.28041	0
2.602866e-06	2.28041	0
2.604173e-06	2.28036	0
2.604173e-06	2.28036	0
2.605482e-06	2.28032	0
2.605482e-06	2.28032	0
2.606792e-06	2.28027	0
2.606792e-06	2.28027	0
2.608103e-06	2.28023	0
2.608103e-06	2.28023	0
2.609415e-06	2.28018	0
2.609416e-06	2.28018	0
2.610729e-06	2.28013	0
2.610729e-06	2.28013	0
2.612045e-06	2.28009	0
2.613361e-06	2.28004	0
2.613361e-06	2.28004	0
2.614679e-06	2.28	0
2.614679e-06	2.28	0
2.615998e-06	2.27995	0
2.615998e-06	2.27995	0
2.617319e-06	2.2799	0
2.618641e-06	2.27986	0
2.618641e-06	2.27986	0
2.619964e-06	2.27981	0
2.619964e-06	2.27981	0
2.621288e-06	2.27976	0
2.621288e-06	2.27976	0
2.622614e-06	2.27972	0
2.622615e-06	2.27972	0
2.623941e-06	2.27967	0
2.623941e-06	2.27967	0
2.625270e-06	2.27963	0
2.626600e-06	2.27958	0
2.627932e-06	2.27953	0
2.627932e-06	2.27953	0
2.629264e-06	2.27949	0
2.629264e-06	2.27949	0
2.630598e-06	2.27944	0
2.631933e-06	2.27939	0
2.631933e-06	2.27939	0
2.633270e-06	2.27935	0
2.633270e-06	2.27935	0
2.634608e-06	2.2793	0
2.635948e-06	2.27925	0
2.635948e-06	2.27925	0
2.637288e-06	2.27921	0
2.637288e-06	2.27921	0
2.638630e-06	2.27916	0
2.638630e-06	2.27916	0
2.639973e-06	2.27911	0
2.639973e-06	2.27911	0
2.641319e-06	2.27907	0
2.641319e-06	2.27907	0
2.642665e-06	2.27902	0
2.642665e-06	2.27902	0
2.644013e-06	2.27897	0
2.644013e-06	2.27897	0
2.645361e-06	2.27892	0
2.645361e-06	2.27892	0
2.646712e-06	2.27888	0
2.648064e-06	2.27883	0
2.649416e-06	2.27878	0
2.649417e-06	2.27878	0
2.650771e-06	2.27874	0
2.650771e-06	2.27874	0
2.652127e-06	2.27869	0
2.652127e-06	2.27869	0
2.653484e-06	2.27864	0
2.653484e-06	2.27864	0
2.654843e-06	2.27859	0
2.656203e-06	2.27855	0
2.656203e-06	2.27855	0
2.657564e-06	2.2785	0
2.657564e-06	2.2785	0
2.658927e-06	2.27845	0
2.658927e-06	2.27845	0
2.660292e-06	2.2784	0
2.661657e-06	2.27835	0
2.663024e-06	2.27831	0
2.663024e-06	2.27831	0
2.664393e-06	2.27826	0
2.665763e-06	2.27821	0
2.667134e-06	2.27816	0
2.668507e-06	2.27812	0
2.668507e-06	2.27812	0
2.669880e-06	2.27807	0
2.669880e-06	2.27807	0
2.671256e-06	2.27802	0
2.671256e-06	2.27802	0
2.672633e-06	2.27797	0
2.672633e-06	2.27797	0
2.674012e-06	2.27792	0
2.675391e-06	2.27787	0
2.676773e-06	2.27783	0
2.676773e-06	2.27783	0
2.678155e-06	2.27778	0
2.678155e-06	2.27778	0
2.679539e-06	2.27773	0
2.679539e-06	2.27773	0
2.680925e-06	2.27768	0
2.680925e-06	2.27768	0
2.682312e-06	2.27763	0
2.683700e-06	2.27759	0
2.685090e-06	2.27754	0
2.686481e-06	2.27749	0
2.686481e-06	2.27749	0
2.687874e-06	2.27744	0
2.687874e-06	2.27744	0
2.689268e-06	2.27739	0
2.690664e-06	2.27734	0
2.690664e-06	2.27734	0
2.692060e-06	2.27729	0
2.692060e-06	2.27729	0
2.693459e-06	2.27724	0
2.694858e-06	2.27719	0
2.694858e-06	2.27719	0
2.696260e-06	2.27715	0
2.696260e-06	2.27715	0
2.697663e-06	2.2771	0
2.699068e-06	2.27705	0
2.700473e-06	2.277	0
2.701880e-06	2.27695	0
2.701880e-06	2.27695	0
2.703289e-06	2.2769	0
2.703290e-06	2.2769	0
2.704699e-06	2.27685	0
2.706111e-06	2.2768	0
2.707524e-06	2.27675	0
2.707524e-06	2.27675	0
2.708938e-06	2.2767	0
2.708938e-06	2.2767	0
2.710355e-06	2.27665	0
2.710355e-06	2.27665	0
2.711772e-06	2.2766	0
2.711772e-06	2.2766	0
2.713191e-06	2.27655	0
2.714612e-06	2.2765	0
2.716034e-06	2.27645	0
2.717457e-06	2.27641	0
2.718882e-06	2.27636	0
2.718882e-06	2.27636	0
2.720309e-06	2.2763	0
2.721737e-06	2.27625	0
2.721737e-06	2.27625	0
2.723166e-06	2.27621	0
2.723166e-06	2.27621	0
2.724597e-06	2.27616	0
2.724597e-06	2.27616	0
2.726029e-06	2.2761	0
2.726030e-06	2.2761	0
2.727464e-06	2.27605	0
2.727464e-06	2.27605	0
2.728899e-06	2.27601	0
2.728899e-06	2.27601	0
2.730337e-06	2.27595	0
2.730337e-06	2.27595	0
2.731775e-06	2.2759	0
2.731775e-06	2.2759	0
2.733215e-06	2.27585	0
2.734656e-06	2.2758	0
2.736099e-06	2.27575	0
2.736099e-06	2.27575	0
2.737544e-06	2.2757	0
2.737544e-06	2.2757	0
2.738991e-06	2.27565	0
2.738991e-06	2.27565	0
2.740438e-06	2.2756	0
2.740438e-06	2.2756	0
2.741887e-06	2.27555	0
2.741887e-06	2.27555	0
2.743337e-06	2.2755	0
2.743337e-06	2.2755	0
2.744790e-06	2.27545	0
2.746244e-06	2.2754	0
2.747700e-06	2.27535	0
2.747700e-06	2.27535	0
2.749156e-06	2.2753	0
2.750615e-06	2.27524	0
2.750615e-06	2.27524	0
2.752074e-06	2.27519	0
2.752074e-06	2.27519	0
2.753536e-06	2.27514	0
2.754999e-06	2.27509	0
2.754999e-06	2.27509	0
2.756464e-06	2.27504	0
2.756464e-06	2.27504	0
2.757930e-06	2.27499	0
2.757930e-06	2.27499	0
2.759398e-06	2.27494	0
2.760867e-06	2.27488	0
2.760867e-06	2.27488	0
2.762338e-06	2.27483	0
2.762338e-06	2.27483	0
2.763811e-06	2.27478	0
2.763811e-06	2.27478	0
2.765285e-06	2.27473	0
2.765285e-06	2.27473	0
2.766760e-06	2.27468	0
2.768237e-06	2.27463	0
2.768237e-06	2.27463	0
2.769716e-06	2.27458	0
2.769716e-06	2.27458	0
2.771196e-06	2.27452	0
2.772678e-06	2.27447	0
2.772678e-06	2.27447	0
2.774162e-06	2.27442	0
2.774162e-06	2.27442	0
2.775647e-06	2.27437	0
2.775647e-06	2.27437	0
2.777134e-06	2.27432	0
2.777134e-06	2.27432	0
2.778622e-06	2.27426	0
2.778622e-06	2.27426	0
2.780112e-06	2.27421	0
2.780112e-06	2.27421	0
2.781603e-06	2.27416	0
2.781603e-06	2.27416	0
2.783097e-06	2.27411	0
2.783097e-06	2.27411	0
2.784591e-06	2.27405	0
2.784591e-06	2.27405	0
2.786087e-06	2.274	0
2.786087e-06	2.274	0
2.787585e-06	2.27395	0
2.787585e-06	2.27395	0
2.789084e-06	2.2739	0
2.789084e-06	2.2739	0
2.790586e-06	2.27384	0
2.790586e-06	2.27384	0
2.792089e-06	2.27379	0
2.792089e-06	2.27379	0
2.793593e-06	2.27374	0
2.793593e-06	2.27374	0
2.795099e-06	2.27368	0
2.795099e-06	2.27368	0
2.796607e-06	2.27363	0
2.796607e-06	2.27363	0
2.798116e-06	2.27358	0
2.798116e-06	2.27358	0
2.799626e-06	2.27352	0
2.799627e-06	2.27352	0
2.801139e-06	2.27347	0
2.802653e-06	2.27342	0
2.804169e-06	2.27337	0
2.805687e-06	2.27331	0
2.805687e-06	2.27331	0
2.807206e-06	2.27326	0
2.807206e-06	2.27326	0
2.808726e-06	2.27321	0
2.810249e-06	2.27315	0
2.810249e-06	2.27315	0
2.811772e-06	2.2731	0
2.813298e-06	2.27305	0
2.814826e-06	2.27299	0
2.814826e-06	2.27299	0
2.816355e-06	2.27294	0
2.817885e-06	2.27288	0
2.819417e-06	2.27283	0
2.819417e-06	2.27283	0
2.820952e-06	2.27278	0
2.820952e-06	2.27278	0
2.822487e-06	2.27272	0
2.824024e-06	2.27267	0
2.824024e-06	2.27267	0
2.825563e-06	2.27261	0
2.825563e-06	2.27261	0
2.827104e-06	2.27256	0
2.827104e-06	2.27256	0
2.828646e-06	2.27251	0
2.828646e-06	2.27251	0
2.830191e-06	2.27245	0
2.830191e-06	2.27245	0
2.831736e-06	2.2724	0
2.833283e-06	2.27234	0
2.833283e-06	2.27234	0
2.834833e-06	2.27229	0
2.834833e-06	2.27229	0
2.836383e-06	2.27223	0
2.837936e-06	2.27218	0
2.837936e-06	2.27218	0
2.839490e-06	2.27212	0
2.839490e-06	2.27212	0
2.841045e-06	2.27207	0
2.841046e-06	2.27207	0
2.842603e-06	2.27201	0
2.842603e-06	2.27201	0
2.844163e-06	2.27196	0
2.844163e-06	2.27196	0
2.845723e-06	2.2719	0
2.845723e-06	2.2719	0
2.847286e-06	2.27185	0
2.847286e-06	2.27185	0
2.848851e-06	2.27179	0
2.850417e-06	2.27174	0
2.850417e-06	2.27174	0
2.851985e-06	2.27168	0
2.853555e-06	2.27163	0
2.853555e-06	2.27163	0
2.855125e-06	2.27157	0
2.855126e-06	2.27157	0
2.856699e-06	2.27152	0
2.856699e-06	2.27152	0
2.858274e-06	2.27146	0
2.859850e-06	2.27141	0
2.861428e-06	2.27135	0
2.861429e-06	2.27135	0
2.863009e-06	2.27129	0
2.863009e-06	2.27129	0
2.864590e-06	2.27124	0
2.866174e-06	2.27118	0
2.866174e-06	2.27118	0
2.867759e-06	2.27113	0
2.867759e-06	2.27113	0
2.869346e-06	2.27107	0
2.869346e-06	2.27107	0
2.870935e-06	2.27101	0
2.870935e-06	2.27101	0
2.872526e-06	2.27096	0
2.872526e-06	2.27096	0
2.874117e-06	2.2709	0
2.874117e-06	2.2709	0
2.875712e-06	2.27084	0
2.875712e-06	2.27084	0
2.877308e-06	2.27079	0
2.877308e-06	2.27079	0
2.878906e-06	2.27073	0
2.878906e-06	2.27073	0
2.880504e-06	2.27068	0
2.880504e-06	2.27068	0
2.882106e-06	2.27062	0
2.883709e-06	2.27056	0
2.883709e-06	2.27056	0
2.885313e-06	2.2705	0
2.885313e-06	2.2705	0
2.886920e-06	2.27045	0
2.886920e-06	2.27045	0
2.888529e-06	2.27039	0
2.890138e-06	2.27033	0
2.891750e-06	2.27028	0
2.891751e-06	2.27028	0
2.893364e-06	2.27022	0
2.893365e-06	2.27022	0
2.894979e-06	2.27016	0
2.894979e-06	2.27016	0
2.896597e-06	2.27011	0
2.898216e-06	2.27005	0
2.898216e-06	2.27005	0
2.899837e-06	2.26999	0
2.899837e-06	2.26999	0
2.901460e-06	2.26993	0
2.901460e-06	2.26993	0
2.903084e-06	2.26988	0
2.903085e-06	2.26988	0
2.904710e-06	2.26982	0
2.904710e-06	2.26982	0
2.906339e-06	2.26976	0
2.906339e-06	2.26976	0
2.907969e-06	2.2697	0
2.907969e-06	2.2697	0
2.909600e-06	2.26964	0
2.909600e-06	2.26964	0
2.911234e-06	2.26959	0
2.911234e-06	2.26959	0
2.912870e-06	2.26953	0
2.912870e-06	2.26953	0
2.914507e-06	2.26947	0
2.916146e-06	2.26941	0
2.916146e-06	2.26941	0
2.917788e-06	2.26935	0
2.917788e-06	2.26935	0
2.919430e-06	2.2693	0
2.921075e-06	2.26924	0
2.921075e-06	2.26924	0
2.922722e-06	2.26918	0
2.924370e-06	2.26912	0
2.926021e-06	2.26906	0
2.926021e-06	2.26906	0
2.927673e-06	2.269	0
2.929327e-06	2.26894	0
2.929327e-06	2.26894	0
2.930983e-06	2.26889	0
2.930983e-06	2.26889	0
2.932641e-06	2.26883	0
2.932641e-06	2.26883	0
2.934300e-06	2.26877	0
2.934300e-06	2.26877	0
2.935962e-06	2.26871	0
2.935962e-06	2.26871	0
2.937625e-06	2.26865	0
2.937625e-06	2.26865	0
2.939290e-06	2.26859	0
2.939290e-06	2.26859	0
2.940958e-06	2.26853	0
2.940958e-06	2.26853	0
2.942627e-06	2.26847	0
2.944297e-06	2.26841	0
2.944297e-06	2.26841	0
2.945970e-06	2.26835	0
2.945971e-06	2.26835	0
2.947646e-06	2.26829	0
2.947646e-06	2.26829	0
2.949323e-06	2.26823	0
2.949323e-06	2.26823	0
2.951001e-06	2.26817	0
2.951001e-06	2.26817	0
2.952681e-06	2.26811	0
2.952681e-06	2.26811	0
2.954364e-06	2.26805	0
2.954364e-06	2.26805	0
2.956048e-06	2.26799	0
2.957735e-06	2.26793	0
2.957735e-06	2.26793	0
2.959423e-06	2.26787	0
2.961113e-06	2.26781	0
2.961113e-06	2.26781	0
2.962805e-06	2.26775	0
2.962805e-06	2.26775	0
2.964499e-06	2.26769	0
2.964499e-06	2.26769	0
2.966195e-06	2.26763	0
2.966195e-06	2.26763	0
2.967893e-06	2.26757	0
2.967893e-06	2.26757	0
2.969593e-06	2.26751	0
2.969593e-06	2.26751	0
2.971294e-06	2.26745	0
2.972998e-06	2.26739	0
2.974704e-06	2.26733	0
2.974704e-06	2.26733	0
2.976411e-06	2.26727	0
2.976411e-06	2.26727	0
2.978121e-06	2.26721	0
2.978121e-06	2.26721	0
2.979833e-06	2.26714	0
2.979833e-06	2.26714	0
2.981546e-06	2.26708	0
2.981546e-06	2.26708	0
2.983261e-06	2.26702	0
2.983262e-06	2.26702	0
2.984979e-06	2.26696	0
2.984979e-06	2.26696	0
2.986698e-06	2.2669	0
2.988420e-06	2.26684	0
2.990144e-06	2.26677	0
2.990144e-06	2.26677	0
2.991868e-06	2.26671	0
2.991868e-06	2.26671	0
2.993596e-06	2.26665	0
2.995326e-06	2.26659	0
2.995326e-06	2.26659	0
2.997057e-06	2.26653	0
2.997057e-06	2.26653	0
2.998790e-06	2.26647	0
2.998790e-06	2.26647	0
3.000526e-06	2.2664	0
3.002263e-06	2.26634	0
3.002263e-06	2.26634	0
3.004002e-06	2.26628	0
3.004003e-06	2.26628	0
3.005744e-06	2.26622	0
3.005744e-06	2.26622	0
3.007487e-06	2.26615	0
3.007487e-06	2.26615	0
3.009233e-06	2.26609	0
3.010981e-06	2.26603	0
3.010981e-06	2.26603	0
3.012730e-06	2.26597	0
3.012730e-06	2.26597	0
3.014482e-06	2.2659	0
3.014482e-06	2.2659	0
3.016236e-06	2.26584	0
3.016236e-06	2.26584	0
3.017991e-06	2.26578	0
3.017991e-06	2.26578	0
3.019749e-06	2.26571	0
3.019749e-06	2.26571	0
3.021509e-06	2.26565	0
3.021509e-06	2.26565	0
3.023270e-06	2.26559	0
3.023270e-06	2.26559	0
3.025034e-06	2.26552	0
3.026800e-06	2.26546	0
3.026800e-06	2.26546	0
3.028569e-06	2.2654	0
3.028569e-06	2.2654	0
3.030338e-06	2.26533	0
3.030338e-06	2.26533	0
3.032110e-06	2.26527	0
3.032110e-06	2.26527	0
3.033885e-06	2.2652	0
3.033885e-06	2.2652	0
3.035661e-06	2.26514	0
3.035661e-06	2.26514	0
3.037439e-06	2.26508	0
3.037439e-06	2.26508	0
3.039220e-06	2.26501	0
3.041002e-06	2.26495	0
3.041002e-06	2.26495	0
3.042787e-06	2.26488	0
3.042787e-06	2.26488	0
3.044574e-06	2.26482	0
3.044574e-06	2.26482	0
3.046362e-06	2.26476	0
3.048153e-06	2.26469	0
3.048153e-06	2.26469	0
3.049946e-06	2.26463	0
3.049947e-06	2.26463	0
3.051741e-06	2.26456	0
3.053539e-06	2.2645	0
3.053539e-06	2.2645	0
3.055338e-06	2.26443	0
3.055338e-06	2.26443	0
3.057139e-06	2.26437	0
3.058943e-06	2.2643	0
3.058943e-06	2.2643	0
3.060749e-06	2.26424	0
3.060749e-06	2.26424	0
3.062556e-06	2.26417	0
3.062556e-06	2.26417	0
3.064367e-06	2.2641	0
3.064367e-06	2.2641	0
3.066179e-06	2.26404	0
3.066179e-06	2.26404	0
3.067993e-06	2.26397	0
3.067993e-06	2.26397	0
3.069810e-06	2.26391	0
3.069810e-06	2.26391	0
3.071628e-06	2.26384	0
3.071629e-06	2.26384	0
3.073449e-06	2.26378	0
3.073449e-06	2.26378	0
3.075272e-06	2.26371	0
3.077097e-06	2.26364	0
3.078924e-06	2.26358	0
3.078924e-06	2.26358	0
3.080754e-06	2.26351	0
3.080754e-06	2.26351	0
3.082585e-06	2.26344	0
3.082586e-06	2.26344	0
3.084419e-06	2.26338	0
3.084419e-06	2.26338	0
3.086255e-06	2.26331	0
3.086255e-06	2.26331	0
3.088093e-06	2.26324	0
3.088093e-06	2.26324	0
3.089934e-06	2.26318	0
3.091776e-06	2.26311	0
3.093621e-06	2.26304	0
3.095467e-06	2.26298	0
3.095467e-06	2.26298	0
3.097317e-06	2.26291	0
3.099168e-06	2.26284	0
3.099168e-06	2.26284	0
3.101022e-06	2.26278	0
3.101022e-06	2.26278	0
3.102877e-06	2.26271	0
3.102878e-06	2.26271	0
3.104736e-06	2.26264	0
3.106595e-06	2.26257	0
3.106595e-06	2.26257	0
3.108458e-06	2.26251	0
3.108458e-06	2.26251	0
3.110323e-06	2.26244	0
3.110323e-06	2.26244	0
3.112190e-06	2.26237	0
3.112190e-06	2.26237	0
3.114059e-06	2.2623	0
3.115931e-06	2.26223	0
3.115931e-06	2.26223	0
3.117805e-06	2.26216	0
3.117805e-06	2.26216	0
3.119680e-06	2.2621	0
3.119680e-06	2.2621	0
3.121558e-06	2.26203	0
3.121558e-06	2.26203	0
3.123439e-06	2.26196	0
3.123439e-06	2.26196	0
3.125321e-06	2.26189	0
3.125321e-06	2.26189	0
3.127207e-06	2.26182	0
3.127207e-06	2.26182	0
3.129094e-06	2.26175	0
3.129094e-06	2.26175	0
3.130983e-06	2.26168	0
3.130983e-06	2.26168	0
3.132875e-06	2.26161	0
3.132875e-06	2.26161	0
3.134770e-06	2.26155	0
3.134770e-06	2.26155	0
3.136665e-06	2.26148	0
3.136666e-06	2.26148	0
3.138564e-06	2.26141	0
3.138564e-06	2.26141	0
3.140466e-06	2.26134	0
3.140466e-06	2.26134	0
3.142369e-06	2.26127	0
3.142369e-06	2.26127	0
3.144274e-06	2.2612	0
3.144274e-06	2.2612	0
3.146183e-06	2.26113	0
3.146183e-06	2.26113	0
3.148092e-06	2.26106	0
3.148092e-06	2.26106	0
3.150005e-06	2.26099	0
3.151920e-06	2.26092	0
3.151920e-06	2.26092	0
3.153837e-06	2.26085	0
3.155757e-06	2.26078	0
3.155757e-06	2.26078	0
3.157679e-06	2.26071	0
3.157679e-06	2.26071	0
3.159603e-06	2.26064	0
3.159603e-06	2.26064	0
3.161529e-06	2.26057	0
3.161530e-06	2.26057	0
3.163459e-06	2.2605	0
3.163459e-06	2.2605	0
3.165390e-06	2.26043	0
3.165390e-06	2.26042	0
3.167323e-06	2.26035	0
3.167323e-06	2.26035	0
3.169260e-06	2.26028	0
3.169260e-06	2.26028	0
3.171197e-06	2.26021	0
3.171198e-06	2.26021	0
3.173138e-06	2.26014	0
3.173138e-06	2.26014	0
3.175082e-06	2.26007	0
3.177028e-06	2.26	0
3.178975e-06	2.25992	0
3.180926e-06	2.25985	0
3.180926e-06	2.25985	0
3.182878e-06	2.25978	0
3.182878e-06	2.25978	0
3.184833e-06	2.25971	0
3.186791e-06	2.25964	0
3.186791e-06	2.25964	0
3.188751e-06	2.25956	0
3.188751e-06	2.25956	0
3.190713e-06	2.25949	0
3.190713e-06	2.25949	0
3.192678e-06	2.25942	0
3.192678e-06	2.25942	0
3.194644e-06	2.25935	0
3.194644e-06	2.25935	0
3.196614e-06	2.25928	0
3.198586e-06	2.2592	0
3.198587e-06	2.2592	0
3.200561e-06	2.25913	0
3.200561e-06	2.25913	0
3.202538e-06	2.25906	0
3.202538e-06	2.25906	0
3.204517e-06	2.25898	0
3.206498e-06	2.25891	0
3.206498e-06	2.25891	0
3.208483e-06	2.25884	0
3.210470e-06	2.25876	0
3.210470e-06	2.25876	0
3.212459e-06	2.25869	0
3.212459e-06	2.25869	0
3.214450e-06	2.25862	0
3.214450e-06	2.25862	0
3.216445e-06	2.25854	0
3.216445e-06	2.25854	0
3.218441e-06	2.25847	0
3.218441e-06	2.25847	0
3.220440e-06	2.25839	0
3.220440e-06	2.25839	0
3.222442e-06	2.25832	0
3.222442e-06	2.25832	0
3.224446e-06	2.25825	0
3.224446e-06	2.25825	0
3.226452e-06	2.25817	0
3.226452e-06	2.25817	0
3.228461e-06	2.2581	0
3.228461e-06	2.2581	0
3.230473e-06	2.25802	0
3.230473e-06	2.25802	0
3.232486e-06	2.25795	0
3.232486e-06	2.25795	0
3.234503e-06	2.25787	0
3.234503e-06	2.25787	0
3.236522e-06	2.2578	0
3.236522e-06	2.2578	0
3.238543e-06	2.25772	0
3.238543e-06	2.25772	0
3.240568e-06	2.25765	0
3.242595e-06	2.25757	0
3.242595e-06	2.25757	0
3.244624e-06	2.2575	0
3.244624e-06	2.2575	0
3.246655e-06	2.25742	0
3.246655e-06	2.25742	0
3.248690e-06	2.25734	0
3.250726e-06	2.25727	0
3.252766e-06	2.25719	0
3.252766e-06	2.25719	0
3.254808e-06	2.25712	0
3.254808e-06	2.25712	0
3.256853e-06	2.25704	0
3.256853e-06	2.25704	0
3.258899e-06	2.25696	0
3.260949e-06	2.25689	0
3.263000e-06	2.25681	0
3.263000e-06	2.25681	0
3.265056e-06	2.25673	0
3.265056e-06	2.25673	0
3.267113e-06	2.25666	0
3.267113e-06	2.25666	0
3.269174e-06	2.25658	0
3.269174e-06	2.25658	0
3.271236e-06	2.2565	0
3.271236e-06	2.2565	0
3.273301e-06	2.25643	0
3.275368e-06	2.25635	0
3.277439e-06	2.25627	0
3.277439e-06	2.25627	0
3.279512e-06	2.25619	0
3.281588e-06	2.25612	0
3.281588e-06	2.25612	0
3.283666e-06	2.25604	0
3.283666e-06	2.25604	0
3.285747e-06	2.25596	0
3.287830e-06	2.25588	0
3.287830e-06	2.25588	0
3.289916e-06	2.2558	0
3.289917e-06	2.2558	0
3.292005e-06	2.25573	0
3.292005e-06	2.25573	0
3.294097e-06	2.25565	0
3.294097e-06	2.25565	0
3.296191e-06	2.25557	0
3.296191e-06	2.25557	0
3.298288e-06	2.25549	0
3.300387e-06	2.25541	0
3.300387e-06	2.25541	0
3.302489e-06	2.25533	0
3.304594e-06	2.25525	0
3.304595e-06	2.25525	0
3.306702e-06	2.25517	0
3.306702e-06	2.25517	0
3.308812e-06	2.25509	0
3.308812e-06	2.25509	0
3.310925e-06	2.25502	0
3.313041e-06	2.25494	0
3.315159e-06	2.25486	0
3.315159e-06	2.25486	0
3.317280e-06	2.25478	0
3.319404e-06	2.25469	0
3.321530e-06	2.25461	0
3.321530e-06	2.25461	0
3.323659e-06	2.25454	0
3.323659e-06	2.25454	0
3.325791e-06	2.25446	0
3.325792e-06	2.25445	0
3.327925e-06	2.25437	0
3.327925e-06	2.25437	0
3.330063e-06	2.25429	0
3.330063e-06	2.25429	0
3.332204e-06	2.25421	0
3.334346e-06	2.25413	0
3.334346e-06	2.25413	0
3.336492e-06	2.25405	0
3.336492e-06	2.25405	0
3.338641e-06	2.25397	0
3.338641e-06	2.25397	0
3.340792e-06	2.25389	0
3.342945e-06	2.25381	0
3.342945e-06	2.25381	0
3.345102e-06	2.25372	0
3.345102e-06	2.25372	0
3.347261e-06	2.25364	0
3.347261e-06	2.25364	0
3.349424e-06	2.25356	0
3.351589e-06	2.25348	0
3.351589e-06	2.25348	0
3.353758e-06	2.2534	0
3.355928e-06	2.25331	0
3.355928e-06	2.25331	0
3.358102e-06	2.25323	0
3.358102e-06	2.25323	0
3.360277e-06	2.25315	0
3.360277e-06	2.25315	0
3.362457e-06	2.25307	0
3.362457e-06	2.25307	0
3.364639e-06	2.25298	0
3.366824e-06	2.2529	0
3.366824e-06	2.2529	0
3.369011e-06	2.25282	0
3.369011e-06	2.25282	0
3.371202e-06	2.25273	0
3.373395e-06	2.25265	0
3.373395e-06	2.25265	0
3.375591e-06	2.25257	0
3.375591e-06	2.25257	0
3.377791e-06	2.25248	0
3.377791e-06	2.25248	0
3.379993e-06	2.2524	0
3.382197e-06	2.25231	0
3.384405e-06	2.25223	0
3.386616e-06	2.25215	0
3.388829e-06	2.25206	0
3.391046e-06	2.25198	0
3.391046e-06	2.25198	0
3.393265e-06	2.25189	0
3.393265e-06	2.25189	0
3.395487e-06	2.25181	0
3.395487e-06	2.25181	0
3.397712e-06	2.25172	0
3.399941e-06	2.25164	0
3.399941e-06	2.25164	0
3.402171e-06	2.25155	0
3.402171e-06	2.25155	0
3.404405e-06	2.25147	0
3.404405e-06	2.25147	0
3.406642e-06	2.25138	0
3.408881e-06	2.25129	0
3.411124e-06	2.25121	0
3.413370e-06	2.25112	0
3.415618e-06	2.25103	0
3.417870e-06	2.25095	0
3.420125e-06	2.25086	0
3.420125e-06	2.25086	0
3.422381e-06	2.25077	0
3.422381e-06	2.25077	0
3.424642e-06	2.25069	0
3.426906e-06	2.2506	0
3.426906e-06	2.2506	0
3.429172e-06	2.25051	0
3.431442e-06	2.25043	0
3.431442e-06	2.25043	0
3.433714e-06	2.25034	0
3.433714e-06	2.25034	0
3.435989e-06	2.25025	0
3.438268e-06	2.25016	0
3.440550e-06	2.25007	0
3.442835e-06	2.24999	0
3.445122e-06	2.2499	0
3.447413e-06	2.24981	0
3.449706e-06	2.24972	0
3.452003e-06	2.24963	0
3.452003e-06	2.24963	0
3.454303e-06	2.24954	0
3.456606e-06	2.24945	0
3.456606e-06	2.24945	0
3.458911e-06	2.24937	0
3.458911e-06	2.24937	0
3.461221e-06	2.24928	0
3.461221e-06	2.24928	0
3.463532e-06	2.24919	0
3.465848e-06	2.2491	0
3.465848e-06	2.2491	0
3.468166e-06	2.24901	0
3.468167e-06	2.24901	0
3.470488e-06	2.24892	0
3.470488e-06	2.24892	0
3.472812e-06	2.24883	0
3.472812e-06	2.24883	0
3.475140e-06	2.24874	0
3.477471e-06	2.24864	0
3.479804e-06	2.24855	0
3.482141e-06	2.24846	0
3.482141e-06	2.24846	0
3.484482e-06	2.24837	0
3.486825e-06	2.24828	0
3.486825e-06	2.24828	0
3.489171e-06	2.24819	0
3.489171e-06	2.24819	0
3.491521e-06	2.2481	0
3.491521e-06	2.2481	0
3.493873e-06	2.24801	0
3.493874e-06	2.24801	0
3.496230e-06	2.24791	0
3.496230e-06	2.24791	0
3.498589e-06	2.24782	0
3.500951e-06	2.24773	0
3.500951e-06	2.24773	0
3.503316e-06	2.24764	0
3.503316e-06	2.24764	0
3.505686e-06	2.24755	0
3.505686e-06	2.24755	0
3.508057e-06	2.24745	0
3.508057e-06	2.24745	0
3.510432e-06	2.24736	0
3.510432e-06	2.24736	0
3.512811e-06	2.24727	0
3.515192e-06	2.24717	0
3.515192e-06	2.24717	0
3.517577e-06	2.24708	0
3.519965e-06	2.24699	0
3.519965e-06	2.24699	0
3.522356e-06	2.24689	0
3.524751e-06	2.2468	0
3.524751e-06	2.2468	0
3.527149e-06	2.2467	0
3.529549e-06	2.24661	0
3.529549e-06	2.24661	0
3.531954e-06	2.24652	0
3.534362e-06	2.24642	0
3.536772e-06	2.24633	0
3.539187e-06	2.24623	0
3.539187e-06	2.24623	0
3.541604e-06	2.24614	0
3.541604e-06	2.24614	0
3.544024e-06	2.24604	0
3.544024e-06	2.24604	0
3.546449e-06	2.24594	0
3.548876e-06	2.24585	0
3.548877e-06	2.24585	0
3.551307e-06	2.24575	0
3.551307e-06	2.24575	0
3.553741e-06	2.24566	0
3.556179e-06	2.24556	0
3.558619e-06	2.24546	0
3.558619e-06	2.24546	0
3.561063e-06	2.24537	0
3.561063e-06	2.24537	0
3.563511e-06	2.24527	0
3.563511e-06	2.24527	0
3.565962e-06	2.24517	0
3.565963e-06	2.24517	0
3.568416e-06	2.24508	0
3.568416e-06	2.24508	0
3.570874e-06	2.24498	0
3.573335e-06	2.24488	0
3.575799e-06	2.24478	0
3.578267e-06	2.24469	0
3.578267e-06	2.24469	0
3.580739e-06	2.24459	0
3.580739e-06	2.24459	0
3.583212e-06	2.24449	0
3.585691e-06	2.24439	0
3.585691e-06	2.24439	0
3.588173e-06	2.24429	0
3.588173e-06	2.24429	0
3.590657e-06	2.24419	0
3.590657e-06	2.24419	0
3.593145e-06	2.2441	0
3.593145e-06	2.2441	0
3.595637e-06	2.244	0
3.595638e-06	2.244	0
3.598132e-06	2.2439	0
3.600631e-06	2.2438	0
3.603134e-06	2.2437	0
3.603134e-06	2.2437	0
3.605638e-06	2.2436	0
3.605638e-06	2.2436	0
3.608148e-06	2.2435	0
3.610661e-06	2.2434	0
3.613176e-06	2.2433	0
3.615696e-06	2.2432	0
3.615697e-06	2.2432	0
3.618220e-06	2.24309	0
3.620746e-06	2.24299	0
3.620746e-06	2.24299	0
3.623276e-06	2.24289	0
3.625811e-06	2.24279	0
3.625811e-06	2.24279	0
3.628347e-06	2.24269	0
3.630888e-06	2.24259	0
3.630888e-06	2.24259	0
3.633433e-06	2.24248	0
3.633433e-06	2.24248	0
3.635980e-06	2.24238	0
3.638532e-06	2.24228	0
3.641088e-06	2.24218	0
3.643646e-06	2.24207	0
3.643646e-06	2.24207	0
3.646208e-06	2.24197	0
3.646209e-06	2.24197	0
3.648775e-06	2.24187	0
3.648775e-06	2.24187	0
3.651343e-06	2.24177	0
3.651343e-06	2.24177	0
3.653917e-06	2.24166	0
3.656494e-06	2.24156	0
3.659074e-06	2.24145	0
3.661658e-06	2.24135	0
3.661658e-06	2.24135	0
3.664246e-06	2.24124	0
3.664247e-06	2.24124	0
3.666837e-06	2.24114	0
3.669432e-06	2.24104	0
3.669432e-06	2.24104	0
3.672032e-06	2.24093	0
3.672032e-06	2.24093	0
3.674635e-06	2.24082	0
3.674635e-06	2.24082	0
3.677240e-06	2.24072	0
3.679850e-06	2.24061	0
3.682464e-06	2.24051	0
3.685080e-06	2.2404	0
3.685081e-06	2.2404	0
3.687702e-06	2.24029	0
3.690327e-06	2.24019	0
3.692954e-06	2.24008	0
3.692954e-06	2.24008	0
3.695587e-06	2.23997	0
3.698223e-06	2.23987	0
3.698223e-06	2.23987	0
3.700862e-06	2.23976	0
3.703506e-06	2.23965	0
3.703506e-06	2.23965	0
3.706154e-06	2.23954	0
3.708804e-06	2.23943	0
3.711459e-06	2.23933	0
3.711459e-06	2.23933	0
3.714118e-06	2.23922	0
3.714118e-06	2.23922	0
3.716780e-06	2.23911	0
3.719446e-06	2.239	0
3.719447e-06	2.239	0
3.722117e-06	2.23889	0
3.724790e-06	2.23878	0
3.724790e-06	2.23878	0
3.727468e-06	2.23867	0
3.727468e-06	2.23867	0
3.730150e-06	2.23856	0
3.730150e-06	2.23856	0
3.732835e-06	2.23845	0
3.735525e-06	2.23834	0
3.738218e-06	2.23823	0
3.738218e-06	2.23823	0
3.740915e-06	2.23812	0
3.743616e-06	2.23801	0
3.746321e-06	2.2379	0
3.746322e-06	2.2379	0
3.749029e-06	2.23779	0
3.749029e-06	2.23779	0
3.751743e-06	2.23768	0
3.751743e-06	2.23768	0
3.754460e-06	2.23756	0
3.754460e-06	2.23756	0
3.757180e-06	2.23745	0
3.757180e-06	2.23745	0
3.759905e-06	2.23734	0
3.759905e-06	2.23734	0
3.762634e-06	2.23723	0
3.762634e-06	2.23723	0
3.765365e-06	2.23711	0
3.765365e-06	2.23711	0
3.768102e-06	2.237	0
3.770843e-06	2.23689	0
3.773586e-06	2.23677	0
3.773586e-06	2.23677	0
3.776335e-06	2.23666	0
3.779088e-06	2.23655	0
3.779088e-06	2.23655	0
3.781845e-06	2.23643	0
3.784605e-06	2.23632	0
3.784605e-06	2.23632	0
3.787370e-06	2.2362	0
3.787370e-06	2.2362	0
3.790137e-06	2.23609	0
3.792910e-06	2.23597	0
3.795687e-06	2.23586	0
3.798468e-06	2.23574	0
3.798468e-06	2.23574	0
3.801252e-06	2.23563	0
3.801252e-06	2.23563	0
3.804042e-06	2.23551	0
3.804042e-06	2.23551	0
3.806835e-06	2.23539	0
3.809631e-06	2.23528	0
3.809631e-06	2.23528	0
3.812433e-06	2.23516	0
3.815239e-06	2.23504	0
3.815239e-06	2.23504	0
3.818047e-06	2.23493	0
3.818047e-06	2.23493	0
3.820861e-06	2.23481	0
3.820861e-06	2.23481	0
3.823679e-06	2.23469	0
3.823679e-06	2.23469	0
3.826500e-06	2.23457	0
3.826500e-06	2.23457	0
3.829327e-06	2.23445	0
3.832158e-06	2.23434	0
3.834991e-06	2.23422	0
3.837830e-06	2.2341	0
3.840673e-06	2.23398	0
3.840673e-06	2.23398	0
3.843520e-06	2.23386	0
3.843520e-06	2.23386	0
3.846371e-06	2.23374	0
3.846372e-06	2.23374	0
3.849227e-06	2.23362	0
3.849227e-06	2.23362	0
3.852086e-06	2.2335	0
3.854950e-06	2.23338	0
3.854950e-06	2.23338	0
3.857819e-06	2.23326	0
3.860691e-06	2.23314	0
3.863568e-06	2.23301	0
3.866450e-06	2.23289	0
3.866450e-06	2.23289	0
3.869334e-06	2.23277	0
3.872224e-06	2.23265	0
3.872224e-06	2.23265	0
3.875119e-06	2.23253	0
3.875119e-06	2.23253	0
3.878016e-06	2.2324	0
3.878016e-06	2.2324	0
3.880919e-06	2.23228	0
3.880920e-06	2.23228	0
3.883827e-06	2.23216	0
3.886738e-06	2.23203	0
3.886738e-06	2.23203	0
3.889654e-06	2.23191	0
3.889654e-06	2.23191	0
3.892574e-06	2.23179	0
3.892574e-06	2.23179	0
3.895499e-06	2.23166	0
3.895499e-06	2.23166	0
3.898427e-06	2.23154	0
3.898427e-06	2.23154	0
3.901361e-06	2.23141	0
3.904298e-06	2.23129	0
3.904298e-06	2.23129	0
3.907241e-06	2.23116	0
3.907241e-06	2.23116	0
3.910188e-06	2.23104	0
3.910188e-06	2.23104	0
3.913139e-06	2.23091	0
3.913139e-06	2.23091	0
3.916094e-06	2.23079	0
3.916094e-06	2.23079	0
3.919054e-06	2.23066	0
3.919054e-06	2.23066	0
3.922018e-06	2.23053	0
3.922018e-06	2.23053	0
3.924987e-06	2.23041	0
3.927961e-06	2.23028	0
3.927961e-06	2.23028	0
3.930940e-06	2.23015	0
3.933921e-06	2.23002	0
3.936909e-06	2.22989	0
3.936909e-06	2.22989	0
3.939901e-06	2.22977	0
3.939901e-06	2.22977	0
3.942896e-06	2.22964	0
3.942896e-06	2.22964	0
3.945897e-06	2.22951	0
3.948903e-06	2.22938	0
3.948903e-06	2.22938	0
3.951912e-06	2.22925	0
3.951912e-06	2.22925	0
3.954927e-06	2.22912	0
3.954927e-06	2.22912	0
3.957946e-06	2.22899	0
3.960969e-06	2.22886	0
3.960969e-06	2.22886	0
3.963997e-06	2.22873	0
3.963997e-06	2.22873	0
3.967031e-06	2.2286	0
3.970067e-06	2.22847	0
3.973110e-06	2.22833	0
3.976157e-06	2.2282	0
3.976157e-06	2.2282	0
3.979208e-06	2.22807	0
3.982264e-06	2.22794	0
3.982264e-06	2.22794	0
3.985326e-06	2.22781	0
3.988391e-06	2.22767	0
3.988391e-06	2.22767	0
3.991461e-06	2.22754	0
3.991461e-06	2.22754	0
3.994537e-06	2.22741	0
3.997616e-06	2.22727	0
4.000701e-06	2.22714	0
4.000701e-06	2.22714	0
4.003791e-06	2.227	0
4.003791e-06	2.227	0
4.006884e-06	2.22687	0
4.009983e-06	2.22673	0
4.009983e-06	2.22673	0
4.013087e-06	2.2266	0
4.013088e-06	2.2266	0
4.016196e-06	2.22646	0
4.016197e-06	2.22646	0
4.019309e-06	2.22633	0
4.019309e-06	2.22633	0
4.022427e-06	2.22619	0
4.022427e-06	2.22619	0
4.025549e-06	2.22605	0
4.025549e-06	2.22605	0
4.028678e-06	2.22592	0
4.028678e-06	2.22592	0
4.031811e-06	2.22578	0
4.034949e-06	2.22564	0
4.034949e-06	2.22564	0
4.038091e-06	2.2255	0
4.038091e-06	2.2255	0
4.041238e-06	2.22537	0
4.041238e-06	2.22537	0
4.044389e-06	2.22523	0
4.044389e-06	2.22523	0
4.047547e-06	2.22509	0
4.047547e-06	2.22509	0
4.050710e-06	2.22495	0
4.053878e-06	2.22481	0
4.053878e-06	2.22481	0
4.057048e-06	2.22467	0
4.057048e-06	2.22467	0
4.060226e-06	2.22453	0
4.063407e-06	2.22439	0
4.066594e-06	2.22425	0
4.066595e-06	2.22425	0
4.069787e-06	2.22411	0
4.072985e-06	2.22397	0
4.072985e-06	2.22397	0
4.076186e-06	2.22383	0
4.076186e-06	2.22383	0
4.079393e-06	2.22368	0
4.082604e-06	2.22354	0
4.082604e-06	2.22354	0
4.085822e-06	2.2234	0
4.089044e-06	2.22325	0
4.089045e-06	2.22325	0
4.092273e-06	2.22311	0
4.092273e-06	2.22311	0
4.095504e-06	2.22297	0
4.098742e-06	2.22282	0
4.098742e-06	2.22282	0
4.101985e-06	2.22268	0
4.105232e-06	2.22254	0
4.108485e-06	2.22239	0
4.108486e-06	2.22239	0
4.111744e-06	2.22225	0
4.115006e-06	2.2221	0
4.115006e-06	2.2221	0
4.118275e-06	2.22195	0
4.118275e-06	2.22195	0
4.121550e-06	2.22181	0
4.124827e-06	2.22166	0
4.128112e-06	2.22151	0
4.128112e-06	2.22151	0
4.131401e-06	2.22137	0
4.131402e-06	2.22137	0
4.134695e-06	2.22122	0
4.134695e-06	2.22122	0
4.137996e-06	2.22107	0
4.137996e-06	2.22107	0
4.141301e-06	2.22092	0
4.144612e-06	2.22077	0
4.147927e-06	2.22062	0
4.151248e-06	2.22047	0
4.154573e-06	2.22032	0
4.157905e-06	2.22017	0
4.161243e-06	2.22002	0
4.164586e-06	2.21987	0
4.167933e-06	2.21972	0
4.171286e-06	2.21957	0
4.174644e-06	2.21942	0
4.174644e-06	2.21942	0
4.178008e-06	2.21927	0
4.178008e-06	2.21927	0
4.181378e-06	2.21911	0
4.184753e-06	2.21896	0
4.184754e-06	2.21896	0
4.188132e-06	2.21881	0
4.188132e-06	2.21881	0
4.191519e-06	2.21865	0
4.191519e-06	2.21865	0
4.194909e-06	2.2185	0
4.198306e-06	2.21834	0
4.198306e-06	2.21834	0
4.201709e-06	2.21819	0
4.205117e-06	2.21803	0
4.208529e-06	2.21788	0
4.208529e-06	2.21788	0
4.211948e-06	2.21772	0
4.215372e-06	2.21757	0
4.218802e-06	2.21741	0
4.218802e-06	2.21741	0
4.222238e-06	2.21725	0
4.222238e-06	2.21725	0
4.225680e-06	2.21709	0
4.229125e-06	2.21693	0
4.229125e-06	2.21693	0
4.232579e-06	2.21678	0
4.232579e-06	2.21678	0
4.236035e-06	2.21662	0
4.239500e-06	2.21646	0
4.239500e-06	2.21646	0
4.242970e-06	2.2163	0
4.246445e-06	2.21614	0
4.249925e-06	2.21598	0
4.253411e-06	2.21582	0
4.256904e-06	2.21566	0
4.256904e-06	2.21566	0
4.260401e-06	2.2155	0
4.260401e-06	2.2155	0
4.263905e-06	2.21533	0
4.267415e-06	2.21517	0
4.270929e-06	2.21501	0
4.274450e-06	2.21485	0
4.277978e-06	2.21468	0
4.277978e-06	2.21468	0
4.281509e-06	2.21452	0
4.281509e-06	2.21452	0
4.285048e-06	2.21435	0
4.285048e-06	2.21435	0
4.288593e-06	2.21419	0
4.292142e-06	2.21402	0
4.295699e-06	2.21386	0
4.299261e-06	2.21369	0
4.299261e-06	2.21369	0
4.302830e-06	2.21353	0
4.302830e-06	2.21353	0
4.306402e-06	2.21336	0
4.306402e-06	2.21336	0
4.309982e-06	2.21319	0
4.309982e-06	2.21319	0
4.313567e-06	2.21303	0
4.313567e-06	2.21303	0
4.317159e-06	2.21286	0
4.320757e-06	2.21269	0
4.320757e-06	2.21269	0
4.324362e-06	2.21252	0
4.324362e-06	2.21252	0
4.327970e-06	2.21235	0
4.331586e-06	2.21218	0
4.331586e-06	2.21218	0
4.335207e-06	2.21201	0
4.338835e-06	2.21184	0
4.342470e-06	2.21167	0
4.346110e-06	2.2115	0
4.349755e-06	2.21133	0
4.353408e-06	2.21116	0
4.357065e-06	2.21098	0
4.360730e-06	2.21081	0
4.364401e-06	2.21064	0
4.368079e-06	2.21046	0
4.371761e-06	2.21029	0
4.375450e-06	2.21011	0
4.379145e-06	2.20994	0
4.379145e-06	2.20994	0
4.382847e-06	2.20976	0
4.386555e-06	2.20959	0
4.386556e-06	2.20959	0
4.390270e-06	2.20941	0
4.390271e-06	2.20941	0
4.393990e-06	2.20923	0
4.397717e-06	2.20905	0
4.401451e-06	2.20888	0
4.405189e-06	2.2087	0
4.405189e-06	2.2087	0
4.408936e-06	2.20852	0
4.412688e-06	2.20834	0
4.412689e-06	2.20834	0
4.416446e-06	2.20816	0
4.420212e-06	2.20798	0
4.423984e-06	2.2078	0
4.427761e-06	2.20762	0
4.431546e-06	2.20744	0
4.435337e-06	2.20725	0
4.439133e-06	2.20707	0
4.439133e-06	2.20707	0
4.442938e-06	2.20689	0
4.446749e-06	2.2067	0
4.450564e-06	2.20652	0
4.450564e-06	2.20652	0
4.454389e-06	2.20634	0
4.454389e-06	2.20634	0
4.458220e-06	2.20615	0
4.462055e-06	2.20596	0
4.462055e-06	2.20596	0
4.465898e-06	2.20578	0
4.465898e-06	2.20578	0
4.469749e-06	2.20559	0
4.473606e-06	2.20541	0
4.473606e-06	2.2054	0
4.477468e-06	2.20522	0
4.477468e-06	2.20522	0
4.481339e-06	2.20503	0
4.485214e-06	2.20484	0
4.489098e-06	2.20465	0
4.492989e-06	2.20446	0
4.492989e-06	2.20446	0
4.496886e-06	2.20427	0
4.500788e-06	2.20408	0
4.504699e-06	2.20389	0
4.504699e-06	2.20389	0
4.508615e-06	2.2037	0
4.508615e-06	2.2037	0
4.512540e-06	2.20351	0
4.516471e-06	2.20332	0
4.520409e-06	2.20312	0
4.524353e-06	2.20293	0
4.524353e-06	2.20293	0
4.528305e-06	2.20274	0
4.528305e-06	2.20274	0
4.532262e-06	2.20254	0
4.532262e-06	2.20254	0
4.536227e-06	2.20235	0
4.536228e-06	2.20235	0
4.540200e-06	2.20215	0
4.544180e-06	2.20195	0
4.548165e-06	2.20176	0
4.552159e-06	2.20156	0
4.552159e-06	2.20156	0
4.556159e-06	2.20136	0
4.560165e-06	2.20117	0
4.564180e-06	2.20097	0
4.568202e-06	2.20077	0
4.572229e-06	2.20057	0
4.572229e-06	2.20057	0
4.576265e-06	2.20037	0
4.576265e-06	2.20037	0
4.580309e-06	2.20017	1e-06
4.580309e-06	2.20017	1e-06
4.584357e-06	2.19997	1e-06
4.588414e-06	2.19976	1e-06
4.588415e-06	2.19976	1e-06
4.592479e-06	2.19956	1e-06
4.592479e-06	2.19956	1e-06
4.596549e-06	2.19936	1e-06
4.596549e-06	2.19936	1e-06
4.600628e-06	2.19915	1e-06
4.600629e-06	2.19915	1e-06
4.604715e-06	2.19895	1e-06
4.604715e-06	2.19895	1e-06
4.608807e-06	2.19875	1e-06
4.608807e-06	2.19875	1e-06
4.612908e-06	2.19854	1e-06
4.617016e-06	2.19833	1e-06
4.621130e-06	2.19813	1e-06
4.625253e-06	2.19792	1e-06
4.629383e-06	2.19771	1e-06
4.629383e-06	2.19771	1e-06
4.633519e-06	2.19751	1e-06
4.633519e-06	2.19751	1e-06
4.637664e-06	2.1973	1e-06
4.641816e-06	2.19709	1e-06
4.641816e-06	2.19709	1e-06
4.645975e-06	2.19688	1e-06
4.645975e-06	2.19688	1e-06
4.650142e-06	2.19667	1e-06
4.650142e-06	2.19667	1e-06
4.654317e-06	2.19645	1e-06
4.654317e-06	2.19645	1e-06
4.658497e-06	2.19624	1e-06
4.662687e-06	2.19603	1e-06
4.666885e-06	2.19582	1e-06
4.666885e-06	2.19582	1e-06
4.671088e-06	2.19561	1e-06
4.675300e-06	2.19539	1e-06
4.675300e-06	2.19539	1e-06
4.679521e-06	2.19518	1e-06
4.679521e-06	2.19518	1e-06
4.683748e-06	2.19496	1e-06
4.683749e-06	2.19496	1e-06
4.687982e-06	2.19475	1e-06
4.692225e-06	2.19453	1e-06
4.692226e-06	2.19453	1e-06
4.696474e-06	2.19431	1e-06
4.700732e-06	2.19409	1e-06
4.700732e-06	2.19409	1e-06
4.704999e-06	2.19388	1e-06
4.709273e-06	2.19366	1e-06
4.713553e-06	2.19344	1e-06
4.713553e-06	2.19344	1e-06
4.717842e-06	2.19322	1e-06
4.722140e-06	2.193	1e-06
4.726443e-06	2.19278	1e-06
4.730756e-06	2.19256	1e-06
4.730756e-06	2.19256	1e-06
4.735077e-06	2.19233	1e-06
4.739404e-06	2.19211	1e-06
4.743741e-06	2.19189	1e-06
4.743741e-06	2.19189	1e-06
4.748085e-06	2.19166	1e-06
4.748086e-06	2.19166	1e-06
4.752436e-06	2.19144	1e-06
4.756797e-06	2.19121	2e-06
4.761166e-06	2.19098	2e-06
4.761166e-06	2.19098	2e-06
4.765540e-06	2.19076	2e-06
4.769925e-06	2.19053	2e-06
4.774318e-06	2.1903	2e-06
4.778717e-06	2.19007	2e-06
4.778717e-06	2.19007	2e-06
4.783126e-06	2.18984	2e-06
4.787543e-06	2.18961	2e-06
4.787543e-06	2.18961	2e-06
4.791966e-06	2.18938	2e-06
4.791966e-06	2.18938	2e-06
4.796400e-06	2.18915	2e-06
4.800842e-06	2.18892	2e-06
4.800842e-06	2.18892	2e-06
4.805290e-06	2.18869	2e-06
4.809748e-06	2.18845	2e-06
4.814214e-06	2.18822	2e-06
4.814214e-06	2.18822	2e-06
4.818687e-06	2.18798	2e-06
4.823171e-06	2.18775	2e-06
4.827662e-06	2.18751	2e-06
4.832160e-06	2.18727	2e-06
4.832160e-06	2.18727	2e-06
4.836668e-06	2.18704	2e-06
4.841185e-06	2.1868	2e-06
4.841185e-06	2.1868	2e-06
4.845708e-06	2.18656	2e-06
4.850241e-06	2.18632	3e-06
4.854784e-06	2.18608	3e-06
4.854784e-06	2.18608	3e-06
4.859332e-06	2.18584	3e-06
4.863891e-06	2.1856	3e-06
4.863892e-06	2.1856	3e-06
4.868459e-06	2.18535	3e-06
4.873033e-06	2.18511	3e-06
4.873033e-06	2.18511	3e-06
4.877618e-06	2.18487	3e-06
4.882212e-06	2.18462	3e-06
4.886814e-06	2.18438	3e-06
4.891423e-06	2.18413	3e-06
4.896042e-06	2.18388	3e-06
4.900671e-06	2.18364	3e-06
4.905305e-06	2.18339	3e-06
4.905306e-06	2.18339	3e-06
4.909952e-06	2.18314	3e-06
4.909952e-06	2.18314	3e-06
4.914606e-06	2.18289	3e-06
4.914606e-06	2.18289	3e-06
4.919268e-06	2.18264	4e-06
4.919268e-06	2.18264	4e-06
4.923940e-06	2.18239	4e-06
4.928621e-06	2.18214	4e-06
4.933309e-06	2.18188	4e-06
4.938008e-06	2.18163	4e-06
4.938008e-06	2.18163	4e-06
4.942716e-06	2.18137	4e-06
4.942716e-06	2.18137	4e-06
4.947431e-06	2.18112	4e-06
4.947431e-06	2.18112	4e-06
4.952157e-06	2.18086	4e-06
4.956893e-06	2.18061	4e-06
4.956893e-06	2.18061	4e-06
4.961634e-06	2.18035	4e-06
4.966388e-06	2.18009	5e-06
4.971150e-06	2.17983	5e-06
4.975919e-06	2.17957	5e-06
4.980700e-06	2.17931	5e-06
4.980700e-06	2.17931	5e-06
4.985490e-06	2.17905	5e-06
4.990286e-06	2.17879	5e-06
4.995095e-06	2.17853	5e-06
4.999913e-06	2.17826	5e-06
4.999913e-06	2.17826	5e-06
5.004737e-06	2.178	5e-06
5.009573e-06	2.17773	6e-06
5.014419e-06	2.17747	6e-06
5.019271e-06	2.1772	6e-06
5.019271e-06	2.1772	6e-06
5.024136e-06	2.17693	6e-06
5.029010e-06	2.17666	6e-06
5.029010e-06	2.17666	6e-06
5.033891e-06	2.17639	6e-06
5.033891e-06	2.17639	6e-06
5.038784e-06	2.17612	6e-06
5.038784e-06	2.17612	6e-06
5.043686e-06	2.17585	6e-06
5.048595e-06	2.17558	7e-06
5.048595e-06	2.17558	7e-06
5.053517e-06	2.17531	7e-06
5.053517e-06	2.17531	7e-06
5.058448e-06	2.17503	7e-06
5.058448e-06	2.17503	7e-06
5.063386e-06	2.17476	7e-06
5.068336e-06	2.17449	7e-06
5.068336e-06	2.17449	7e-06
5.073296e-06	2.17421	7e-06
5.073296e-06	2.17421	7e-06
5.078264e-06	2.17393	8e-06
5.078264e-06	2.17393	8e-06
5.083243e-06	2.17366	8e-06
5.088232e-06	2.17338	8e-06
5.088232e-06	2.17338	8e-06
5.093229e-06	2.1731	8e-06
5.098238e-06	2.17282	8e-06
5.103257e-06	2.17253	8e-06
5.108286e-06	2.17225	9e-06
5.108286e-06	2.17225	9e-06
5.113321e-06	2.17197	9e-06
5.118370e-06	2.17169	9e-06
5.123429e-06	2.1714	9e-06
5.128495e-06	2.17112	9e-06
5.128495e-06	2.17112	9e-06
5.133573e-06	2.17083	1e-05
5.138662e-06	2.17054	1e-05
5.138662e-06	2.17054	1e-05
5.143758e-06	2.17025	1e-05
5.148867e-06	2.16996	1e-05
5.148867e-06	2.16996	1e-05
5.153985e-06	2.16967	1.1e-05
5.153986e-06	2.16967	1.1e-05
5.159112e-06	2.16938	1.1e-05
5.164251e-06	2.16909	1.1e-05
5.164252e-06	2.16909	1.1e-05
5.169401e-06	2.1688	1.1e-05
5.174559e-06	2.1685	1.1e-05
5.174559e-06	2.1685	1.1e-05
5.179729e-06	2.16821	1.2e-05
5.184909e-06	2.16791	1.2e-05
5.190098e-06	2.16762	1.2e-05
5.190098e-06	2.16762	1.2e-05
5.195299e-06	2.16732	1.3e-05
5.195299e-06	2.16732	1.3e-05
5.200511e-06	2.16702	1.3e-05
5.205730e-06	2.16672	1.3e-05
5.205730e-06	2.16672	1.3e-05
5.210963e-06	2.16642	1.3e-05
5.210963e-06	2.16642	1.3e-05
5.216207e-06	2.16612	1.4e-05
5.216207e-06	2.16612	1.4e-05
5.221458e-06	2.16582	1.4e-05
5.226722e-06	2.16551	1.4e-05
5.226722e-06	2.16551	1.4e-05
5.231997e-06	2.16521	1.4e-05
5.237280e-06	2.1649	1.5e-05
5.242577e-06	2.1646	1.5e-05
5.242577e-06	2.1646	1.5e-05
5.247884e-06	2.16429	1.5e-05
5.253199e-06	2.16398	1.6e-05
5.258528e-06	2.16367	1.6e-05
5.258528e-06	2.16367	1.6e-05
5.263867e-06	2.16336	1.6e-05
5.269215e-06	2.16305	1.7e-05
5.274576e-06	2.16274	1.7e-05
5.274576e-06	2.16274	1.7e-05
5.279948e-06	2.16242	1.7e-05
5.285329e-06	2.16211	1.8e-05
5.285329e-06	2.16211	1.8e-05
5.290723e-06	2.16179	1.8e-05
5.290723e-06	2.16179	1.8e-05
5.296128e-06	2.16148	1.9e-05
5.301541e-06	2.16116	1.9e-05
5.306968e-06	2.16084	1.9e-05
5.306968e-06	2.16084	1.9e-05
5.312407e-06	2.16052	2e-05
5.312407e-06	2.16052	2e-05
5.317854e-06	2.1602	2e-05
5.317854e-06	2.1602	2e-05
5.323314e-06	2.15988	2.1e-05
5.328786e-06	2.15956	2.1e-05
5.334266e-06	2.15923	2.1e-05
5.334267e-06	2.15923	2.1e-05
5.339761e-06	2.15891	2.2e-05
5.345267e-06	2.15858	2.2e-05
5.345267e-06	2.15858	2.2e-05
5.350784e-06	2.15825	2.3e-05
5.356310e-06	2.15793	2.3e-05
5.356310e-06	2.15793	2.3e-05
5.361850e-06	2.1576	2.4e-05
5.361850e-06	2.1576	2.4e-05
5.367401e-06	2.15727	2.4e-05
5.372961e-06	2.15693	2.5e-05
5.372961e-06	2.15693	2.5e-05
5.378536e-06	2.1566	2.5e-05
5.384122e-06	2.15627	2.6e-05
5.389717e-06	2.15593	2.6e-05
5.389717e-06	2.15593	2.6e-05
5.395326e-06	2.1556	2.7e-05
5.400947e-06	2.15526	2.7e-05
5.400947e-06	2.15526	2.7e-05
5.406577e-06	2.15492	2.8e-05
5.412222e-06	2.15458	2.8e-05
5.417878e-06	2.15424	2.9e-05
5.423543e-06	2.1539	2.9e-05
5.423543e-06	2.1539	2.9e-05
5.429223e-06	2.15356	3e-05
5.429224e-06	2.15356	3e-05
5.434916e-06	2.15321	3.1e-05
5.434916e-06	2.15321	3.1e-05
5.440616e-06	2.15287	3.1e-05
5.446332e-06	2.15252	3.2e-05
5.446333e-06	2.15252	3.2e-05
5.452060e-06	2.15218	3.2e-05
5.457797e-06	2.15183	3.3e-05
5.457797e-06	2.15183	3.3e-05
5.463549e-06	2.15148	3.4e-05
5.463549e-06	2.15148	3.4e-05
5.469313e-06	2.15113	3.4e-05
5.469314e-06	2.15113	3.4e-05
5.475087e-06	2.15077	3.5e-05
5.480875e-06	2.15042	3.6e-05
5.480875e-06	2.15042	3.6e-05
5.486677e-06	2.15007	3.6e-05
5.492487e-06	2.14971	3.7e-05
5.492487e-06	2.14971	3.7e-05
5.498312e-06	2.14935	3.8e-05
5.504150e-06	2.14899	3.9e-05
5.509997e-06	2.14864	3.9e-05
5.515860e-06	2.14827	4e-05
5.515860e-06	2.14827	4e-05
5.521735e-06	2.14791	4.1e-05
5.521735e-06	2.14791	4.1e-05
5.527620e-06	2.14755	4.2e-05
5.527620e-06	2.14755	4.2e-05
5.533520e-06	2.14718	4.2e-05
5.539433e-06	2.14682	4.3e-05
5.545355e-06	2.14645	4.4e-05
5.551293e-06	2.14608	4.5e-05
5.551293e-06	2.14608	4.5e-05
5.557245e-06	2.14571	4.6e-05
5.557245e-06	2.14571	4.6e-05
5.563205e-06	2.14534	4.6e-05
5.569182e-06	2.14497	4.7e-05
5.569182e-06	2.14497	4.7e-05
5.575171e-06	2.1446	4.8e-05
5.581173e-06	2.14422	4.9e-05
5.587185e-06	2.14385	5e-05
5.593213e-06	2.14347	5.1e-05
5.593213e-06	2.14347	5.1e-05
5.599255e-06	2.14309	5.2e-05
5.605306e-06	2.14271	5.3e-05
5.611373e-06	2.14233	5.4e-05
5.617454e-06	2.14195	5.5e-05
5.617454e-06	2.14195	5.5e-05
5.623544e-06	2.14156	5.6e-05
5.629651e-06	2.14118	5.7e-05
5.635771e-06	2.14079	5.8e-05
5.635771e-06	2.14079	5.8e-05
5.641901e-06	2.1404	5.9e-05
5.641902e-06	2.1404	5.9e-05
5.648048e-06	2.14001	6e-05
5.648048e-06	2.14001	6e-05
5.654209e-06	2.13962	6.1e-05
5.660380e-06	2.13923	6.2e-05
5.666567e-06	2.13883	6.3e-05
5.666567e-06	2.13883	6.3e-05
5.672768e-06	2.13844	6.5e-05
5.672768e-06	2.13844	6.5e-05
5.678979e-06	2.13804	6.6e-05
5.678979e-06	2.13804	6.6e-05
5.685207e-06	2.13764	6.7e-05
5.685207e-06	2.13764	6.7e-05
5.691448e-06	2.13724	6.8e-05
5.697700e-06	2.13684	6.9e-05
5.703970e-06	2.13644	7.1e-05
5.710253e-06	2.13604	7.2e-05
5.716546e-06	2.13563	7.3e-05
5.722857e-06	2.13522	7.4e-05
5.729182e-06	2.13482	7.6e-05
5.729182e-06	2.13482	7.6e-05
5.735517e-06	2.13441	7.7e-05
5.735517e-06	2.13441	7.7e-05
5.741870e-06	2.134	7.8e-05
5.741870e-06	2.134	7.8e-05
5.748236e-06	2.13358	8e-05
5.748236e-06	2.13358	8e-05
5.754614e-06	2.13317	8.1e-05
5.761009e-06	2.13275	8.3e-05
5.767418e-06	2.13233	8.4e-05
5.767418e-06	2.13233	8.4e-05
5.773839e-06	2.13192	8.6e-05
5.780276e-06	2.1315	8.7e-05
5.780277e-06	2.1315	8.7e-05
5.786729e-06	2.13107	8.9e-05
5.793192e-06	2.13065	9e-05
5.799673e-06	2.13023	9.2e-05
5.799673e-06	2.13023	9.2e-05
5.806169e-06	2.1298	9.3e-05
5.812676e-06	2.12937	9.5e-05
5.819201e-06	2.12894	9.6e-05
5.819201e-06	2.12894	9.6e-05
5.825741e-06	2.12851	9.8e-05
5.825741e-06	2.12851	9.8e-05
5.832294e-06	2.12808	0.0001
5.832295e-06	2.12808	0.0001
5.838860e-06	2.12764	0.000101
5.845444e-06	2.12721	0.000103
5.852043e-06	2.12677	0.000105
5.858653e-06	2.12633	0.000107
5.865282e-06	2.12589	0.000108
5.865282e-06	2.12589	0.000108
5.871925e-06	2.12545	0.00011
5.878580e-06	2.125	0.000112
5.878581e-06	2.125	0.000112
5.885254e-06	2.12456	0.000114
5.891943e-06	2.12411	0.000116
5.898644e-06	2.12366	0.000118
5.898644e-06	2.12366	0.000118
5.905363e-06	2.12321	0.00012
5.912098e-06	2.12276	0.000122
5.912098e-06	2.12276	0.000122
5.918845e-06	2.1223	0.000124
5.925610e-06	2.12185	0.000126
5.925610e-06	2.12184	0.000126
5.932391e-06	2.12139	0.000128
5.939184e-06	2.12093	0.00013
5.945996e-06	2.12047	0.000132
5.952824e-06	2.12	0.000134
5.959664e-06	2.11954	0.000137
5.959664e-06	2.11954	0.000137
5.966523e-06	2.11907	0.000139
5.973398e-06	2.1186	0.000141
5.980286e-06	2.11813	0.000143
5.980286e-06	2.11813	0.000143
5.987192e-06	2.11766	0.000146
5.994115e-06	2.11719	0.000148
6.001050e-06	2.11671	0.00015
6.008005e-06	2.11624	0.000153
6.014976e-06	2.11576	0.000155
6.021960e-06	2.11528	0.000158
6.028963e-06	2.11479	0.00016
6.028963e-06	2.11479	0.00016
6.035983e-06	2.11431	0.000163
6.043015e-06	2.11382	0.000165
6.043015e-06	2.11382	0.000165
6.050068e-06	2.11333	0.000168
6.057137e-06	2.11284	0.000171
6.064219e-06	2.11235	0.000173
6.064219e-06	2.11235	0.000173
6.071321e-06	2.11186	0.000176
6.078440e-06	2.11136	0.000179
6.085571e-06	2.11086	0.000181
6.092724e-06	2.11036	0.000184
6.099893e-06	2.10986	0.000187
6.107079e-06	2.10935	0.00019
6.114278e-06	2.10885	0.000193
6.121498e-06	2.10834	0.000196
6.121499e-06	2.10834	0.000196
6.128735e-06	2.10783	0.000199
6.135985e-06	2.10732	0.000202
6.135986e-06	2.10732	0.000202
6.143257e-06	2.10681	0.000205
6.150546e-06	2.10629	0.000208
6.157848e-06	2.10577	0.000211
6.157848e-06	2.10577	0.000211
6.165171e-06	2.10525	0.000215
6.172512e-06	2.10473	0.000218
6.172512e-06	2.10473	0.000218
6.179866e-06	2.1042	0.000221
6.187242e-06	2.10368	0.000224
6.194636e-06	2.10315	0.000228
6.202042e-06	2.10262	0.000231
6.202043e-06	2.10262	0.000231
6.209471e-06	2.10209	0.000235
6.209472e-06	2.10209	0.000235
6.216918e-06	2.10155	0.000238
6.216918e-06	2.10155	0.000238
6.224379e-06	2.10101	0.000242
6.231861e-06	2.10047	0.000245
6.231861e-06	2.10047	0.000245
6.239362e-06	2.09993	0.000249
6.239362e-06	2.09993	0.000249
6.246876e-06	2.09939	0.000253
6.246877e-06	2.09939	0.000253
6.254413e-06	2.09884	0.000256
6.261968e-06	2.0983	0.00026
6.261968e-06	2.0983	0.00026
6.269538e-06	2.09775	0.000264
6.269538e-06	2.09775	0.000264
6.277129e-06	2.09719	0.000268
6.284739e-06	2.09664	0.000272
6.292363e-06	2.09608	0.000275
6.292363e-06	2.09608	0.000275
6.300010e-06	2.09552	0.000279
6.307676e-06	2.09496	0.000283
6.307676e-06	2.09496	0.000283
6.315356e-06	2.0944	0.000288
6.323059e-06	2.09383	0.000292
6.330781e-06	2.09326	0.000296
6.338518e-06	2.09269	0.0003
6.338518e-06	2.09269	0.0003
6.346277e-06	2.09212	0.000304
6.354055e-06	2.09154	0.000309
6.354056e-06	2.09154	0.000309
6.361849e-06	2.09097	0.000313
6.361849e-06	2.09097	0.000313
6.369666e-06	2.09039	0.000317
6.377502e-06	2.0898	0.000322
6.377502e-06	2.0898	0.000322
6.385354e-06	2.08922	0.000326
6.385354e-06	2.08922	0.000326
6.393228e-06	2.08863	0.000331
6.401123e-06	2.08804	0.000336
6.401123e-06	2.08804	0.000336
6.409036e-06	2.08745	0.00034
6.416966e-06	2.08685	0.000345
6.424918e-06	2.08626	0.00035
6.424918e-06	2.08626	0.00035
6.432891e-06	2.08566	0.000355
6.440879e-06	2.08505	0.000359
6.440879e-06	2.08505	0.000359
6.448892e-06	2.08445	0.000364
6.448892e-06	2.08445	0.000364
6.456924e-06	2.08384	0.000369
6.456924e-06	2.08384	0.000369
6.464972e-06	2.08323	0.000374
6.464972e-06	2.08323	0.000374
6.473045e-06	2.08262	0.000379
6.481137e-06	2.082	0.000385
6.481138e-06	2.082	0.000385
6.489246e-06	2.08139	0.00039
6.489247e-06	2.08139	0.00039
6.497380e-06	2.08076	0.000395
6.505533e-06	2.08014	0.0004
6.505533e-06	2.08014	0.0004
6.513703e-06	2.07952	0.000406
6.521898e-06	2.07889	0.000411
6.530113e-06	2.07826	0.000417
6.530113e-06	2.07826	0.000417
6.538345e-06	2.07762	0.000422
6.546602e-06	2.07699	0.000428
6.554880e-06	2.07635	0.000433
6.563174e-06	2.07571	0.000439
6.571494e-06	2.07506	0.000445
6.579835e-06	2.07441	0.000451
6.588192e-06	2.07376	0.000457
6.596576e-06	2.07311	0.000463
6.604979e-06	2.07245	0.000469
6.604980e-06	2.07245	0.000469
6.613402e-06	2.07179	0.000475
6.621850e-06	2.07113	0.000481
6.630319e-06	2.07047	0.000487
6.630320e-06	2.07047	0.000487
6.638805e-06	2.0698	0.000493
6.638806e-06	2.0698	0.000493
6.647319e-06	2.06913	0.0005
6.655853e-06	2.06846	0.000506
6.664405e-06	2.06778	0.000512
6.664405e-06	2.06778	0.000512
6.672983e-06	2.0671	0.000519
6.672984e-06	2.0671	0.000519
6.681584e-06	2.06642	0.000525
6.690203e-06	2.06573	0.000532
6.698848e-06	2.06504	0.000539
6.707516e-06	2.06435	0.000545
6.716201e-06	2.06366	0.000552
6.724913e-06	2.06296	0.000559
6.733647e-06	2.06226	0.000566
6.733648e-06	2.06226	0.000566
6.742401e-06	2.06155	0.000573
6.742402e-06	2.06155	0.000573
6.751183e-06	2.06085	0.00058
6.759986e-06	2.06014	0.000587
6.768808e-06	2.05942	0.000595
6.777658e-06	2.05871	0.000602
6.786530e-06	2.05799	0.000609
6.786530e-06	2.05799	0.000609
6.795427e-06	2.05726	0.000617
6.795427e-06	2.05726	0.000617
6.804341e-06	2.05654	0.000624
6.804341e-06	2.05654	0.000624
6.813284e-06	2.05581	0.000632
6.822250e-06	2.05507	0.000639
6.831236e-06	2.05434	0.000647
6.840249e-06	2.0536	0.000655
6.849287e-06	2.05285	0.000663
6.858344e-06	2.05211	0.000671
6.867429e-06	2.05136	0.000679
6.876538e-06	2.0506	0.000687
6.885668e-06	2.04985	0.000695
6.894826e-06	2.04908	0.000703
6.904008e-06	2.04832	0.000711
6.913210e-06	2.04755	0.000719
6.922440e-06	2.04678	0.000728
6.922441e-06	2.04678	0.000728
6.931698e-06	2.04601	0.000736
6.940974e-06	2.04523	0.000745
6.950280e-06	2.04445	0.000754
6.959611e-06	2.04366	0.000762
6.968962e-06	2.04287	0.000771
6.978343e-06	2.04208	0.00078
6.987749e-06	2.04128	0.000789
6.997176e-06	2.04048	0.000798
7.006633e-06	2.03967	0.000807
7.016116e-06	2.03886	0.000816
7.016116e-06	2.03886	0.000816
7.025620e-06	2.03805	0.000825
7.025620e-06	2.03805	0.000825
7.035154e-06	2.03723	0.000835
7.044714e-06	2.03641	0.000844
7.054295e-06	2.03559	0.000854
7.063908e-06	2.03476	0.000863
7.073547e-06	2.03393	0.000873
7.083206e-06	2.03309	0.000883
7.092897e-06	2.03225	0.000893
7.102616e-06	2.0314	0.000903
7.112354e-06	2.03055	0.000913
7.112355e-06	2.03055	0.000913
7.122126e-06	2.0297	0.000923
7.122127e-06	2.0297	0.000923
7.131925e-06	2.02884	0.000933
7.141745e-06	2.02798	0.000944
7.151598e-06	2.02711	0.000954
7.161478e-06	2.02624	0.000965
7.171379e-06	2.02537	0.000976
7.181313e-06	2.02449	0.000987
7.191275e-06	2.0236	0.000998
7.201259e-06	2.02271	0.001009
7.211276e-06	2.02182	0.001021
7.211277e-06	2.02182	0.001021
7.221322e-06	2.02092	0.001033
7.231396e-06	2.02002	0.001045
7.241491e-06	2.01911	0.001057
7.241491e-06	2.01911	0.001057
7.251621e-06	2.0182	0.00107
7.261779e-06	2.01728	0.001083
7.271960e-06	2.01636	0.001096
7.282176e-06	2.01543	0.00111
7.292419e-06	2.0145	0.001124
7.292420e-06	2.0145	0.001124
7.302687e-06	2.01356	0.001138
7.312988e-06	2.01262	0.001153
7.323319e-06	2.01167	0.001169
7.323320e-06	2.01167	0.001169
7.333674e-06	2.01071	0.001185
7.344063e-06	2.00976	0.001202
7.354482e-06	2.00879	0.001219
7.364926e-06	2.00782	0.001238
7.375404e-06	2.00685	0.001257
7.385912e-06	2.00587	0.001277
7.396444e-06	2.00489	0.001298
7.396445e-06	2.00489	0.001298
7.407013e-06	2.0039	0.001319
7.407013e-06	2.0039	0.001319
7.417611e-06	2.0029	0.001343
7.428233e-06	2.0019	0.001367
7.428234e-06	2.0019	0.001367
7.438893e-06	2.00089	0.001392
7.449583e-06	1.99988	0.001419
7.460298e-06	1.99886	0.001447
7.460298e-06	1.99886	0.001447
7.471050e-06	1.99784	0.001477
7.481832e-06	1.99682	0.001508
7.492641e-06	1.99578	0.001541
7.503485e-06	1.99474	0.001575
7.514362e-06	1.9937	0.001612
7.525264e-06	1.99265	0.00165
7.536204e-06	1.9916	0.00169
7.547176e-06	1.99054	0.001732
7.558173e-06	1.98948	0.001775
7.558173e-06	1.98948	0.001776
7.569209e-06	1.98841	0.001821
7.580277e-06	1.98734	0.001869
7.591372e-06	1.98626	0.001919
7.602505e-06	1.98518	0.00197
7.613670e-06	1.9841	0.002024
7.624862e-06	1.98301	0.002079
7.624863e-06	1.98301	0.002079
7.636095e-06	1.98192	0.002136
7.636095e-06	1.98192	0.002136
7.647358e-06	1.98082	0.002195
7.647359e-06	1.98082	0.002195
7.658651e-06	1.97972	0.002256
7.669982e-06	1.97862	0.002318
7.681347e-06	1.97751	0.002381
7.692740e-06	1.9764	0.002446
7.704172e-06	1.97529	0.002512
7.715638e-06	1.97417	0.002578
7.727134e-06	1.97306	0.002645
7.727134e-06	1.97306	0.002645
7.738668e-06	1.97193	0.002713
7.750237e-06	1.97081	0.002781
7.750238e-06	1.97081	0.002781
7.761842e-06	1.96968	0.002848
7.773475e-06	1.96855	0.002916
7.785147e-06	1.96742	0.002982
7.785148e-06	1.96742	0.002982
7.796858e-06	1.96628	0.003048
7.808595e-06	1.96514	0.003113
7.820375e-06	1.964	0.003176
7.832190e-06	1.96285	0.003238
7.844035e-06	1.9617	0.003298
7.855923e-06	1.96055	0.003355
7.867845e-06	1.95939	0.00341
7.879798e-06	1.95823	0.003462
7.879798e-06	1.95823	0.003462
7.891794e-06	1.95707	0.003512
7.903827e-06	1.9559	0.003558
7.903827e-06	1.9559	0.003558
7.915889e-06	1.95472	0.003601
7.927995e-06	1.95354	0.00364
7.927995e-06	1.95354	0.00364
7.940138e-06	1.95236	0.003676
7.940138e-06	1.95236	0.003676
7.952312e-06	1.95116	0.003707
7.964529e-06	1.94997	0.003735
7.976784e-06	1.94876	0.00376
7.989071e-06	1.94755	0.00378
8.001401e-06	1.94633	0.003796
8.001402e-06	1.94633	0.003796
8.013771e-06	1.94511	0.003808
8.026172e-06	1.94387	0.003816
8.038617e-06	1.94263	0.003821
8.051103e-06	1.94137	0.003822
8.063619e-06	1.94011	0.003819
8.076181e-06	1.93884	0.003813
8.088783e-06	1.93756	0.003803
8.101416e-06	1.93627	0.003791
8.101417e-06	1.93627	0.003791
8.114097e-06	1.93497	0.003776
8.126817e-06	1.93365	0.003758
8.139571e-06	1.93233	0.003738
8.152371e-06	1.931	0.003717
8.165212e-06	1.92965	0.003693
8.178086e-06	1.92829	0.003668
8.191008e-06	1.92692	0.003642
8.203971e-06	1.92554	0.003614
8.216967e-06	1.92415	0.003587
8.230013e-06	1.92274	0.003559
8.230014e-06	1.92274	0.003559
8.243100e-06	1.92132	0.00353
8.256221e-06	1.91989	0.003502
8.269391e-06	1.91845	0.003475
8.282603e-06	1.917	0.003448
8.295850e-06	1.91554	0.003422
8.309146e-06	1.91406	0.003397
8.322486e-06	1.91257	0.003374
8.335869e-06	1.91107	0.003352
8.349287e-06	1.90956	0.003331
8.349288e-06	1.90956	0.003331
8.362756e-06	1.90803	0.003313
8.376269e-06	1.9065	0.003296
8.389818e-06	1.90495	0.003281
8.403418e-06	1.90339	0.003268
8.417062e-06	1.90182	0.003258
8.430744e-06	1.90024	0.003249
8.444477e-06	1.89865	0.003243
8.444478e-06	1.89865	0.003243
8.458255e-06	1.89705	0.003239
8.472070e-06	1.89543	0.003237
8.485939e-06	1.89381	0.003237
8.499853e-06	1.89217	0.00324
8.513805e-06	1.89053	0.003245
8.527811e-06	1.88887	0.003252
8.541861e-06	1.8872	0.003261
8.555952e-06	1.88552	0.003272
8.570097e-06	1.88383	0.003285
8.584287e-06	1.88213	0.0033
8.584288e-06	1.88213	0.0033
8.598519e-06	1.88042	0.003317
8.612805e-06	1.8787	0.003335
8.627137e-06	1.87697	0.003356
8.627138e-06	1.87697	0.003356
8.641511e-06	1.87523	0.003378
8.655939e-06	1.87347	0.003402
8.670417e-06	1.87171	0.003427
8.684936e-06	1.86993	0.003454
8.699510e-06	1.86815	0.003482
8.714134e-06	1.86635	0.003511
8.714135e-06	1.86635	0.003511
8.728799e-06	1.86454	0.003542
8.743521e-06	1.86272	0.003574
8.758293e-06	1.86089	0.003608
8.773107e-06	1.85904	0.003642
8.787979e-06	1.85719	0.003678
8.802902e-06	1.85532	0.003715
8.817868e-06	1.85344	0.003752
8.832893e-06	1.85155	0.003791
8.847968e-06	1.84965	0.003831
8.863088e-06	1.84773	0.003872
8.878266e-06	1.8458	0.003914
8.878267e-06	1.8458	0.003914
8.893498e-06	1.84386	0.003956
8.908772e-06	1.84191	0.004
8.908773e-06	1.84191	0.004
8.924109e-06	1.83994	0.004045
8.939498e-06	1.83796	0.00409
8.954940e-06	1.83597	0.004136
8.970428e-06	1.83396	0.004184
8.985978e-06	1.83194	0.004232
9.001580e-06	1.82991	0.004281
9.017229e-06	1.82786	0.004331
9.017230e-06	1.82786	0.004331
9.032942e-06	1.8258	0.004382
9.048709e-06	1.82372	0.004434
9.064522e-06	1.82163	0.004486
9.064523e-06	1.82163	0.004486
9.080400e-06	1.81953	0.00454
9.096334e-06	1.81741	0.004595
9.112314e-06	1.81528	0.00465
9.128360e-06	1.81313	0.004707
9.144463e-06	1.81097	0.004764
9.160613e-06	1.80879	0.004823
9.176829e-06	1.80659	0.004883
9.193104e-06	1.80438	0.004943
9.209426e-06	1.80216	0.005005
9.225815e-06	1.79992	0.005068
9.242264e-06	1.79766	0.005132
9.258762e-06	1.79539	0.005197
9.275328e-06	1.79309	0.005263
9.291953e-06	1.79079	0.00533
9.308630e-06	1.78846	0.005399
9.325374e-06	1.78612	0.005468
9.342180e-06	1.78376	0.005539
9.359037e-06	1.78139	0.005611
9.375964e-06	1.779	0.005685
9.392952e-06	1.77659	0.00576
9.409994e-06	1.77416	0.005836
9.427104e-06	1.77171	0.005913
9.427105e-06	1.77171	0.005913
9.444279e-06	1.76925	0.005992
9.461508e-06	1.76676	0.006072
9.478808e-06	1.76426	0.006154
9.496171e-06	1.76174	0.006237
9.513589e-06	1.7592	0.006322
9.531080e-06	1.75664	0.006408
9.548636e-06	1.75406	0.006496
9.566247e-06	1.75147	0.006585
9.583933e-06	1.74885	0.006676
9.601684e-06	1.74621	0.006768
9.601685e-06	1.74621	0.006768
9.619501e-06	1.74355	0.006862
9.637374e-06	1.74087	0.006958
9.655324e-06	1.73817	0.007056
9.673341e-06	1.73544	0.007155
9.691416e-06	1.7327	0.007256
9.709567e-06	1.72994	0.007359
9.727787e-06	1.72715	0.007464
9.746065e-06	1.72434	0.007571
9.746066e-06	1.72434	0.007571
9.764423e-06	1.72151	0.007679
9.764424e-06	1.72151	0.007679
9.782850e-06	1.71866	0.00779
9.801337e-06	1.71578	0.007902
9.819903e-06	1.71288	0.008017
9.838540e-06	1.70996	0.008134
9.857237e-06	1.70701	0.008252
9.857238e-06	1.70701	0.008252
9.876016e-06	1.70405	0.008373
9.876017e-06	1.70405	0.008373
9.894867e-06	1.70105	0.008496
9.913779e-06	1.69803	0.008622
9.932775e-06	1.69499	0.008749
9.951843e-06	1.69192	0.008879
9.970975e-06	1.68883	0.009011
9.990189e-06	1.68571	0.009146
1.000948e-05	1.68522	0.015998
1.002883e-05	1.68208	0.016142
1.004827e-05	1.67892	0.016288
1.006779e-05	1.67573	0.016437
1.008737e-05	1.67252	0.016589
1.010703e-05	1.66928	0.016744
1.012678e-05	1.66601	0.016901
1.014659e-05	1.66272	0.017062
1.016649e-05	1.6594	0.017225
1.018646e-05	1.65606	0.017392
1.020651e-05	1.65268	0.017561
1.022664e-05	1.64928	0.017734
1.024686e-05	1.64585	0.01791
1.026714e-05	1.64239	0.018089
1.028752e-05	1.63891	0.018271
1.030797e-05	1.63539	0.018457
1.032850e-05	1.63184	0.018646
1.034912e-05	1.62827	0.018839
1.036982e-05	1.62466	0.019035
1.039059e-05	1.62102	0.019235
1.041146e-05	1.61736	0.019439
1.043241e-05	1.61365	0.019646
1.045345e-05	1.60992	0.019857
1.047456e-05	1.60616	0.020073
1.049577e-05	1.60236	0.020292
1.051706e-05	1.59853	0.020516
1.053843e-05	1.59467	0.020743
1.055990e-05	1.59077	0.020975
1.058145e-05	1.58683	0.021211
1.060308e-05	1.58287	0.021452
1.062481e-05	1.57886	0.021697
1.064663e-05	1.57482	0.021947
1.066853e-05	1.57075	0.022202
1.069053e-05	1.56663	0.022462
1.071262e-05	1.56248	0.022726
1.073480e-05	1.55829	0.022996
1.075707e-05	1.55406	0.023271
1.077944e-05	1.54979	0.023551
1.080189e-05	1.54549	0.023836
1.082444e-05	1.54114	0.024127
1.084709e-05	1.53675	0.024424
1.086983e-05	1.53232	0.024726
1.089267e-05	1.52784	0.025035
1.091560e-05	1.52333	0.025349
1.093862e-05	1.51877	0.02567
1.096175e-05	1.51416	0.025997
1.098498e-05	1.50951	0.02633
1.100829e-05	1.50482	0.02667
1.103172e-05	1.50008	0.027017
1.105525e-05	1.49529	0.027371
1.107886e-05	1.49046	0.027732
1.110259e-05	1.48557	0.0281
1.112642e-05	1.48064	0.028476
1.115033e-05	1.47566	0.028859
1.117437e-05	1.47062	0.02925
1.119851e-05	1.46554	0.02965
1.122274e-05	1.4604	0.030057
1.124709e-05	1.45521	0.030473
1.127154e-05	1.44996	0.030898
1.129609e-05	1.44466	0.031332
1.132076e-05	1.4393	0.031775
1.134554e-05	1.43388	0.032227
1.137041e-05	1.42841	0.032689
1.139540e-05	1.42288	0.033161
1.142051e-05	1.41728	0.033643
1.144572e-05	1.41163	0.034135
1.147103e-05	1.40591	0.034639
1.149647e-05	1.40013	0.035153
1.152203e-05	1.39428	0.035679
1.154768e-05	1.38837	0.036216
1.157346e-05	1.38239	0.036766
1.159935e-05	1.37634	0.037328
1.162535e-05	1.37023	0.037903
1.165148e-05	1.36404	0.038491
1.167773e-05	1.35778	0.039092
1.170408e-05	1.35144	0.039708
1.173056e-05	1.34503	0.040338
1.175717e-05	1.33854	0.040983
1.178388e-05	1.33198	0.041643
1.181073e-05	1.32533	0.04232
1.183770e-05	1.3186	0.043013
1.186478e-05	1.31179	0.043722
1.189199e-05	1.30489	0.044449
1.191933e-05	1.29791	0.045195
1.194679e-05	1.29084	0.045959
1.197438e-05	1.28367	0.046742
1.200211e-05	1.27642	0.047546
1.202995e-05	1.26907	0.04837
1.205793e-05	1.26161	0.049216
1.208604e-05	1.25406	0.050085
1.211427e-05	1.24642	0.050977
1.214264e-05	1.23866	0.051893
1.217115e-05	1.2308	0.052834
1.219978e-05	1.22283	0.0538
1.222856e-05	1.21474	0.054795
1.225747e-05	1.20654	0.055817
1.228651e-05	1.19823	0.056869
1.231570e-05	1.18979	0.057951
1.234502e-05	1.18123	0.059066
1.237448e-05	1.17254	0.060213
1.240408e-05	1.16372	0.061396
1.243384e-05	1.15477	0.062615
1.246371e-05	1.14568	0.063871
1.249375e-05	1.13644	0.065169
1.252394e-05	1.12706	0.066507
1.255427e-05	1.11753	0.06789
1.258473e-05	1.10785	0.069318
1.261535e-05	1.09801	0.070795
1.264613e-05	1.088	0.072323
1.267704e-05	1.07783	0.073904
1.270811e-05	1.06747	0.075542
1.273934e-05	1.05694	0.077239
1.277071e-05	1.04623	0.078999
1.280225e-05	1.03532	0.080826
1.283394e-05	1.02421	0.082723
1.286577e-05	1.0129	0.084695
1.289778e-05	1.00137	0.086747
1.292995e-05	0.98962	0.088884
1.296227e-05	0.977649	0.09111
1.299476e-05	0.965435	0.093433
1.302742e-05	0.952974	0.095859
1.306022e-05	0.940265	0.098394
1.309320e-05	0.927283	0.101049
1.312636e-05	0.914025	0.103832
1.315966e-05	0.900486	0.10675
1.319315e-05	0.886641	0.109818
1.322681e-05	0.872484	0.113047
1.326063e-05	0.858009	0.116448
1.329464e-05	0.843186	0.120041
1.332882e-05	0.82801	0.123841
1.336316e-05	0.812471	0.127865
1.339770e-05	0.796538	0.132141
1.343241e-05	0.780201	0.13669
1.346729e-05	0.763452	0.14154
1.350237e-05	0.746254	0.146727
1.353762e-05	0.7286	0.152287
1.357305e-05	0.710479	0.158261
1.360868e-05	0.691856	0.164704
1.364450e-05	0.672726	0.17167
1.368049e-05	0.653085	0.179222
1.371669e-05	0.632906	0.187445
1.375308e-05	0.612201	0.196423
1.378964e-05	0.590989	0.206251
1.382642e-05	0.569277	0.217053
1.386340e-05	0.547123	0.228948
1.390055e-05	0.524615	0.242066
1.393792e-05	0.501844	0.256555
1.397550e-05	0.478979	0.27254
1.401328e-05	0.456226	0.290126
1.405124e-05	0.433847	0.309364
1.408943e-05	0.412101	0.330268
1.412783e-05	0.391291	0.352742
1.416641e-05	0.371688	0.376605
1.420523e-05	0.353478	0.40164
1.424426e-05	0.336794	0.427556
1.428349e-05	0.321685	0.454053
1.432296e-05	0.3081	0.480898
1.436264e-05	0.295964	0.507854
1.440252e-05	0.285164	0.534737
1.444264e-05	0.275558	0.561444
1.448299e-05	0.267021	0.587877
1.452355e-05	0.259434	0.613963
1.456435e-05	0.252675	0.639696
1.460538e-05	0.246649	0.665047
1.464663e-05	0.24127	0.690001
1.468813e-05	0.236457	0.714588
1.472986e-05	0.232147	0.738804
1.477181e-05	0.228285	0.762654
1.481403e-05	0.224819	0.786176
1.485648e-05	0.221708	0.809377
1.489915e-05	0.218918	0.83226
1.494210e-05	0.216415	0.854869
1.498529e-05	0.214174	0.877208
1.502871e-05	0.21217	0.899283
1.507241e-05	0.210383	0.921134
1.511636e-05	0.208796	0.942763
1.516054e-05	0.207392	0.964176
1.520501e-05	0.206158	0.985409
1.524974e-05	0.205081	1.00646
1.529471e-05	0.204152	1.02734
1.533996e-05	0.20336	1.04808
1.538549e-05	0.202698	1.06867
1.543127e-05	0.202157	1.08913
1.547734e-05	0.201733	1.10947
1.552368e-05	0.201418	1.12971
1.557028e-05	0.201209	1.14983
1.561719e-05	0.2011	1.16988
1.566438e-05	0.201087	1.18985
1.571183e-05	0.201168	1.20973
1.575960e-05	0.201339	1.22956
1.580765e-05	0.201598	1.24933
1.585598e-05	0.201943	1.26905
1.590462e-05	0.202371	1.28874
1.595357e-05	0.202882	1.30839
1.600279e-05	0.203474	1.32801
1.605234e-05	0.204146	1.34762
1.610221e-05	0.204898	1.36722
1.615237e-05	0.205729	1.38682
1.620283e-05	0.20664	1.40641
1.625363e-05	0.20763	1.42602
1.630475e-05	0.208699	1.44565
1.635617e-05	0.209849	1.4653
1.640794e-05	0.211081	1.48499
1.646004e-05	0.212395	1.50472
1.651244e-05	0.213793	1.52448
1.656521e-05	0.215277	1.54431
1.661831e-05	0.216849	1.5642
1.667172e-05	0.218509	1.58415
1.672551e-05	0.220263	1.60419
1.677965e-05	0.222113	1.62432
1.683411e-05	0.22406	1.64452
1.688895e-05	0.22611	1.66484
1.694415e-05	0.228266	1.68527
1.699969e-05	0.230531	1.70581
1.705562e-05	0.232913	1.7265
1.711192e-05	0.235416	1.74732
1.716856e-05	0.238043	1.76828
1.722561e-05	0.240805	1.78942
1.728304e-05	0.243707	1.81073
1.734082e-05	0.246755	1.83221
1.739902e-05	0.249961	1.85391
1.745761e-05	0.253333	1.87582
1.751657e-05	0.25688	1.89795
1.757596e-05	0.260617	1.92033
1.763575e-05	0.264555	1.94298
1.769592e-05	0.268705	1.96589
1.775653e-05	0.273088	1.98912
1.781756e-05	0.27772	2.01266
1.787898e-05	0.282618	2.03654
1.794086e-05	0.287807	2.0608
1.800316e-05	0.293311	2.08545
1.806587e-05	0.299154	2.11051
1.812905e-05	0.305372	2.13604
1.819267e-05	0.311998	2.16206
1.825670e-05	0.319067	2.18859
1.832123e-05	0.326633	2.21571
1.838621e-05	0.334742	2.24345
1.845161e-05	0.343449	2.27183
1.851752e-05	0.352831	2.30095
1.858391e-05	0.362962	2.33084
1.865077e-05	0.373932	2.36159
1.871807e-05	0.385842	2.39324
1.878590e-05	0.398827	2.42591
1.885423e-05	0.413029	2.45968
1.892302e-05	0.428611	2.49463
1.899234e-05	0.445798	2.53091
1.906218e-05	0.46483	2.56862
1.913249e-05	0.485996	2.60787
1.920337e-05	0.509683	2.64885
1.927477e-05	0.53633	2.6917
1.934666e-05	0.566474	2.73654
1.941913e-05	0.600838	2.78358
1.949215e-05	0.640275	2.83292
1.956568e-05	0.685859	2.88464
1.963981e-05	0.739039	2.93876
1.971450e-05	0.801588	2.9951
1.978971e-05	0.875769	3.0531
1.986555e-05	0.964613	3.1118
1.994197e-05	1.0718	3.16914
2.001894e-05	1.2018	3.22149
2.009654e-05	1.35981	3.26258
2.017475e-05	1.55039	3.28194
2.025354e-05	1.77497	3.26342
2.033297e-05	2.02718	3.18503
2.041304e-05	2.28522	3.02384
2.049369e-05	2.50937	2.76912
2.057503e-05	2.65365	2.43711
2.065702e-05	2.68933	2.07183
2.073962e-05	2.61999	1.72267
2.082292e-05	2.4716	1.42148
2.090690e-05	2.27377	1.17926
2.099151e-05	2.04878	0.993619
2.107686e-05	1.80914	0.857281
2.116290e-05	1.56037	0.764172
2.124961e-05	1.30334	0.712233
2.133707e-05	1.03744	0.706779
2.142525e-05	0.771154	0.763515
2.151412e-05	0.539642	0.892234
2.160378e-05	0.379183	1.05897
2.169419e-05	0.280243	1.22054
2.178531e-05	0.218604	1.36309
2.187724e-05	0.178599	1.48712
2.196996e-05	0.151799	1.59572
2.206346e-05	0.133488	1.69187
2.215772e-05	0.120891	1.77796
2.225283e-05	0.11226	1.85594
2.234877e-05	0.106474	1.92723
2.244548e-05	0.102772	1.99292
2.254309e-05	0.100619	2.05399
2.264154e-05	0.099639	2.1111
2.274081e-05	0.099558	2.16482
2.284101e-05	0.100171	2.21568
2.294209e-05	0.101326	2.26404
2.304402e-05	0.102907	2.31021
2.314692e-05	0.104827	2.35452
2.325073e-05	0.107015	2.39717
2.335543e-05	0.109418	2.43834
2.346113e-05	0.111994	2.47825
2.356779e-05	0.114711	2.51702
2.367536e-05	0.117541	2.55476
2.378398e-05	0.120465	2.59163
2.389361e-05	0.123465	2.6277
2.400419e-05	0.126527	2.66305
2.411585e-05	0.129643	2.69779
2.422856e-05	0.132804	2.73196
2.434227e-05	0.136001	2.76562
2.445711e-05	0.139232	2.79885
2.457304e-05	0.142492	2.83169
2.469002e-05	0.145776	2.86416
2.480817e-05	0.149084	2.89634
2.492746e-05	0.152414	2.92824
2.504784e-05	0.155763	2.9599
2.516945e-05	0.159133	2.99136
2.529225e-05	0.162522	3.02265
2.541619e-05	0.165929	3.05377
2.554141e-05	0.169357	3.08478
2.566788e-05	0.172804	3.11569
2.579554e-05	0.17627	3.14649
2.592454e-05	0.179759	3.17725
2.605483e-05	0.183269	3.20797
2.618637e-05	0.186801	3.23864
2.631932e-05	0.190357	3.26932
2.645363e-05	0.193939	3.3
2.658931e-05	0.197547	3.33069
2.672632e-05	0.20118	3.36141
2.686482e-05	0.204843	3.39219
2.700477e-05	0.208536	3.42302
2.714610e-05	0.212259	3.45391
2.728900e-05	0.216015	3.48489
2.743341e-05	0.219806	3.51597
2.757929e-05	0.22363	3.54713
2.772679e-05	0.227493	3.57843
2.787588e-05	0.231394	3.60984
2.802651e-05	0.235333	3.64138
2.817886e-05	0.239315	3.67307
2.833287e-05	0.243341	3.70492
2.848849e-05	0.247409	3.7369
2.864591e-05	0.251526	3.76908
2.880508e-05	0.255691	3.80143
2.896594e-05	0.259903	3.83395
2.912870e-05	0.264169	3.86668
2.929330e-05	0.268488	3.89962
2.945968e-05	0.27286	3.93275
2.962805e-05	0.277291	3.96612
2.979835e-05	0.281781	3.99972
2.997054e-05	0.286329	4.03354
3.014482e-05	0.290943	4.06761
3.032113e-05	0.295621	4.10194
3.049943e-05	0.300363	4.13652
3.067993e-05	0.305176	4.17138
3.086258e-05	0.31006	4.20651
3.104732e-05	0.315015	4.24191
3.123438e-05	0.320047	4.27763
3.142371e-05	0.325157	4.31364
3.161526e-05	0.330345	4.34995
3.180925e-05	0.335617	4.38659
3.200563e-05	0.340974	4.42356
3.220436e-05	0.346415	4.46085
3.240567e-05	0.35195	4.49849
3.260951e-05	0.357576	4.5365
3.281583e-05	0.363296	4.57484
3.302488e-05	0.369116	4.61357
3.323662e-05	0.375037	4.65268
3.345097e-05	0.381059	4.69217
3.366822e-05	0.387191	4.73207
3.388831e-05	0.393434	4.77238
3.411118e-05	0.399786	4.81308
3.433712e-05	0.406259	4.85424
3.456607e-05	0.412852	4.89583
3.479810e-05	0.419568	4.93788
3.503314e-05	0.426409	4.98036
3.527150e-05	0.433384	5.02333
3.551313e-05	0.440495	5.06679
3.575796e-05	0.447741	5.11071
3.600632e-05	0.455135	5.15516
3.625816e-05	0.462676	5.20014
3.651341e-05	0.470365	5.24561
3.677241e-05	0.478215	5.29165
3.703512e-05	0.486227	5.33824
3.730146e-05	0.494401	5.38538
3.757181e-05	0.502752	5.43312
3.784610e-05	0.511279	5.48146
3.812429e-05	0.519984	5.53038
3.840673e-05	0.528882	5.57994
3.869340e-05	0.537974	5.63015
3.898423e-05	0.547262	5.68098
3.927961e-05	0.556762	5.73251
3.957951e-05	0.566474	5.78472
3.988386e-05	0.576402	5.83761
