Wavelength(m)	n	k
# material: BaTiO3
# source: lab MATLAB library, wavnk_BTO_Intrinsic_260223.mat
# ray: extraordinary
# note: uniaxial crystal; pair with the matching -o / -e table to build a (nx, ny, nz) ucell
# type: tabulated nk
# range: 1.9300e-07 - 3.9884e-05 m
# converted: 2026-07-31 by tools/convert_matlab_optprop.py
1.930000e-07	1.83402	0.95077
1.940000e-07	1.85424	0.957698
1.950000e-07	1.87247	0.96259
1.960000e-07	1.8886	0.965976
1.970000e-07	1.90263	0.968367
1.980000e-07	1.91468	0.970229
1.990000e-07	1.92492	0.971966
2.000000e-07	1.93363	0.9739
2.010000e-07	1.94109	0.97626
2.020000e-07	1.94764	0.979179
2.030000e-07	1.95358	0.982688
2.040000e-07	1.95919	0.98673
2.050000e-07	1.96469	0.991171
2.060000e-07	1.97022	0.995826
2.070000e-07	1.97584	1.00049
2.080000e-07	1.98151	1.00494
2.090000e-07	1.98712	1.00901
2.100000e-07	1.99247	1.01257
2.110000e-07	1.99734	1.01556
2.120000e-07	2.00144	1.01802
2.130000e-07	2.00452	1.02005
2.140000e-07	2.00633	1.02187
2.150000e-07	2.00668	1.02375
2.160000e-07	2.00542	1.02605
2.170000e-07	2.00249	1.02917
2.180000e-07	1.99795	1.03352
2.190000e-07	1.99192	1.03956
2.200000e-07	1.98466	1.04769
2.210000e-07	1.97651	1.05831
2.220000e-07	1.96791	1.07172
2.230000e-07	1.95937	1.08815
2.240000e-07	1.95148	1.10771
2.250000e-07	1.94483	1.1304
2.260000e-07	1.94004	1.15606
2.270000e-07	1.93767	1.18445
2.280000e-07	1.93822	1.21518
2.290000e-07	1.94211	1.24776
2.300000e-07	1.94965	1.28167
2.310000e-07	1.96101	1.31631
2.320000e-07	1.97628	1.35109
2.330000e-07	1.9954	1.38546
2.340000e-07	2.01825	1.41888
2.350000e-07	2.04461	1.45088
2.360000e-07	2.07421	1.48106
2.370000e-07	2.10673	1.50907
2.380000e-07	2.14185	1.53464
2.390000e-07	2.17921	1.55756
2.400000e-07	2.21846	1.57768
2.410000e-07	2.25926	1.59489
2.420000e-07	2.30126	1.60915
2.430000e-07	2.34416	1.62043
2.440000e-07	2.38766	1.62875
2.450000e-07	2.43147	1.63416
2.460000e-07	2.47534	1.63673
2.470000e-07	2.51905	1.63654
2.480000e-07	2.56236	1.6337
2.490000e-07	2.6051	1.62832
2.500000e-07	2.64708	1.62053
2.510000e-07	2.68815	1.61046
2.520000e-07	2.72817	1.59825
2.530000e-07	2.76704	1.58404
2.540000e-07	2.80464	1.56798
2.550000e-07	2.84088	1.55021
2.560000e-07	2.8757	1.53087
2.570000e-07	2.90905	1.51011
2.580000e-07	2.94087	1.48808
2.590000e-07	2.97112	1.4649
2.600000e-07	2.9998	1.44072
2.610000e-07	3.02689	1.41566
2.620000e-07	3.05238	1.38985
2.630000e-07	3.07628	1.36342
2.640000e-07	3.09862	1.33647
2.650000e-07	3.11941	1.30912
2.660000e-07	3.13867	1.28147
2.670000e-07	3.15646	1.25362
2.680000e-07	3.1728	1.22566
2.690000e-07	3.18775	1.19767
2.700000e-07	3.20134	1.16974
2.710000e-07	3.21364	1.14193
2.720000e-07	3.2247	1.11431
2.730000e-07	3.23457	1.08693
2.740000e-07	3.24332	1.05986
2.750000e-07	3.251	1.03313
2.760000e-07	3.25768	1.00679
2.770000e-07	3.26342	0.98087
2.780000e-07	3.26827	0.955399
2.790000e-07	3.27229	0.9304
2.800000e-07	3.27555	0.905891
2.810000e-07	3.27811	0.881885
2.820000e-07	3.28001	0.858392
2.830000e-07	3.28131	0.835415
2.840000e-07	3.28206	0.812954
2.850000e-07	3.28231	0.791007
2.860000e-07	3.28211	0.769567
2.870000e-07	3.28149	0.748625
2.880000e-07	3.28051	0.728167
2.890000e-07	3.27919	0.70818
2.900000e-07	3.27758	0.688648
2.910000e-07	3.2757	0.669552
2.920000e-07	3.27357	0.650873
2.930000e-07	3.27123	0.63259
2.940000e-07	3.2687	0.614683
2.950000e-07	3.266	0.59713
2.960000e-07	3.26313	0.579908
2.970000e-07	3.26012	0.562997
2.980000e-07	3.25697	0.546375
2.990000e-07	3.25368	0.530021
3.000000e-07	3.25028	0.513915
3.010000e-07	3.24675	0.498039
3.020000e-07	3.2431	0.482374
3.030000e-07	3.23932	0.466904
3.040000e-07	3.23542	0.451614
3.050000e-07	3.23139	0.43649
3.060000e-07	3.22721	0.42152
3.070000e-07	3.22289	0.406694
3.080000e-07	3.21841	0.392003
3.090000e-07	3.21377	0.377441
3.100000e-07	3.20895	0.363003
3.110000e-07	3.20394	0.348687
3.120000e-07	3.19874	0.334492
3.130000e-07	3.19333	0.320418
3.140000e-07	3.18769	0.306468
3.150000e-07	3.18183	0.292648
3.160000e-07	3.17572	0.278964
3.170000e-07	3.16937	0.265423
3.180000e-07	3.16275	0.252037
3.190000e-07	3.15587	0.238817
3.200000e-07	3.14871	0.225775
3.210000e-07	3.14127	0.212925
3.220000e-07	3.13355	0.200285
3.230000e-07	3.12554	0.187869
3.240000e-07	3.11725	0.175696
3.250000e-07	3.10866	0.163784
3.260000e-07	3.09979	0.152152
3.270000e-07	3.09065	0.14082
3.280000e-07	3.08122	0.129809
3.290000e-07	3.07154	0.119137
3.300000e-07	3.06159	0.108826
3.310000e-07	3.05141	0.098895
3.320000e-07	3.041	0.089364
3.330000e-07	3.03037	0.080253
3.340000e-07	3.01955	0.071579
3.350000e-07	3.00856	0.063361
3.360000e-07	2.99742	0.055614
3.370000e-07	2.98615	0.048355
3.380000e-07	2.97479	0.041597
3.390000e-07	2.96336	0.035353
3.400000e-07	2.95189	0.029633
3.410000e-07	2.94042	0.024447
3.420000e-07	2.92898	0.019803
3.430000e-07	2.91761	0.015704
3.440000e-07	2.90635	0.012156
3.450000e-07	2.89525	0.009158
3.460000e-07	2.88434	0.00671
3.470000e-07	2.8737	0.004809
3.480000e-07	2.86337	0.003449
3.490000e-07	2.85346	0.002624
3.500000e-07	2.84416	0.002295
3.510000e-07	2.83555	0.002096
3.520000e-07	2.82741	0.001915
3.530000e-07	2.81965	0.001748
3.540000e-07	2.81221	0.001596
3.550000e-07	2.80505	0.001456
3.560000e-07	2.79816	0.001329
3.570000e-07	2.7915	0.001212
3.580000e-07	2.78506	0.001105
3.590000e-07	2.77882	0.001008
3.600000e-07	2.77277	0.000919
3.610000e-07	2.76689	0.000838
3.620000e-07	2.76118	0.000764
3.630000e-07	2.75563	0.000696
3.640000e-07	2.75022	0.000634
3.650000e-07	2.74496	0.000578
3.660000e-07	2.73982	0.000526
3.670000e-07	2.73481	0.000479
3.680000e-07	2.72993	0.000437
3.690000e-07	2.72515	0.000398
3.700000e-07	2.72049	0.000362
3.710000e-07	2.71593	0.00033
3.720000e-07	2.71148	0.0003
3.730000e-07	2.70712	0.000273
3.740000e-07	2.70285	0.000249
3.750000e-07	2.69867	0.000226
3.760000e-07	2.69458	0.000206
3.770000e-07	2.69057	0.000188
3.780000e-07	2.68665	0.000171
3.790000e-07	2.6828	0.000155
3.800000e-07	2.67902	0.000141
3.810000e-07	2.67532	0.000129
3.820000e-07	2.67168	0.000117
3.830000e-07	2.66812	0.000107
3.840000e-07	2.66461	9.7e-05
3.850000e-07	2.66118	8.8e-05
3.860000e-07	2.6578	8e-05
3.870000e-07	2.65448	7.3e-05
3.880000e-07	2.65122	6.7e-05
3.890000e-07	2.64802	6.1e-05
3.900000e-07	2.64487	5.5e-05
3.910000e-07	2.64177	5e-05
3.920000e-07	2.63872	4.6e-05
3.930000e-07	2.63573	4.2e-05
3.940000e-07	2.63278	3.8e-05
3.950000e-07	2.62988	3.4e-05
3.960000e-07	2.62703	3.1e-05
3.970000e-07	2.62421	2.9e-05
3.980000e-07	2.62145	2.6e-05
3.990000e-07	2.61872	2.4e-05
4.000000e-07	2.61604	2.2e-05
4.010000e-07	2.6134	2e-05
4.020000e-07	2.6108	1.8e-05
4.030000e-07	2.60823	1.6e-05
4.040000e-07	2.6057	1.5e-05
4.050000e-07	2.60321	1.3e-05
4.060000e-07	2.60076	1.2e-05
4.070000e-07	2.59834	1.1e-05
4.080000e-07	2.59595	1e-05
4.090000e-07	2.5936	9e-06
4.100000e-07	2.59128	8e-06
4.110000e-07	2.58899	8e-06
4.120000e-07	2.58673	7e-06
4.130000e-07	2.5845	6e-06
4.140000e-07	2.58231	6e-06
4.150000e-07	2.58014	5e-06
4.160000e-07	2.578	5e-06
4.170000e-07	2.57589	4e-06
4.180000e-07	2.5738	4e-06
4.190000e-07	2.57174	4e-06
4.200000e-07	2.56971	3e-06
4.210000e-07	2.56771	3e-06
4.220000e-07	2.56572	3e-06
4.230000e-07	2.56377	3e-06
4.240000e-07	2.56184	2e-06
4.250000e-07	2.55993	2e-06
4.260000e-07	2.55804	2e-06
4.270000e-07	2.55618	2e-06
4.280000e-07	2.55434	2e-06
4.290000e-07	2.55252	1e-06
4.300000e-07	2.55072	1e-06
4.310000e-07	2.54895	1e-06
4.320000e-07	2.54719	1e-06
4.330000e-07	2.54546	1e-06
4.340000e-07	2.54375	1e-06
4.350000e-07	2.54205	1e-06
4.360000e-07	2.54038	1e-06
4.370000e-07	2.53872	1e-06
4.380000e-07	2.53708	1e-06
4.390000e-07	2.53546	1e-06
4.400000e-07	2.53386	1e-06
4.410000e-07	2.53228	0
4.420000e-07	2.53071	0
4.430000e-07	2.52916	0
4.440000e-07	2.52763	0
4.450000e-07	2.52611	0
4.460000e-07	2.52461	0
4.470000e-07	2.52313	0
4.480000e-07	2.52166	0
4.490000e-07	2.52021	0
4.500000e-07	2.51877	0
4.510000e-07	2.51735	0
4.520000e-07	2.51594	0
4.530000e-07	2.51455	0
4.540000e-07	2.51317	0
4.550000e-07	2.5118	0
4.560000e-07	2.51045	0
4.570000e-07	2.50911	0
4.580000e-07	2.50779	0
4.590000e-07	2.50648	0
4.600000e-07	2.50518	0
4.610000e-07	2.50389	0
4.620000e-07	2.50262	0
4.630000e-07	2.50136	0
4.640000e-07	2.50011	0
4.650000e-07	2.49888	0
4.660000e-07	2.49765	0
4.670000e-07	2.49644	0
4.680000e-07	2.49524	0
4.690000e-07	2.49405	0
4.700000e-07	2.49287	0
4.710000e-07	2.49171	0
4.720000e-07	2.49055	0
4.730000e-07	2.4894	0
4.740000e-07	2.48827	0
4.750000e-07	2.48714	0
4.760000e-07	2.48603	0
4.770000e-07	2.48493	0
4.780000e-07	2.48383	0
4.790000e-07	2.48275	0
4.800000e-07	2.48167	0
4.810000e-07	2.48061	0
4.820000e-07	2.47955	0
4.830000e-07	2.47851	0
4.840000e-07	2.47747	0
4.850000e-07	2.47644	0
4.860000e-07	2.47542	0
4.870000e-07	2.47441	0
4.880000e-07	2.47341	0
4.890000e-07	2.47242	0
4.900000e-07	2.47144	0
4.910000e-07	2.47046	0
4.920000e-07	2.46949	0
4.930000e-07	2.46853	0
4.940000e-07	2.46758	0
4.950000e-07	2.46664	0
4.960000e-07	2.46571	0
4.970000e-07	2.46478	0
4.980000e-07	2.46386	0
4.990000e-07	2.46295	0
5.000000e-07	2.46204	0
5.010000e-07	2.46115	0
5.020000e-07	2.46026	0
5.030000e-07	2.45938	0
5.040000e-07	2.4585	0
5.050000e-07	2.45763	0
5.060000e-07	2.45677	0
5.070000e-07	2.45592	0
5.080000e-07	2.45507	0
5.090000e-07	2.45423	0
5.100000e-07	2.4534	0
5.110000e-07	2.45257	0
5.120000e-07	2.45175	0
5.130000e-07	2.45093	0
5.140000e-07	2.45013	0
5.150000e-07	2.44932	0
5.160000e-07	2.44853	0
5.170000e-07	2.44774	0
5.180000e-07	2.44696	0
5.190000e-07	2.44618	0
5.200000e-07	2.44541	0
5.210000e-07	2.44464	0
5.220000e-07	2.44388	0
5.230000e-07	2.44313	0
5.240000e-07	2.44238	0
5.250000e-07	2.44164	0
5.260000e-07	2.4409	0
5.270000e-07	2.44017	0
5.280000e-07	2.43945	0
5.290000e-07	2.43872	0
5.300000e-07	2.43801	0
5.310000e-07	2.4373	0
5.320000e-07	2.43659	0
5.330000e-07	2.43589	0
5.340000e-07	2.4352	0
5.350000e-07	2.43451	0
5.360000e-07	2.43383	0
5.370000e-07	2.43315	0
5.380000e-07	2.43247	0
5.390000e-07	2.4318	0
5.400000e-07	2.43113	0
5.410000e-07	2.43047	0
5.420000e-07	2.42982	0
5.430000e-07	2.42917	0
5.440000e-07	2.42852	0
5.450000e-07	2.42788	0
5.460000e-07	2.42724	0
5.470000e-07	2.42661	0
5.480000e-07	2.42598	0
5.490000e-07	2.42535	0
5.500000e-07	2.42473	0
5.510000e-07	2.42412	0
5.520000e-07	2.42351	0
5.530000e-07	2.4229	0
5.540000e-07	2.42229	0
5.550000e-07	2.4217	0
5.560000e-07	2.4211	0
5.570000e-07	2.42051	0
5.580000e-07	2.41992	0
5.590000e-07	2.41934	0
5.600000e-07	2.41876	0
5.610000e-07	2.41818	0
5.620000e-07	2.41761	0
5.630000e-07	2.41704	0
5.640000e-07	2.41648	0
5.650000e-07	2.41592	0
5.660000e-07	2.41536	0
5.670000e-07	2.41481	0
5.680000e-07	2.41426	0
5.690000e-07	2.41371	0
5.700000e-07	2.41317	0
5.710000e-07	2.41263	0
5.720000e-07	2.41209	0
5.730000e-07	2.41156	0
5.740000e-07	2.41103	0
5.750000e-07	2.41051	0
5.760000e-07	2.40998	0
5.770000e-07	2.40947	0
5.780000e-07	2.40895	0
5.790000e-07	2.40844	0
5.800000e-07	2.40793	0
5.810000e-07	2.40742	0
5.820000e-07	2.40692	0
5.830000e-07	2.40642	0
5.840000e-07	2.40592	0
5.850000e-07	2.40543	0
5.860000e-07	2.40494	0
5.870000e-07	2.40445	0
5.880000e-07	2.40397	0
5.890000e-07	2.40349	0
5.900000e-07	2.40301	0
5.910000e-07	2.40253	0
5.920000e-07	2.40206	0
5.930000e-07	2.40159	0
5.940000e-07	2.40112	0
5.950000e-07	2.40066	0
5.960000e-07	2.4002	0
5.970000e-07	2.39974	0
5.980000e-07	2.39928	0
5.990000e-07	2.39883	0
6.000000e-07	2.39838	0
6.010000e-07	2.39793	0
6.020000e-07	2.39749	0
6.030000e-07	2.39704	0
6.040000e-07	2.3966	0
6.050000e-07	2.39617	0
6.060000e-07	2.39573	0
6.070000e-07	2.3953	0
6.080000e-07	2.39487	0
6.090000e-07	2.39444	0
6.100000e-07	2.39402	0
6.110000e-07	2.39359	0
6.120000e-07	2.39317	0
6.130000e-07	2.39276	0
6.140000e-07	2.39234	0
6.150000e-07	2.39193	0
6.160000e-07	2.39152	0
6.170000e-07	2.39111	0
6.180000e-07	2.3907	0
6.190000e-07	2.3903	0
6.200000e-07	2.3899	0
6.210000e-07	2.3895	0
6.220000e-07	2.3891	0
6.230000e-07	2.38871	0
6.240000e-07	2.38831	0
6.250000e-07	2.38793	0
6.260000e-07	2.38754	0
6.270000e-07	2.38715	0
6.280000e-07	2.38677	0
6.290000e-07	2.38639	0
6.300000e-07	2.386	0
6.310000e-07	2.38563	0
6.320000e-07	2.38525	0
6.330000e-07	2.38488	0
6.340000e-07	2.38451	0
6.350000e-07	2.38414	0
6.360000e-07	2.38377	0
6.370000e-07	2.3834	0
6.380000e-07	2.38304	0
6.390000e-07	2.38268	0
6.400000e-07	2.38232	0
6.410000e-07	2.38196	0
6.420000e-07	2.3816	0
6.430000e-07	2.38125	0
6.440000e-07	2.3809	0
6.450000e-07	2.38055	0
6.460000e-07	2.3802	0
6.470000e-07	2.37985	0
6.480000e-07	2.37951	0
6.490000e-07	2.37916	0
6.500000e-07	2.37882	0
6.510000e-07	2.37848	0
6.520000e-07	2.37815	0
6.530000e-07	2.37781	0
6.540000e-07	2.37748	0
6.550000e-07	2.37714	0
6.560000e-07	2.37681	0
6.570000e-07	2.37648	0
6.580000e-07	2.37616	0
6.590000e-07	2.37583	0
6.600000e-07	2.37551	0
6.610000e-07	2.37518	0
6.620000e-07	2.37486	0
6.630000e-07	2.37454	0
6.640000e-07	2.37423	0
6.650000e-07	2.37391	0
6.660000e-07	2.37359	0
6.670000e-07	2.37328	0
6.680000e-07	2.37297	0
6.690000e-07	2.37266	0
6.700000e-07	2.37235	0
6.710000e-07	2.37204	0
6.720000e-07	2.37174	0
6.730000e-07	2.37143	0
6.740000e-07	2.37113	0
6.750000e-07	2.37083	0
6.760000e-07	2.37053	0
6.770000e-07	2.37023	0
6.780000e-07	2.36994	0
6.790000e-07	2.36964	0
6.800000e-07	2.36935	0
6.810000e-07	2.36906	0
6.820000e-07	2.36877	0
6.830000e-07	2.36848	0
6.840000e-07	2.36819	0
6.850000e-07	2.3679	0
6.860000e-07	2.36762	0
6.870000e-07	2.36733	0
6.880000e-07	2.36705	0
6.890000e-07	2.36677	0
6.900000e-07	2.36649	0
6.910000e-07	2.36621	0
6.920000e-07	2.36593	0
6.930000e-07	2.36566	0
6.940000e-07	2.36538	0
6.950000e-07	2.36511	0
6.960000e-07	2.36484	0
6.970000e-07	2.36456	0
6.980000e-07	2.36429	0
6.990000e-07	2.36403	0
7.000000e-07	2.36376	0
7.010000e-07	2.36349	0
7.020000e-07	2.36323	0
7.030000e-07	2.36296	0
7.040000e-07	2.3627	0
7.050000e-07	2.36244	0
7.060000e-07	2.36218	0
7.070000e-07	2.36192	0
7.080000e-07	2.36166	0
7.090000e-07	2.36141	0
7.100000e-07	2.36115	0
7.110000e-07	2.3609	0
7.120000e-07	2.36065	0
7.130000e-07	2.36039	0
7.140000e-07	2.36014	0
7.150000e-07	2.35989	0
7.160000e-07	2.35964	0
7.170000e-07	2.3594	0
7.180000e-07	2.35915	0
7.190000e-07	2.35891	0
7.200000e-07	2.35866	0
7.210000e-07	2.35842	0
7.220000e-07	2.35818	0
7.230000e-07	2.35793	0
7.240000e-07	2.3577	0
7.250000e-07	2.35746	0
7.260000e-07	2.35722	0
7.270000e-07	2.35698	0
7.280000e-07	2.35675	0
7.290000e-07	2.35651	0
7.300000e-07	2.35628	0
7.310000e-07	2.35604	0
7.320000e-07	2.35581	0
7.330000e-07	2.35558	0
7.340000e-07	2.35535	0
7.350000e-07	2.35512	0
7.360000e-07	2.35489	0
7.370000e-07	2.35467	0
7.380000e-07	2.35444	0
7.390000e-07	2.35422	0
7.400000e-07	2.35399	0
7.410000e-07	2.35377	0
7.420000e-07	2.35355	0
7.430000e-07	2.35333	0
7.440000e-07	2.3531	0
7.450000e-07	2.35289	0
7.460000e-07	2.35267	0
7.470000e-07	2.35245	0
7.480000e-07	2.35223	0
7.490000e-07	2.35202	0
7.500000e-07	2.3518	0
7.510000e-07	2.35159	0
7.520000e-07	2.35137	0
7.530000e-07	2.35116	0
7.540000e-07	2.35095	0
7.550000e-07	2.35074	0
7.560000e-07	2.35053	0
7.570000e-07	2.35032	0
7.580000e-07	2.35011	0
7.590000e-07	2.34991	0
7.600000e-07	2.3497	0
7.610000e-07	2.34949	0
7.620000e-07	2.34929	0
7.630000e-07	2.34909	0
7.640000e-07	2.34888	0
7.650000e-07	2.34868	0
7.660000e-07	2.34848	0
7.670000e-07	2.34828	0
7.680000e-07	2.34808	0
7.690000e-07	2.34788	0
7.700000e-07	2.34768	0
7.710000e-07	2.34748	0
7.720000e-07	2.34728	0
7.730000e-07	2.34709	0
7.740000e-07	2.34689	0
7.750000e-07	2.3467	0
7.760000e-07	2.34651	0
7.770000e-07	2.34631	0
7.780000e-07	2.34612	0
7.790000e-07	2.34593	0
7.800000e-07	2.34574	0
7.810000e-07	2.34555	0
7.820000e-07	2.34536	0
7.830000e-07	2.34517	0
7.840000e-07	2.34498	0
7.850000e-07	2.34479	0
7.860000e-07	2.34461	0
7.870000e-07	2.34442	0
7.880000e-07	2.34424	0
7.890000e-07	2.34405	0
7.900000e-07	2.34387	0
7.910000e-07	2.34368	0
7.920000e-07	2.3435	0
7.930000e-07	2.34332	0
7.940000e-07	2.34314	0
7.950000e-07	2.34296	0
7.960000e-07	2.34278	0
7.970000e-07	2.3426	0
7.980000e-07	2.34242	0
7.990000e-07	2.34225	0
8.000000e-07	2.34207	0
8.010000e-07	2.34189	0
8.020000e-07	2.34172	0
8.030000e-07	2.34154	0
8.040000e-07	2.34137	0
8.050000e-07	2.34119	0
8.060000e-07	2.34102	0
8.070000e-07	2.34085	0
8.080000e-07	2.34068	0
8.090000e-07	2.3405	0
8.100000e-07	2.34033	0
8.110000e-07	2.34016	0
8.120000e-07	2.33999	0
8.130000e-07	2.33982	0
8.140000e-07	2.33966	0
8.150000e-07	2.33949	0
8.160000e-07	2.33932	0
8.170000e-07	2.33915	0
8.180000e-07	2.33899	0
8.190000e-07	2.33882	0
8.200000e-07	2.33866	0
8.210000e-07	2.33849	0
8.220000e-07	2.33833	0
8.230000e-07	2.33817	0
8.240000e-07	2.33801	0
8.250000e-07	2.33784	0
8.260000e-07	2.33768	0
8.270000e-07	2.33752	0
8.280000e-07	2.33736	0
8.290000e-07	2.3372	0
8.300000e-07	2.33704	0
8.310000e-07	2.33688	0
8.320000e-07	2.33673	0
8.330000e-07	2.33657	0
8.340000e-07	2.33641	0
8.350000e-07	2.33625	0
8.360000e-07	2.3361	0
8.370000e-07	2.33594	0
8.380000e-07	2.33579	0
8.390000e-07	2.33563	0
8.400000e-07	2.33548	0
8.410000e-07	2.33533	0
8.420000e-07	2.33518	0
8.430000e-07	2.33502	0
8.440000e-07	2.33487	0
8.450000e-07	2.33472	0
8.460000e-07	2.33457	0
8.470000e-07	2.33442	0
8.480000e-07	2.33427	0
8.490000e-07	2.33412	0
8.500000e-07	2.33397	0
8.510000e-07	2.33382	0
8.520000e-07	2.33367	0
8.530000e-07	2.33353	0
8.540000e-07	2.33338	0
8.550000e-07	2.33324	0
8.560000e-07	2.33309	0
8.570000e-07	2.33294	0
8.580000e-07	2.3328	0
8.590000e-07	2.33265	0
8.600000e-07	2.33251	0
8.610000e-07	2.33237	0
8.620000e-07	2.33222	0
8.630000e-07	2.33208	0
8.640000e-07	2.33194	0
8.650000e-07	2.3318	0
8.660000e-07	2.33166	0
8.670000e-07	2.33152	0
8.680000e-07	2.33137	0
8.690000e-07	2.33123	0
8.700000e-07	2.33109	0
8.710000e-07	2.33096	0
8.720000e-07	2.33082	0
8.730000e-07	2.33068	0
8.740000e-07	2.33054	0
8.750000e-07	2.3304	0
8.760000e-07	2.33027	0
8.770000e-07	2.33013	0
8.780000e-07	2.32999	0
8.790000e-07	2.32986	0
8.800000e-07	2.32972	0
8.810000e-07	2.32959	0
8.820000e-07	2.32945	0
8.830000e-07	2.32932	0
8.840000e-07	2.32919	0
8.850000e-07	2.32905	0
8.860000e-07	2.32892	0
8.870000e-07	2.32879	0
8.880000e-07	2.32866	0
8.890000e-07	2.32853	0
8.900000e-07	2.32839	0
8.910000e-07	2.32826	0
8.920000e-07	2.32813	0
8.930000e-07	2.328	0
8.940000e-07	2.32787	0
8.950000e-07	2.32774	0
8.960000e-07	2.32762	0
8.970000e-07	2.32749	0
8.980000e-07	2.32736	0
8.990000e-07	2.32723	0
9.000000e-07	2.3271	0
9.010000e-07	2.32698	0
9.020000e-07	2.32685	0
9.030000e-07	2.32673	0
9.040000e-07	2.3266	0
9.050000e-07	2.32647	0
9.060000e-07	2.32635	0
9.070000e-07	2.32622	0
9.080000e-07	2.3261	0
9.090000e-07	2.32598	0
9.100000e-07	2.32585	0
9.110000e-07	2.32573	0
9.120000e-07	2.3256	0
9.130000e-07	2.32548	0
9.140000e-07	2.32536	0
9.150000e-07	2.32524	0
9.160000e-07	2.32512	0
9.170000e-07	2.325	0
9.180000e-07	2.32488	0
9.190000e-07	2.32475	0
9.200000e-07	2.32463	0
9.210000e-07	2.32451	0
9.220000e-07	2.32439	0
9.230000e-07	2.32428	0
9.240000e-07	2.32416	0
9.250000e-07	2.32404	0
9.260000e-07	2.32392	0
9.270000e-07	2.3238	0
9.280000e-07	2.32368	0
9.290000e-07	2.32357	0
9.300000e-07	2.32345	0
9.310000e-07	2.32333	0
9.320000e-07	2.32322	0
9.330000e-07	2.3231	0
9.340000e-07	2.32299	0
9.350000e-07	2.32287	0
9.360000e-07	2.32276	0
9.370000e-07	2.32264	0
9.380000e-07	2.32253	0
9.390000e-07	2.32241	0
9.400000e-07	2.3223	0
9.410000e-07	2.32219	0
9.420000e-07	2.32207	0
9.430000e-07	2.32196	0
9.440000e-07	2.32185	0
9.450000e-07	2.32174	0
9.460000e-07	2.32162	0
9.470000e-07	2.32151	0
9.480000e-07	2.3214	0
9.490000e-07	2.32129	0
9.500000e-07	2.32118	0
9.510000e-07	2.32107	0
9.520000e-07	2.32096	0
9.530000e-07	2.32085	0
9.540000e-07	2.32074	0
9.550000e-07	2.32063	0
9.560000e-07	2.32052	0
9.570000e-07	2.32041	0
9.580000e-07	2.3203	0
9.590000e-07	2.3202	0
9.600000e-07	2.32009	0
9.610000e-07	2.31998	0
9.620000e-07	2.31987	0
9.630000e-07	2.31976	0
9.640000e-07	2.31966	0
9.650000e-07	2.31955	0
9.660000e-07	2.31945	0
9.670000e-07	2.31934	0
9.680000e-07	2.31923	0
9.690000e-07	2.31913	0
9.700000e-07	2.31902	0
9.710000e-07	2.31892	0
9.720000e-07	2.31881	0
9.730000e-07	2.31871	0
9.740000e-07	2.3186	0
9.750000e-07	2.3185	0
9.760000e-07	2.3184	0
9.770000e-07	2.31829	0
9.780000e-07	2.31819	0
9.790000e-07	2.31809	0
9.800000e-07	2.31799	0
9.810000e-07	2.31788	0
9.820000e-07	2.31778	0
9.830000e-07	2.31768	0
9.840000e-07	2.31758	0
9.850000e-07	2.31748	0
9.860000e-07	2.31738	0
9.870000e-07	2.31727	0
9.880000e-07	2.31717	0
9.890000e-07	2.31707	0
9.900000e-07	2.31697	0
9.910000e-07	2.31687	0
9.920000e-07	2.31677	0
9.930000e-07	2.31667	0
9.940000e-07	2.31657	0
9.950000e-07	2.31648	0
9.960000e-07	2.31638	0
9.970000e-07	2.31628	0
9.980000e-07	2.31618	0
9.990000e-07	2.31608	0
1.000000e-06	2.31598	0
1.002500e-06	2.31574	0
1.005000e-06	2.3155	0
1.007500e-06	2.31526	0
1.010000e-06	2.31502	0
1.012500e-06	2.31478	0
1.015000e-06	2.31454	0
1.017500e-06	2.31431	0
1.020000e-06	2.31407	0
1.022500e-06	2.31384	0
1.025000e-06	2.31361	0
1.027500e-06	2.31338	0
1.030000e-06	2.31315	0
1.032500e-06	2.31292	0
1.035000e-06	2.3127	0
1.037500e-06	2.31247	0
1.040000e-06	2.31225	0
1.042500e-06	2.31203	0
1.045000e-06	2.31181	0
1.047500e-06	2.31158	0
1.050000e-06	2.31136	0
1.052500e-06	2.31115	0
1.055000e-06	2.31093	0
1.057500e-06	2.31071	0
1.060000e-06	2.3105	0
1.062500e-06	2.31028	0
1.065000e-06	2.31007	0
1.067500e-06	2.30986	0
1.070000e-06	2.30965	0
1.072500e-06	2.30944	0
1.075000e-06	2.30923	0
1.077500e-06	2.30902	0
1.080000e-06	2.30882	0
1.082500e-06	2.30861	0
1.085000e-06	2.30841	0
1.087500e-06	2.3082	0
1.090000e-06	2.308	0
1.092500e-06	2.3078	0
1.095000e-06	2.3076	0
1.097500e-06	2.3074	0
1.100000e-06	2.3072	0
1.102500e-06	2.307	0
1.105000e-06	2.30681	0
1.107500e-06	2.30661	0
1.110000e-06	2.30641	0
1.112500e-06	2.30622	0
1.115000e-06	2.30602	0
1.117500e-06	2.30583	0
1.120000e-06	2.30564	0
1.122500e-06	2.30545	0
1.125000e-06	2.30526	0
1.127500e-06	2.30507	0
1.130000e-06	2.30488	0
1.132500e-06	2.30469	0
1.135000e-06	2.30451	0
1.137500e-06	2.30432	0
1.140000e-06	2.30413	0
1.142500e-06	2.30395	0
1.145000e-06	2.30376	0
1.147500e-06	2.30358	0
1.150000e-06	2.3034	0
1.152500e-06	2.30322	0
1.155000e-06	2.30304	0
1.157500e-06	2.30286	0
1.160000e-06	2.30268	0
1.162500e-06	2.3025	0
1.165000e-06	2.30232	0
1.167500e-06	2.30214	0
1.170000e-06	2.30196	0
1.172500e-06	2.30179	0
1.175000e-06	2.30161	0
1.177500e-06	2.30144	0
1.180000e-06	2.30126	0
1.182500e-06	2.30109	0
1.185000e-06	2.30092	0
1.187500e-06	2.30074	0
1.190000e-06	2.30057	0
1.192500e-06	2.3004	0
1.195000e-06	2.30023	0
1.197500e-06	2.30006	0
1.200000e-06	2.29989	0
1.202500e-06	2.29972	0
1.205000e-06	2.29955	0
1.207500e-06	2.29939	0
1.210000e-06	2.29922	0
1.212500e-06	2.29905	0
1.215000e-06	2.29889	0
1.217500e-06	2.29872	0
1.220000e-06	2.29856	0
1.222500e-06	2.29839	0
1.225000e-06	2.29823	0
1.227500e-06	2.29806	0
1.230000e-06	2.2979	0
1.232500e-06	2.29774	0
1.235000e-06	2.29758	0
1.237500e-06	2.29742	0
1.240000e-06	2.29725	0
1.242500e-06	2.2971	0
1.245000e-06	2.29693	0
1.247500e-06	2.29678	0
1.250000e-06	2.29662	0
1.252500e-06	2.29646	0
1.255000e-06	2.2963	0
1.257500e-06	2.29614	0
1.260000e-06	2.29599	0
1.262500e-06	2.29583	0
1.265000e-06	2.29567	0
1.267500e-06	2.29552	0
1.270000e-06	2.29536	0
1.272500e-06	2.29521	0
1.275000e-06	2.29505	0
1.277500e-06	2.2949	0
1.280000e-06	2.29475	0
1.282500e-06	2.29459	0
1.285000e-06	2.29444	0
1.287500e-06	2.29429	0
1.290000e-06	2.29414	0
1.292500e-06	2.29399	0
1.295000e-06	2.29384	0
1.297500e-06	2.29368	0
1.300000e-06	2.29353	0
1.302500e-06	2.29338	0
1.305000e-06	2.29324	0
1.307500e-06	2.29309	0
1.310000e-06	2.29294	0
1.312500e-06	2.29279	0
1.315000e-06	2.29264	0
1.317500e-06	2.29249	0
1.320000e-06	2.29235	0
1.322500e-06	2.2922	0
1.325000e-06	2.29205	0
1.327500e-06	2.29191	0
1.330000e-06	2.29176	0
1.332500e-06	2.29161	0
1.335000e-06	2.29147	0
1.337500e-06	2.29132	0
1.340000e-06	2.29118	0
1.342500e-06	2.29103	0
1.345000e-06	2.29089	0
1.347500e-06	2.29075	0
1.350000e-06	2.2906	0
1.352500e-06	2.29046	0
1.355000e-06	2.29032	0
1.357500e-06	2.29018	0
1.360000e-06	2.29003	0
1.362500e-06	2.28989	0
1.365000e-06	2.28975	0
1.367500e-06	2.28961	0
1.370000e-06	2.28947	0
1.372500e-06	2.28933	0
1.375000e-06	2.28919	0
1.377500e-06	2.28905	0
1.380000e-06	2.28891	0
1.382500e-06	2.28877	0
1.385000e-06	2.28863	0
1.387500e-06	2.28849	0
1.390000e-06	2.28835	0
1.392500e-06	2.28821	0
1.395000e-06	2.28807	0
1.397500e-06	2.28794	0
1.400000e-06	2.2878	0
1.402500e-06	2.28766	0
1.405000e-06	2.28752	0
1.407500e-06	2.28739	0
1.410000e-06	2.28725	0
1.412500e-06	2.28711	0
1.415000e-06	2.28698	0
1.417500e-06	2.28684	0
1.420000e-06	2.2867	0
1.422500e-06	2.28657	0
1.425000e-06	2.28643	0
1.427500e-06	2.2863	0
1.430000e-06	2.28616	0
1.432500e-06	2.28603	0
1.435000e-06	2.28589	0
1.437500e-06	2.28576	0
1.440000e-06	2.28563	0
1.442500e-06	2.28549	0
1.445000e-06	2.28536	0
1.447500e-06	2.28523	0
1.450000e-06	2.28509	0
1.452500e-06	2.28496	0
1.455000e-06	2.28483	0
1.457500e-06	2.28469	0
1.460000e-06	2.28456	0
1.462500e-06	2.28443	0
1.465000e-06	2.2843	0
1.467500e-06	2.28416	0
1.470000e-06	2.28403	0
1.472500e-06	2.2839	0
1.475000e-06	2.28377	0
1.477500e-06	2.28364	0
1.480000e-06	2.28351	0
1.482500e-06	2.28337	0
1.485000e-06	2.28324	0
1.487500e-06	2.28311	0
1.490000e-06	2.28298	0
1.492500e-06	2.28285	0
1.495000e-06	2.28272	0
1.497500e-06	2.28259	0
1.500000e-06	2.28246	0
1.502500e-06	2.28233	0
1.505000e-06	2.2822	0
1.507500e-06	2.28207	0
1.510000e-06	2.28194	0
1.512500e-06	2.28182	0
1.515000e-06	2.28169	0
1.517500e-06	2.28156	0
1.520000e-06	2.28143	0
1.522500e-06	2.2813	0
1.525000e-06	2.28117	0
1.527500e-06	2.28104	0
1.530000e-06	2.28092	0
1.532500e-06	2.28079	0
1.535000e-06	2.28066	0
1.537500e-06	2.28053	0
1.540000e-06	2.28041	0
1.542500e-06	2.28028	0
1.545000e-06	2.28015	0
1.547500e-06	2.28002	0
1.550000e-06	2.2799	0
1.552500e-06	2.27977	0
1.555000e-06	2.27964	0
1.557500e-06	2.27951	0
1.560000e-06	2.27939	0
1.562500e-06	2.27926	0
1.565000e-06	2.27914	0
1.567500e-06	2.27901	0
1.570000e-06	2.27888	0
1.572500e-06	2.27876	0
1.575000e-06	2.27863	0
1.577500e-06	2.2785	0
1.580000e-06	2.27838	0
1.582500e-06	2.27825	0
1.585000e-06	2.27813	0
1.587500e-06	2.278	0
1.590000e-06	2.27788	0
1.592500e-06	2.27775	0
1.595000e-06	2.27763	0
1.597500e-06	2.2775	0
1.600000e-06	2.27738	0
1.602500e-06	2.27725	0
1.605000e-06	2.27712	0
1.607500e-06	2.277	0
1.610000e-06	2.27688	0
1.612500e-06	2.27675	0
1.615000e-06	2.27663	0
1.617500e-06	2.2765	0
1.620000e-06	2.27638	0
1.622500e-06	2.27625	0
1.625000e-06	2.27613	0
1.627500e-06	2.27601	0
1.630000e-06	2.27588	0
1.632500e-06	2.27576	0
1.635000e-06	2.27563	0
1.637500e-06	2.27551	0
1.640000e-06	2.27538	0
1.642500e-06	2.27526	0
1.645000e-06	2.27514	0
1.647500e-06	2.27501	0
1.650000e-06	2.27489	0
1.652500e-06	2.27477	0
1.655000e-06	2.27464	0
1.657500e-06	2.27452	0
1.660000e-06	2.2744	0
1.662500e-06	2.27427	0
1.665000e-06	2.27415	0
1.667500e-06	2.27403	0
1.670000e-06	2.2739	0
1.672500e-06	2.27378	0
1.675000e-06	2.27366	0
1.677500e-06	2.27353	0
1.680000e-06	2.27341	0
1.682500e-06	2.27329	0
1.685000e-06	2.27317	0
1.687500e-06	2.27304	0
1.690000e-06	2.27292	0
1.692500e-06	2.2728	0
1.695000e-06	2.27268	0
1.697500e-06	2.27255	0
1.700000e-06	2.27243	0
1.702202e-06	2.27066	0
1.702761e-06	2.27065	0
1.703321e-06	2.27064	0
1.703880e-06	2.27063	0
1.704441e-06	2.27062	0
1.705001e-06	2.27061	0
1.705562e-06	2.2706	0
1.706123e-06	2.27059	0
1.706685e-06	2.27058	0
1.707247e-06	2.27056	0
1.707809e-06	2.27055	0
1.708372e-06	2.27054	0
1.708935e-06	2.27053	0
1.709498e-06	2.27052	0
1.710062e-06	2.27051	0
1.710626e-06	2.2705	0
1.711191e-06	2.27049	0
1.711756e-06	2.27048	0
1.712321e-06	2.27047	0
1.712887e-06	2.27046	0
1.713453e-06	2.27045	0
1.714019e-06	2.27044	0
1.714586e-06	2.27042	0
1.715154e-06	2.27041	0
1.715721e-06	2.2704	0
1.716289e-06	2.27039	0
1.716857e-06	2.27038	0
1.717426e-06	2.27037	0
1.717995e-06	2.27036	0
1.718564e-06	2.27035	0
1.719134e-06	2.27034	0
1.719704e-06	2.27033	0
1.720275e-06	2.27032	0
1.720846e-06	2.27031	0
1.721417e-06	2.27029	0
1.721989e-06	2.27028	0
1.722561e-06	2.27027	0
1.723133e-06	2.27026	0
1.723706e-06	2.27025	0
1.724280e-06	2.27024	0
1.724853e-06	2.27023	0
1.725427e-06	2.27022	0
1.726001e-06	2.27021	0
1.726576e-06	2.2702	0
1.727152e-06	2.27019	0
1.727727e-06	2.27018	0
1.728303e-06	2.27016	0
1.728879e-06	2.27015	0
1.729456e-06	2.27014	0
1.730033e-06	2.27013	0
1.730610e-06	2.27012	0
1.731188e-06	2.27011	0
1.731766e-06	2.2701	0
1.732345e-06	2.27009	0
1.732924e-06	2.27008	0
1.733503e-06	2.27007	0
1.734083e-06	2.27006	0
1.734663e-06	2.27004	0
1.735244e-06	2.27003	0
1.735825e-06	2.27002	0
1.736406e-06	2.27001	0
1.736988e-06	2.27	0
1.737570e-06	2.26999	0
1.738153e-06	2.26998	0
1.738735e-06	2.26997	0
1.739319e-06	2.26995	0
1.739902e-06	2.26994	0
1.740486e-06	2.26993	0
1.741071e-06	2.26992	0
1.741656e-06	2.26991	0
1.742241e-06	2.2699	0
1.742826e-06	2.26989	0
1.743412e-06	2.26988	0
1.743999e-06	2.26987	0
1.744586e-06	2.26985	0
1.745173e-06	2.26984	0
1.745760e-06	2.26983	0
1.746348e-06	2.26982	0
1.746937e-06	2.26981	0
1.747526e-06	2.2698	0
1.748115e-06	2.26979	0
1.748704e-06	2.26978	0
1.749294e-06	2.26977	0
1.749885e-06	2.26975	0
1.750476e-06	2.26974	0
1.751067e-06	2.26973	0
1.751658e-06	2.26972	0
1.752250e-06	2.26971	0
1.752843e-06	2.2697	0
1.753435e-06	2.26969	0
1.754029e-06	2.26967	0
1.754622e-06	2.26966	0
1.755216e-06	2.26965	0
1.755811e-06	2.26964	0
1.756405e-06	2.26963	0
1.757001e-06	2.26962	0
1.757596e-06	2.26961	0
1.758192e-06	2.26959	0
1.758788e-06	2.26958	0
1.759385e-06	2.26957	0
1.759982e-06	2.26956	0
1.760580e-06	2.26955	0
1.761178e-06	2.26954	0
1.761777e-06	2.26953	0
1.762375e-06	2.26952	0
1.762975e-06	2.2695	0
1.763574e-06	2.26949	0
1.764174e-06	2.26948	0
1.764775e-06	2.26947	0
1.765376e-06	2.26946	0
1.765977e-06	2.26945	0
1.766579e-06	2.26943	0
1.767181e-06	2.26942	0
1.767783e-06	2.26941	0
1.768386e-06	2.2694	0
1.768990e-06	2.26939	0
1.769593e-06	2.26938	0
1.770198e-06	2.26937	0
1.770802e-06	2.26935	0
1.771407e-06	2.26934	0
1.772012e-06	2.26933	0
1.772618e-06	2.26932	0
1.773224e-06	2.26931	0
1.773831e-06	2.2693	0
1.774438e-06	2.26928	0
1.775046e-06	2.26927	0
1.775654e-06	2.26926	0
1.776262e-06	2.26925	0
1.776870e-06	2.26924	0
1.777480e-06	2.26923	0
1.778089e-06	2.26921	0
1.778699e-06	2.2692	0
1.779310e-06	2.26919	0
1.779920e-06	2.26918	0
1.780532e-06	2.26917	0
1.781143e-06	2.26916	0
1.781756e-06	2.26914	0
1.782368e-06	2.26913	0
1.782981e-06	2.26912	0
1.783594e-06	2.26911	0
1.784208e-06	2.2691	0
1.784822e-06	2.26909	0
1.785437e-06	2.26907	0
1.786052e-06	2.26906	0
1.786667e-06	2.26905	0
1.787283e-06	2.26904	0
1.787899e-06	2.26903	0
1.788516e-06	2.26901	0
1.789133e-06	2.269	0
1.789751e-06	2.26899	0
1.790369e-06	2.26898	0
1.790988e-06	2.26897	0
1.791606e-06	2.26896	0
1.792226e-06	2.26894	0
1.792845e-06	2.26893	0
1.793466e-06	2.26892	0
1.794086e-06	2.26891	0
1.794707e-06	2.2689	0
1.795328e-06	2.26888	0
1.795950e-06	2.26887	0
1.796573e-06	2.26886	0
1.797195e-06	2.26885	0
1.797818e-06	2.26884	0
1.798442e-06	2.26882	0
1.799066e-06	2.26881	0
1.799690e-06	2.2688	0
1.800315e-06	2.26879	0
1.800941e-06	2.26878	0
1.801566e-06	2.26876	0
1.802193e-06	2.26875	0
1.802820e-06	2.26874	0
1.803446e-06	2.26873	0
1.804074e-06	2.26871	0
1.804702e-06	2.2687	0
1.805330e-06	2.26869	0
1.805959e-06	2.26868	0
1.806589e-06	2.26867	0
1.807218e-06	2.26865	0
1.807848e-06	2.26864	0
1.808479e-06	2.26863	0
1.809110e-06	2.26862	0
1.809741e-06	2.26861	0
1.810373e-06	2.26859	0
1.811006e-06	2.26858	0
1.811638e-06	2.26857	0
1.812271e-06	2.26856	0
1.812905e-06	2.26855	0
1.813539e-06	2.26853	0
1.814174e-06	2.26852	0
1.814809e-06	2.26851	0
1.815444e-06	2.2685	0
1.816080e-06	2.26848	0
1.816716e-06	2.26847	0
1.817353e-06	2.26846	0
1.817990e-06	2.26845	0
1.818628e-06	2.26844	0
1.819266e-06	2.26842	0
1.819905e-06	2.26841	0
1.820544e-06	2.2684	0
1.821183e-06	2.26838	0
1.821823e-06	2.26837	0
1.822463e-06	2.26836	0
1.823104e-06	2.26835	0
1.823745e-06	2.26834	0
1.824387e-06	2.26832	0
1.825029e-06	2.26831	0
1.825672e-06	2.2683	0
1.826315e-06	2.26829	0
1.826959e-06	2.26827	0
1.827603e-06	2.26826	0
1.828247e-06	2.26825	0
1.828892e-06	2.26824	0
1.829537e-06	2.26822	0
1.830183e-06	2.26821	0
1.830829e-06	2.2682	0
1.831476e-06	2.26819	0
1.832123e-06	2.26817	0
1.832771e-06	2.26816	0
1.833419e-06	2.26815	0
1.834068e-06	2.26814	0
1.834716e-06	2.26812	0
1.835366e-06	2.26811	0
1.836016e-06	2.2681	0
1.836666e-06	2.26809	0
1.837317e-06	2.26807	0
1.837968e-06	2.26806	0
1.838620e-06	2.26805	0
1.839272e-06	2.26803	0
1.839925e-06	2.26802	0
1.840578e-06	2.26801	0
1.841232e-06	2.268	0
1.841886e-06	2.26798	0
1.842540e-06	2.26797	0
1.843195e-06	2.26796	0
1.843851e-06	2.26795	0
1.844507e-06	2.26793	0
1.845163e-06	2.26792	0
1.845820e-06	2.26791	0
1.846477e-06	2.2679	0
1.847135e-06	2.26788	0
1.847794e-06	2.26787	0
1.848452e-06	2.26786	0
1.849111e-06	2.26784	0
1.849771e-06	2.26783	0
1.850431e-06	2.26782	0
1.851092e-06	2.26781	0
1.851753e-06	2.26779	0
1.852415e-06	2.26778	0
1.853077e-06	2.26777	0
1.853739e-06	2.26776	0
1.854402e-06	2.26774	0
1.855066e-06	2.26773	0
1.855730e-06	2.26772	0
1.856394e-06	2.2677	0
1.857059e-06	2.26769	0
1.857724e-06	2.26768	0
1.858390e-06	2.26766	0
1.859056e-06	2.26765	0
1.859723e-06	2.26764	0
1.860391e-06	2.26762	0
1.861058e-06	2.26761	0
1.861727e-06	2.2676	0
1.862396e-06	2.26759	0
1.863065e-06	2.26757	0
1.863734e-06	2.26756	0
1.864404e-06	2.26755	0
1.865075e-06	2.26753	0
1.865746e-06	2.26752	0
1.866418e-06	2.26751	0
1.867090e-06	2.26749	0
1.867762e-06	2.26748	0
1.868436e-06	2.26747	0
1.869109e-06	2.26745	0
1.869783e-06	2.26744	0
1.870458e-06	2.26743	0
1.871133e-06	2.26742	0
1.871808e-06	2.2674	0
1.872484e-06	2.26739	0
1.873160e-06	2.26738	0
1.873838e-06	2.26736	0
1.874515e-06	2.26735	0
1.875193e-06	2.26734	0
1.875871e-06	2.26732	0
1.876550e-06	2.26731	0
1.877229e-06	2.2673	0
1.877910e-06	2.26728	0
1.878590e-06	2.26727	0
1.879271e-06	2.26726	0
1.879952e-06	2.26724	0
1.880634e-06	2.26723	0
1.881317e-06	2.26722	0
1.881999e-06	2.2672	0
1.882683e-06	2.26719	0
1.883366e-06	2.26718	0
1.884051e-06	2.26716	0
1.884736e-06	2.26715	0
1.885422e-06	2.26714	0
1.886107e-06	2.26712	0
1.886794e-06	2.26711	0
1.887480e-06	2.2671	0
1.888168e-06	2.26708	0
1.888856e-06	2.26707	0
1.889544e-06	2.26706	0
1.890233e-06	2.26704	0
1.890922e-06	2.26703	0
1.891612e-06	2.26701	0
1.892302e-06	2.267	0
1.892993e-06	2.26699	0
1.893685e-06	2.26697	0
1.894376e-06	2.26696	0
1.895069e-06	2.26695	0
1.895762e-06	2.26693	0
1.896455e-06	2.26692	0
1.897149e-06	2.26691	0
1.897844e-06	2.26689	0
1.898539e-06	2.26688	0
1.899234e-06	2.26687	0
1.899930e-06	2.26685	0
1.900626e-06	2.26684	0
1.901323e-06	2.26682	0
1.902021e-06	2.26681	0
1.902719e-06	2.2668	0
1.903417e-06	2.26678	0
1.904116e-06	2.26677	0
1.904816e-06	2.26676	0
1.905516e-06	2.26674	0
1.906216e-06	2.26673	0
1.906918e-06	2.26672	0
1.907619e-06	2.2667	0
1.908321e-06	2.26669	0
1.909024e-06	2.26667	0
1.909727e-06	2.26666	0
1.910431e-06	2.26665	0
1.911135e-06	2.26663	0
1.911839e-06	2.26662	0
1.912545e-06	2.2666	0
1.913250e-06	2.26659	0
1.913957e-06	2.26658	0
1.914663e-06	2.26656	0
1.915371e-06	2.26655	0
1.916078e-06	2.26654	0
1.916787e-06	2.26652	0
1.917496e-06	2.26651	0
1.918205e-06	2.26649	0
1.918915e-06	2.26648	0
1.919625e-06	2.26647	0
1.920336e-06	2.26645	0
1.921048e-06	2.26644	0
1.921760e-06	2.26642	0
1.922472e-06	2.26641	0
1.923186e-06	2.26639	0
1.923899e-06	2.26638	0
1.924613e-06	2.26637	0
1.925328e-06	2.26635	0
1.926043e-06	2.26634	0
1.926759e-06	2.26632	0
1.927475e-06	2.26631	0
1.928192e-06	2.2663	0
1.928909e-06	2.26628	0
1.929627e-06	2.26627	0
1.930346e-06	2.26625	0
1.931064e-06	2.26624	0
1.931784e-06	2.26622	0
1.932504e-06	2.26621	0
1.933224e-06	2.2662	0
1.933946e-06	2.26618	0
1.934667e-06	2.26617	0
1.935390e-06	2.26615	0
1.936112e-06	2.26614	0
1.936836e-06	2.26612	0
1.937559e-06	2.26611	0
1.938284e-06	2.2661	0
1.939008e-06	2.26608	0
1.939734e-06	2.26607	0
1.940460e-06	2.26605	0
1.941186e-06	2.26604	0
1.941913e-06	2.26602	0
1.942641e-06	2.26601	0
1.943369e-06	2.266	0
1.944098e-06	2.26598	0
1.944827e-06	2.26597	0
1.945557e-06	2.26595	0
1.946287e-06	2.26594	0
1.947018e-06	2.26592	0
1.947749e-06	2.26591	0
1.948481e-06	2.26589	0
1.949214e-06	2.26588	0
1.949947e-06	2.26586	0
1.950680e-06	2.26585	0
1.951414e-06	2.26584	0
1.952149e-06	2.26582	0
1.952885e-06	2.26581	0
1.953620e-06	2.26579	0
1.954357e-06	2.26578	0
1.955094e-06	2.26576	0
1.955831e-06	2.26575	0
1.956569e-06	2.26573	0
1.957308e-06	2.26572	0
1.958047e-06	2.2657	0
1.958787e-06	2.26569	0
1.959527e-06	2.26567	0
1.960268e-06	2.26566	0
1.961009e-06	2.26564	0
1.961751e-06	2.26563	0
1.962494e-06	2.26561	0
1.963237e-06	2.2656	0
1.963981e-06	2.26559	0
1.964725e-06	2.26557	0
1.965469e-06	2.26555	0
1.966215e-06	2.26554	0
1.966961e-06	2.26552	0
1.967707e-06	2.26551	0
1.968454e-06	2.2655	0
1.969202e-06	2.26548	0
1.969950e-06	2.26547	0
1.970699e-06	2.26545	0
1.971448e-06	2.26544	0
1.972198e-06	2.26542	0
1.972948e-06	2.26541	0
1.973700e-06	2.26539	0
1.974451e-06	2.26538	0
1.975203e-06	2.26536	0
1.975956e-06	2.26535	0
1.976709e-06	2.26533	0
1.977463e-06	2.26532	0
1.978217e-06	2.2653	0
1.978973e-06	2.26528	0
1.979728e-06	2.26527	0
1.980484e-06	2.26525	0
1.981241e-06	2.26524	0
1.981999e-06	2.26523	0
1.982757e-06	2.26521	0
1.983515e-06	2.26519	0
1.984274e-06	2.26518	0
1.985034e-06	2.26516	0
1.985794e-06	2.26515	0
1.986555e-06	2.26513	0
1.987317e-06	2.26512	0
1.988078e-06	2.2651	0
1.988841e-06	2.26509	0
1.989604e-06	2.26507	0
1.990368e-06	2.26506	0
1.991132e-06	2.26504	0
1.991897e-06	2.26503	0
1.992663e-06	2.26501	0
1.993429e-06	2.26499	0
1.994196e-06	2.26498	0
1.994963e-06	2.26496	0
1.995731e-06	2.26495	0
1.996499e-06	2.26493	0
1.997269e-06	2.26492	0
1.998038e-06	2.2649	0
1.998808e-06	2.26489	0
1.999579e-06	2.26487	0
2.000350e-06	2.26486	0
2.000350e-06	2.26486	0
2.001123e-06	2.26484	0
2.001123e-06	2.26484	0
2.001895e-06	2.26483	0
2.002668e-06	2.26481	0
2.002668e-06	2.26481	0
2.003442e-06	2.26479	0
2.003442e-06	2.26479	0
2.004217e-06	2.26478	0
2.004217e-06	2.26478	0
2.004992e-06	2.26476	0
2.004992e-06	2.26476	0
2.005767e-06	2.26475	0
2.005767e-06	2.26475	0
2.006544e-06	2.26473	0
2.006544e-06	2.26473	0
2.007320e-06	2.26471	0
2.007320e-06	2.26471	0
2.008098e-06	2.2647	0
2.008098e-06	2.2647	0
2.008876e-06	2.26468	0
2.008876e-06	2.26468	0
2.009654e-06	2.26467	0
2.009654e-06	2.26467	0
2.010434e-06	2.26465	0
2.010434e-06	2.26465	0
2.011213e-06	2.26464	0
2.011213e-06	2.26464	0
2.011994e-06	2.26462	0
2.012775e-06	2.2646	0
2.013557e-06	2.26459	0
2.013557e-06	2.26459	0
2.014339e-06	2.26457	0
2.014339e-06	2.26457	0
2.015122e-06	2.26456	0
2.015122e-06	2.26456	0
2.015905e-06	2.26454	0
2.015906e-06	2.26454	0
2.016689e-06	2.26453	0
2.016689e-06	2.26453	0
2.017474e-06	2.26451	0
2.017474e-06	2.26451	0
2.018260e-06	2.26449	0
2.018260e-06	2.26449	0
2.019045e-06	2.26448	0
2.019045e-06	2.26448	0
2.019832e-06	2.26446	0
2.019832e-06	2.26446	0
2.020619e-06	2.26445	0
2.020619e-06	2.26445	0
2.021407e-06	2.26443	0
2.021407e-06	2.26443	0
2.022195e-06	2.26442	0
2.022195e-06	2.26442	0
2.022984e-06	2.2644	0
2.022984e-06	2.2644	0
2.023774e-06	2.26438	0
2.023774e-06	2.26438	0
2.024564e-06	2.26437	0
2.025355e-06	2.26435	0
2.026146e-06	2.26433	0
2.026146e-06	2.26433	0
2.026938e-06	2.26432	0
2.026938e-06	2.26432	0
2.027731e-06	2.2643	0
2.027731e-06	2.2643	0
2.028525e-06	2.26429	0
2.028525e-06	2.26429	0
2.029318e-06	2.26427	0
2.029318e-06	2.26427	0
2.030113e-06	2.26425	0
2.030908e-06	2.26424	0
2.031704e-06	2.26422	0
2.032501e-06	2.26421	0
2.032501e-06	2.26421	0
2.033297e-06	2.26419	0
2.033297e-06	2.26419	0
2.034095e-06	2.26417	0
2.034095e-06	2.26417	0
2.034894e-06	2.26416	0
2.034894e-06	2.26416	0
2.035693e-06	2.26414	0
2.035693e-06	2.26414	0
2.036492e-06	2.26412	0
2.037292e-06	2.26411	0
2.037292e-06	2.26411	0
2.038093e-06	2.26409	0
2.038093e-06	2.26409	0
2.038894e-06	2.26408	0
2.038894e-06	2.26408	0
2.039696e-06	2.26406	0
2.039697e-06	2.26406	0
2.040499e-06	2.26404	0
2.041302e-06	2.26403	0
2.041303e-06	2.26403	0
2.042107e-06	2.26401	0
2.042107e-06	2.26401	0
2.042911e-06	2.26399	0
2.043716e-06	2.26398	0
2.043716e-06	2.26398	0
2.044522e-06	2.26396	0
2.044522e-06	2.26396	0
2.045329e-06	2.26394	0
2.046136e-06	2.26393	0
2.046944e-06	2.26391	0
2.046944e-06	2.26391	0
2.047752e-06	2.2639	0
2.047752e-06	2.2639	0
2.048561e-06	2.26388	0
2.049371e-06	2.26386	0
2.049371e-06	2.26386	0
2.050181e-06	2.26384	0
2.050181e-06	2.26384	0
2.050992e-06	2.26383	0
2.050992e-06	2.26383	0
2.051804e-06	2.26381	0
2.052616e-06	2.2638	0
2.053429e-06	2.26378	0
2.054243e-06	2.26376	0
2.054243e-06	2.26376	0
2.055057e-06	2.26375	0
2.055872e-06	2.26373	0
2.055872e-06	2.26373	0
2.056687e-06	2.26371	0
2.056687e-06	2.26371	0
2.057503e-06	2.26369	0
2.057504e-06	2.26369	0
2.058320e-06	2.26368	0
2.058320e-06	2.26368	0
2.059138e-06	2.26366	0
2.059138e-06	2.26366	0
2.059956e-06	2.26364	0
2.059956e-06	2.26364	0
2.060775e-06	2.26363	0
2.061594e-06	2.26361	0
2.061594e-06	2.26361	0
2.062414e-06	2.2636	0
2.062414e-06	2.2636	0
2.063234e-06	2.26358	0
2.063234e-06	2.26358	0
2.064056e-06	2.26356	0
2.064056e-06	2.26356	0
2.064878e-06	2.26354	0
2.064878e-06	2.26354	0
2.065700e-06	2.26353	0
2.065700e-06	2.26353	0
2.066524e-06	2.26351	0
2.067348e-06	2.26349	0
2.068172e-06	2.26348	0
2.068172e-06	2.26348	0
2.068998e-06	2.26346	0
2.068998e-06	2.26346	0
2.069824e-06	2.26344	0
2.069824e-06	2.26344	0
2.070651e-06	2.26343	0
2.070651e-06	2.26343	0
2.071478e-06	2.26341	0
2.071478e-06	2.26341	0
2.072306e-06	2.26339	0
2.072306e-06	2.26339	0
2.073134e-06	2.26337	0
2.073963e-06	2.26336	0
2.073963e-06	2.26336	0
2.074793e-06	2.26334	0
2.074793e-06	2.26334	0
2.075624e-06	2.26332	0
2.075624e-06	2.26332	0
2.076455e-06	2.26331	0
2.077287e-06	2.26329	0
2.077287e-06	2.26329	0
2.078120e-06	2.26327	0
2.078953e-06	2.26326	0
2.078953e-06	2.26326	0
2.079787e-06	2.26324	0
2.080622e-06	2.26322	0
2.080622e-06	2.26322	0
2.081457e-06	2.2632	0
2.081457e-06	2.2632	0
2.082292e-06	2.26319	0
2.082293e-06	2.26319	0
2.083129e-06	2.26317	0
2.083129e-06	2.26317	0
2.083966e-06	2.26315	0
2.083966e-06	2.26315	0
2.084804e-06	2.26313	0
2.084804e-06	2.26313	0
2.085643e-06	2.26312	0
2.085643e-06	2.26312	0
2.086482e-06	2.2631	0
2.086482e-06	2.2631	0
2.087322e-06	2.26308	0
2.087322e-06	2.26308	0
2.088163e-06	2.26307	0
2.089004e-06	2.26305	0
2.089004e-06	2.26305	0
2.089846e-06	2.26303	0
2.090689e-06	2.26301	0
2.091532e-06	2.263	0
2.091532e-06	2.263	0
2.092376e-06	2.26298	0
2.092376e-06	2.26298	0
2.093221e-06	2.26296	0
2.094067e-06	2.26294	0
2.094912e-06	2.26293	0
2.094913e-06	2.26293	0
2.095759e-06	2.26291	0
2.096607e-06	2.26289	0
2.096607e-06	2.26289	0
2.097455e-06	2.26287	0
2.097455e-06	2.26287	0
2.098304e-06	2.26286	0
2.099153e-06	2.26284	0
2.099153e-06	2.26284	0
2.100003e-06	2.26282	0
2.100004e-06	2.26282	0
2.100854e-06	2.2628	0
2.100854e-06	2.2628	0
2.101706e-06	2.26279	0
2.101706e-06	2.26279	0
2.102558e-06	2.26277	0
2.103411e-06	2.26275	0
2.103411e-06	2.26275	0
2.104265e-06	2.26273	0
2.105119e-06	2.26271	0
2.105119e-06	2.26271	0
2.105974e-06	2.2627	0
2.106830e-06	2.26268	0
2.106830e-06	2.26268	0
2.107686e-06	2.26266	0
2.107686e-06	2.26266	0
2.108543e-06	2.26264	0
2.108544e-06	2.26264	0
2.109401e-06	2.26262	0
2.109401e-06	2.26262	0
2.110260e-06	2.26261	0
2.110260e-06	2.26261	0
2.111119e-06	2.26259	0
2.111119e-06	2.26259	0
2.111979e-06	2.26257	0
2.111979e-06	2.26257	0
2.112840e-06	2.26255	0
2.112840e-06	2.26255	0
2.113701e-06	2.26254	0
2.114563e-06	2.26252	0
2.114563e-06	2.26252	0
2.115426e-06	2.2625	0
2.115426e-06	2.2625	0
2.116289e-06	2.26248	0
2.116289e-06	2.26248	0
2.117154e-06	2.26246	0
2.117154e-06	2.26246	0
2.118018e-06	2.26245	0
2.118884e-06	2.26243	0
2.118884e-06	2.26243	0
2.119750e-06	2.26241	0
2.119750e-06	2.26241	0
2.120617e-06	2.26239	0
2.120617e-06	2.26239	0
2.121485e-06	2.26237	0
2.122353e-06	2.26236	0
2.122353e-06	2.26236	0
2.123222e-06	2.26234	0
2.124092e-06	2.26232	0
2.124963e-06	2.2623	0
2.124963e-06	2.2623	0
2.125833e-06	2.26228	0
2.125834e-06	2.26228	0
2.126706e-06	2.26226	0
2.126706e-06	2.26226	0
2.127579e-06	2.26225	0
2.127579e-06	2.26225	0
2.128452e-06	2.26223	0
2.128452e-06	2.26223	0
2.129326e-06	2.26221	0
2.130200e-06	2.26219	0
2.130200e-06	2.26219	0
2.131076e-06	2.26217	0
2.131076e-06	2.26217	0
2.131953e-06	2.26215	0
2.131953e-06	2.26215	0
2.132830e-06	2.26214	0
2.132830e-06	2.26214	0
2.133707e-06	2.26212	0
2.134585e-06	2.2621	0
2.134586e-06	2.2621	0
2.135465e-06	2.26208	0
2.135465e-06	2.26208	0
2.136344e-06	2.26206	0
2.136345e-06	2.26206	0
2.137225e-06	2.26204	0
2.138107e-06	2.26203	0
2.138107e-06	2.26203	0
2.138989e-06	2.26201	0
2.138989e-06	2.26201	0
2.139871e-06	2.26199	0
2.139872e-06	2.26199	0
2.140755e-06	2.26197	0
2.141639e-06	2.26195	0
2.142524e-06	2.26193	0
2.142524e-06	2.26193	0
2.143410e-06	2.26192	0
2.144296e-06	2.2619	0
2.145183e-06	2.26188	0
2.145183e-06	2.26188	0
2.146071e-06	2.26186	0
2.146072e-06	2.26186	0
2.146960e-06	2.26184	0
2.146960e-06	2.26184	0
2.147849e-06	2.26182	0
2.147849e-06	2.26182	0
2.148740e-06	2.2618	0
2.148740e-06	2.2618	0
2.149631e-06	2.26178	0
2.149631e-06	2.26178	0
2.150522e-06	2.26177	0
2.151414e-06	2.26175	0
2.151415e-06	2.26175	0
2.152308e-06	2.26173	0
2.152308e-06	2.26173	0
2.153201e-06	2.26171	0
2.153201e-06	2.26171	0
2.154096e-06	2.26169	0
2.154096e-06	2.26169	0
2.154991e-06	2.26167	0
2.154991e-06	2.26167	0
2.155887e-06	2.26165	0
2.155887e-06	2.26165	0
2.156784e-06	2.26163	0
2.157682e-06	2.26161	0
2.157682e-06	2.26161	0
2.158580e-06	2.26159	0
2.158580e-06	2.26159	0
2.159479e-06	2.26158	0
2.159479e-06	2.26158	0
2.160379e-06	2.26156	0
2.160379e-06	2.26156	0
2.161279e-06	2.26154	0
2.162180e-06	2.26152	0
2.162180e-06	2.26152	0
2.163083e-06	2.2615	0
2.163083e-06	2.2615	0
2.163985e-06	2.26148	0
2.164889e-06	2.26146	0
2.164889e-06	2.26146	0
2.165793e-06	2.26144	0
2.165793e-06	2.26144	0
2.166698e-06	2.26142	0
2.166698e-06	2.26142	0
2.167604e-06	2.2614	0
2.168510e-06	2.26139	0
2.168511e-06	2.26139	0
2.169417e-06	2.26137	0
2.169418e-06	2.26137	0
2.170326e-06	2.26135	0
2.170326e-06	2.26135	0
2.171235e-06	2.26133	0
2.172144e-06	2.26131	0
2.173055e-06	2.26129	0
2.173055e-06	2.26129	0
2.173966e-06	2.26127	0
2.174878e-06	2.26125	0
2.174878e-06	2.26125	0
2.175790e-06	2.26123	0
2.175791e-06	2.26123	0
2.176704e-06	2.26121	0
2.177618e-06	2.26119	0
2.177618e-06	2.26119	0
2.178533e-06	2.26117	0
2.179449e-06	2.26115	0
2.179449e-06	2.26115	0
2.180365e-06	2.26113	0
2.181282e-06	2.26112	0
2.181282e-06	2.26112	0
2.182201e-06	2.2611	0
2.182201e-06	2.2611	0
2.183119e-06	2.26108	0
2.183119e-06	2.26108	0
2.184039e-06	2.26106	0
2.184039e-06	2.26106	0
2.184959e-06	2.26104	0
2.184959e-06	2.26104	0
2.185881e-06	2.26102	0
2.185881e-06	2.26102	0
2.186802e-06	2.261	0
2.186802e-06	2.261	0
2.187725e-06	2.26098	0
2.188649e-06	2.26096	0
2.189573e-06	2.26094	0
2.189573e-06	2.26094	0
2.190498e-06	2.26092	0
2.191423e-06	2.2609	0
2.191423e-06	2.2609	0
2.192350e-06	2.26088	0
2.193278e-06	2.26086	0
2.194206e-06	2.26084	0
2.194206e-06	2.26084	0
2.195135e-06	2.26082	0
2.195135e-06	2.26082	0
2.196065e-06	2.2608	0
2.196065e-06	2.2608	0
2.196995e-06	2.26078	0
2.196995e-06	2.26078	0
2.197926e-06	2.26076	0
2.197926e-06	2.26076	0
2.198859e-06	2.26074	0
2.198859e-06	2.26074	0
2.199792e-06	2.26072	0
2.199792e-06	2.26072	0
2.200725e-06	2.2607	0
2.201660e-06	2.26068	0
2.201660e-06	2.26068	0
2.202595e-06	2.26066	0
2.202595e-06	2.26066	0
2.203531e-06	2.26064	0
2.203531e-06	2.26064	0
2.204468e-06	2.26062	0
2.205406e-06	2.2606	0
2.205406e-06	2.2606	0
2.206344e-06	2.26058	0
2.207283e-06	2.26056	0
2.207283e-06	2.26056	0
2.208224e-06	2.26054	0
2.208224e-06	2.26054	0
2.209164e-06	2.26052	0
2.210106e-06	2.2605	0
2.211049e-06	2.26048	0
2.211049e-06	2.26048	0
2.211992e-06	2.26046	0
2.211992e-06	2.26046	0
2.212936e-06	2.26044	0
2.212936e-06	2.26044	0
2.213881e-06	2.26042	0
2.213881e-06	2.26042	0
2.214826e-06	2.2604	0
2.214826e-06	2.2604	0
2.215773e-06	2.26038	0
2.216720e-06	2.26036	0
2.216720e-06	2.26036	0
2.217668e-06	2.26034	0
2.217668e-06	2.26034	0
2.218617e-06	2.26032	0
2.218617e-06	2.26032	0
2.219567e-06	2.2603	0
2.219567e-06	2.2603	0
2.220517e-06	2.26028	0
2.220517e-06	2.26028	0
2.221469e-06	2.26025	0
2.222421e-06	2.26024	0
2.222421e-06	2.26024	0
2.223374e-06	2.26021	0
2.223375e-06	2.26021	0
2.224328e-06	2.26019	0
2.225283e-06	2.26017	0
2.225283e-06	2.26017	0
2.226238e-06	2.26015	0
2.226238e-06	2.26015	0
2.227194e-06	2.26013	0
2.227194e-06	2.26013	0
2.228152e-06	2.26011	0
2.228152e-06	2.26011	0
2.229109e-06	2.26009	0
2.229109e-06	2.26009	0
2.230068e-06	2.26007	0
2.230068e-06	2.26007	0
2.231028e-06	2.26005	0
2.231988e-06	2.26003	0
2.231988e-06	2.26003	0
2.232949e-06	2.26001	0
2.232949e-06	2.26001	0
2.233912e-06	2.25999	0
2.233912e-06	2.25999	0
2.234875e-06	2.25997	0
2.234875e-06	2.25997	0
2.235838e-06	2.25995	0
2.235838e-06	2.25995	0
2.236803e-06	2.25992	0
2.236803e-06	2.25992	0
2.237768e-06	2.2599	0
2.238734e-06	2.25988	0
2.238734e-06	2.25988	0
2.239701e-06	2.25986	0
2.239701e-06	2.25986	0
2.240669e-06	2.25984	0
2.241638e-06	2.25982	0
2.241638e-06	2.25982	0
2.242608e-06	2.2598	0
2.242608e-06	2.2598	0
2.243578e-06	2.25978	0
2.243578e-06	2.25978	0
2.244549e-06	2.25976	0
2.245521e-06	2.25974	0
2.245521e-06	2.25974	0
2.246494e-06	2.25971	0
2.246494e-06	2.25971	0
2.247468e-06	2.25969	0
2.247468e-06	2.25969	0
2.248443e-06	2.25967	0
2.248443e-06	2.25967	0
2.249418e-06	2.25965	0
2.249418e-06	2.25965	0
2.250394e-06	2.25963	0
2.251371e-06	2.25961	0
2.251372e-06	2.25961	0
2.252350e-06	2.25959	0
2.252350e-06	2.25959	0
2.253328e-06	2.25957	0
2.253328e-06	2.25957	0
2.254308e-06	2.25955	0
2.255289e-06	2.25952	0
2.255289e-06	2.25952	0
2.256270e-06	2.2595	0
2.257252e-06	2.25948	0
2.257252e-06	2.25948	0
2.258236e-06	2.25946	0
2.258236e-06	2.25946	0
2.259219e-06	2.25944	0
2.259219e-06	2.25944	0
2.260204e-06	2.25942	0
2.260204e-06	2.25942	0
2.261190e-06	2.2594	0
2.262177e-06	2.25937	0
2.262177e-06	2.25937	0
2.263164e-06	2.25935	0
2.263164e-06	2.25935	0
2.264152e-06	2.25933	0
2.264152e-06	2.25933	0
2.265142e-06	2.25931	0
2.265142e-06	2.25931	0
2.266131e-06	2.25929	0
2.266131e-06	2.25929	0
2.267122e-06	2.25927	0
2.267122e-06	2.25927	0
2.268114e-06	2.25924	0
2.268114e-06	2.25924	0
2.269106e-06	2.25922	0
2.269106e-06	2.25922	0
2.270100e-06	2.2592	0
2.271094e-06	2.25918	0
2.271094e-06	2.25918	0
2.272089e-06	2.25916	0
2.272089e-06	2.25916	0
2.273086e-06	2.25914	0
2.273086e-06	2.25914	0
2.274083e-06	2.25911	0
2.275080e-06	2.25909	0
2.275081e-06	2.25909	0
2.276079e-06	2.25907	0
2.276079e-06	2.25907	0
2.277079e-06	2.25905	0
2.277079e-06	2.25905	0
2.278079e-06	2.25903	0
2.278079e-06	2.25903	0
2.279081e-06	2.259	0
2.279081e-06	2.259	0
2.280083e-06	2.25898	0
2.280083e-06	2.25898	0
2.281086e-06	2.25896	0
2.282090e-06	2.25894	0
2.283094e-06	2.25892	0
2.283095e-06	2.25892	0
2.284101e-06	2.25889	0
2.284101e-06	2.25889	0
2.285107e-06	2.25887	0
2.285107e-06	2.25887	0
2.286115e-06	2.25885	0
2.287123e-06	2.25883	0
2.287123e-06	2.25883	0
2.288133e-06	2.25881	0
2.288133e-06	2.25881	0
2.289143e-06	2.25878	0
2.290154e-06	2.25876	0
2.291166e-06	2.25874	0
2.292179e-06	2.25872	0
2.292179e-06	2.25872	0
2.293192e-06	2.25869	0
2.293192e-06	2.25869	0
2.294207e-06	2.25867	0
2.294207e-06	2.25867	0
2.295223e-06	2.25865	0
2.296239e-06	2.25863	0
2.296239e-06	2.25863	0
2.297257e-06	2.2586	0
2.297257e-06	2.2586	0
2.298275e-06	2.25858	0
2.298275e-06	2.25858	0
2.299294e-06	2.25856	0
2.299294e-06	2.25856	0
2.300314e-06	2.25854	0
2.300314e-06	2.25854	0
2.301335e-06	2.25851	0
2.301336e-06	2.25851	0
2.302357e-06	2.25849	0
2.303380e-06	2.25847	0
2.304404e-06	2.25845	0
2.305429e-06	2.25842	0
2.305429e-06	2.25842	0
2.306454e-06	2.2584	0
2.307480e-06	2.25838	0
2.307480e-06	2.25838	0
2.308508e-06	2.25836	0
2.308508e-06	2.25836	0
2.309536e-06	2.25833	0
2.310565e-06	2.25831	0
2.310565e-06	2.25831	0
2.311595e-06	2.25829	0
2.311595e-06	2.25829	0
2.312626e-06	2.25827	0
2.312626e-06	2.25827	0
2.313659e-06	2.25824	0
2.313659e-06	2.25824	0
2.314692e-06	2.25822	0
2.314692e-06	2.25822	0
2.315725e-06	2.2582	0
2.316760e-06	2.25817	0
2.317796e-06	2.25815	0
2.317796e-06	2.25815	0
2.318832e-06	2.25813	0
2.319870e-06	2.2581	0
2.319870e-06	2.2581	0
2.320908e-06	2.25808	0
2.320908e-06	2.25808	0
2.321947e-06	2.25806	0
2.321947e-06	2.25806	0
2.322988e-06	2.25803	0
2.322988e-06	2.25803	0
2.324029e-06	2.25801	0
2.325071e-06	2.25799	0
2.325071e-06	2.25799	0
2.326114e-06	2.25796	0
2.326114e-06	2.25796	0
2.327158e-06	2.25794	0
2.327158e-06	2.25794	0
2.328203e-06	2.25792	0
2.328203e-06	2.25792	0
2.329249e-06	2.25789	0
2.329249e-06	2.25789	0
2.330296e-06	2.25787	0
2.331344e-06	2.25785	0
2.331344e-06	2.25785	0
2.332393e-06	2.25782	0
2.332393e-06	2.25782	0
2.333442e-06	2.2578	0
2.333442e-06	2.2578	0
2.334493e-06	2.25778	0
2.334493e-06	2.25778	0
2.335544e-06	2.25775	0
2.335544e-06	2.25775	0
2.336596e-06	2.25773	0
2.336596e-06	2.25773	0
2.337650e-06	2.25771	0
2.337650e-06	2.25771	0
2.338705e-06	2.25768	0
2.338705e-06	2.25768	0
2.339760e-06	2.25766	0
2.339760e-06	2.25766	0
2.340816e-06	2.25764	0
2.340816e-06	2.25764	0
2.341874e-06	2.25761	0
2.341874e-06	2.25761	0
2.342932e-06	2.25759	0
2.343991e-06	2.25757	0
2.345051e-06	2.25754	0
2.345051e-06	2.25754	0
2.346113e-06	2.25752	0
2.346113e-06	2.25752	0
2.347175e-06	2.25749	0
2.347175e-06	2.25749	0
2.348238e-06	2.25747	0
2.348238e-06	2.25747	0
2.349302e-06	2.25745	0
2.349302e-06	2.25745	0
2.350366e-06	2.25742	0
2.350366e-06	2.25742	0
2.351432e-06	2.2574	0
2.351432e-06	2.2574	0
2.352499e-06	2.25738	0
2.352500e-06	2.25738	0
2.353567e-06	2.25735	0
2.354636e-06	2.25733	0
2.355706e-06	2.2573	0
2.355706e-06	2.2573	0
2.356777e-06	2.25728	0
2.357848e-06	2.25725	0
2.358921e-06	2.25723	0
2.359995e-06	2.25721	0
2.359995e-06	2.25721	0
2.361069e-06	2.25718	0
2.361069e-06	2.25718	0
2.362145e-06	2.25716	0
2.363221e-06	2.25713	0
2.363221e-06	2.25713	0
2.364299e-06	2.25711	0
2.364299e-06	2.25711	0
2.365378e-06	2.25709	0
2.365378e-06	2.25709	0
2.366457e-06	2.25706	0
2.366457e-06	2.25706	0
2.367538e-06	2.25704	0
2.368620e-06	2.25701	0
2.368620e-06	2.25701	0
2.369703e-06	2.25699	0
2.369703e-06	2.25699	0
2.370786e-06	2.25696	0
2.370786e-06	2.25696	0
2.371870e-06	2.25694	0
2.371870e-06	2.25694	0
2.372956e-06	2.25691	0
2.374042e-06	2.25689	0
2.374042e-06	2.25689	0
2.375130e-06	2.25686	0
2.375130e-06	2.25686	0
2.376219e-06	2.25684	0
2.376219e-06	2.25684	0
2.377308e-06	2.25682	0
2.377308e-06	2.25682	0
2.378398e-06	2.25679	0
2.378398e-06	2.25679	0
2.379490e-06	2.25677	0
2.379490e-06	2.25677	0
2.380582e-06	2.25674	0
2.380582e-06	2.25674	0
2.381676e-06	2.25672	0
2.382771e-06	2.25669	0
2.382771e-06	2.25669	0
2.383866e-06	2.25667	0
2.383866e-06	2.25667	0
2.384962e-06	2.25664	0
2.384963e-06	2.25664	0
2.386060e-06	2.25662	0
2.386060e-06	2.25662	0
2.387158e-06	2.25659	0
2.387158e-06	2.25659	0
2.388258e-06	2.25657	0
2.388258e-06	2.25657	0
2.389359e-06	2.25654	0
2.390461e-06	2.25652	0
2.390461e-06	2.25652	0
2.391563e-06	2.25649	0
2.392666e-06	2.25647	0
2.392666e-06	2.25647	0
2.393771e-06	2.25644	0
2.394877e-06	2.25642	0
2.395984e-06	2.25639	0
2.397091e-06	2.25637	0
2.398200e-06	2.25634	0
2.399310e-06	2.25631	0
2.400420e-06	2.25629	0
2.400420e-06	2.25629	0
2.401532e-06	2.25626	0
2.401532e-06	2.25626	0
2.402645e-06	2.25624	0
2.402645e-06	2.25624	0
2.403760e-06	2.25621	0
2.403760e-06	2.25621	0
2.404874e-06	2.25619	0
2.405990e-06	2.25616	0
2.405990e-06	2.25616	0
2.407107e-06	2.25614	0
2.408225e-06	2.25611	0
2.409344e-06	2.25609	0
2.409344e-06	2.25609	0
2.410464e-06	2.25606	0
2.410464e-06	2.25606	0
2.411585e-06	2.25603	0
2.411585e-06	2.25603	0
2.412708e-06	2.25601	0
2.412708e-06	2.25601	0
2.413831e-06	2.25598	0
2.414955e-06	2.25596	0
2.414955e-06	2.25596	0
2.416080e-06	2.25593	0
2.416081e-06	2.25593	0
2.417207e-06	2.25591	0
2.418334e-06	2.25588	0
2.419463e-06	2.25585	0
2.419463e-06	2.25585	0
2.420592e-06	2.25583	0
2.420592e-06	2.25583	0
2.421723e-06	2.2558	0
2.421723e-06	2.2558	0
2.422854e-06	2.25578	0
2.422854e-06	2.25578	0
2.423987e-06	2.25575	0
2.425121e-06	2.25572	0
2.425121e-06	2.25572	0
2.426256e-06	2.2557	0
2.426256e-06	2.2557	0
2.427392e-06	2.25567	0
2.427392e-06	2.25567	0
2.428528e-06	2.25565	0
2.428528e-06	2.25565	0
2.429667e-06	2.25562	0
2.429667e-06	2.25562	0
2.430806e-06	2.25559	0
2.430806e-06	2.25559	0
2.431946e-06	2.25557	0
2.431946e-06	2.25557	0
2.433087e-06	2.25554	0
2.433087e-06	2.25554	0
2.434229e-06	2.25551	0
2.434229e-06	2.25551	0
2.435373e-06	2.25549	0
2.436517e-06	2.25546	0
2.437662e-06	2.25543	0
2.437662e-06	2.25543	0
2.438809e-06	2.25541	0
2.439957e-06	2.25538	0
2.439957e-06	2.25538	0
2.441106e-06	2.25536	0
2.442255e-06	2.25533	0
2.442255e-06	2.25533	0
2.443406e-06	2.2553	0
2.443406e-06	2.2553	0
2.444559e-06	2.25528	0
2.444559e-06	2.25528	0
2.445711e-06	2.25525	0
2.445711e-06	2.25525	0
2.446866e-06	2.25522	0
2.446866e-06	2.25522	0
2.448021e-06	2.2552	0
2.449177e-06	2.25517	0
2.449177e-06	2.25517	0
2.450335e-06	2.25514	0
2.450335e-06	2.25514	0
2.451494e-06	2.25511	0
2.451494e-06	2.25511	0
2.452653e-06	2.25509	0
2.453814e-06	2.25506	0
2.453814e-06	2.25506	0
2.454976e-06	2.25503	0
2.454976e-06	2.25503	0
2.456138e-06	2.25501	0
2.457302e-06	2.25498	0
2.457303e-06	2.25498	0
2.458468e-06	2.25495	0
2.459634e-06	2.25493	0
2.459634e-06	2.25493	0
2.460801e-06	2.2549	0
2.460801e-06	2.2549	0
2.461970e-06	2.25487	0
2.463140e-06	2.25484	0
2.463140e-06	2.25484	0
2.464310e-06	2.25482	0
2.465482e-06	2.25479	0
2.466655e-06	2.25476	0
2.467829e-06	2.25473	0
2.467829e-06	2.25473	0
2.469004e-06	2.25471	0
2.469004e-06	2.25471	0
2.470181e-06	2.25468	0
2.470181e-06	2.25468	0
2.471358e-06	2.25465	0
2.471358e-06	2.25465	0
2.472536e-06	2.25462	0
2.472536e-06	2.25462	0
2.473716e-06	2.2546	0
2.473716e-06	2.2546	0
2.474896e-06	2.25457	0
2.474896e-06	2.25457	0
2.476079e-06	2.25454	0
2.476079e-06	2.25454	0
2.477262e-06	2.25451	0
2.478446e-06	2.25449	0
2.478446e-06	2.25449	0
2.479631e-06	2.25446	0
2.480818e-06	2.25443	0
2.482005e-06	2.2544	0
2.482005e-06	2.2544	0
2.483194e-06	2.25438	0
2.484384e-06	2.25435	0
2.484384e-06	2.25435	0
2.485574e-06	2.25432	0
2.485574e-06	2.25432	0
2.486767e-06	2.25429	0
2.486767e-06	2.25429	0
2.487960e-06	2.25426	0
2.487960e-06	2.25426	0
2.489154e-06	2.25423	0
2.489154e-06	2.25423	0
2.490350e-06	2.25421	0
2.490350e-06	2.25421	0
2.491547e-06	2.25418	0
2.491547e-06	2.25418	0
2.492744e-06	2.25415	0
2.492744e-06	2.25415	0
2.493944e-06	2.25412	0
2.493944e-06	2.25412	0
2.495144e-06	2.25409	0
2.495144e-06	2.25409	0
2.496345e-06	2.25407	0
2.496345e-06	2.25407	0
2.497547e-06	2.25404	0
2.497547e-06	2.25404	0
2.498751e-06	2.25401	0
2.498751e-06	2.25401	0
2.499956e-06	2.25398	0
2.499956e-06	2.25398	0
2.501162e-06	2.25395	0
2.501162e-06	2.25395	0
2.502369e-06	2.25392	0
2.502369e-06	2.25392	0
2.503577e-06	2.25389	0
2.504787e-06	2.25387	0
2.504787e-06	2.25387	0
2.505997e-06	2.25384	0
2.505998e-06	2.25384	0
2.507209e-06	2.25381	0
2.507209e-06	2.25381	0
2.508422e-06	2.25378	0
2.509636e-06	2.25375	0
2.509636e-06	2.25375	0
2.510852e-06	2.25372	0
2.512068e-06	2.25369	0
2.513286e-06	2.25366	0
2.514504e-06	2.25364	0
2.514504e-06	2.25364	0
2.515725e-06	2.25361	0
2.515725e-06	2.25361	0
2.516946e-06	2.25358	0
2.516946e-06	2.25358	0
2.518168e-06	2.25355	0
2.518169e-06	2.25355	0
2.519392e-06	2.25352	0
2.519392e-06	2.25352	0
2.520617e-06	2.25349	0
2.520617e-06	2.25349	0
2.521843e-06	2.25346	0
2.523070e-06	2.25343	0
2.524298e-06	2.2534	0
2.524298e-06	2.2534	0
2.525528e-06	2.25337	0
2.525528e-06	2.25337	0
2.526758e-06	2.25334	0
2.526758e-06	2.25334	0
2.527991e-06	2.25332	0
2.527991e-06	2.25332	0
2.529224e-06	2.25329	0
2.529224e-06	2.25329	0
2.530458e-06	2.25326	0
2.530458e-06	2.25326	0
2.531694e-06	2.25323	0
2.531694e-06	2.25323	0
2.532931e-06	2.2532	0
2.532931e-06	2.2532	0
2.534168e-06	2.25317	0
2.534168e-06	2.25317	0
2.535408e-06	2.25314	0
2.535408e-06	2.25314	0
2.536648e-06	2.25311	0
2.536648e-06	2.25311	0
2.537889e-06	2.25308	0
2.537889e-06	2.25308	0
2.539132e-06	2.25305	0
2.539132e-06	2.25305	0
2.540377e-06	2.25302	0
2.540377e-06	2.25302	0
2.541622e-06	2.25299	0
2.541622e-06	2.25299	0
2.542868e-06	2.25296	0
2.542868e-06	2.25296	0
2.544116e-06	2.25293	0
2.544116e-06	2.25293	0
2.545365e-06	2.2529	0
2.545365e-06	2.2529	0
2.546615e-06	2.25287	0
2.546615e-06	2.25287	0
2.547867e-06	2.25284	0
2.547867e-06	2.25284	0
2.549119e-06	2.25281	0
2.550373e-06	2.25278	0
2.551628e-06	2.25275	0
2.551628e-06	2.25275	0
2.552884e-06	2.25272	0
2.552884e-06	2.25272	0
2.554142e-06	2.25269	0
2.555401e-06	2.25266	0
2.555401e-06	2.25266	0
2.556661e-06	2.25263	0
2.556661e-06	2.25263	0
2.557922e-06	2.2526	0
2.557922e-06	2.2526	0
2.559185e-06	2.25257	0
2.560449e-06	2.25254	0
2.561714e-06	2.25251	0
2.561714e-06	2.25251	0
2.562980e-06	2.25248	0
2.564247e-06	2.25245	0
2.564247e-06	2.25245	0
2.565516e-06	2.25242	0
2.566787e-06	2.25238	0
2.566787e-06	2.25238	0
2.568058e-06	2.25235	0
2.569330e-06	2.25232	0
2.570604e-06	2.25229	0
2.570604e-06	2.25229	0
2.571879e-06	2.25226	0
2.573155e-06	2.25223	0
2.573156e-06	2.25223	0
2.574433e-06	2.2522	0
2.574433e-06	2.2522	0
2.575712e-06	2.25217	0
2.575713e-06	2.25217	0
2.576992e-06	2.25214	0
2.576992e-06	2.25214	0
2.578274e-06	2.25211	0
2.579557e-06	2.25208	0
2.579557e-06	2.25208	0
2.580840e-06	2.25204	0
2.580840e-06	2.25204	0
2.582126e-06	2.25201	0
2.582126e-06	2.25201	0
2.583413e-06	2.25198	0
2.583413e-06	2.25198	0
2.584700e-06	2.25195	0
2.585989e-06	2.25192	0
2.585989e-06	2.25192	0
2.587280e-06	2.25189	0
2.587280e-06	2.25189	0
2.588571e-06	2.25186	0
2.588571e-06	2.25186	0
2.589864e-06	2.25183	0
2.589865e-06	2.25183	0
2.591159e-06	2.25179	0
2.592454e-06	2.25176	0
2.592454e-06	2.25176	0
2.593751e-06	2.25173	0
2.593751e-06	2.25173	0
2.595050e-06	2.2517	0
2.595050e-06	2.2517	0
2.596349e-06	2.25167	0
2.596349e-06	2.25167	0
2.597650e-06	2.25164	0
2.597650e-06	2.25164	0
2.598952e-06	2.2516	0
2.598952e-06	2.2516	0
2.600255e-06	2.25157	0
2.600255e-06	2.25157	0
2.601560e-06	2.25154	0
2.601560e-06	2.25154	0
2.602866e-06	2.25151	0
2.602866e-06	2.25151	0
2.604173e-06	2.25148	0
2.604173e-06	2.25148	0
2.605482e-06	2.25144	0
2.605482e-06	2.25144	0
2.606792e-06	2.25141	0
2.606792e-06	2.25141	0
2.608103e-06	2.25138	0
2.608103e-06	2.25138	0
2.609415e-06	2.25135	0
2.609416e-06	2.25135	0
2.610729e-06	2.25132	0
2.610729e-06	2.25132	0
2.612045e-06	2.25128	0
2.613361e-06	2.25125	0
2.613361e-06	2.25125	0
2.614679e-06	2.25122	0
2.614679e-06	2.25122	0
2.615998e-06	2.25119	0
2.615998e-06	2.25119	0
2.617319e-06	2.25115	0
2.618641e-06	2.25112	0
2.618641e-06	2.25112	0
2.619964e-06	2.25109	0
2.619964e-06	2.25109	0
2.621288e-06	2.25106	0
2.621288e-06	2.25106	0
2.622614e-06	2.25102	0
2.622615e-06	2.25102	0
2.623941e-06	2.25099	0
2.623941e-06	2.25099	0
2.625270e-06	2.25096	0
2.626600e-06	2.25093	0
2.627932e-06	2.25089	0
2.627932e-06	2.25089	0
2.629264e-06	2.25086	0
2.629264e-06	2.25086	0
2.630598e-06	2.25083	0
2.631933e-06	2.2508	0
2.631933e-06	2.2508	0
2.633270e-06	2.25076	0
2.633270e-06	2.25076	0
2.634608e-06	2.25073	0
2.635948e-06	2.2507	0
2.635948e-06	2.2507	0
2.637288e-06	2.25066	0
2.637288e-06	2.25066	0
2.638630e-06	2.25063	0
2.638630e-06	2.25063	0
2.639973e-06	2.2506	0
2.639973e-06	2.2506	0
2.641319e-06	2.25056	0
2.641319e-06	2.25056	0
2.642665e-06	2.25053	0
2.642665e-06	2.25053	0
2.644013e-06	2.2505	0
2.644013e-06	2.2505	0
2.645361e-06	2.25046	0
2.645361e-06	2.25046	0
2.646712e-06	2.25043	0
2.648064e-06	2.2504	0
2.649416e-06	2.25036	0
2.649417e-06	2.25036	0
2.650771e-06	2.25033	0
2.650771e-06	2.25033	0
2.652127e-06	2.25029	0
2.652127e-06	2.25029	0
2.653484e-06	2.25026	0
2.653484e-06	2.25026	0
2.654843e-06	2.25023	0
2.656203e-06	2.25019	0
2.656203e-06	2.25019	0
2.657564e-06	2.25016	0
2.657564e-06	2.25016	0
2.658927e-06	2.25013	0
2.658927e-06	2.25013	0
2.660292e-06	2.25009	0
2.661657e-06	2.25006	0
2.663024e-06	2.25002	0
2.663024e-06	2.25002	0
2.664393e-06	2.24999	0
2.665763e-06	2.24995	0
2.667134e-06	2.24992	0
2.668507e-06	2.24989	0
2.668507e-06	2.24989	0
2.669880e-06	2.24985	0
2.669880e-06	2.24985	0
2.671256e-06	2.24982	0
2.671256e-06	2.24982	0
2.672633e-06	2.24978	0
2.672633e-06	2.24978	0
2.674012e-06	2.24975	0
2.675391e-06	2.24971	0
2.676773e-06	2.24968	0
2.676773e-06	2.24968	0
2.678155e-06	2.24965	0
2.678155e-06	2.24965	0
2.679539e-06	2.24961	0
2.679539e-06	2.24961	0
2.680925e-06	2.24958	0
2.680925e-06	2.24958	0
2.682312e-06	2.24954	0
2.683700e-06	2.24951	0
2.685090e-06	2.24947	0
2.686481e-06	2.24944	0
2.686481e-06	2.24944	0
2.687874e-06	2.2494	0
2.687874e-06	2.2494	0
2.689268e-06	2.24937	0
2.690664e-06	2.24933	0
2.690664e-06	2.24933	0
2.692060e-06	2.2493	0
2.692060e-06	2.2493	0
2.693459e-06	2.24926	0
2.694858e-06	2.24923	0
2.694858e-06	2.24923	0
2.696260e-06	2.24919	0
2.696260e-06	2.24919	0
2.697663e-06	2.24916	0
2.699068e-06	2.24912	0
2.700473e-06	2.24908	0
2.701880e-06	2.24905	0
2.701880e-06	2.24905	0
2.703289e-06	2.24901	0
2.703290e-06	2.24901	0
2.704699e-06	2.24898	0
2.706111e-06	2.24894	0
2.707524e-06	2.24891	0
2.707524e-06	2.24891	0
2.708938e-06	2.24887	0
2.708938e-06	2.24887	0
2.710355e-06	2.24883	0
2.710355e-06	2.24883	0
2.711772e-06	2.2488	0
2.711772e-06	2.2488	0
2.713191e-06	2.24876	0
2.714612e-06	2.24873	0
2.716034e-06	2.24869	0
2.717457e-06	2.24865	0
2.718882e-06	2.24862	0
2.718882e-06	2.24862	0
2.720309e-06	2.24858	0
2.721737e-06	2.24855	0
2.721737e-06	2.24855	0
2.723166e-06	2.24851	0
2.723166e-06	2.24851	0
2.724597e-06	2.24847	0
2.724597e-06	2.24847	0
2.726029e-06	2.24844	0
2.726030e-06	2.24844	0
2.727464e-06	2.2484	0
2.727464e-06	2.2484	0
2.728899e-06	2.24836	0
2.728899e-06	2.24836	0
2.730337e-06	2.24833	0
2.730337e-06	2.24833	0
2.731775e-06	2.24829	0
2.731775e-06	2.24829	0
2.733215e-06	2.24825	0
2.734656e-06	2.24822	0
2.736099e-06	2.24818	0
2.736099e-06	2.24818	0
2.737544e-06	2.24814	0
2.737544e-06	2.24814	0
2.738991e-06	2.2481	0
2.738991e-06	2.2481	0
2.740438e-06	2.24807	0
2.740438e-06	2.24807	0
2.741887e-06	2.24803	0
2.741887e-06	2.24803	0
2.743337e-06	2.24799	0
2.743337e-06	2.24799	0
2.744790e-06	2.24796	0
2.746244e-06	2.24792	0
2.747700e-06	2.24788	0
2.747700e-06	2.24788	0
2.749156e-06	2.24784	0
2.750615e-06	2.24781	0
2.750615e-06	2.24781	0
2.752074e-06	2.24777	0
2.752074e-06	2.24777	0
2.753536e-06	2.24773	0
2.754999e-06	2.24769	0
2.754999e-06	2.24769	0
2.756464e-06	2.24766	0
2.756464e-06	2.24766	0
2.757930e-06	2.24762	0
2.757930e-06	2.24762	0
2.759398e-06	2.24758	0
2.760867e-06	2.24754	0
2.760867e-06	2.24754	0
2.762338e-06	2.2475	0
2.762338e-06	2.2475	0
2.763811e-06	2.24747	0
2.763811e-06	2.24747	0
2.765285e-06	2.24743	0
2.765285e-06	2.24743	0
2.766760e-06	2.24739	0
2.768237e-06	2.24735	0
2.768237e-06	2.24735	0
2.769716e-06	2.24731	0
2.769716e-06	2.24731	0
2.771196e-06	2.24728	0
2.772678e-06	2.24724	0
2.772678e-06	2.24724	0
2.774162e-06	2.2472	0
2.774162e-06	2.2472	0
2.775647e-06	2.24716	0
2.775647e-06	2.24716	0
2.777134e-06	2.24712	0
2.777134e-06	2.24712	0
2.778622e-06	2.24708	0
2.778622e-06	2.24708	0
2.780112e-06	2.24704	0
2.780112e-06	2.24704	0
2.781603e-06	2.24701	0
2.781603e-06	2.24701	0
2.783097e-06	2.24697	0
2.783097e-06	2.24697	0
2.784591e-06	2.24693	0
2.784591e-06	2.24693	0
2.786087e-06	2.24689	0
2.786087e-06	2.24689	0
2.787585e-06	2.24685	0
2.787585e-06	2.24685	0
2.789084e-06	2.24681	0
2.789084e-06	2.24681	0
2.790586e-06	2.24677	0
2.790586e-06	2.24677	0
2.792089e-06	2.24673	0
2.792089e-06	2.24673	0
2.793593e-06	2.24669	0
2.793593e-06	2.24669	0
2.795099e-06	2.24666	0
2.795099e-06	2.24666	0
2.796607e-06	2.24662	0
2.796607e-06	2.24662	0
2.798116e-06	2.24658	0
2.798116e-06	2.24658	0
2.799626e-06	2.24654	0
2.799627e-06	2.24654	0
2.801139e-06	2.2465	0
2.802653e-06	2.24646	0
2.804169e-06	2.24642	0
2.805687e-06	2.24638	0
2.805687e-06	2.24638	0
2.807206e-06	2.24634	0
2.807206e-06	2.24634	0
2.808726e-06	2.2463	0
2.810249e-06	2.24626	0
2.810249e-06	2.24626	0
2.811772e-06	2.24622	0
2.813298e-06	2.24618	0
2.814826e-06	2.24614	0
2.814826e-06	2.24614	0
2.816355e-06	2.2461	0
2.817885e-06	2.24606	0
2.819417e-06	2.24602	0
2.819417e-06	2.24602	0
2.820952e-06	2.24598	0
2.820952e-06	2.24598	0
2.822487e-06	2.24594	0
2.824024e-06	2.2459	0
2.824024e-06	2.2459	0
2.825563e-06	2.24586	0
2.825563e-06	2.24586	0
2.827104e-06	2.24582	0
2.827104e-06	2.24582	0
2.828646e-06	2.24578	0
2.828646e-06	2.24578	0
2.830191e-06	2.24573	0
2.830191e-06	2.24573	0
2.831736e-06	2.24569	0
2.833283e-06	2.24565	0
2.833283e-06	2.24565	0
2.834833e-06	2.24561	0
2.834833e-06	2.24561	0
2.836383e-06	2.24557	0
2.837936e-06	2.24553	0
2.837936e-06	2.24553	0
2.839490e-06	2.24549	0
2.839490e-06	2.24549	0
2.841045e-06	2.24545	0
2.841046e-06	2.24545	0
2.842603e-06	2.24541	0
2.842603e-06	2.24541	0
2.844163e-06	2.24537	0
2.844163e-06	2.24537	0
2.845723e-06	2.24532	0
2.845723e-06	2.24532	0
2.847286e-06	2.24528	0
2.847286e-06	2.24528	0
2.848851e-06	2.24524	0
2.850417e-06	2.2452	0
2.850417e-06	2.2452	0
2.851985e-06	2.24516	0
2.853555e-06	2.24512	0
2.853555e-06	2.24512	0
2.855125e-06	2.24507	0
2.855126e-06	2.24507	0
2.856699e-06	2.24503	0
2.856699e-06	2.24503	0
2.858274e-06	2.24499	0
2.859850e-06	2.24495	0
2.861428e-06	2.24491	0
2.861429e-06	2.24491	0
2.863009e-06	2.24486	0
2.863009e-06	2.24486	0
2.864590e-06	2.24482	0
2.866174e-06	2.24478	0
2.866174e-06	2.24478	0
2.867759e-06	2.24474	0
2.867759e-06	2.24474	0
2.869346e-06	2.2447	0
2.869346e-06	2.2447	0
2.870935e-06	2.24465	0
2.870935e-06	2.24465	0
2.872526e-06	2.24461	0
2.872526e-06	2.24461	0
2.874117e-06	2.24457	0
2.874117e-06	2.24457	0
2.875712e-06	2.24452	0
2.875712e-06	2.24452	0
2.877308e-06	2.24448	0
2.877308e-06	2.24448	0
2.878906e-06	2.24444	0
2.878906e-06	2.24444	0
2.880504e-06	2.2444	0
2.880504e-06	2.2444	0
2.882106e-06	2.24435	0
2.883709e-06	2.24431	0
2.883709e-06	2.24431	0
2.885313e-06	2.24427	0
2.885313e-06	2.24427	0
2.886920e-06	2.24422	0
2.886920e-06	2.24422	0
2.888529e-06	2.24418	0
2.890138e-06	2.24414	0
2.891750e-06	2.24409	0
2.891751e-06	2.24409	0
2.893364e-06	2.24405	0
2.893365e-06	2.24405	0
2.894979e-06	2.24401	0
2.894979e-06	2.24401	0
2.896597e-06	2.24396	0
2.898216e-06	2.24392	0
2.898216e-06	2.24392	0
2.899837e-06	2.24388	0
2.899837e-06	2.24388	0
2.901460e-06	2.24383	0
2.901460e-06	2.24383	0
2.903084e-06	2.24379	0
2.903085e-06	2.24379	0
2.904710e-06	2.24374	0
2.904710e-06	2.24374	0
2.906339e-06	2.2437	0
2.906339e-06	2.2437	0
2.907969e-06	2.24366	0
2.907969e-06	2.24366	0
2.909600e-06	2.24361	0
2.909600e-06	2.24361	0
2.911234e-06	2.24357	0
2.911234e-06	2.24357	0
2.912870e-06	2.24352	0
2.912870e-06	2.24352	0
2.914507e-06	2.24348	0
2.916146e-06	2.24343	0
2.916146e-06	2.24343	0
2.917788e-06	2.24339	0
2.917788e-06	2.24339	0
2.919430e-06	2.24335	0
2.921075e-06	2.2433	0
2.921075e-06	2.2433	0
2.922722e-06	2.24326	0
2.924370e-06	2.24321	0
2.926021e-06	2.24317	0
2.926021e-06	2.24317	0
2.927673e-06	2.24312	0
2.929327e-06	2.24308	0
2.929327e-06	2.24308	0
2.930983e-06	2.24303	0
2.930983e-06	2.24303	0
2.932641e-06	2.24299	0
2.932641e-06	2.24299	0
2.934300e-06	2.24294	0
2.934300e-06	2.24294	0
2.935962e-06	2.24289	0
2.935962e-06	2.24289	0
2.937625e-06	2.24285	0
2.937625e-06	2.24285	0
2.939290e-06	2.2428	0
2.939290e-06	2.2428	0
2.940958e-06	2.24276	0
2.940958e-06	2.24276	0
2.942627e-06	2.24271	0
2.944297e-06	2.24267	0
2.944297e-06	2.24267	0
2.945970e-06	2.24262	0
2.945971e-06	2.24262	0
2.947646e-06	2.24257	0
2.947646e-06	2.24257	0
2.949323e-06	2.24253	0
2.949323e-06	2.24253	0
2.951001e-06	2.24248	0
2.951001e-06	2.24248	0
2.952681e-06	2.24244	0
2.952681e-06	2.24244	0
2.954364e-06	2.24239	0
2.954364e-06	2.24239	0
2.956048e-06	2.24234	0
2.957735e-06	2.2423	0
2.957735e-06	2.2423	0
2.959423e-06	2.24225	0
2.961113e-06	2.2422	0
2.961113e-06	2.2422	0
2.962805e-06	2.24216	0
2.962805e-06	2.24216	0
2.964499e-06	2.24211	0
2.964499e-06	2.24211	0
2.966195e-06	2.24207	0
2.966195e-06	2.24207	0
2.967893e-06	2.24202	0
2.967893e-06	2.24202	0
2.969593e-06	2.24197	0
2.969593e-06	2.24197	0
2.971294e-06	2.24192	0
2.972998e-06	2.24188	0
2.974704e-06	2.24183	0
2.974704e-06	2.24183	0
2.976411e-06	2.24178	0
2.976411e-06	2.24178	0
2.978121e-06	2.24173	0
2.978121e-06	2.24173	0
2.979833e-06	2.24169	0
2.979833e-06	2.24169	0
2.981546e-06	2.24164	0
2.981546e-06	2.24164	0
2.983261e-06	2.24159	0
2.983262e-06	2.24159	0
2.984979e-06	2.24154	0
2.984979e-06	2.24154	0
2.986698e-06	2.2415	0
2.988420e-06	2.24145	0
2.990144e-06	2.2414	0
2.990144e-06	2.2414	0
2.991868e-06	2.24135	0
2.991868e-06	2.24135	0
2.993596e-06	2.24131	0
2.995326e-06	2.24126	0
2.995326e-06	2.24126	0
2.997057e-06	2.24121	0
2.997057e-06	2.24121	0
2.998790e-06	2.24116	0
2.998790e-06	2.24116	0
3.000526e-06	2.24111	0
3.002263e-06	2.24106	0
3.002263e-06	2.24106	0
3.004002e-06	2.24101	0
3.004003e-06	2.24101	0
3.005744e-06	2.24097	0
3.005744e-06	2.24097	0
3.007487e-06	2.24092	0
3.007487e-06	2.24092	0
3.009233e-06	2.24087	0
3.010981e-06	2.24082	0
3.010981e-06	2.24082	0
3.012730e-06	2.24077	0
3.012730e-06	2.24077	0
3.014482e-06	2.24072	0
3.014482e-06	2.24072	0
3.016236e-06	2.24067	0
3.016236e-06	2.24067	0
3.017991e-06	2.24062	0
3.017991e-06	2.24062	0
3.019749e-06	2.24057	0
3.019749e-06	2.24057	0
3.021509e-06	2.24052	0
3.021509e-06	2.24052	0
3.023270e-06	2.24047	0
3.023270e-06	2.24047	0
3.025034e-06	2.24043	0
3.026800e-06	2.24037	0
3.026800e-06	2.24037	0
3.028569e-06	2.24032	0
3.028569e-06	2.24032	0
3.030338e-06	2.24028	0
3.030338e-06	2.24028	0
3.032110e-06	2.24023	0
3.032110e-06	2.24023	0
3.033885e-06	2.24017	0
3.033885e-06	2.24017	0
3.035661e-06	2.24012	0
3.035661e-06	2.24012	0
3.037439e-06	2.24008	0
3.037439e-06	2.24008	0
3.039220e-06	2.24003	0
3.041002e-06	2.23997	0
3.041002e-06	2.23997	0
3.042787e-06	2.23992	0
3.042787e-06	2.23992	0
3.044574e-06	2.23987	0
3.044574e-06	2.23987	0
3.046362e-06	2.23982	0
3.048153e-06	2.23977	0
3.048153e-06	2.23977	0
3.049946e-06	2.23972	0
3.049947e-06	2.23972	0
3.051741e-06	2.23967	0
3.053539e-06	2.23962	0
3.053539e-06	2.23962	0
3.055338e-06	2.23957	0
3.055338e-06	2.23957	0
3.057139e-06	2.23952	0
3.058943e-06	2.23947	0
3.058943e-06	2.23947	0
3.060749e-06	2.23941	0
3.060749e-06	2.23941	0
3.062556e-06	2.23936	0
3.062556e-06	2.23936	0
3.064367e-06	2.23931	0
3.064367e-06	2.23931	0
3.066179e-06	2.23926	0
3.066179e-06	2.23926	0
3.067993e-06	2.23921	0
3.067993e-06	2.23921	0
3.069810e-06	2.23916	0
3.069810e-06	2.23916	0
3.071628e-06	2.2391	0
3.071629e-06	2.2391	0
3.073449e-06	2.23905	0
3.073449e-06	2.23905	0
3.075272e-06	2.239	0
3.077097e-06	2.23895	0
3.078924e-06	2.23889	0
3.078924e-06	2.23889	0
3.080754e-06	2.23884	0
3.080754e-06	2.23884	0
3.082585e-06	2.23879	0
3.082586e-06	2.23879	0
3.084419e-06	2.23874	0
3.084419e-06	2.23874	0
3.086255e-06	2.23868	0
3.086255e-06	2.23868	0
3.088093e-06	2.23863	0
3.088093e-06	2.23863	0
3.089934e-06	2.23858	0
3.091776e-06	2.23853	0
3.093621e-06	2.23847	0
3.095467e-06	2.23842	0
3.095467e-06	2.23842	0
3.097317e-06	2.23837	0
3.099168e-06	2.23831	0
3.099168e-06	2.23831	0
3.101022e-06	2.23826	0
3.101022e-06	2.23826	0
3.102877e-06	2.23821	0
3.102878e-06	2.23821	0
3.104736e-06	2.23815	0
3.106595e-06	2.2381	0
3.106595e-06	2.2381	0
3.108458e-06	2.23805	0
3.108458e-06	2.23805	0
3.110323e-06	2.23799	0
3.110323e-06	2.23799	0
3.112190e-06	2.23794	0
3.112190e-06	2.23794	0
3.114059e-06	2.23788	0
3.115931e-06	2.23783	0
3.115931e-06	2.23783	0
3.117805e-06	2.23778	0
3.117805e-06	2.23778	0
3.119680e-06	2.23772	0
3.119680e-06	2.23772	0
3.121558e-06	2.23767	0
3.121558e-06	2.23767	0
3.123439e-06	2.23761	0
3.123439e-06	2.23761	0
3.125321e-06	2.23756	0
3.125321e-06	2.23756	0
3.127207e-06	2.2375	0
3.127207e-06	2.2375	0
3.129094e-06	2.23745	0
3.129094e-06	2.23745	0
3.130983e-06	2.23739	0
3.130983e-06	2.23739	0
3.132875e-06	2.23734	0
3.132875e-06	2.23734	0
3.134770e-06	2.23728	0
3.134770e-06	2.23728	0
3.136665e-06	2.23723	0
3.136666e-06	2.23723	0
3.138564e-06	2.23717	0
3.138564e-06	2.23717	0
3.140466e-06	2.23712	0
3.140466e-06	2.23712	0
3.142369e-06	2.23706	0
3.142369e-06	2.23706	0
3.144274e-06	2.237	0
3.144274e-06	2.237	0
3.146183e-06	2.23695	0
3.146183e-06	2.23695	0
3.148092e-06	2.23689	0
3.148092e-06	2.23689	0
3.150005e-06	2.23684	0
3.151920e-06	2.23678	0
3.151920e-06	2.23678	0
3.153837e-06	2.23672	0
3.155757e-06	2.23667	0
3.155757e-06	2.23667	0
3.157679e-06	2.23661	0
3.157679e-06	2.23661	0
3.159603e-06	2.23656	0
3.159603e-06	2.23656	0
3.161529e-06	2.2365	0
3.161530e-06	2.2365	0
3.163459e-06	2.23644	0
3.163459e-06	2.23644	0
3.165390e-06	2.23638	0
3.165390e-06	2.23638	0
3.167323e-06	2.23633	0
3.167323e-06	2.23633	0
3.169260e-06	2.23627	0
3.169260e-06	2.23627	0
3.171197e-06	2.23621	0
3.171198e-06	2.23621	0
3.173138e-06	2.23616	0
3.173138e-06	2.23616	0
3.175082e-06	2.2361	0
3.177028e-06	2.23604	0
3.178975e-06	2.23598	0
3.180926e-06	2.23593	0
3.180926e-06	2.23593	0
3.182878e-06	2.23587	0
3.182878e-06	2.23587	0
3.184833e-06	2.23581	0
3.186791e-06	2.23575	0
3.186791e-06	2.23575	0
3.188751e-06	2.23569	0
3.188751e-06	2.23569	0
3.190713e-06	2.23564	0
3.190713e-06	2.23564	0
3.192678e-06	2.23558	0
3.192678e-06	2.23558	0
3.194644e-06	2.23552	0
3.194644e-06	2.23552	0
3.196614e-06	2.23546	0
3.198586e-06	2.2354	0
3.198587e-06	2.2354	0
3.200561e-06	2.23534	0
3.200561e-06	2.23534	0
3.202538e-06	2.23528	0
3.202538e-06	2.23528	0
3.204517e-06	2.23522	0
3.206498e-06	2.23517	0
3.206498e-06	2.23517	0
3.208483e-06	2.23511	0
3.210470e-06	2.23505	0
3.210470e-06	2.23505	0
3.212459e-06	2.23499	0
3.212459e-06	2.23499	0
3.214450e-06	2.23493	0
3.214450e-06	2.23493	0
3.216445e-06	2.23487	0
3.216445e-06	2.23487	0
3.218441e-06	2.23481	0
3.218441e-06	2.23481	0
3.220440e-06	2.23475	0
3.220440e-06	2.23475	0
3.222442e-06	2.23469	0
3.222442e-06	2.23469	0
3.224446e-06	2.23463	0
3.224446e-06	2.23463	0
3.226452e-06	2.23457	0
3.226452e-06	2.23457	0
3.228461e-06	2.23451	0
3.228461e-06	2.23451	0
3.230473e-06	2.23445	0
3.230473e-06	2.23445	0
3.232486e-06	2.23439	0
3.232486e-06	2.23439	0
3.234503e-06	2.23433	0
3.234503e-06	2.23433	0
3.236522e-06	2.23427	0
3.236522e-06	2.23427	0
3.238543e-06	2.23421	0
3.238543e-06	2.23421	0
3.240568e-06	2.23414	0
3.242595e-06	2.23408	0
3.242595e-06	2.23408	0
3.244624e-06	2.23402	0
3.244624e-06	2.23402	0
3.246655e-06	2.23396	0
3.246655e-06	2.23396	0
3.248690e-06	2.2339	0
3.250726e-06	2.23384	0
3.252766e-06	2.23378	0
3.252766e-06	2.23378	0
3.254808e-06	2.23371	0
3.254808e-06	2.23371	0
3.256853e-06	2.23365	0
3.256853e-06	2.23365	0
3.258899e-06	2.23359	0
3.260949e-06	2.23353	0
3.263000e-06	2.23346	0
3.263000e-06	2.23346	0
3.265056e-06	2.2334	0
3.265056e-06	2.2334	0
3.267113e-06	2.23334	0
3.267113e-06	2.23334	0
3.269174e-06	2.23328	0
3.269174e-06	2.23328	0
3.271236e-06	2.23321	0
3.271236e-06	2.23321	0
3.273301e-06	2.23315	0
3.275368e-06	2.23309	0
3.277439e-06	2.23303	0
3.277439e-06	2.23303	0
3.279512e-06	2.23296	0
3.281588e-06	2.2329	0
3.281588e-06	2.2329	0
3.283666e-06	2.23284	0
3.283666e-06	2.23284	0
3.285747e-06	2.23277	0
3.287830e-06	2.23271	0
3.287830e-06	2.23271	0
3.289916e-06	2.23264	0
3.289917e-06	2.23264	0
3.292005e-06	2.23258	0
3.292005e-06	2.23258	0
3.294097e-06	2.23252	0
3.294097e-06	2.23252	0
3.296191e-06	2.23245	0
3.296191e-06	2.23245	0
3.298288e-06	2.23239	0
3.300387e-06	2.23232	0
3.300387e-06	2.23232	0
3.302489e-06	2.23226	0
3.304594e-06	2.23219	0
3.304595e-06	2.23219	0
3.306702e-06	2.23213	0
3.306702e-06	2.23213	0
3.308812e-06	2.23206	0
3.308812e-06	2.23206	0
3.310925e-06	2.232	0
3.313041e-06	2.23193	0
3.315159e-06	2.23187	0
3.315159e-06	2.23187	0
3.317280e-06	2.2318	0
3.319404e-06	2.23174	0
3.321530e-06	2.23167	0
3.321530e-06	2.23167	0
3.323659e-06	2.23161	0
3.323659e-06	2.23161	0
3.325791e-06	2.23154	0
3.325792e-06	2.23154	0
3.327925e-06	2.23147	0
3.327925e-06	2.23147	0
3.330063e-06	2.23141	0
3.330063e-06	2.23141	0
3.332204e-06	2.23134	0
3.334346e-06	2.23127	0
3.334346e-06	2.23127	0
3.336492e-06	2.23121	0
3.336492e-06	2.23121	0
3.338641e-06	2.23114	0
3.338641e-06	2.23114	0
3.340792e-06	2.23107	0
3.342945e-06	2.23101	0
3.342945e-06	2.23101	0
3.345102e-06	2.23094	0
3.345102e-06	2.23094	0
3.347261e-06	2.23087	0
3.347261e-06	2.23087	0
3.349424e-06	2.2308	0
3.351589e-06	2.23074	0
3.351589e-06	2.23074	0
3.353758e-06	2.23067	0
3.355928e-06	2.2306	0
3.355928e-06	2.2306	0
3.358102e-06	2.23053	0
3.358102e-06	2.23053	0
3.360277e-06	2.23046	0
3.360277e-06	2.23046	0
3.362457e-06	2.2304	0
3.362457e-06	2.2304	0
3.364639e-06	2.23033	0
3.366824e-06	2.23026	0
3.366824e-06	2.23026	0
3.369011e-06	2.23019	0
3.369011e-06	2.23019	0
3.371202e-06	2.23012	0
3.373395e-06	2.23005	0
3.373395e-06	2.23005	0
3.375591e-06	2.22998	0
3.375591e-06	2.22998	0
3.377791e-06	2.22991	0
3.377791e-06	2.22991	0
3.379993e-06	2.22985	0
3.382197e-06	2.22978	0
3.384405e-06	2.22971	0
3.386616e-06	2.22964	0
3.388829e-06	2.22957	0
3.391046e-06	2.2295	0
3.391046e-06	2.2295	0
3.393265e-06	2.22943	0
3.393265e-06	2.22943	0
3.395487e-06	2.22936	0
3.395487e-06	2.22936	0
3.397712e-06	2.22928	0
3.399941e-06	2.22921	0
3.399941e-06	2.22921	0
3.402171e-06	2.22914	0
3.402171e-06	2.22914	0
3.404405e-06	2.22907	0
3.404405e-06	2.22907	0
3.406642e-06	2.229	0
3.408881e-06	2.22893	0
3.411124e-06	2.22886	0
3.413370e-06	2.22879	0
3.415618e-06	2.22872	0
3.417870e-06	2.22864	0
3.420125e-06	2.22857	0
3.420125e-06	2.22857	0
3.422381e-06	2.2285	0
3.422381e-06	2.2285	0
3.424642e-06	2.22843	0
3.426906e-06	2.22836	0
3.426906e-06	2.22836	0
3.429172e-06	2.22828	0
3.431442e-06	2.22821	0
3.431442e-06	2.22821	0
3.433714e-06	2.22814	0
3.433714e-06	2.22814	0
3.435989e-06	2.22806	0
3.438268e-06	2.22799	0
3.440550e-06	2.22792	0
3.442835e-06	2.22784	0
3.445122e-06	2.22777	0
3.447413e-06	2.2277	0
3.449706e-06	2.22762	0
3.452003e-06	2.22755	0
3.452003e-06	2.22755	0
3.454303e-06	2.22748	0
3.456606e-06	2.2274	0
3.456606e-06	2.2274	0
3.458911e-06	2.22733	0
3.458911e-06	2.22733	0
3.461221e-06	2.22725	0
3.461221e-06	2.22725	0
3.463532e-06	2.22718	0
3.465848e-06	2.2271	0
3.465848e-06	2.2271	0
3.468166e-06	2.22703	0
3.468167e-06	2.22703	0
3.470488e-06	2.22695	0
3.470488e-06	2.22695	0
3.472812e-06	2.22688	0
3.472812e-06	2.22688	0
3.475140e-06	2.2268	0
3.477471e-06	2.22673	0
3.479804e-06	2.22665	0
3.482141e-06	2.22657	0
3.482141e-06	2.22657	0
3.484482e-06	2.2265	0
3.486825e-06	2.22642	0
3.486825e-06	2.22642	0
3.489171e-06	2.22635	0
3.489171e-06	2.22635	0
3.491521e-06	2.22627	0
3.491521e-06	2.22627	0
3.493873e-06	2.22619	0
3.493874e-06	2.22619	0
3.496230e-06	2.22612	0
3.496230e-06	2.22612	0
3.498589e-06	2.22604	0
3.500951e-06	2.22596	0
3.500951e-06	2.22596	0
3.503316e-06	2.22588	0
3.503316e-06	2.22588	0
3.505686e-06	2.22581	0
3.505686e-06	2.22581	0
3.508057e-06	2.22573	0
3.508057e-06	2.22573	0
3.510432e-06	2.22565	0
3.510432e-06	2.22565	0
3.512811e-06	2.22557	0
3.515192e-06	2.22549	0
3.515192e-06	2.22549	0
3.517577e-06	2.22542	0
3.519965e-06	2.22534	0
3.519965e-06	2.22534	0
3.522356e-06	2.22526	0
3.524751e-06	2.22518	0
3.524751e-06	2.22518	0
3.527149e-06	2.2251	0
3.529549e-06	2.22502	0
3.529549e-06	2.22502	0
3.531954e-06	2.22494	0
3.534362e-06	2.22486	0
3.536772e-06	2.22478	0
3.539187e-06	2.2247	0
3.539187e-06	2.2247	0
3.541604e-06	2.22462	0
3.541604e-06	2.22462	0
3.544024e-06	2.22454	0
3.544024e-06	2.22454	0
3.546449e-06	2.22446	0
3.548876e-06	2.22438	0
3.548877e-06	2.22438	0
3.551307e-06	2.2243	0
3.551307e-06	2.2243	0
3.553741e-06	2.22422	0
3.556179e-06	2.22414	0
3.558619e-06	2.22406	0
3.558619e-06	2.22406	0
3.561063e-06	2.22398	0
3.561063e-06	2.22398	0
3.563511e-06	2.2239	0
3.563511e-06	2.2239	0
3.565962e-06	2.22381	0
3.565963e-06	2.22381	0
3.568416e-06	2.22373	0
3.568416e-06	2.22373	0
3.570874e-06	2.22365	0
3.573335e-06	2.22357	0
3.575799e-06	2.22349	0
3.578267e-06	2.2234	0
3.578267e-06	2.2234	0
3.580739e-06	2.22332	0
3.580739e-06	2.22332	0
3.583212e-06	2.22324	0
3.585691e-06	2.22315	0
3.585691e-06	2.22315	0
3.588173e-06	2.22307	0
3.588173e-06	2.22307	0
3.590657e-06	2.22299	0
3.590657e-06	2.22299	0
3.593145e-06	2.2229	0
3.593145e-06	2.2229	0
3.595637e-06	2.22282	0
3.595638e-06	2.22282	0
3.598132e-06	2.22274	0
3.600631e-06	2.22265	0
3.603134e-06	2.22257	0
3.603134e-06	2.22257	0
3.605638e-06	2.22248	0
3.605638e-06	2.22248	0
3.608148e-06	2.2224	0
3.610661e-06	2.22231	0
3.613176e-06	2.22223	0
3.615696e-06	2.22214	0
3.615697e-06	2.22214	0
3.618220e-06	2.22206	0
3.620746e-06	2.22197	0
3.620746e-06	2.22197	0
3.623276e-06	2.22188	0
3.625811e-06	2.2218	0
3.625811e-06	2.2218	0
3.628347e-06	2.22171	0
3.630888e-06	2.22163	0
3.630888e-06	2.22163	0
3.633433e-06	2.22154	0
3.633433e-06	2.22154	0
3.635980e-06	2.22145	0
3.638532e-06	2.22137	0
3.641088e-06	2.22128	0
3.643646e-06	2.22119	0
3.643646e-06	2.22119	0
3.646208e-06	2.2211	0
3.646209e-06	2.2211	0
3.648775e-06	2.22102	0
3.648775e-06	2.22102	0
3.651343e-06	2.22093	0
3.651343e-06	2.22093	0
3.653917e-06	2.22084	0
3.656494e-06	2.22075	0
3.659074e-06	2.22066	0
3.661658e-06	2.22058	0
3.661658e-06	2.22058	0
3.664246e-06	2.22049	0
3.664247e-06	2.22049	0
3.666837e-06	2.2204	0
3.669432e-06	2.22031	0
3.669432e-06	2.22031	0
3.672032e-06	2.22022	0
3.672032e-06	2.22022	0
3.674635e-06	2.22013	0
3.674635e-06	2.22013	0
3.677240e-06	2.22004	0
3.679850e-06	2.21995	0
3.682464e-06	2.21986	0
3.685080e-06	2.21977	0
3.685081e-06	2.21977	0
3.687702e-06	2.21968	0
3.690327e-06	2.21959	0
3.692954e-06	2.2195	0
3.692954e-06	2.2195	0
3.695587e-06	2.2194	0
3.698223e-06	2.21931	0
3.698223e-06	2.21931	0
3.700862e-06	2.21922	0
3.703506e-06	2.21913	0
3.703506e-06	2.21913	0
3.706154e-06	2.21904	0
3.708804e-06	2.21895	0
3.711459e-06	2.21885	0
3.711459e-06	2.21885	0
3.714118e-06	2.21876	0
3.714118e-06	2.21876	0
3.716780e-06	2.21867	0
3.719446e-06	2.21857	0
3.719447e-06	2.21857	0
3.722117e-06	2.21848	0
3.724790e-06	2.21839	0
3.724790e-06	2.21839	0
3.727468e-06	2.21829	0
3.727468e-06	2.21829	0
3.730150e-06	2.2182	0
3.730150e-06	2.2182	0
3.732835e-06	2.2181	0
3.735525e-06	2.21801	0
3.738218e-06	2.21792	0
3.738218e-06	2.21792	0
3.740915e-06	2.21782	0
3.743616e-06	2.21773	0
3.746321e-06	2.21763	0
3.746322e-06	2.21763	0
3.749029e-06	2.21754	0
3.749029e-06	2.21754	0
3.751743e-06	2.21744	0
3.751743e-06	2.21744	0
3.754460e-06	2.21734	0
3.754460e-06	2.21734	0
3.757180e-06	2.21725	0
3.757180e-06	2.21725	0
3.759905e-06	2.21715	0
3.759905e-06	2.21715	0
3.762634e-06	2.21706	0
3.762634e-06	2.21706	0
3.765365e-06	2.21696	0
3.765365e-06	2.21696	0
3.768102e-06	2.21686	0
3.770843e-06	2.21677	0
3.773586e-06	2.21667	0
3.773586e-06	2.21667	0
3.776335e-06	2.21657	0
3.779088e-06	2.21647	0
3.779088e-06	2.21647	0
3.781845e-06	2.21637	0
3.784605e-06	2.21628	0
3.784605e-06	2.21628	0
3.787370e-06	2.21618	0
3.787370e-06	2.21618	0
3.790137e-06	2.21608	0
3.792910e-06	2.21598	0
3.795687e-06	2.21588	0
3.798468e-06	2.21578	0
3.798468e-06	2.21578	0
3.801252e-06	2.21568	0
3.801252e-06	2.21568	0
3.804042e-06	2.21558	0
3.804042e-06	2.21558	0
3.806835e-06	2.21548	0
3.809631e-06	2.21538	0
3.809631e-06	2.21538	0
3.812433e-06	2.21528	0
3.815239e-06	2.21518	0
3.815239e-06	2.21518	0
3.818047e-06	2.21508	0
3.818047e-06	2.21508	0
3.820861e-06	2.21498	0
3.820861e-06	2.21498	0
3.823679e-06	2.21488	0
3.823679e-06	2.21488	0
3.826500e-06	2.21477	0
3.826500e-06	2.21477	0
3.829327e-06	2.21467	0
3.832158e-06	2.21457	0
3.834991e-06	2.21447	0
3.837830e-06	2.21437	0
3.840673e-06	2.21426	0
3.840673e-06	2.21426	0
3.843520e-06	2.21416	0
3.843520e-06	2.21416	0
3.846371e-06	2.21406	0
3.846372e-06	2.21406	0
3.849227e-06	2.21395	0
3.849227e-06	2.21395	0
3.852086e-06	2.21385	0
3.854950e-06	2.21374	0
3.854950e-06	2.21374	0
3.857819e-06	2.21364	0
3.860691e-06	2.21354	0
3.863568e-06	2.21343	0
3.866450e-06	2.21333	0
3.866450e-06	2.21333	0
3.869334e-06	2.21322	0
3.872224e-06	2.21312	0
3.872224e-06	2.21312	0
3.875119e-06	2.21301	0
3.875119e-06	2.21301	0
3.878016e-06	2.2129	0
3.878016e-06	2.2129	0
3.880919e-06	2.2128	0
3.880920e-06	2.2128	0
3.883827e-06	2.21269	0
3.886738e-06	2.21258	0
3.886738e-06	2.21258	0
3.889654e-06	2.21248	0
3.889654e-06	2.21248	0
3.892574e-06	2.21237	0
3.892574e-06	2.21237	0
3.895499e-06	2.21226	0
3.895499e-06	2.21226	0
3.898427e-06	2.21216	0
3.898427e-06	2.21216	0
3.901361e-06	2.21205	0
3.904298e-06	2.21194	0
3.904298e-06	2.21194	0
3.907241e-06	2.21183	0
3.907241e-06	2.21183	0
3.910188e-06	2.21172	0
3.910188e-06	2.21172	0
3.913139e-06	2.21161	0
3.913139e-06	2.21161	0
3.916094e-06	2.2115	0
3.916094e-06	2.2115	0
3.919054e-06	2.21139	0
3.919054e-06	2.21139	0
3.922018e-06	2.21128	0
3.922018e-06	2.21128	0
3.924987e-06	2.21117	0
3.927961e-06	2.21106	0
3.927961e-06	2.21106	0
3.930940e-06	2.21095	0
3.933921e-06	2.21084	0
3.936909e-06	2.21073	0
3.936909e-06	2.21073	0
3.939901e-06	2.21062	0
3.939901e-06	2.21062	0
3.942896e-06	2.21051	0
3.942896e-06	2.21051	0
3.945897e-06	2.2104	0
3.948903e-06	2.21028	0
3.948903e-06	2.21028	0
3.951912e-06	2.21017	0
3.951912e-06	2.21017	0
3.954927e-06	2.21006	0
3.954927e-06	2.21006	0
3.957946e-06	2.20995	0
3.960969e-06	2.20983	0
3.960969e-06	2.20983	0
3.963997e-06	2.20972	0
3.963997e-06	2.20972	0
3.967031e-06	2.2096	0
3.970067e-06	2.20949	0
3.973110e-06	2.20938	0
3.976157e-06	2.20926	0
3.976157e-06	2.20926	0
3.979208e-06	2.20915	0
3.982264e-06	2.20903	0
3.982264e-06	2.20903	0
3.985326e-06	2.20892	0
3.988391e-06	2.2088	0
3.988391e-06	2.2088	0
3.991461e-06	2.20869	0
3.991461e-06	2.20869	0
3.994537e-06	2.20857	0
3.997616e-06	2.20845	0
4.000701e-06	2.20834	0
4.000701e-06	2.20834	0
4.003791e-06	2.20822	0
4.003791e-06	2.20822	0
4.006884e-06	2.2081	0
4.009983e-06	2.20798	0
4.009983e-06	2.20798	0
4.013087e-06	2.20786	0
4.013088e-06	2.20786	0
4.016196e-06	2.20775	0
4.016197e-06	2.20775	0
4.019309e-06	2.20763	0
4.019309e-06	2.20763	0
4.022427e-06	2.20751	0
4.022427e-06	2.20751	0
4.025549e-06	2.20739	0
4.025549e-06	2.20739	0
4.028678e-06	2.20727	0
4.028678e-06	2.20727	0
4.031811e-06	2.20715	0
4.034949e-06	2.20703	0
4.034949e-06	2.20703	0
4.038091e-06	2.20691	0
4.038091e-06	2.20691	0
4.041238e-06	2.20679	0
4.041238e-06	2.20679	0
4.044389e-06	2.20667	0
4.044389e-06	2.20667	0
4.047547e-06	2.20655	0
4.047547e-06	2.20655	0
4.050710e-06	2.20643	0
4.053878e-06	2.2063	0
4.053878e-06	2.2063	0
4.057048e-06	2.20618	0
4.057048e-06	2.20618	0
4.060226e-06	2.20606	0
4.063407e-06	2.20594	0
4.066594e-06	2.20581	0
4.066595e-06	2.20581	0
4.069787e-06	2.20569	0
4.072985e-06	2.20557	0
4.072985e-06	2.20557	0
4.076186e-06	2.20544	0
4.076186e-06	2.20544	0
4.079393e-06	2.20532	0
4.082604e-06	2.20519	0
4.082604e-06	2.20519	0
4.085822e-06	2.20507	0
4.089044e-06	2.20494	0
4.089045e-06	2.20494	0
4.092273e-06	2.20482	0
4.092273e-06	2.20482	0
4.095504e-06	2.20469	0
4.098742e-06	2.20457	0
4.098742e-06	2.20457	0
4.101985e-06	2.20444	0
4.105232e-06	2.20431	0
4.108485e-06	2.20419	0
4.108486e-06	2.20419	0
4.111744e-06	2.20406	0
4.115006e-06	2.20393	0
4.115006e-06	2.20393	0
4.118275e-06	2.20381	0
4.118275e-06	2.20381	0
4.121550e-06	2.20368	0
4.124827e-06	2.20355	0
4.128112e-06	2.20342	0
4.128112e-06	2.20342	0
4.131401e-06	2.20329	0
4.131402e-06	2.20329	0
4.134695e-06	2.20316	0
4.134695e-06	2.20316	0
4.137996e-06	2.20303	0
4.137996e-06	2.20303	0
4.141301e-06	2.2029	0
4.144612e-06	2.20277	0
4.147927e-06	2.20264	0
4.151248e-06	2.20251	0
4.154573e-06	2.20238	0
4.157905e-06	2.20224	0
4.161243e-06	2.20211	0
4.164586e-06	2.20198	0
4.167933e-06	2.20185	0
4.171286e-06	2.20171	0
4.174644e-06	2.20158	0
4.174644e-06	2.20158	0
4.178008e-06	2.20145	0
4.178008e-06	2.20145	0
4.181378e-06	2.20131	0
4.184753e-06	2.20118	0
4.184754e-06	2.20118	0
4.188132e-06	2.20104	0
4.188132e-06	2.20104	0
4.191519e-06	2.20091	0
4.191519e-06	2.20091	0
4.194909e-06	2.20077	0
4.198306e-06	2.20063	0
4.198306e-06	2.20063	0
4.201709e-06	2.2005	0
4.205117e-06	2.20036	0
4.208529e-06	2.20022	0
4.208529e-06	2.20022	0
4.211948e-06	2.20009	0
4.215372e-06	2.19995	0
4.218802e-06	2.19981	0
4.218802e-06	2.19981	0
4.222238e-06	2.19967	0
4.222238e-06	2.19967	0
4.225680e-06	2.19953	0
4.229125e-06	2.19939	0
4.229125e-06	2.19939	0
4.232579e-06	2.19925	0
4.232579e-06	2.19925	0
4.236035e-06	2.19911	0
4.239500e-06	2.19897	0
4.239500e-06	2.19897	0
4.242970e-06	2.19883	0
4.246445e-06	2.19869	1e-06
4.249925e-06	2.19855	1e-06
4.253411e-06	2.19841	1e-06
4.256904e-06	2.19827	1e-06
4.256904e-06	2.19827	1e-06
4.260401e-06	2.19813	1e-06
4.260401e-06	2.19813	1e-06
4.263905e-06	2.19798	1e-06
4.267415e-06	2.19784	1e-06
4.270929e-06	2.1977	1e-06
4.274450e-06	2.19755	1e-06
4.277978e-06	2.19741	1e-06
4.277978e-06	2.19741	1e-06
4.281509e-06	2.19726	1e-06
4.281509e-06	2.19726	1e-06
4.285048e-06	2.19712	1e-06
4.285048e-06	2.19712	1e-06
4.288593e-06	2.19697	1e-06
4.292142e-06	2.19683	1e-06
4.295699e-06	2.19668	1e-06
4.299261e-06	2.19653	1e-06
4.299261e-06	2.19653	1e-06
4.302830e-06	2.19639	1e-06
4.302830e-06	2.19639	1e-06
4.306402e-06	2.19624	1e-06
4.306402e-06	2.19624	1e-06
4.309982e-06	2.19609	1e-06
4.309982e-06	2.19609	1e-06
4.313567e-06	2.19594	1e-06
4.313567e-06	2.19594	1e-06
4.317159e-06	2.19579	1e-06
4.320757e-06	2.19564	1e-06
4.320757e-06	2.19564	1e-06
4.324362e-06	2.1955	1e-06
4.324362e-06	2.1955	1e-06
4.327970e-06	2.19535	1e-06
4.331586e-06	2.1952	1e-06
4.331586e-06	2.1952	1e-06
4.335207e-06	2.19504	1e-06
4.338835e-06	2.19489	1e-06
4.342470e-06	2.19474	1e-06
4.346110e-06	2.19459	1e-06
4.349755e-06	2.19444	1e-06
4.353408e-06	2.19429	1e-06
4.357065e-06	2.19413	1e-06
4.360730e-06	2.19398	1e-06
4.364401e-06	2.19383	1e-06
4.368079e-06	2.19367	1e-06
4.371761e-06	2.19352	1e-06
4.375450e-06	2.19336	1e-06
4.379145e-06	2.19321	1e-06
4.379145e-06	2.19321	1e-06
4.382847e-06	2.19305	1e-06
4.386555e-06	2.19289	1e-06
4.386556e-06	2.19289	1e-06
4.390270e-06	2.19274	1e-06
4.390271e-06	2.19274	1e-06
4.393990e-06	2.19258	1e-06
4.397717e-06	2.19242	1e-06
4.401451e-06	2.19226	1e-06
4.405189e-06	2.19211	1e-06
4.405189e-06	2.19211	1e-06
4.408936e-06	2.19195	1e-06
4.412688e-06	2.19179	1e-06
4.412689e-06	2.19179	1e-06
4.416446e-06	2.19163	1e-06
4.420212e-06	2.19147	1e-06
4.423984e-06	2.19131	1e-06
4.427761e-06	2.19115	1e-06
4.431546e-06	2.19098	1e-06
4.435337e-06	2.19082	1e-06
4.439133e-06	2.19066	1e-06
4.439133e-06	2.19066	1e-06
4.442938e-06	2.1905	1e-06
4.446749e-06	2.19034	1e-06
4.450564e-06	2.19017	1e-06
4.450564e-06	2.19017	1e-06
4.454389e-06	2.19001	2e-06
4.454389e-06	2.19001	2e-06
4.458220e-06	2.18984	2e-06
4.462055e-06	2.18968	2e-06
4.462055e-06	2.18968	2e-06
4.465898e-06	2.18951	2e-06
4.465898e-06	2.18951	2e-06
4.469749e-06	2.18934	2e-06
4.473606e-06	2.18918	2e-06
4.473606e-06	2.18918	2e-06
4.477468e-06	2.18901	2e-06
4.477468e-06	2.18901	2e-06
4.481339e-06	2.18885	2e-06
4.485214e-06	2.18868	2e-06
4.489098e-06	2.18851	2e-06
4.492989e-06	2.18834	2e-06
4.492989e-06	2.18834	2e-06
4.496886e-06	2.18817	2e-06
4.500788e-06	2.188	2e-06
4.504699e-06	2.18783	2e-06
4.504699e-06	2.18783	2e-06
4.508615e-06	2.18766	2e-06
4.508615e-06	2.18766	2e-06
4.512540e-06	2.18749	2e-06
4.516471e-06	2.18732	2e-06
4.520409e-06	2.18715	2e-06
4.524353e-06	2.18697	2e-06
4.524353e-06	2.18697	2e-06
4.528305e-06	2.1868	2e-06
4.528305e-06	2.1868	2e-06
4.532262e-06	2.18663	2e-06
4.532262e-06	2.18663	2e-06
4.536227e-06	2.18645	2e-06
4.536228e-06	2.18645	2e-06
4.540200e-06	2.18628	2e-06
4.544180e-06	2.1861	2e-06
4.548165e-06	2.18593	2e-06
4.552159e-06	2.18575	2e-06
4.552159e-06	2.18575	2e-06
4.556159e-06	2.18557	2e-06
4.560165e-06	2.1854	3e-06
4.564180e-06	2.18522	3e-06
4.568202e-06	2.18504	3e-06
4.572229e-06	2.18486	3e-06
4.572229e-06	2.18486	3e-06
4.576265e-06	2.18468	3e-06
4.576265e-06	2.18468	3e-06
4.580309e-06	2.1845	3e-06
4.580309e-06	2.1845	3e-06
4.584357e-06	2.18432	3e-06
4.588414e-06	2.18414	3e-06
4.588415e-06	2.18414	3e-06
4.592479e-06	2.18396	3e-06
4.592479e-06	2.18396	3e-06
4.596549e-06	2.18378	3e-06
4.596549e-06	2.18378	3e-06
4.600628e-06	2.1836	3e-06
4.600629e-06	2.1836	3e-06
4.604715e-06	2.18342	3e-06
4.604715e-06	2.18342	3e-06
4.608807e-06	2.18323	3e-06
4.608807e-06	2.18323	3e-06
4.612908e-06	2.18305	3e-06
4.617016e-06	2.18287	3e-06
4.621130e-06	2.18268	3e-06
4.625253e-06	2.18249	3e-06
4.629383e-06	2.18231	3e-06
4.629383e-06	2.18231	3e-06
4.633519e-06	2.18212	3e-06
4.633519e-06	2.18212	3e-06
4.637664e-06	2.18194	4e-06
4.641816e-06	2.18175	4e-06
4.641816e-06	2.18175	4e-06
4.645975e-06	2.18156	4e-06
4.645975e-06	2.18156	4e-06
4.650142e-06	2.18137	4e-06
4.650142e-06	2.18137	4e-06
4.654317e-06	2.18118	4e-06
4.654317e-06	2.18118	4e-06
4.658497e-06	2.18099	4e-06
4.662687e-06	2.1808	4e-06
4.666885e-06	2.18061	4e-06
4.666885e-06	2.18061	4e-06
4.671088e-06	2.18042	4e-06
4.675300e-06	2.18023	4e-06
4.675300e-06	2.18023	4e-06
4.679521e-06	2.18004	4e-06
4.679521e-06	2.18004	4e-06
4.683748e-06	2.17984	4e-06
4.683749e-06	2.17984	4e-06
4.687982e-06	2.17965	4e-06
4.692225e-06	2.17946	4e-06
4.692226e-06	2.17946	4e-06
4.696474e-06	2.17926	5e-06
4.700732e-06	2.17907	5e-06
4.700732e-06	2.17907	5e-06
4.704999e-06	2.17887	5e-06
4.709273e-06	2.17867	5e-06
4.713553e-06	2.17848	5e-06
4.713553e-06	2.17848	5e-06
4.717842e-06	2.17828	5e-06
4.722140e-06	2.17808	5e-06
4.726443e-06	2.17788	5e-06
4.730756e-06	2.17768	5e-06
4.730756e-06	2.17768	5e-06
4.735077e-06	2.17748	5e-06
4.739404e-06	2.17728	5e-06
4.743741e-06	2.17708	6e-06
4.743741e-06	2.17708	6e-06
4.748085e-06	2.17688	6e-06
4.748086e-06	2.17688	6e-06
4.752436e-06	2.17668	6e-06
4.756797e-06	2.17648	6e-06
4.761166e-06	2.17627	6e-06
4.761166e-06	2.17627	6e-06
4.765540e-06	2.17607	6e-06
4.769925e-06	2.17586	6e-06
4.774318e-06	2.17566	6e-06
4.778717e-06	2.17545	6e-06
4.778717e-06	2.17545	6e-06
4.783126e-06	2.17525	6e-06
4.787543e-06	2.17504	7e-06
4.787543e-06	2.17504	7e-06
4.791966e-06	2.17483	7e-06
4.791966e-06	2.17483	7e-06
4.796400e-06	2.17462	7e-06
4.800842e-06	2.17441	7e-06
4.800842e-06	2.17441	7e-06
4.805290e-06	2.1742	7e-06
4.809748e-06	2.17399	7e-06
4.814214e-06	2.17378	7e-06
4.814214e-06	2.17378	7e-06
4.818687e-06	2.17357	7e-06
4.823171e-06	2.17336	8e-06
4.827662e-06	2.17315	8e-06
4.832160e-06	2.17293	8e-06
4.832160e-06	2.17293	8e-06
4.836668e-06	2.17272	8e-06
4.841185e-06	2.1725	8e-06
4.841185e-06	2.1725	8e-06
4.845708e-06	2.17229	8e-06
4.850241e-06	2.17207	8e-06
4.854784e-06	2.17185	8e-06
4.854784e-06	2.17185	8e-06
4.859332e-06	2.17164	9e-06
4.863891e-06	2.17142	9e-06
4.863892e-06	2.17142	9e-06
4.868459e-06	2.1712	9e-06
4.873033e-06	2.17098	9e-06
4.873033e-06	2.17098	9e-06
4.877618e-06	2.17076	9e-06
4.882212e-06	2.17054	9e-06
4.886814e-06	2.17032	1e-05
4.891423e-06	2.1701	1e-05
4.896042e-06	2.16987	1e-05
4.900671e-06	2.16965	1e-05
4.905305e-06	2.16943	1e-05
4.905306e-06	2.16943	1e-05
4.909952e-06	2.1692	1e-05
4.909952e-06	2.1692	1e-05
4.914606e-06	2.16898	1.1e-05
4.914606e-06	2.16898	1.1e-05
4.919268e-06	2.16875	1.1e-05
4.919268e-06	2.16875	1.1e-05
4.923940e-06	2.16852	1.1e-05
4.928621e-06	2.1683	1.1e-05
4.933309e-06	2.16807	1.1e-05
4.938008e-06	2.16784	1.1e-05
4.938008e-06	2.16784	1.1e-05
4.942716e-06	2.16761	1.2e-05
4.942716e-06	2.16761	1.2e-05
4.947431e-06	2.16738	1.2e-05
4.947431e-06	2.16738	1.2e-05
4.952157e-06	2.16715	1.2e-05
4.956893e-06	2.16691	1.2e-05
4.956893e-06	2.16691	1.2e-05
4.961634e-06	2.16668	1.2e-05
4.966388e-06	2.16645	1.3e-05
4.971150e-06	2.16621	1.3e-05
4.975919e-06	2.16598	1.3e-05
4.980700e-06	2.16574	1.3e-05
4.980700e-06	2.16574	1.3e-05
4.985490e-06	2.16551	1.4e-05
4.990286e-06	2.16527	1.4e-05
4.995095e-06	2.16503	1.4e-05
4.999913e-06	2.16479	1.4e-05
4.999913e-06	2.16479	1.4e-05
5.004737e-06	2.16455	1.4e-05
5.009573e-06	2.16431	1.5e-05
5.014419e-06	2.16407	1.5e-05
5.019271e-06	2.16383	1.5e-05
5.019271e-06	2.16383	1.5e-05
5.024136e-06	2.16359	1.5e-05
5.029010e-06	2.16335	1.6e-05
5.029010e-06	2.16335	1.6e-05
5.033891e-06	2.1631	1.6e-05
5.033891e-06	2.1631	1.6e-05
5.038784e-06	2.16286	1.6e-05
5.038784e-06	2.16286	1.6e-05
5.043686e-06	2.16261	1.7e-05
5.048595e-06	2.16236	1.7e-05
5.048595e-06	2.16236	1.7e-05
5.053517e-06	2.16212	1.7e-05
5.053517e-06	2.16212	1.7e-05
5.058448e-06	2.16187	1.7e-05
5.058448e-06	2.16187	1.7e-05
5.063386e-06	2.16162	1.8e-05
5.068336e-06	2.16137	1.8e-05
5.068336e-06	2.16137	1.8e-05
5.073296e-06	2.16112	1.8e-05
5.073296e-06	2.16112	1.8e-05
5.078264e-06	2.16087	1.8e-05
5.078264e-06	2.16087	1.8e-05
5.083243e-06	2.16062	1.9e-05
5.088232e-06	2.16036	1.9e-05
5.088232e-06	2.16036	1.9e-05
5.093229e-06	2.16011	1.9e-05
5.098238e-06	2.15986	2e-05
5.103257e-06	2.1596	2e-05
5.108286e-06	2.15935	2e-05
5.108286e-06	2.15935	2e-05
5.113321e-06	2.15909	2.1e-05
5.118370e-06	2.15883	2.1e-05
5.123429e-06	2.15857	2.1e-05
5.128495e-06	2.15831	2.2e-05
5.128495e-06	2.15831	2.2e-05
5.133573e-06	2.15805	2.2e-05
5.138662e-06	2.15779	2.2e-05
5.138662e-06	2.15779	2.2e-05
5.143758e-06	2.15753	2.3e-05
5.148867e-06	2.15727	2.3e-05
5.148867e-06	2.15727	2.3e-05
5.153985e-06	2.157	2.3e-05
5.153986e-06	2.157	2.3e-05
5.159112e-06	2.15674	2.4e-05
5.164251e-06	2.15647	2.4e-05
5.164252e-06	2.15647	2.4e-05
5.169401e-06	2.1562	2.5e-05
5.174559e-06	2.15594	2.5e-05
5.174559e-06	2.15594	2.5e-05
5.179729e-06	2.15567	2.5e-05
5.184909e-06	2.1554	2.6e-05
5.190098e-06	2.15513	2.6e-05
5.190098e-06	2.15513	2.6e-05
5.195299e-06	2.15486	2.7e-05
5.195299e-06	2.15486	2.7e-05
5.200511e-06	2.15459	2.7e-05
5.205730e-06	2.15432	2.7e-05
5.205730e-06	2.15432	2.7e-05
5.210963e-06	2.15404	2.8e-05
5.210963e-06	2.15404	2.8e-05
5.216207e-06	2.15377	2.8e-05
5.216207e-06	2.15377	2.8e-05
5.221458e-06	2.15349	2.9e-05
5.226722e-06	2.15322	2.9e-05
5.226722e-06	2.15322	2.9e-05
5.231997e-06	2.15294	3e-05
5.237280e-06	2.15266	3e-05
5.242577e-06	2.15238	3.1e-05
5.242577e-06	2.15238	3.1e-05
5.247884e-06	2.1521	3.1e-05
5.253199e-06	2.15182	3.2e-05
5.258528e-06	2.15154	3.2e-05
5.258528e-06	2.15154	3.2e-05
5.263867e-06	2.15126	3.3e-05
5.269215e-06	2.15097	3.3e-05
5.274576e-06	2.15069	3.4e-05
5.274576e-06	2.15069	3.4e-05
5.279948e-06	2.1504	3.4e-05
5.285329e-06	2.15011	3.5e-05
5.285329e-06	2.15011	3.5e-05
5.290723e-06	2.14983	3.5e-05
5.290723e-06	2.14983	3.5e-05
5.296128e-06	2.14954	3.6e-05
5.301541e-06	2.14925	3.6e-05
5.306968e-06	2.14896	3.7e-05
5.306968e-06	2.14896	3.7e-05
5.312407e-06	2.14867	3.7e-05
5.312407e-06	2.14867	3.7e-05
5.317854e-06	2.14838	3.8e-05
5.317854e-06	2.14838	3.8e-05
5.323314e-06	2.14808	3.9e-05
5.328786e-06	2.14779	3.9e-05
5.334266e-06	2.14749	4e-05
5.334267e-06	2.14749	4e-05
5.339761e-06	2.14719	4e-05
5.345267e-06	2.1469	4.1e-05
5.345267e-06	2.1469	4.1e-05
5.350784e-06	2.1466	4.2e-05
5.356310e-06	2.1463	4.2e-05
5.356310e-06	2.1463	4.2e-05
5.361850e-06	2.146	4.3e-05
5.361850e-06	2.146	4.3e-05
5.367401e-06	2.14569	4.4e-05
5.372961e-06	2.14539	4.4e-05
5.372961e-06	2.14539	4.4e-05
5.378536e-06	2.14509	4.5e-05
5.384122e-06	2.14478	4.6e-05
5.389717e-06	2.14448	4.6e-05
5.389717e-06	2.14448	4.6e-05
5.395326e-06	2.14417	4.7e-05
5.400947e-06	2.14386	4.8e-05
5.400947e-06	2.14386	4.8e-05
5.406577e-06	2.14355	4.8e-05
5.412222e-06	2.14324	4.9e-05
5.417878e-06	2.14293	5e-05
5.423543e-06	2.14262	5.1e-05
5.423543e-06	2.14262	5.1e-05
5.429223e-06	2.1423	5.1e-05
5.429224e-06	2.1423	5.1e-05
5.434916e-06	2.14199	5.2e-05
5.434916e-06	2.14199	5.2e-05
5.440616e-06	2.14168	5.3e-05
5.446332e-06	2.14136	5.4e-05
5.446333e-06	2.14136	5.4e-05
5.452060e-06	2.14104	5.5e-05
5.457797e-06	2.14072	5.5e-05
5.457797e-06	2.14072	5.5e-05
5.463549e-06	2.1404	5.6e-05
5.463549e-06	2.1404	5.6e-05
5.469313e-06	2.14008	5.7e-05
5.469314e-06	2.14008	5.7e-05
5.475087e-06	2.13976	5.8e-05
5.480875e-06	2.13943	5.9e-05
5.480875e-06	2.13943	5.9e-05
5.486677e-06	2.13911	6e-05
5.492487e-06	2.13878	6.1e-05
5.492487e-06	2.13878	6.1e-05
5.498312e-06	2.13845	6.1e-05
5.504150e-06	2.13813	6.2e-05
5.509997e-06	2.1378	6.3e-05
5.515860e-06	2.13747	6.4e-05
5.515860e-06	2.13747	6.4e-05
5.521735e-06	2.13713	6.5e-05
5.521735e-06	2.13713	6.5e-05
5.527620e-06	2.1368	6.6e-05
5.527620e-06	2.1368	6.6e-05
5.533520e-06	2.13647	6.7e-05
5.539433e-06	2.13613	6.8e-05
5.545355e-06	2.13579	6.9e-05
5.551293e-06	2.13545	7e-05
5.551293e-06	2.13545	7e-05
5.557245e-06	2.13512	7.1e-05
5.557245e-06	2.13512	7.1e-05
5.563205e-06	2.13478	7.2e-05
5.569182e-06	2.13443	7.3e-05
5.569182e-06	2.13443	7.3e-05
5.575171e-06	2.13409	7.4e-05
5.581173e-06	2.13375	7.5e-05
5.587185e-06	2.1334	7.6e-05
5.593213e-06	2.13305	7.7e-05
5.593213e-06	2.13305	7.7e-05
5.599255e-06	2.13271	7.9e-05
5.605306e-06	2.13236	8e-05
5.611373e-06	2.13201	8.1e-05
5.617454e-06	2.13165	8.2e-05
5.617454e-06	2.13165	8.2e-05
5.623544e-06	2.1313	8.3e-05
5.629651e-06	2.13095	8.4e-05
5.635771e-06	2.13059	8.6e-05
5.635771e-06	2.13059	8.6e-05
5.641901e-06	2.13023	8.7e-05
5.641902e-06	2.13023	8.7e-05
5.648048e-06	2.12988	8.8e-05
5.648048e-06	2.12988	8.8e-05
5.654209e-06	2.12952	8.9e-05
5.660380e-06	2.12915	9.1e-05
5.666567e-06	2.12879	9.2e-05
5.666567e-06	2.12879	9.2e-05
5.672768e-06	2.12843	9.3e-05
5.672768e-06	2.12843	9.3e-05
5.678979e-06	2.12806	9.5e-05
5.678979e-06	2.12806	9.5e-05
5.685207e-06	2.1277	9.6e-05
5.685207e-06	2.1277	9.6e-05
5.691448e-06	2.12733	9.7e-05
5.697700e-06	2.12696	9.9e-05
5.703970e-06	2.12659	0.0001
5.710253e-06	2.12622	0.000101
5.716546e-06	2.12584	0.000103
5.722857e-06	2.12547	0.000104
5.729182e-06	2.12509	0.000106
5.729182e-06	2.12509	0.000106
5.735517e-06	2.12471	0.000107
5.735517e-06	2.12471	0.000107
5.741870e-06	2.12433	0.000109
5.741870e-06	2.12433	0.000109
5.748236e-06	2.12395	0.00011
5.748236e-06	2.12395	0.00011
5.754614e-06	2.12357	0.000112
5.761009e-06	2.12319	0.000113
5.767418e-06	2.1228	0.000115
5.767418e-06	2.1228	0.000115
5.773839e-06	2.12242	0.000117
5.780276e-06	2.12203	0.000118
5.780277e-06	2.12203	0.000118
5.786729e-06	2.12164	0.00012
5.793192e-06	2.12125	0.000121
5.799673e-06	2.12085	0.000123
5.799673e-06	2.12085	0.000123
5.806169e-06	2.12046	0.000125
5.812676e-06	2.12006	0.000127
5.819201e-06	2.11967	0.000128
5.819201e-06	2.11967	0.000128
5.825741e-06	2.11927	0.00013
5.825741e-06	2.11927	0.00013
5.832294e-06	2.11887	0.000132
5.832295e-06	2.11887	0.000132
5.838860e-06	2.11847	0.000134
5.845444e-06	2.11806	0.000136
5.852043e-06	2.11766	0.000137
5.858653e-06	2.11725	0.000139
5.865282e-06	2.11684	0.000141
5.865282e-06	2.11684	0.000141
5.871925e-06	2.11643	0.000143
5.878580e-06	2.11602	0.000145
5.878581e-06	2.11602	0.000145
5.885254e-06	2.11561	0.000147
5.891943e-06	2.11519	0.000149
5.898644e-06	2.11477	0.000151
5.898644e-06	2.11477	0.000151
5.905363e-06	2.11436	0.000153
5.912098e-06	2.11394	0.000155
5.912098e-06	2.11394	0.000155
5.918845e-06	2.11352	0.000157
5.925610e-06	2.11309	0.00016
5.925610e-06	2.11309	0.00016
5.932391e-06	2.11267	0.000162
5.939184e-06	2.11224	0.000164
5.945996e-06	2.11181	0.000166
5.952824e-06	2.11138	0.000169
5.959664e-06	2.11095	0.000171
5.959664e-06	2.11095	0.000171
5.966523e-06	2.11051	0.000173
5.973398e-06	2.11008	0.000176
5.980286e-06	2.10964	0.000178
5.980286e-06	2.10964	0.000178
5.987192e-06	2.1092	0.000181
5.994115e-06	2.10876	0.000183
6.001050e-06	2.10832	0.000186
6.008005e-06	2.10787	0.000188
6.014976e-06	2.10742	0.000191
6.021960e-06	2.10697	0.000194
6.028963e-06	2.10652	0.000197
6.028963e-06	2.10652	0.000197
6.035983e-06	2.10607	0.0002
6.043015e-06	2.10561	0.000203
6.043015e-06	2.10561	0.000203
6.050068e-06	2.10516	0.000206
6.057137e-06	2.1047	0.000209
6.064219e-06	2.10424	0.000213
6.064219e-06	2.10424	0.000213
6.071321e-06	2.10378	0.000216
6.078440e-06	2.10331	0.00022
6.085571e-06	2.10284	0.000224
6.092724e-06	2.10237	0.000228
6.099893e-06	2.1019	0.000232
6.107079e-06	2.10143	0.000236
6.114278e-06	2.10095	0.000241
6.121498e-06	2.10047	0.000246
6.121499e-06	2.10047	0.000246
6.128735e-06	2.09999	0.000251
6.135985e-06	2.09951	0.000256
6.135986e-06	2.09951	0.000256
6.143257e-06	2.09902	0.000262
6.150546e-06	2.09854	0.000268
6.157848e-06	2.09805	0.000274
6.157848e-06	2.09805	0.000274
6.165171e-06	2.09755	0.000281
6.172512e-06	2.09706	0.000289
6.172512e-06	2.09706	0.000289
6.179866e-06	2.09657	0.000296
6.187242e-06	2.09607	0.000304
6.194636e-06	2.09557	0.000313
6.202042e-06	2.09506	0.000323
6.202043e-06	2.09506	0.000323
6.209471e-06	2.09456	0.000333
6.209472e-06	2.09456	0.000333
6.216918e-06	2.09405	0.000343
6.216918e-06	2.09405	0.000343
6.224379e-06	2.09354	0.000355
6.231861e-06	2.09302	0.000367
6.231861e-06	2.09302	0.000367
6.239362e-06	2.09251	0.00038
6.239362e-06	2.09251	0.00038
6.246876e-06	2.09199	0.000393
6.246877e-06	2.09199	0.000393
6.254413e-06	2.09147	0.000408
6.261968e-06	2.09095	0.000424
6.261968e-06	2.09095	0.000424
6.269538e-06	2.09043	0.00044
6.269538e-06	2.09043	0.00044
6.277129e-06	2.0899	0.000458
6.284739e-06	2.08937	0.000476
6.292363e-06	2.08884	0.000496
6.292363e-06	2.08884	0.000496
6.300010e-06	2.08831	0.000517
6.307676e-06	2.08777	0.000539
6.307676e-06	2.08777	0.000539
6.315356e-06	2.08724	0.000562
6.323059e-06	2.0867	0.000586
6.330781e-06	2.08616	0.000612
6.338518e-06	2.08561	0.000639
6.338518e-06	2.08561	0.000639
6.346277e-06	2.08507	0.000667
6.354055e-06	2.08453	0.000696
6.354056e-06	2.08453	0.000696
6.361849e-06	2.08398	0.000726
6.361849e-06	2.08398	0.000726
6.369666e-06	2.08343	0.000758
6.377502e-06	2.08288	0.000791
6.377502e-06	2.08288	0.000791
6.385354e-06	2.08233	0.000825
6.385354e-06	2.08233	0.000825
6.393228e-06	2.08178	0.000861
6.401123e-06	2.08122	0.000897
6.401123e-06	2.08122	0.000897
6.409036e-06	2.08067	0.000935
6.416966e-06	2.08012	0.000973
6.424918e-06	2.07956	0.001012
6.424918e-06	2.07956	0.001012
6.432891e-06	2.079	0.001053
6.440879e-06	2.07845	0.001093
6.440879e-06	2.07845	0.001093
6.448892e-06	2.07789	0.001135
6.448892e-06	2.07789	0.001135
6.456924e-06	2.07733	0.001177
6.456924e-06	2.07733	0.001177
6.464972e-06	2.07677	0.001219
6.464972e-06	2.07677	0.001219
6.473045e-06	2.07621	0.001262
6.481137e-06	2.07565	0.001305
6.481138e-06	2.07565	0.001305
6.489246e-06	2.07509	0.001348
6.489247e-06	2.07509	0.001348
6.497380e-06	2.07453	0.001391
6.505533e-06	2.07397	0.001433
6.505533e-06	2.07397	0.001433
6.513703e-06	2.07341	0.001475
6.521898e-06	2.07285	0.001516
6.530113e-06	2.07229	0.001557
6.530113e-06	2.07229	0.001557
6.538345e-06	2.07172	0.001597
6.546602e-06	2.07116	0.001635
6.554880e-06	2.0706	0.001672
6.563174e-06	2.07003	0.001708
6.571494e-06	2.06947	0.001743
6.579835e-06	2.0689	0.001775
6.588192e-06	2.06834	0.001806
6.596576e-06	2.06777	0.001835
6.604979e-06	2.0672	0.001862
6.604980e-06	2.0672	0.001862
6.613402e-06	2.06663	0.001886
6.621850e-06	2.06606	0.001909
6.630319e-06	2.06548	0.001929
6.630320e-06	2.06548	0.001929
6.638805e-06	2.06491	0.001946
6.638806e-06	2.06491	0.001946
6.647319e-06	2.06433	0.001961
6.655853e-06	2.06375	0.001973
6.664405e-06	2.06317	0.001983
6.664405e-06	2.06317	0.001983
6.672983e-06	2.06258	0.00199
6.672984e-06	2.06258	0.00199
6.681584e-06	2.06199	0.001994
6.690203e-06	2.0614	0.001996
6.698848e-06	2.0608	0.001996
6.707516e-06	2.0602	0.001992
6.716201e-06	2.0596	0.001986
6.724913e-06	2.05899	0.001978
6.733647e-06	2.05838	0.001967
6.733648e-06	2.05838	0.001967
6.742401e-06	2.05776	0.001955
6.742402e-06	2.05776	0.001955
6.751183e-06	2.05714	0.00194
6.759986e-06	2.05652	0.001923
6.768808e-06	2.05589	0.001904
6.777658e-06	2.05525	0.001883
6.786530e-06	2.05461	0.001861
6.786530e-06	2.05461	0.001861
6.795427e-06	2.05397	0.001837
6.795427e-06	2.05397	0.001837
6.804341e-06	2.05332	0.001812
6.804341e-06	2.05332	0.001812
6.813284e-06	2.05266	0.001785
6.822250e-06	2.052	0.001758
6.831236e-06	2.05133	0.00173
6.840249e-06	2.05066	0.001701
6.849287e-06	2.04998	0.001672
6.858344e-06	2.04929	0.001642
6.867429e-06	2.0486	0.001612
6.876538e-06	2.04791	0.001583
6.885668e-06	2.04721	0.001553
6.894826e-06	2.0465	0.001523
6.904008e-06	2.04579	0.001494
6.913210e-06	2.04507	0.001466
6.922440e-06	2.04434	0.001438
6.922441e-06	2.04434	0.001438
6.931698e-06	2.04361	0.00141
6.940974e-06	2.04288	0.001384
6.950280e-06	2.04213	0.001359
6.959611e-06	2.04139	0.001334
6.968962e-06	2.04063	0.001311
6.978343e-06	2.03988	0.001289
6.987749e-06	2.03911	0.001269
6.997176e-06	2.03835	0.00125
7.006633e-06	2.03757	0.001232
7.016116e-06	2.03679	0.001216
7.016116e-06	2.03679	0.001216
7.025620e-06	2.03601	0.001201
7.025620e-06	2.03601	0.001201
7.035154e-06	2.03522	0.001188
7.044714e-06	2.03442	0.001177
7.054295e-06	2.03362	0.001167
7.063908e-06	2.03282	0.001159
7.073547e-06	2.03201	0.001153
7.083206e-06	2.03119	0.001148
7.092897e-06	2.03037	0.001146
7.102616e-06	2.02955	0.001145
7.112354e-06	2.02872	0.001146
7.112355e-06	2.02872	0.001146
7.122126e-06	2.02789	0.00115
7.122127e-06	2.02789	0.00115
7.131925e-06	2.02705	0.001155
7.141745e-06	2.0262	0.001163
7.151598e-06	2.02535	0.001172
7.161478e-06	2.0245	0.001184
7.171379e-06	2.02364	0.001198
7.181313e-06	2.02278	0.001215
7.191275e-06	2.02191	0.001234
7.201259e-06	2.02104	0.001256
7.211276e-06	2.02016	0.00128
7.211277e-06	2.02016	0.00128
7.221322e-06	2.01928	0.001307
7.231396e-06	2.0184	0.001337
7.241491e-06	2.01751	0.00137
7.241491e-06	2.01751	0.00137
7.251621e-06	2.01661	0.001406
7.261779e-06	2.01571	0.001445
7.271960e-06	2.01481	0.001487
7.282176e-06	2.0139	0.001533
7.292419e-06	2.01299	0.001582
7.292420e-06	2.01299	0.001582
7.302687e-06	2.01208	0.001634
7.312988e-06	2.01116	0.00169
7.323319e-06	2.01024	0.00175
7.323320e-06	2.01024	0.00175
7.333674e-06	2.00932	0.001812
7.344063e-06	2.00839	0.001879
7.354482e-06	2.00746	0.001949
7.364926e-06	2.00653	0.002023
7.375404e-06	2.0056	0.0021
7.385912e-06	2.00466	0.002181
7.396444e-06	2.00373	0.002265
7.396445e-06	2.00373	0.002265
7.407013e-06	2.00279	0.002352
7.407013e-06	2.00279	0.002352
7.417611e-06	2.00185	0.002442
7.428233e-06	2.00091	0.002535
7.428234e-06	2.00091	0.002535
7.438893e-06	1.99997	0.002631
7.449583e-06	1.99903	0.002729
7.460298e-06	1.99809	0.002829
7.460298e-06	1.99809	0.002829
7.471050e-06	1.99715	0.002931
7.481832e-06	1.99621	0.003035
7.492641e-06	1.99527	0.003139
7.503485e-06	1.99433	0.003245
7.514362e-06	1.99339	0.00335
7.525264e-06	1.99246	0.003455
7.536204e-06	1.99152	0.00356
7.547176e-06	1.99059	0.003664
7.558173e-06	1.98965	0.003766
7.558173e-06	1.98965	0.003766
7.569209e-06	1.98872	0.003866
7.580277e-06	1.98779	0.003963
7.591372e-06	1.98686	0.004057
7.602505e-06	1.98592	0.004148
7.613670e-06	1.98499	0.004235
7.624862e-06	1.98406	0.004317
7.624863e-06	1.98406	0.004317
7.636095e-06	1.98313	0.004394
7.636095e-06	1.98313	0.004394
7.647358e-06	1.98219	0.004466
7.647359e-06	1.98219	0.004466
7.658651e-06	1.98126	0.004532
7.669982e-06	1.98032	0.004592
7.681347e-06	1.97938	0.004646
7.692740e-06	1.97844	0.004693
7.704172e-06	1.97749	0.004734
7.715638e-06	1.97654	0.004767
7.727134e-06	1.97558	0.004794
7.727134e-06	1.97558	0.004794
7.738668e-06	1.97462	0.004813
7.750237e-06	1.97365	0.004825
7.750238e-06	1.97365	0.004825
7.761842e-06	1.97268	0.004829
7.773475e-06	1.9717	0.004827
7.785147e-06	1.97071	0.004818
7.785148e-06	1.97071	0.004818
7.796858e-06	1.96971	0.004802
7.808595e-06	1.9687	0.004779
7.820375e-06	1.96768	0.00475
7.832190e-06	1.96666	0.004716
7.844035e-06	1.96562	0.004675
7.855923e-06	1.96457	0.00463
7.867845e-06	1.96351	0.00458
7.879798e-06	1.96244	0.004525
7.879798e-06	1.96244	0.004525
7.891794e-06	1.96136	0.004466
7.903827e-06	1.96026	0.004405
7.903827e-06	1.96026	0.004405
7.915889e-06	1.95915	0.00434
7.927995e-06	1.95803	0.004273
7.927995e-06	1.95803	0.004273
7.940138e-06	1.95689	0.004203
7.940138e-06	1.95689	0.004203
7.952312e-06	1.95575	0.004133
7.964529e-06	1.95459	0.004061
7.976784e-06	1.95341	0.003989
7.989071e-06	1.95222	0.003917
8.001401e-06	1.95102	0.003845
8.001402e-06	1.95102	0.003845
8.013771e-06	1.94981	0.003774
8.026172e-06	1.94859	0.003705
8.038617e-06	1.94735	0.003636
8.051103e-06	1.94609	0.00357
8.063619e-06	1.94483	0.003506
8.076181e-06	1.94356	0.003444
8.088783e-06	1.94227	0.003385
8.101416e-06	1.94097	0.003329
8.101417e-06	1.94097	0.003329
8.114097e-06	1.93966	0.003275
8.126817e-06	1.93834	0.003225
8.139571e-06	1.93701	0.003178
8.152371e-06	1.93567	0.003135
8.165212e-06	1.93432	0.003095
8.178086e-06	1.93295	0.003058
8.191008e-06	1.93158	0.003025
8.203971e-06	1.9302	0.002995
8.216967e-06	1.92881	0.002969
8.230013e-06	1.92741	0.002946
8.230014e-06	1.92741	0.002946
8.243100e-06	1.92599	0.002926
8.256221e-06	1.92457	0.00291
8.269391e-06	1.92315	0.002896
8.282603e-06	1.92171	0.002885
8.295850e-06	1.92026	0.002878
8.309146e-06	1.91881	0.002872
8.322486e-06	1.91734	0.00287
8.335869e-06	1.91587	0.00287
8.349287e-06	1.91439	0.002872
8.349288e-06	1.91439	0.002872
8.362756e-06	1.9129	0.002877
8.376269e-06	1.9114	0.002883
8.389818e-06	1.90989	0.002892
8.403418e-06	1.90838	0.002902
8.417062e-06	1.90685	0.002914
8.430744e-06	1.90532	0.002927
8.444477e-06	1.90377	0.002942
8.444478e-06	1.90377	0.002942
8.458255e-06	1.90222	0.002959
8.472070e-06	1.90066	0.002976
8.485939e-06	1.89909	0.002995
8.499853e-06	1.89751	0.003015
8.513805e-06	1.89592	0.003036
8.527811e-06	1.89433	0.003057
8.541861e-06	1.89272	0.00308
8.555952e-06	1.8911	0.003103
8.570097e-06	1.88947	0.003127
8.584287e-06	1.88783	0.003152
8.584288e-06	1.88783	0.003152
8.598519e-06	1.88619	0.003177
8.612805e-06	1.88453	0.003203
8.627137e-06	1.88286	0.00323
8.627138e-06	1.88286	0.00323
8.641511e-06	1.88118	0.003257
8.655939e-06	1.87949	0.003284
8.670417e-06	1.87778	0.003312
8.684936e-06	1.87607	0.00334
8.699510e-06	1.87435	0.003369
8.714134e-06	1.87261	0.003398
8.714135e-06	1.87261	0.003398
8.728799e-06	1.87087	0.003427
8.743521e-06	1.86911	0.003457
8.758293e-06	1.86733	0.003487
8.773107e-06	1.86555	0.003517
8.787979e-06	1.86376	0.003548
8.802902e-06	1.86195	0.003579
8.817868e-06	1.86013	0.00361
8.832893e-06	1.8583	0.003642
8.847968e-06	1.85645	0.003674
8.863088e-06	1.8546	0.003706
8.878266e-06	1.85272	0.003739
8.878267e-06	1.85272	0.003739
8.893498e-06	1.85084	0.003772
8.908772e-06	1.84894	0.003805
8.908773e-06	1.84894	0.003805
8.924109e-06	1.84703	0.003838
8.939498e-06	1.8451	0.003872
8.954940e-06	1.84316	0.003906
8.970428e-06	1.84121	0.003941
8.985978e-06	1.83924	0.003976
9.001580e-06	1.83726	0.004011
9.017229e-06	1.83527	0.004046
9.017230e-06	1.83527	0.004046
9.032942e-06	1.83325	0.004082
9.048709e-06	1.83123	0.004118
9.064522e-06	1.82919	0.004154
9.064523e-06	1.82919	0.004154
9.080400e-06	1.82713	0.004191
9.096334e-06	1.82506	0.004228
9.112314e-06	1.82297	0.004266
9.128360e-06	1.82086	0.004304
9.144463e-06	1.81874	0.004342
9.160613e-06	1.81661	0.004381
9.176829e-06	1.81445	0.00442
9.193104e-06	1.81228	0.004459
9.209426e-06	1.8101	0.004499
9.225815e-06	1.80789	0.00454
9.242264e-06	1.80567	0.00458
9.258762e-06	1.80343	0.004622
9.275328e-06	1.80118	0.004663
9.291953e-06	1.7989	0.004706
9.308630e-06	1.79661	0.004748
9.325374e-06	1.7943	0.004791
9.342180e-06	1.79197	0.004835
9.359037e-06	1.78962	0.004879
9.375964e-06	1.78725	0.004924
9.392952e-06	1.78486	0.00497
9.409994e-06	1.78245	0.005015
9.427104e-06	1.78003	0.005062
9.427105e-06	1.78003	0.005062
9.444279e-06	1.77758	0.005109
9.461508e-06	1.77511	0.005157
9.478808e-06	1.77262	0.005205
9.496171e-06	1.77011	0.005254
9.513589e-06	1.76758	0.005304
9.531080e-06	1.76503	0.005355
9.548636e-06	1.76246	0.005406
9.566247e-06	1.75986	0.005458
9.583933e-06	1.75724	0.005511
9.601684e-06	1.7546	0.005564
9.601685e-06	1.7546	0.005564
9.619501e-06	1.75193	0.005619
9.637374e-06	1.74924	0.005674
9.655324e-06	1.74653	0.00573
9.673341e-06	1.74379	0.005787
9.691416e-06	1.74104	0.005845
9.709567e-06	1.73825	0.005904
9.727787e-06	1.73544	0.005964
9.746065e-06	1.7326	0.006025
9.746066e-06	1.7326	0.006025
9.764423e-06	1.72974	0.006087
9.764424e-06	1.72974	0.006087
9.782850e-06	1.72686	0.00615
9.801337e-06	1.72394	0.006215
9.819903e-06	1.721	0.00628
9.838540e-06	1.71803	0.006347
9.857237e-06	1.71504	0.006415
9.857238e-06	1.71504	0.006415
9.876016e-06	1.71201	0.006485
9.876017e-06	1.71201	0.006485
9.894867e-06	1.70896	0.006556
9.913779e-06	1.70588	0.006628
9.932775e-06	1.70277	0.006702
9.951843e-06	1.69963	0.006778
9.970975e-06	1.69646	0.006855
9.990189e-06	1.69325	0.006933
1.000948e-05	1.68977	0.023864
1.002883e-05	1.68659	0.023951
1.004827e-05	1.68338	0.024041
1.006779e-05	1.68014	0.024133
1.008737e-05	1.67687	0.024228
1.010703e-05	1.67358	0.024325
1.012678e-05	1.67025	0.024425
1.014659e-05	1.66689	0.024527
1.016649e-05	1.6635	0.024633
1.018646e-05	1.66008	0.024741
1.020651e-05	1.65663	0.024852
1.022664e-05	1.65314	0.024966
1.024686e-05	1.64962	0.025083
1.026714e-05	1.64607	0.025204
1.028752e-05	1.64249	0.025327
1.030797e-05	1.63887	0.025454
1.032850e-05	1.63521	0.025585
1.034912e-05	1.63152	0.025718
1.036982e-05	1.6278	0.025856
1.039059e-05	1.62404	0.025997
1.041146e-05	1.62024	0.026142
1.043241e-05	1.61641	0.02629
1.045345e-05	1.61253	0.026443
1.047456e-05	1.60862	0.0266
1.049577e-05	1.60467	0.02676
1.051706e-05	1.60068	0.026926
1.053843e-05	1.59665	0.027095
1.055990e-05	1.59258	0.027269
1.058145e-05	1.58847	0.027448
1.060308e-05	1.58431	0.027631
1.062481e-05	1.58012	0.027819
1.064663e-05	1.57587	0.028012
1.066853e-05	1.57159	0.028211
1.069053e-05	1.56726	0.028414
1.071262e-05	1.56289	0.028623
1.073480e-05	1.55846	0.028838
1.075707e-05	1.554	0.029058
1.077944e-05	1.54948	0.029285
1.080189e-05	1.54492	0.029517
1.082444e-05	1.5403	0.029755
1.084709e-05	1.53564	0.03
1.086983e-05	1.53092	0.030252
1.089267e-05	1.52615	0.03051
1.091560e-05	1.52133	0.030775
1.093862e-05	1.51646	0.031048
1.096175e-05	1.51153	0.031327
1.098498e-05	1.50655	0.031615
1.100829e-05	1.50151	0.03191
1.103172e-05	1.49641	0.032213
1.105525e-05	1.49125	0.032525
1.107886e-05	1.48603	0.032845
1.110259e-05	1.48076	0.033174
1.112642e-05	1.47541	0.033512
1.115033e-05	1.47001	0.033859
1.117437e-05	1.46455	0.034216
1.119851e-05	1.45901	0.034583
1.122274e-05	1.45341	0.03496
1.124709e-05	1.44775	0.035348
1.127154e-05	1.44201	0.035747
1.129609e-05	1.4362	0.036156
1.132076e-05	1.43032	0.036578
1.134554e-05	1.42437	0.037012
1.137041e-05	1.41834	0.037458
1.139540e-05	1.41224	0.037917
1.142051e-05	1.40605	0.03839
1.144572e-05	1.39979	0.038876
1.147103e-05	1.39345	0.039376
1.149647e-05	1.38702	0.039891
1.152203e-05	1.3805	0.040422
1.154768e-05	1.3739	0.040968
1.157346e-05	1.36722	0.04153
1.159935e-05	1.36044	0.04211
1.162535e-05	1.35357	0.042707
1.165148e-05	1.3466	0.043323
1.167773e-05	1.33953	0.043957
1.170408e-05	1.33237	0.044611
1.173056e-05	1.3251	0.045285
1.175717e-05	1.31774	0.045981
1.178388e-05	1.31026	0.046699
1.181073e-05	1.30268	0.04744
1.183770e-05	1.29498	0.048205
1.186478e-05	1.28717	0.048994
1.189199e-05	1.27924	0.04981
1.191933e-05	1.27119	0.050652
1.194679e-05	1.26302	0.051523
1.197438e-05	1.25471	0.052423
1.200211e-05	1.24628	0.053354
1.202995e-05	1.23772	0.054316
1.205793e-05	1.22902	0.055313
1.208604e-05	1.22017	0.056345
1.211427e-05	1.21118	0.057413
1.214264e-05	1.20204	0.05852
1.217115e-05	1.19275	0.059668
1.219978e-05	1.1833	0.060857
1.222856e-05	1.17368	0.062092
1.225747e-05	1.16389	0.063373
1.228651e-05	1.15394	0.064703
1.231570e-05	1.1438	0.066086
1.234502e-05	1.13348	0.067524
1.237448e-05	1.12297	0.069019
1.240408e-05	1.11225	0.070576
1.243384e-05	1.10133	0.072197
1.246371e-05	1.09021	0.073887
1.249375e-05	1.07886	0.07565
1.252394e-05	1.06729	0.07749
1.255427e-05	1.05548	0.079413
1.258473e-05	1.04343	0.081422
1.261535e-05	1.03113	0.083526
1.264613e-05	1.01856	0.08573
1.267704e-05	1.00572	0.088039
1.270811e-05	0.992589	0.090465
1.273934e-05	0.979164	0.093014
1.277071e-05	0.965437	0.095695
1.280225e-05	0.951381	0.098521
1.283394e-05	0.936988	0.101502
1.286577e-05	0.922252	0.10465
1.289778e-05	0.907141	0.107983
1.292995e-05	0.891645	0.111516
1.296227e-05	0.875754	0.115265
1.299476e-05	0.859434	0.119255
1.302742e-05	0.842671	0.123509
1.306022e-05	0.825453	0.128052
1.309320e-05	0.807741	0.132919
1.312636e-05	0.789518	0.138145
1.315966e-05	0.77077	0.143769
1.319315e-05	0.751453	0.149844
1.322681e-05	0.731552	0.156425
1.326063e-05	0.711054	0.163573
1.329464e-05	0.689916	0.171373
1.332882e-05	0.668132	0.17991
1.336316e-05	0.645704	0.189287
1.339770e-05	0.622609	0.199633
1.343241e-05	0.598878	0.211088
1.346729e-05	0.574569	0.223803
1.350237e-05	0.549735	0.23797
1.353762e-05	0.524521	0.253769
1.357305e-05	0.499128	0.271375
1.360868e-05	0.47379	0.290963
1.364450e-05	0.448853	0.312623
1.368049e-05	0.42471	0.336347
1.371669e-05	0.401733	0.362044
1.375308e-05	0.380288	0.38946
1.378964e-05	0.360645	0.418243
1.382642e-05	0.342922	0.448032
1.386340e-05	0.327144	0.478434
1.390055e-05	0.313236	0.509099
1.393792e-05	0.301039	0.539795
1.397550e-05	0.290387	0.570313
1.401328e-05	0.2811	0.600522
1.405124e-05	0.273013	0.630324
1.408943e-05	0.265963	0.659706
1.412783e-05	0.259821	0.68863
1.416641e-05	0.25447	0.717082
1.420523e-05	0.249808	0.745099
1.424426e-05	0.245753	0.772684
1.428349e-05	0.242235	0.799843
1.432296e-05	0.23919	0.826628
1.436264e-05	0.236568	0.853048
1.440252e-05	0.234328	0.879116
1.444264e-05	0.23243	0.904881
1.448299e-05	0.230843	0.930355
1.452355e-05	0.229542	0.955545
1.456435e-05	0.228501	0.9805
1.460538e-05	0.227702	1.00523
1.464663e-05	0.227127	1.02973
1.468813e-05	0.226762	1.05406
1.472986e-05	0.226593	1.07821
1.477181e-05	0.22661	1.1022
1.481403e-05	0.226803	1.12606
1.485648e-05	0.227165	1.14979
1.489915e-05	0.227687	1.17339
1.494210e-05	0.228365	1.19691
1.498529e-05	0.229194	1.22034
1.502871e-05	0.230168	1.24369
1.507241e-05	0.231285	1.26699
1.511636e-05	0.232542	1.29024
1.516054e-05	0.233937	1.31344
1.520501e-05	0.235469	1.33662
1.524974e-05	0.237137	1.35979
1.529471e-05	0.238938	1.38294
1.533996e-05	0.240876	1.4061
1.538549e-05	0.242949	1.42927
1.543127e-05	0.245157	1.45246
1.547734e-05	0.247504	1.47569
1.552368e-05	0.249991	1.49896
1.557028e-05	0.252618	1.52227
1.561719e-05	0.255391	1.54566
1.566438e-05	0.258312	1.56911
1.571183e-05	0.261382	1.59263
1.575960e-05	0.264609	1.61625
1.580765e-05	0.267995	1.63997
1.585598e-05	0.271543	1.66379
1.590462e-05	0.275263	1.68773
1.595357e-05	0.279159	1.71181
1.600279e-05	0.283234	1.736
1.605234e-05	0.287502	1.76036
1.610221e-05	0.291966	1.78488
1.615237e-05	0.296636	1.80956
1.620283e-05	0.301518	1.83442
1.625363e-05	0.306627	1.85947
1.630475e-05	0.311972	1.88473
1.635617e-05	0.317561	1.91019
1.640794e-05	0.323413	1.93589
1.646004e-05	0.329539	1.96184
1.651244e-05	0.335951	1.98802
1.656521e-05	0.342671	2.01448
1.661831e-05	0.349715	2.04122
1.667172e-05	0.357097	2.06825
1.672551e-05	0.364846	2.0956
1.677965e-05	0.372983	2.12327
1.683411e-05	0.381526	2.15128
1.688895e-05	0.390514	2.17967
1.694415e-05	0.399971	2.20843
1.699969e-05	0.409926	2.23758
1.705562e-05	0.420425	2.26716
1.711192e-05	0.431504	2.29718
1.716856e-05	0.443199	2.32764
1.722561e-05	0.455573	2.3586
1.728304e-05	0.468672	2.39006
1.734082e-05	0.482549	2.42204
1.739902e-05	0.497286	2.45458
1.745761e-05	0.512947	2.48769
1.751657e-05	0.529607	2.52139
1.757596e-05	0.547375	2.55573
1.763575e-05	0.566345	2.59071
1.769592e-05	0.58662	2.62633
1.775653e-05	0.608351	2.66266
1.781756e-05	0.631674	2.6997
1.787898e-05	0.656738	2.73742
1.794086e-05	0.683754	2.77588
1.800316e-05	0.71292	2.81506
1.806587e-05	0.744457	2.85491
1.812905e-05	0.778665	2.89545
1.819267e-05	0.815833	2.9366
1.825670e-05	0.856287	2.97826
1.832123e-05	0.90046	3.02035
1.838621e-05	0.948775	3.06268
1.845161e-05	1.0017	3.10498
1.851752e-05	1.05985	3.14698
1.858391e-05	1.12381	3.18822
1.865077e-05	1.19425	3.2281
1.871807e-05	1.27186	3.26585
1.878590e-05	1.35744	3.30047
1.885423e-05	1.45166	3.33066
1.892302e-05	1.55509	3.35472
1.899234e-05	1.66825	3.3706
1.906218e-05	1.79113	3.37574
1.913249e-05	1.92314	3.36715
1.920337e-05	2.06306	3.34149
1.927477e-05	2.20833	3.29531
1.934666e-05	2.35507	3.22547
1.941913e-05	2.49824	3.12963
1.949215e-05	2.63141	3.00705
1.956568e-05	2.74768	2.8592
1.963981e-05	2.84075	2.68963
1.971450e-05	2.90557	2.50419
1.978971e-05	2.93939	2.31006
1.986555e-05	2.94193	2.11426
1.994197e-05	2.91505	1.92338
2.001894e-05	2.86213	1.74252
2.009654e-05	2.78718	1.57488
2.017475e-05	2.69433	1.42244
2.025354e-05	2.58736	1.28591
2.033297e-05	2.46921	1.16499
2.041304e-05	2.34228	1.05909
2.049369e-05	2.20826	0.967372
2.057503e-05	2.06801	0.88888
2.065702e-05	1.92197	0.822956
2.073962e-05	1.77007	0.769259
2.082292e-05	1.61149	0.727914
2.090690e-05	1.44517	0.70001
2.099151e-05	1.26984	0.688075
2.107686e-05	1.08433	0.697102
2.116290e-05	0.890685	0.73575
2.124961e-05	0.699477	0.814404
2.133707e-05	0.53204	0.933677
2.142525e-05	0.404515	1.07515
2.151412e-05	0.314149	1.21817
2.160378e-05	0.250339	1.35325
2.169419e-05	0.20441	1.47808
2.178531e-05	0.170671	1.59309
2.187724e-05	0.145482	1.69957
2.196996e-05	0.126534	1.79867
2.206346e-05	0.112268	1.89147
2.215772e-05	0.10161	1.97883
2.225283e-05	0.093779	2.0616
2.234877e-05	0.088217	2.14037
2.244548e-05	0.084502	2.21563
2.254309e-05	0.082307	2.28792
2.264154e-05	0.081384	2.35757
2.274081e-05	0.081537	2.42487
2.284101e-05	0.082608	2.49018
2.294209e-05	0.084473	2.55372
2.304402e-05	0.08703	2.61566
2.314692e-05	0.090198	2.67625
2.325073e-05	0.09391	2.73565
2.335543e-05	0.09811	2.79395
2.346113e-05	0.102755	2.85137
2.356779e-05	0.107809	2.90798
2.367536e-05	0.113237	2.96388
2.378398e-05	0.119023	3.01921
2.389361e-05	0.125142	3.07405
2.400419e-05	0.131578	3.12845
2.411585e-05	0.138324	3.18254
2.422856e-05	0.145368	3.23636
2.434227e-05	0.152701	3.28996
2.445711e-05	0.160327	3.34346
2.457304e-05	0.168239	3.39689
2.469002e-05	0.176434	3.45027
2.480817e-05	0.184922	3.50371
2.492746e-05	0.193703	3.55725
2.504784e-05	0.202776	3.6109
2.516945e-05	0.212157	3.66476
2.529225e-05	0.221849	3.71885
2.541619e-05	0.231857	3.77319
2.554141e-05	0.2422	3.82788
2.566788e-05	0.252886	3.88294
2.579554e-05	0.26392	3.93837
2.592454e-05	0.27533	3.99428
2.605483e-05	0.287124	4.05068
2.618637e-05	0.299313	4.10758
2.631932e-05	0.311928	4.16509
2.645363e-05	0.324983	4.22321
2.658931e-05	0.338498	4.28198
2.672632e-05	0.352489	4.34143
2.686482e-05	0.366996	4.40164
2.700477e-05	0.382037	4.46264
2.714610e-05	0.397634	4.52444
2.728900e-05	0.413833	4.58715
2.743341e-05	0.430658	4.65078
2.757929e-05	0.448137	4.71534
2.772679e-05	0.466324	4.78095
2.787588e-05	0.485253	4.84763
2.802651e-05	0.504956	4.91539
2.817886e-05	0.525502	4.98436
2.833287e-05	0.546932	5.05455
2.848849e-05	0.569289	5.12599
2.864591e-05	0.592656	5.19881
2.880508e-05	0.617085	5.27302
2.896594e-05	0.642633	5.34867
2.912870e-05	0.669401	5.42587
2.929330e-05	0.697459	5.50468
2.945968e-05	0.726879	5.58511
2.962805e-05	0.757788	5.66731
2.979835e-05	0.790275	5.75132
2.997054e-05	0.824436	5.83718
3.014482e-05	0.860432	5.92505
3.032113e-05	0.89838	6.01496
3.049943e-05	0.938407	6.10696
3.067993e-05	0.980717	6.20122
3.086258e-05	1.02547	6.29779
3.104732e-05	1.07283	6.3967
3.123438e-05	1.12306	6.49814
3.142371e-05	1.17637	6.60215
3.161526e-05	1.233	6.70878
3.180925e-05	1.29328	6.8182
3.200563e-05	1.3575	6.93045
3.220436e-05	1.42598	7.04555
3.240567e-05	1.49916	7.16369
3.260951e-05	1.57744	7.28486
3.281583e-05	1.66124	7.40904
3.302488e-05	1.75116	7.53638
3.323662e-05	1.84773	7.66681
3.345097e-05	1.95155	7.80023
3.366822e-05	2.0634	7.93668
3.388831e-05	2.18402	8.07596
3.411118e-05	2.31418	8.21777
3.433712e-05	2.45495	8.36198
3.456607e-05	2.60728	8.50808
3.479810e-05	2.77226	8.65553
3.503314e-05	2.951	8.80353
3.527150e-05	3.14492	8.9513
3.551313e-05	3.35525	9.0976
3.575796e-05	3.58321	9.24085
3.600632e-05	3.83035	9.37939
3.625816e-05	4.09782	9.5109
3.651341e-05	4.38652	9.63261
3.677241e-05	4.69755	9.74147
3.703512e-05	5.03114	9.83369
3.730146e-05	5.38683	9.90504
3.757181e-05	5.76391	9.95101
3.784610e-05	6.1601	9.96666
3.812429e-05	6.57184	9.94717
3.840673e-05	6.99488	9.88801
3.869340e-05	7.42294	9.78546
3.898423e-05	7.84853	9.63713
3.927961e-05	8.26396	9.44213
3.957951e-05	8.66051	9.20181
3.988386e-05	9.02986	8.91975
