Wavelength(m)	n	k
# material: CaF2
# source: Material_data set, optprop_CaF2.m
# model: Brendel-Bormann oscillators, sampled onto this grid
# type: model
# range: 1.5000e-07 - 1.0000e-04 m
# converted: 2026-08-03 by tools/convert_matlab_optprop.py
1.500000e-07	1.35692	4.9531e-08
1.502441e-07	1.35691	4.97839e-08
1.504886e-07	1.35691	5.00382e-08
1.507335e-07	1.3569	5.02939e-08
1.509788e-07	1.3569	5.05509e-08
1.512245e-07	1.3569	5.08092e-08
1.514705e-07	1.35689	5.10689e-08
1.517170e-07	1.35689	5.13299e-08
1.519639e-07	1.35688	5.15924e-08
1.522112e-07	1.35688	5.18562e-08
1.524589e-07	1.35687	5.21214e-08
1.527070e-07	1.35687	5.2388e-08
1.529555e-07	1.35687	5.2656e-08
1.532044e-07	1.35686	5.29254e-08
1.534537e-07	1.35686	5.31962e-08
1.537034e-07	1.35685	5.34685e-08
1.539536e-07	1.35685	5.37422e-08
1.542041e-07	1.35684	5.40173e-08
1.544550e-07	1.35684	5.42939e-08
1.547064e-07	1.35683	5.45719e-08
1.549581e-07	1.35683	5.48514e-08
1.552103e-07	1.35683	5.51324e-08
1.554629e-07	1.35682	5.54149e-08
1.557158e-07	1.35682	5.56988e-08
1.559692e-07	1.35681	5.59843e-08
1.562230e-07	1.35681	5.62712e-08
1.564773e-07	1.3568	5.65597e-08
1.567319e-07	1.3568	5.68497e-08
1.569870e-07	1.35679	5.71412e-08
1.572424e-07	1.35679	5.74343e-08
1.574983e-07	1.35678	5.77289e-08
1.577546e-07	1.35678	5.80251e-08
1.580113e-07	1.35677	5.83229e-08
1.582684e-07	1.35677	5.86222e-08
1.585260e-07	1.35677	5.89231e-08
1.587840e-07	1.35676	5.92256e-08
1.590424e-07	1.35676	5.95297e-08
1.593012e-07	1.35675	5.98354e-08
1.595604e-07	1.35675	6.01428e-08
1.598200e-07	1.35674	6.04517e-08
1.600801e-07	1.35674	6.07623e-08
1.603406e-07	1.35673	6.10746e-08
1.606015e-07	1.35673	6.13885e-08
1.608629e-07	1.35672	6.1704e-08
1.611247e-07	1.35672	6.20213e-08
1.613869e-07	1.35671	6.23402e-08
1.616495e-07	1.35671	6.26608e-08
1.619125e-07	1.3567	6.29832e-08
1.621760e-07	1.3567	6.33072e-08
1.624399e-07	1.35669	6.3633e-08
1.627043e-07	1.35669	6.39604e-08
1.629690e-07	1.35668	6.42897e-08
1.632342e-07	1.35668	6.46207e-08
1.634999e-07	1.35667	6.49534e-08
1.637659e-07	1.35667	6.52879e-08
1.640324e-07	1.35666	6.56242e-08
1.642994e-07	1.35666	6.59623e-08
1.645667e-07	1.35665	6.63022e-08
1.648345e-07	1.35665	6.66439e-08
1.651028e-07	1.35664	6.69874e-08
1.653714e-07	1.35664	6.73327e-08
1.656405e-07	1.35663	6.76799e-08
1.659101e-07	1.35663	6.8029e-08
1.661801e-07	1.35662	6.83799e-08
1.664505e-07	1.35662	6.87326e-08
1.667214e-07	1.35661	6.90873e-08
1.669927e-07	1.3566	6.94438e-08
1.672644e-07	1.3566	6.98023e-08
1.675366e-07	1.35659	7.01627e-08
1.678092e-07	1.35659	7.05249e-08
1.680823e-07	1.35658	7.08892e-08
1.683558e-07	1.35658	7.12554e-08
1.686298e-07	1.35657	7.16235e-08
1.689042e-07	1.35657	7.19936e-08
1.691791e-07	1.35656	7.23657e-08
1.694544e-07	1.35656	7.27398e-08
1.697301e-07	1.35655	7.31158e-08
1.700063e-07	1.35655	7.34939e-08
1.702830e-07	1.35654	7.3874e-08
1.705601e-07	1.35653	7.42562e-08
1.708376e-07	1.35653	7.46404e-08
1.711156e-07	1.35652	7.50267e-08
1.713941e-07	1.35652	7.5415e-08
1.716730e-07	1.35651	7.58054e-08
1.719524e-07	1.35651	7.61979e-08
1.722322e-07	1.3565	7.65926e-08
1.725125e-07	1.3565	7.69893e-08
1.727932e-07	1.35649	7.73882e-08
1.730744e-07	1.35648	7.77892e-08
1.733560e-07	1.35648	7.81924e-08
1.736381e-07	1.35647	7.85977e-08
1.739207e-07	1.35647	7.90052e-08
1.742037e-07	1.35646	7.94149e-08
1.744872e-07	1.35646	7.98268e-08
1.747711e-07	1.35645	8.0241e-08
1.750555e-07	1.35644	8.06573e-08
1.753404e-07	1.35644	8.1076e-08
1.756257e-07	1.35643	8.14968e-08
1.759115e-07	1.35643	8.19199e-08
1.761978e-07	1.35642	8.23454e-08
1.764845e-07	1.35641	8.27731e-08
1.767717e-07	1.35641	8.32031e-08
1.770594e-07	1.3564	8.36354e-08
1.773475e-07	1.3564	8.40701e-08
1.776361e-07	1.35639	8.45071e-08
1.779252e-07	1.35638	8.49465e-08
1.782147e-07	1.35638	8.53882e-08
1.785047e-07	1.35637	8.58324e-08
1.787952e-07	1.35637	8.62789e-08
1.790862e-07	1.35636	8.67279e-08
1.793776e-07	1.35635	8.71793e-08
1.796695e-07	1.35635	8.76331e-08
1.799619e-07	1.35634	8.80894e-08
1.802547e-07	1.35633	8.85481e-08
1.805480e-07	1.35633	8.90094e-08
1.808418e-07	1.35632	8.94731e-08
1.811361e-07	1.35632	8.99394e-08
1.814309e-07	1.35631	9.04082e-08
1.817261e-07	1.3563	9.08795e-08
1.820219e-07	1.3563	9.13534e-08
1.823181e-07	1.35629	9.18298e-08
1.826148e-07	1.35628	9.23089e-08
1.829119e-07	1.35628	9.27905e-08
1.832096e-07	1.35627	9.32748e-08
1.835077e-07	1.35626	9.37617e-08
1.838063e-07	1.35626	9.42513e-08
1.841054e-07	1.35625	9.47435e-08
1.844050e-07	1.35624	9.52384e-08
1.847051e-07	1.35624	9.57359e-08
1.850057e-07	1.35623	9.62362e-08
1.853068e-07	1.35622	9.67392e-08
1.856083e-07	1.35622	9.7245e-08
1.859103e-07	1.35621	9.77535e-08
1.862129e-07	1.3562	9.82648e-08
1.865159e-07	1.3562	9.87789e-08
1.868194e-07	1.35619	9.92958e-08
1.871234e-07	1.35618	9.98155e-08
1.874279e-07	1.35618	1.00338e-07
1.877329e-07	1.35617	1.00863e-07
1.880384e-07	1.35616	1.01392e-07
1.883444e-07	1.35616	1.01923e-07
1.886509e-07	1.35615	1.02457e-07
1.889579e-07	1.35614	1.02994e-07
1.892654e-07	1.35614	1.03534e-07
1.895734e-07	1.35613	1.04077e-07
1.898819e-07	1.35612	1.04623e-07
1.901909e-07	1.35612	1.05171e-07
1.905004e-07	1.35611	1.05723e-07
1.908104e-07	1.3561	1.06278e-07
1.911209e-07	1.35609	1.06836e-07
1.914319e-07	1.35609	1.07397e-07
1.917434e-07	1.35608	1.07961e-07
1.920554e-07	1.35607	1.08528e-07
1.923680e-07	1.35607	1.09099e-07
1.926810e-07	1.35606	1.09672e-07
1.929946e-07	1.35605	1.10249e-07
1.933086e-07	1.35604	1.10828e-07
1.936232e-07	1.35604	1.11411e-07
1.939383e-07	1.35603	1.11997e-07
1.942539e-07	1.35602	1.12587e-07
1.945700e-07	1.35601	1.13179e-07
1.948866e-07	1.35601	1.13775e-07
1.952038e-07	1.356	1.14374e-07
1.955214e-07	1.35599	1.14977e-07
1.958396e-07	1.35598	1.15582e-07
1.961583e-07	1.35598	1.16192e-07
1.964775e-07	1.35597	1.16804e-07
1.967972e-07	1.35596	1.1742e-07
1.971175e-07	1.35595	1.18039e-07
1.974382e-07	1.35595	1.18662e-07
1.977595e-07	1.35594	1.19288e-07
1.980813e-07	1.35593	1.19918e-07
1.984037e-07	1.35592	1.20551e-07
1.987265e-07	1.35592	1.21187e-07
1.990499e-07	1.35591	1.21827e-07
1.993738e-07	1.3559	1.22471e-07
1.996983e-07	1.35589	1.23118e-07
2.000232e-07	1.35588	1.23769e-07
2.003487e-07	1.35588	1.24424e-07
2.006748e-07	1.35587	1.25082e-07
2.010013e-07	1.35586	1.25743e-07
2.013284e-07	1.35585	1.26409e-07
2.016560e-07	1.35585	1.27078e-07
2.019842e-07	1.35584	1.27751e-07
2.023129e-07	1.35583	1.28427e-07
2.026421e-07	1.35582	1.29107e-07
2.029719e-07	1.35581	1.29792e-07
2.033022e-07	1.3558	1.30479e-07
2.036330e-07	1.3558	1.31171e-07
2.039644e-07	1.35579	1.31867e-07
2.042963e-07	1.35578	1.32566e-07
2.046287e-07	1.35577	1.3327e-07
2.049617e-07	1.35576	1.33977e-07
2.052953e-07	1.35576	1.34688e-07
2.056293e-07	1.35575	1.35403e-07
2.059640e-07	1.35574	1.36123e-07
2.062991e-07	1.35573	1.36846e-07
2.066348e-07	1.35572	1.37573e-07
2.069711e-07	1.35571	1.38304e-07
2.073079e-07	1.3557	1.3904e-07
2.076453e-07	1.3557	1.39779e-07
2.079832e-07	1.35569	1.40523e-07
2.083216e-07	1.35568	1.41271e-07
2.086606e-07	1.35567	1.42023e-07
2.090002e-07	1.35566	1.42779e-07
2.093403e-07	1.35565	1.4354e-07
2.096809e-07	1.35564	1.44305e-07
2.100221e-07	1.35564	1.45074e-07
2.103639e-07	1.35563	1.45847e-07
2.107062e-07	1.35562	1.46625e-07
2.110491e-07	1.35561	1.47407e-07
2.113926e-07	1.3556	1.48193e-07
2.117366e-07	1.35559	1.48984e-07
2.120811e-07	1.35558	1.4978e-07
2.124262e-07	1.35557	1.5058e-07
2.127719e-07	1.35556	1.51384e-07
2.131182e-07	1.35556	1.52193e-07
2.134650e-07	1.35555	1.53007e-07
2.138123e-07	1.35554	1.53825e-07
2.141603e-07	1.35553	1.54647e-07
2.145088e-07	1.35552	1.55475e-07
2.148579e-07	1.35551	1.56307e-07
2.152075e-07	1.3555	1.57143e-07
2.155577e-07	1.35549	1.57985e-07
2.159085e-07	1.35548	1.58831e-07
2.162598e-07	1.35547	1.59682e-07
2.166117e-07	1.35546	1.60538e-07
2.169642e-07	1.35545	1.61399e-07
2.173173e-07	1.35544	1.62264e-07
2.176709e-07	1.35543	1.63135e-07
2.180252e-07	1.35542	1.6401e-07
2.183800e-07	1.35542	1.64891e-07
2.187353e-07	1.35541	1.65776e-07
2.190913e-07	1.3554	1.66666e-07
2.194478e-07	1.35539	1.67562e-07
2.198049e-07	1.35538	1.68463e-07
2.201626e-07	1.35537	1.69368e-07
2.205209e-07	1.35536	1.70279e-07
2.208797e-07	1.35535	1.71195e-07
2.212392e-07	1.35534	1.72117e-07
2.215992e-07	1.35533	1.73043e-07
2.219598e-07	1.35532	1.73975e-07
2.223210e-07	1.35531	1.74912e-07
2.226828e-07	1.3553	1.75855e-07
2.230451e-07	1.35529	1.76803e-07
2.234081e-07	1.35528	1.77756e-07
2.237717e-07	1.35527	1.78715e-07
2.241358e-07	1.35526	1.79679e-07
2.245005e-07	1.35525	1.80649e-07
2.248659e-07	1.35524	1.81624e-07
2.252318e-07	1.35523	1.82605e-07
2.255983e-07	1.35522	1.83592e-07
2.259654e-07	1.35521	1.84584e-07
2.263331e-07	1.3552	1.85582e-07
2.267015e-07	1.35518	1.86585e-07
2.270704e-07	1.35517	1.87595e-07
2.274399e-07	1.35516	1.8861e-07
2.278100e-07	1.35515	1.89631e-07
2.281807e-07	1.35514	1.90658e-07
2.285520e-07	1.35513	1.91691e-07
2.289239e-07	1.35512	1.9273e-07
2.292965e-07	1.35511	1.93775e-07
2.296696e-07	1.3551	1.94825e-07
2.300434e-07	1.35509	1.95882e-07
2.304177e-07	1.35508	1.96945e-07
2.307927e-07	1.35507	1.98015e-07
2.311682e-07	1.35506	1.9909e-07
2.315444e-07	1.35505	2.00171e-07
2.319212e-07	1.35503	2.01259e-07
2.322986e-07	1.35502	2.02353e-07
2.326766e-07	1.35501	2.03454e-07
2.330553e-07	1.355	2.04561e-07
2.334345e-07	1.35499	2.05674e-07
2.338144e-07	1.35498	2.06794e-07
2.341949e-07	1.35497	2.0792e-07
2.345760e-07	1.35496	2.09053e-07
2.349577e-07	1.35494	2.10192e-07
2.353400e-07	1.35493	2.11338e-07
2.357230e-07	1.35492	2.12491e-07
2.361066e-07	1.35491	2.1365e-07
2.364908e-07	1.3549	2.14816e-07
2.368757e-07	1.35489	2.15989e-07
2.372611e-07	1.35488	2.17169e-07
2.376472e-07	1.35486	2.18355e-07
2.380340e-07	1.35485	2.19549e-07
2.384213e-07	1.35484	2.2075e-07
2.388093e-07	1.35483	2.21957e-07
2.391979e-07	1.35482	2.23172e-07
2.395872e-07	1.35481	2.24394e-07
2.399770e-07	1.35479	2.25622e-07
2.403676e-07	1.35478	2.26859e-07
2.407587e-07	1.35477	2.28102e-07
2.411505e-07	1.35476	2.29353e-07
2.415429e-07	1.35474	2.30611e-07
2.419360e-07	1.35473	2.31876e-07
2.423297e-07	1.35472	2.33149e-07
2.427240e-07	1.35471	2.34429e-07
2.431190e-07	1.3547	2.35717e-07
2.435146e-07	1.35468	2.37012e-07
2.439109e-07	1.35467	2.38315e-07
2.443078e-07	1.35466	2.39626e-07
2.447054e-07	1.35465	2.40945e-07
2.451036e-07	1.35463	2.42271e-07
2.455025e-07	1.35462	2.43605e-07
2.459020e-07	1.35461	2.44947e-07
2.463021e-07	1.3546	2.46297e-07
2.467029e-07	1.35458	2.47655e-07
2.471044e-07	1.35457	2.49021e-07
2.475065e-07	1.35456	2.50395e-07
2.479093e-07	1.35454	2.51777e-07
2.483127e-07	1.35453	2.53167e-07
2.487168e-07	1.35452	2.54566e-07
2.491215e-07	1.35451	2.55973e-07
2.495269e-07	1.35449	2.57388e-07
2.499330e-07	1.35448	2.58812e-07
2.503397e-07	1.35447	2.60244e-07
2.507471e-07	1.35445	2.61685e-07
2.511551e-07	1.35444	2.63134e-07
2.515638e-07	1.35443	2.64592e-07
2.519732e-07	1.35441	2.66058e-07
2.523832e-07	1.3544	2.67534e-07
2.527939e-07	1.35439	2.69018e-07
2.532053e-07	1.35437	2.70511e-07
2.536173e-07	1.35436	2.72013e-07
2.540300e-07	1.35435	2.73524e-07
2.544434e-07	1.35433	2.75044e-07
2.548575e-07	1.35432	2.76573e-07
2.552722e-07	1.3543	2.78111e-07
2.556876e-07	1.35429	2.79659e-07
2.561037e-07	1.35428	2.81216e-07
2.565204e-07	1.35426	2.82782e-07
2.569379e-07	1.35425	2.84358e-07
2.573560e-07	1.35423	2.85943e-07
2.577748e-07	1.35422	2.87537e-07
2.581943e-07	1.35421	2.89141e-07
2.586144e-07	1.35419	2.90755e-07
2.590353e-07	1.35418	2.92379e-07
2.594568e-07	1.35416	2.94012e-07
2.598790e-07	1.35415	2.95656e-07
2.603019e-07	1.35413	2.97309e-07
2.607255e-07	1.35412	2.98972e-07
2.611498e-07	1.35411	3.00646e-07
2.615748e-07	1.35409	3.02329e-07
2.620004e-07	1.35408	3.04023e-07
2.624268e-07	1.35406	3.05727e-07
2.628538e-07	1.35405	3.07441e-07
2.632816e-07	1.35403	3.09166e-07
2.637100e-07	1.35402	3.10901e-07
2.641391e-07	1.354	3.12646e-07
2.645690e-07	1.35399	3.14403e-07
2.649995e-07	1.35397	3.1617e-07
2.654307e-07	1.35396	3.17948e-07
2.658627e-07	1.35394	3.19736e-07
2.662953e-07	1.35393	3.21536e-07
2.667287e-07	1.35391	3.23346e-07
2.671627e-07	1.35389	3.25168e-07
2.675975e-07	1.35388	3.27001e-07
2.680329e-07	1.35386	3.28845e-07
2.684691e-07	1.35385	3.307e-07
2.689060e-07	1.35383	3.32567e-07
2.693436e-07	1.35382	3.34445e-07
2.697819e-07	1.3538	3.36335e-07
2.702209e-07	1.35378	3.38236e-07
2.706606e-07	1.35377	3.40149e-07
2.711011e-07	1.35375	3.42074e-07
2.715422e-07	1.35374	3.4401e-07
2.719841e-07	1.35372	3.45959e-07
2.724267e-07	1.3537	3.47919e-07
2.728700e-07	1.35369	3.49892e-07
2.733141e-07	1.35367	3.51877e-07
2.737588e-07	1.35366	3.53874e-07
2.742043e-07	1.35364	3.55884e-07
2.746505e-07	1.35362	3.57905e-07
2.750975e-07	1.35361	3.5994e-07
2.755451e-07	1.35359	3.61987e-07
2.759935e-07	1.35357	3.64047e-07
2.764427e-07	1.35356	3.66119e-07
2.768925e-07	1.35354	3.68205e-07
2.773431e-07	1.35352	3.70303e-07
2.777944e-07	1.35351	3.72415e-07
2.782465e-07	1.35349	3.74539e-07
2.786993e-07	1.35347	3.76677e-07
2.791528e-07	1.35345	3.78828e-07
2.796071e-07	1.35344	3.80993e-07
2.800621e-07	1.35342	3.83171e-07
2.805178e-07	1.3534	3.85363e-07
2.809743e-07	1.35338	3.87568e-07
2.814315e-07	1.35337	3.89788e-07
2.818895e-07	1.35335	3.92021e-07
2.823482e-07	1.35333	3.94268e-07
2.828077e-07	1.35331	3.96529e-07
2.832679e-07	1.3533	3.98805e-07
2.837289e-07	1.35328	4.01095e-07
2.841906e-07	1.35326	4.03399e-07
2.846530e-07	1.35324	4.05718e-07
2.851163e-07	1.35322	4.08051e-07
2.855802e-07	1.35321	4.104e-07
2.860450e-07	1.35319	4.12763e-07
2.865104e-07	1.35317	4.15141e-07
2.869767e-07	1.35315	4.17533e-07
2.874437e-07	1.35313	4.19942e-07
2.879114e-07	1.35311	4.22365e-07
2.883799e-07	1.3531	4.24804e-07
2.888492e-07	1.35308	4.27258e-07
2.893193e-07	1.35306	4.29728e-07
2.897901e-07	1.35304	4.32213e-07
2.902617e-07	1.35302	4.34715e-07
2.907340e-07	1.353	4.37232e-07
2.912071e-07	1.35298	4.39765e-07
2.916810e-07	1.35296	4.42315e-07
2.921556e-07	1.35294	4.4488e-07
2.926311e-07	1.35292	4.47462e-07
2.931073e-07	1.3529	4.50061e-07
2.935842e-07	1.35288	4.52676e-07
2.940620e-07	1.35287	4.55308e-07
2.945405e-07	1.35285	4.57957e-07
2.950198e-07	1.35283	4.60623e-07
2.954999e-07	1.35281	4.63306e-07
2.959808e-07	1.35279	4.66007e-07
2.964624e-07	1.35277	4.68724e-07
2.969449e-07	1.35275	4.7146e-07
2.974281e-07	1.35273	4.74212e-07
2.979121e-07	1.35271	4.76983e-07
2.983969e-07	1.35268	4.79771e-07
2.988825e-07	1.35266	4.82578e-07
2.993688e-07	1.35264	4.85403e-07
2.998560e-07	1.35262	4.88246e-07
3.003440e-07	1.3526	4.91107e-07
3.008327e-07	1.35258	4.93987e-07
3.013223e-07	1.35256	4.96886e-07
3.018126e-07	1.35254	4.99803e-07
3.023037e-07	1.35252	5.0274e-07
3.027957e-07	1.3525	5.05695e-07
3.032884e-07	1.35248	5.0867e-07
3.037820e-07	1.35246	5.11664e-07
3.042763e-07	1.35243	5.14678e-07
3.047715e-07	1.35241	5.17712e-07
3.052674e-07	1.35239	5.20765e-07
3.057642e-07	1.35237	5.23838e-07
3.062617e-07	1.35235	5.26932e-07
3.067601e-07	1.35233	5.30046e-07
3.072593e-07	1.3523	5.3318e-07
3.077593e-07	1.35228	5.36335e-07
3.082601e-07	1.35226	5.39511e-07
3.087618e-07	1.35224	5.42707e-07
3.092642e-07	1.35221	5.45925e-07
3.097675e-07	1.35219	5.49164e-07
3.102716e-07	1.35217	5.52424e-07
3.107765e-07	1.35215	5.55706e-07
3.112822e-07	1.35212	5.59009e-07
3.117887e-07	1.3521	5.62335e-07
3.122961e-07	1.35208	5.65682e-07
3.128043e-07	1.35206	5.69052e-07
3.133133e-07	1.35203	5.72444e-07
3.138232e-07	1.35201	5.75859e-07
3.143339e-07	1.35199	5.79296e-07
3.148454e-07	1.35196	5.82756e-07
3.153578e-07	1.35194	5.8624e-07
3.158709e-07	1.35192	5.89746e-07
3.163850e-07	1.35189	5.93276e-07
3.168998e-07	1.35187	5.9683e-07
3.174155e-07	1.35184	6.00408e-07
3.179320e-07	1.35182	6.04009e-07
3.184494e-07	1.3518	6.07635e-07
3.189676e-07	1.35177	6.11285e-07
3.194867e-07	1.35175	6.14959e-07
3.200066e-07	1.35172	6.18659e-07
3.205273e-07	1.3517	6.22383e-07
3.210489e-07	1.35167	6.26132e-07
3.215714e-07	1.35165	6.29907e-07
3.220946e-07	1.35162	6.33707e-07
3.226188e-07	1.3516	6.37533e-07
3.231438e-07	1.35157	6.41385e-07
3.236696e-07	1.35155	6.45263e-07
3.241964e-07	1.35152	6.49168e-07
3.247239e-07	1.3515	6.53099e-07
3.252523e-07	1.35147	6.57056e-07
3.257816e-07	1.35145	6.61041e-07
3.263118e-07	1.35142	6.65053e-07
3.268428e-07	1.35139	6.69092e-07
3.273746e-07	1.35137	6.73158e-07
3.279074e-07	1.35134	6.77253e-07
3.284410e-07	1.35132	6.81376e-07
3.289755e-07	1.35129	6.85527e-07
3.295108e-07	1.35126	6.89706e-07
3.300470e-07	1.35124	6.93914e-07
3.305841e-07	1.35121	6.98151e-07
3.311221e-07	1.35118	7.02417e-07
3.316609e-07	1.35116	7.06713e-07
3.322006e-07	1.35113	7.11038e-07
3.327412e-07	1.3511	7.15394e-07
3.332827e-07	1.35107	7.19779e-07
3.338250e-07	1.35105	7.24195e-07
3.343683e-07	1.35102	7.28641e-07
3.349124e-07	1.35099	7.33118e-07
3.354574e-07	1.35096	7.37626e-07
3.360033e-07	1.35094	7.42166e-07
3.365501e-07	1.35091	7.46737e-07
3.370977e-07	1.35088	7.51341e-07
3.376463e-07	1.35085	7.55976e-07
3.381957e-07	1.35082	7.60644e-07
3.387461e-07	1.35079	7.65344e-07
3.392973e-07	1.35077	7.70077e-07
3.398495e-07	1.35074	7.74844e-07
3.404025e-07	1.35071	7.79644e-07
3.409564e-07	1.35068	7.84477e-07
3.415113e-07	1.35065	7.89345e-07
3.420670e-07	1.35062	7.94247e-07
3.426237e-07	1.35059	7.99184e-07
3.431812e-07	1.35056	8.04155e-07
3.437397e-07	1.35053	8.09162e-07
3.442990e-07	1.3505	8.14204e-07
3.448593e-07	1.35047	8.19282e-07
3.454205e-07	1.35044	8.24396e-07
3.459826e-07	1.35041	8.29546e-07
3.465456e-07	1.35038	8.34733e-07
3.471096e-07	1.35035	8.39957e-07
3.476744e-07	1.35032	8.45218e-07
3.482402e-07	1.35029	8.50517e-07
3.488069e-07	1.35026	8.55854e-07
3.493745e-07	1.35023	8.61228e-07
3.499430e-07	1.35019	8.66642e-07
3.505125e-07	1.35016	8.72094e-07
3.510829e-07	1.35013	8.77585e-07
3.516542e-07	1.3501	8.83116e-07
3.522264e-07	1.35007	8.88687e-07
3.527996e-07	1.35004	8.94298e-07
3.533737e-07	1.35	8.9995e-07
3.539488e-07	1.34997	9.05642e-07
3.545248e-07	1.34994	9.11376e-07
3.551017e-07	1.34991	9.17151e-07
3.556795e-07	1.34987	9.22968e-07
3.562583e-07	1.34984	9.28827e-07
3.568381e-07	1.34981	9.34729e-07
3.574188e-07	1.34977	9.40674e-07
3.580004e-07	1.34974	9.46663e-07
3.585830e-07	1.34971	9.52695e-07
3.591665e-07	1.34967	9.58771e-07
3.597510e-07	1.34964	9.64892e-07
3.603364e-07	1.34961	9.71058e-07
3.609228e-07	1.34957	9.77269e-07
3.615101e-07	1.34954	9.83526e-07
3.620984e-07	1.3495	9.89829e-07
3.626876e-07	1.34947	9.96178e-07
3.632778e-07	1.34943	1.00257e-06
3.638690e-07	1.3494	1.00902e-06
3.644611e-07	1.34936	1.01551e-06
3.650542e-07	1.34933	1.02205e-06
3.656483e-07	1.34929	1.02864e-06
3.662433e-07	1.34926	1.03527e-06
3.668393e-07	1.34922	1.04196e-06
3.674362e-07	1.34918	1.0487e-06
3.680341e-07	1.34915	1.05548e-06
3.686330e-07	1.34911	1.06232e-06
3.692329e-07	1.34908	1.06921e-06
3.698338e-07	1.34904	1.07615e-06
3.704356e-07	1.349	1.08314e-06
3.710384e-07	1.34896	1.09019e-06
3.716422e-07	1.34893	1.09729e-06
3.722470e-07	1.34889	1.10444e-06
3.728527e-07	1.34885	1.11164e-06
3.734595e-07	1.34881	1.1189e-06
3.740672e-07	1.34878	1.12622e-06
3.746759e-07	1.34874	1.13359e-06
3.752857e-07	1.3487	1.14101e-06
3.758964e-07	1.34866	1.1485e-06
3.765081e-07	1.34862	1.15604e-06
3.771207e-07	1.34858	1.16364e-06
3.777344e-07	1.34854	1.17129e-06
3.783491e-07	1.3485	1.179e-06
3.789648e-07	1.34846	1.18678e-06
3.795815e-07	1.34843	1.19461e-06
3.801992e-07	1.34839	1.2025e-06
3.808179e-07	1.34835	1.21046e-06
3.814376e-07	1.3483	1.21847e-06
3.820583e-07	1.34826	1.22655e-06
3.826800e-07	1.34822	1.23469e-06
3.833028e-07	1.34818	1.24289e-06
3.839265e-07	1.34814	1.25116e-06
3.845513e-07	1.3481	1.25949e-06
3.851771e-07	1.34806	1.26788e-06
3.858039e-07	1.34802	1.27635e-06
3.864317e-07	1.34797	1.28487e-06
3.870605e-07	1.34793	1.29347e-06
3.876904e-07	1.34789	1.30213e-06
3.883213e-07	1.34785	1.31085e-06
3.889532e-07	1.3478	1.31965e-06
3.895861e-07	1.34776	1.32852e-06
3.902201e-07	1.34772	1.33745e-06
3.908551e-07	1.34767	1.34646e-06
3.914912e-07	1.34763	1.35554e-06
3.921282e-07	1.34759	1.36469e-06
3.927663e-07	1.34754	1.37391e-06
3.934055e-07	1.3475	1.38321e-06
3.940457e-07	1.34745	1.39257e-06
3.946869e-07	1.34741	1.40202e-06
3.953292e-07	1.34736	1.41154e-06
3.959725e-07	1.34732	1.42113e-06
3.966169e-07	1.34727	1.43081e-06
3.972623e-07	1.34723	1.44055e-06
3.979088e-07	1.34718	1.45038e-06
3.985563e-07	1.34714	1.46029e-06
3.992048e-07	1.34709	1.47028e-06
3.998545e-07	1.34704	1.48034e-06
4.005052e-07	1.347	1.49049e-06
4.011569e-07	1.34695	1.50072e-06
4.018097e-07	1.3469	1.51104e-06
4.024636e-07	1.34685	1.52144e-06
4.031185e-07	1.3468	1.53192e-06
4.037745e-07	1.34676	1.54249e-06
4.044316e-07	1.34671	1.55314e-06
4.050897e-07	1.34666	1.56388e-06
4.057489e-07	1.34661	1.57471e-06
4.064092e-07	1.34656	1.58563e-06
4.070705e-07	1.34651	1.59664e-06
4.077329e-07	1.34646	1.60774e-06
4.083964e-07	1.34641	1.61893e-06
4.090610e-07	1.34636	1.63021e-06
4.097267e-07	1.34631	1.64158e-06
4.103934e-07	1.34626	1.65305e-06
4.110613e-07	1.34621	1.66462e-06
4.117302e-07	1.34616	1.67628e-06
4.124002e-07	1.34611	1.68804e-06
4.130713e-07	1.34605	1.6999e-06
4.137435e-07	1.346	1.71186e-06
4.144168e-07	1.34595	1.72391e-06
4.150912e-07	1.3459	1.73607e-06
4.157666e-07	1.34584	1.74833e-06
4.164432e-07	1.34579	1.7607e-06
4.171209e-07	1.34574	1.77317e-06
4.177997e-07	1.34568	1.78574e-06
4.184796e-07	1.34563	1.79842e-06
4.191606e-07	1.34557	1.81121e-06
4.198427e-07	1.34552	1.8241e-06
4.205259e-07	1.34546	1.83711e-06
4.212102e-07	1.34541	1.85023e-06
4.218956e-07	1.34535	1.86346e-06
4.225822e-07	1.3453	1.8768e-06
4.232699e-07	1.34524	1.89026e-06
4.239586e-07	1.34518	1.90384e-06
4.246485e-07	1.34513	1.91753e-06
4.253396e-07	1.34507	1.93134e-06
4.260317e-07	1.34501	1.94526e-06
4.267250e-07	1.34495	1.95931e-06
4.274194e-07	1.3449	1.97349e-06
4.281150e-07	1.34484	1.98778e-06
4.288116e-07	1.34478	2.0022e-06
4.295094e-07	1.34472	2.01675e-06
4.302084e-07	1.34466	2.03142e-06
4.309085e-07	1.3446	2.04622e-06
4.316097e-07	1.34454	2.06115e-06
4.323120e-07	1.34448	2.07622e-06
4.330155e-07	1.34442	2.09141e-06
4.337202e-07	1.34436	2.10674e-06
4.344260e-07	1.3443	2.12221e-06
4.351329e-07	1.34423	2.13781e-06
4.358410e-07	1.34417	2.15355e-06
4.365503e-07	1.34411	2.16944e-06
4.372607e-07	1.34405	2.18546e-06
4.379722e-07	1.34398	2.20163e-06
4.386849e-07	1.34392	2.21794e-06
4.393988e-07	1.34386	2.2344e-06
4.401138e-07	1.34379	2.25101e-06
4.408300e-07	1.34373	2.26777e-06
4.415474e-07	1.34366	2.28468e-06
4.422659e-07	1.3436	2.30174e-06
4.429856e-07	1.34353	2.31896e-06
4.437065e-07	1.34346	2.33633e-06
4.444285e-07	1.3434	2.35386e-06
4.451518e-07	1.34333	2.37156e-06
4.458762e-07	1.34326	2.38941e-06
4.466017e-07	1.34319	2.40743e-06
4.473285e-07	1.34313	2.42562e-06
4.480564e-07	1.34306	2.44397e-06
4.487856e-07	1.34299	2.46249e-06
4.495159e-07	1.34292	2.48118e-06
4.502474e-07	1.34285	2.50005e-06
4.509800e-07	1.34278	2.51909e-06
4.517139e-07	1.34271	2.53831e-06
4.524490e-07	1.34264	2.55771e-06
4.531853e-07	1.34256	2.57729e-06
4.539227e-07	1.34249	2.59705e-06
4.546614e-07	1.34242	2.617e-06
4.554013e-07	1.34235	2.63714e-06
4.561424e-07	1.34227	2.65747e-06
4.568846e-07	1.3422	2.67799e-06
4.576281e-07	1.34213	2.69871e-06
4.583728e-07	1.34205	2.71962e-06
4.591187e-07	1.34198	2.74073e-06
4.598659e-07	1.3419	2.76205e-06
4.606142e-07	1.34182	2.78356e-06
4.613638e-07	1.34175	2.80529e-06
4.621145e-07	1.34167	2.82722e-06
4.628665e-07	1.34159	2.84936e-06
4.636198e-07	1.34151	2.87172e-06
4.643742e-07	1.34144	2.8943e-06
4.651299e-07	1.34136	2.91709e-06
4.658868e-07	1.34128	2.94011e-06
4.666449e-07	1.3412	2.96335e-06
4.674043e-07	1.34112	2.98682e-06
4.681649e-07	1.34104	3.01052e-06
4.689268e-07	1.34096	3.03445e-06
4.696898e-07	1.34087	3.05861e-06
4.704542e-07	1.34079	3.08302e-06
4.712197e-07	1.34071	3.10767e-06
4.719866e-07	1.34062	3.13256e-06
4.727546e-07	1.34054	3.1577e-06
4.735239e-07	1.34046	3.18309e-06
4.742945e-07	1.34037	3.20873e-06
4.750663e-07	1.34028	3.23464e-06
4.758394e-07	1.3402	3.2608e-06
4.766137e-07	1.34011	3.28722e-06
4.773893e-07	1.34002	3.31391e-06
4.781662e-07	1.33994	3.34088e-06
4.789443e-07	1.33985	3.36811e-06
4.797237e-07	1.33976	3.39563e-06
4.805044e-07	1.33967	3.42342e-06
4.812863e-07	1.33958	3.4515e-06
4.820695e-07	1.33949	3.47986e-06
4.828539e-07	1.3394	3.50852e-06
4.836397e-07	1.3393	3.53748e-06
4.844267e-07	1.33921	3.56673e-06
4.852150e-07	1.33912	3.59628e-06
4.860046e-07	1.33903	3.62615e-06
4.867955e-07	1.33893	3.65632e-06
4.875877e-07	1.33884	3.68681e-06
4.883811e-07	1.33874	3.71762e-06
4.891759e-07	1.33864	3.74875e-06
4.899719e-07	1.33855	3.78021e-06
4.907692e-07	1.33845	3.81201e-06
4.915679e-07	1.33835	3.84414e-06
4.923678e-07	1.33825	3.87661e-06
4.931690e-07	1.33815	3.90942e-06
4.939716e-07	1.33805	3.94259e-06
4.947754e-07	1.33795	3.97611e-06
4.955805e-07	1.33785	4.01e-06
4.963870e-07	1.33775	4.04424e-06
4.971948e-07	1.33764	4.07886e-06
4.980039e-07	1.33754	4.11385e-06
4.988143e-07	1.33743	4.14922e-06
4.996260e-07	1.33733	4.18498e-06
5.004390e-07	1.33722	4.22113e-06
5.012534e-07	1.33712	4.25767e-06
5.020691e-07	1.33701	4.29462e-06
5.028861e-07	1.3369	4.33197e-06
5.037044e-07	1.33679	4.36974e-06
5.045241e-07	1.33668	4.40792e-06
5.053451e-07	1.33657	4.44653e-06
5.061675e-07	1.33646	4.48557e-06
5.069912e-07	1.33635	4.52505e-06
5.078162e-07	1.33624	4.56496e-06
5.086426e-07	1.33612	4.60533e-06
5.094703e-07	1.33601	4.64615e-06
5.102993e-07	1.33589	4.68744e-06
5.111298e-07	1.33578	4.72919e-06
5.119615e-07	1.33566	4.77142e-06
5.127946e-07	1.33554	4.81414e-06
5.136291e-07	1.33542	4.85734e-06
5.144649e-07	1.3353	4.90104e-06
5.153021e-07	1.33518	4.94524e-06
5.161407e-07	1.33506	4.98995e-06
5.169806e-07	1.33494	5.03518e-06
5.178219e-07	1.33481	5.08094e-06
5.186645e-07	1.33469	5.12723e-06
5.195086e-07	1.33456	5.17407e-06
5.203540e-07	1.33444	5.22146e-06
5.212007e-07	1.33431	5.2694e-06
5.220489e-07	1.33418	5.31791e-06
5.228984e-07	1.33406	5.367e-06
5.237493e-07	1.33393	5.41667e-06
5.246016e-07	1.33379	5.46694e-06
5.254553e-07	1.33366	5.51781e-06
5.263104e-07	1.33353	5.56929e-06
5.271668e-07	1.3334	5.62139e-06
5.280247e-07	1.33326	5.67412e-06
5.288840e-07	1.33313	5.72749e-06
5.297446e-07	1.33299	5.78151e-06
5.306067e-07	1.33285	5.8362e-06
5.314701e-07	1.33271	5.89155e-06
5.323350e-07	1.33257	5.94759e-06
5.332013e-07	1.33243	6.00432e-06
5.340689e-07	1.33229	6.06175e-06
5.349380e-07	1.33214	6.1199e-06
5.358085e-07	1.332	6.17878e-06
5.366805e-07	1.33185	6.23839e-06
5.375538e-07	1.33171	6.29875e-06
5.384286e-07	1.33156	6.35988e-06
5.393047e-07	1.33141	6.42178e-06
5.401824e-07	1.33126	6.48446e-06
5.410614e-07	1.33111	6.54795e-06
5.419419e-07	1.33095	6.61225e-06
5.428238e-07	1.3308	6.67737e-06
5.437071e-07	1.33064	6.74334e-06
5.445919e-07	1.33049	6.81016e-06
5.454781e-07	1.33033	6.87785e-06
5.463658e-07	1.33017	6.94642e-06
5.472549e-07	1.33001	7.0159e-06
5.481454e-07	1.32985	7.08628e-06
5.490374e-07	1.32968	7.1576e-06
5.499309e-07	1.32952	7.22986e-06
5.508258e-07	1.32935	7.30308e-06
5.517221e-07	1.32918	7.37727e-06
5.526199e-07	1.32901	7.45247e-06
5.535192e-07	1.32884	7.52867e-06
5.544200e-07	1.32867	7.60591e-06
5.553222e-07	1.3285	7.68419e-06
5.562258e-07	1.32832	7.76354e-06
5.571310e-07	1.32815	7.84398e-06
5.580376e-07	1.32797	7.92551e-06
5.589457e-07	1.32779	8.00818e-06
5.598553e-07	1.32761	8.09199e-06
5.607663e-07	1.32742	8.17696e-06
5.616789e-07	1.32724	8.26312e-06
5.625929e-07	1.32705	8.35049e-06
5.635084e-07	1.32687	8.43908e-06
5.644254e-07	1.32668	8.52893e-06
5.653439e-07	1.32649	8.62006e-06
5.662639e-07	1.32629	8.71248e-06
5.671854e-07	1.3261	8.80623e-06
5.681083e-07	1.3259	8.90133e-06
5.690328e-07	1.3257	8.9978e-06
5.699588e-07	1.3255	9.09567e-06
5.708863e-07	1.3253	9.19497e-06
5.718153e-07	1.3251	9.29571e-06
5.727458e-07	1.32489	9.39795e-06
5.736778e-07	1.32469	9.50169e-06
5.746114e-07	1.32448	9.60697e-06
5.755465e-07	1.32427	9.71382e-06
5.764830e-07	1.32405	9.82227e-06
5.774212e-07	1.32384	9.93235e-06
5.783608e-07	1.32362	1.00441e-05
5.793020e-07	1.3234	1.01575e-05
5.802447e-07	1.32318	1.02727e-05
5.811889e-07	1.32295	1.03896e-05
5.821347e-07	1.32273	1.05084e-05
5.830820e-07	1.3225	1.0629e-05
5.840308e-07	1.32227	1.07514e-05
5.849812e-07	1.32204	1.08758e-05
5.859332e-07	1.3218	1.10021e-05
5.868867e-07	1.32156	1.11304e-05
5.878417e-07	1.32132	1.12607e-05
5.887983e-07	1.32108	1.13932e-05
5.897564e-07	1.32084	1.15277e-05
5.907162e-07	1.32059	1.16644e-05
5.916774e-07	1.32034	1.18033e-05
5.926403e-07	1.32009	1.19445e-05
5.936047e-07	1.31983	1.2088e-05
5.945706e-07	1.31958	1.22339e-05
5.955382e-07	1.31932	1.23821e-05
5.965073e-07	1.31905	1.25329e-05
5.974780e-07	1.31879	1.26861e-05
5.984503e-07	1.31852	1.28419e-05
5.994241e-07	1.31825	1.30004e-05
6.003996e-07	1.31797	1.31615e-05
6.013766e-07	1.3177	1.33254e-05
6.023552e-07	1.31742	1.34921e-05
6.033355e-07	1.31713	1.36617e-05
6.043173e-07	1.31685	1.38343e-05
6.053007e-07	1.31656	1.40098e-05
6.062857e-07	1.31627	1.41885e-05
6.072723e-07	1.31597	1.43702e-05
6.082605e-07	1.31567	1.45553e-05
6.092503e-07	1.31537	1.47436e-05
6.102418e-07	1.31506	1.49353e-05
6.112348e-07	1.31475	1.51305e-05
6.122295e-07	1.31444	1.53292e-05
6.132258e-07	1.31412	1.55316e-05
6.142237e-07	1.3138	1.57377e-05
6.152232e-07	1.31348	1.59477e-05
6.162243e-07	1.31315	1.61615e-05
6.172271e-07	1.31282	1.63794e-05
6.182315e-07	1.31248	1.66014e-05
6.192376e-07	1.31214	1.68277e-05
6.202453e-07	1.3118	1.70582e-05
6.212546e-07	1.31145	1.72932e-05
6.222656e-07	1.3111	1.75328e-05
6.232782e-07	1.31075	1.77771e-05
6.242924e-07	1.31038	1.80262e-05
6.253084e-07	1.31002	1.82802e-05
6.263259e-07	1.30965	1.85393e-05
6.273451e-07	1.30928	1.88036e-05
6.283660e-07	1.3089	1.90733e-05
6.293886e-07	1.30851	1.93485e-05
6.304128e-07	1.30812	1.96294e-05
6.314386e-07	1.30773	1.99161e-05
6.324662e-07	1.30733	2.02089e-05
6.334954e-07	1.30693	2.05078e-05
6.345263e-07	1.30652	2.08132e-05
6.355588e-07	1.3061	2.11251e-05
6.365931e-07	1.30568	2.14439e-05
6.376290e-07	1.30526	2.17696e-05
6.386666e-07	1.30483	2.21027e-05
6.397059e-07	1.30439	2.24433e-05
6.407469e-07	1.30394	2.27917e-05
6.417896e-07	1.30349	2.31483e-05
6.428340e-07	1.30304	2.35133e-05
6.438801e-07	1.30258	2.38872e-05
6.449279e-07	1.30211	2.42702e-05
6.459774e-07	1.30163	2.46629e-05
6.470286e-07	1.30115	2.50658e-05
6.480815e-07	1.30066	2.54793e-05
6.491361e-07	1.30016	2.59042e-05
6.501924e-07	1.29966	2.63411e-05
6.512505e-07	1.29915	2.67909e-05
6.523103e-07	1.29863	2.72544e-05
6.533718e-07	1.2981	2.77328e-05
6.544350e-07	1.29757	2.82271e-05
6.555000e-07	1.29702	2.8739e-05
6.565667e-07	1.29647	2.927e-05
6.576351e-07	1.29591	2.98221e-05
6.587053e-07	1.29534	3.03974e-05
6.597772e-07	1.29476	3.09988e-05
6.608509e-07	1.29417	3.16292e-05
6.619263e-07	1.29358	3.22922e-05
6.630034e-07	1.29297	3.29922e-05
6.640823e-07	1.29235	3.37341e-05
6.651630e-07	1.29172	3.45239e-05
6.662454e-07	1.29109	3.53682e-05
6.673296e-07	1.29044	3.62753e-05
6.684155e-07	1.28978	3.72546e-05
6.695032e-07	1.2891	3.8317e-05
6.705927e-07	1.28842	3.94755e-05
6.716840e-07	1.28772	4.07453e-05
6.727770e-07	1.28701	4.21439e-05
6.738718e-07	1.28629	4.36918e-05
6.749684e-07	1.28555	4.54128e-05
6.760668e-07	1.2848	4.73348e-05
6.771670e-07	1.28404	4.94898e-05
6.782689e-07	1.28326	5.19151e-05
6.793727e-07	1.28247	5.46538e-05
6.804782e-07	1.28166	5.77555e-05
6.815856e-07	1.28083	6.12776e-05
6.826947e-07	1.27999	6.5286e-05
6.838056e-07	1.27913	6.98565e-05
6.849184e-07	1.27825	7.50757e-05
6.860330e-07	1.27735	8.10432e-05
6.871494e-07	1.27643	8.78723e-05
6.882676e-07	1.27549	9.56925e-05
6.893876e-07	1.27454	0.000104651
6.905094e-07	1.27356	0.000114916
6.916331e-07	1.27255	0.000126676
6.927586e-07	1.27153	0.000140148
6.938859e-07	1.27048	0.000155573
6.950151e-07	1.2694	0.000173226
6.961461e-07	1.2683	0.000193416
6.972789e-07	1.26717	0.000216489
6.984136e-07	1.26602	0.000242834
6.995501e-07	1.26483	0.000272888
7.006885e-07	1.26361	0.000307137
7.018287e-07	1.26237	0.000346124
7.029708e-07	1.26108	0.000390454
7.041148e-07	1.25977	0.0004408
7.052606e-07	1.25841	0.000497908
7.064082e-07	1.25703	0.000562603
7.075578e-07	1.2556	0.000635799
7.087092e-07	1.25413	0.000718502
7.098625e-07	1.25262	0.000811823
7.110176e-07	1.25106	0.00091698
7.121747e-07	1.24946	0.00103531
7.133336e-07	1.24782	0.00116828
7.144944e-07	1.24612	0.00131749
7.156571e-07	1.24438	0.00148469
7.168217e-07	1.24258	0.00167178
7.179882e-07	1.24073	0.00188083
7.191566e-07	1.23882	0.00211409
7.203268e-07	1.23685	0.00237398
7.214990e-07	1.23483	0.00266312
7.226731e-07	1.23274	0.00298437
7.238491e-07	1.23059	0.00334076
7.250271e-07	1.22837	0.00373558
7.262069e-07	1.22609	0.00417234
7.273887e-07	1.22373	0.00465481
7.285723e-07	1.22131	0.00518702
7.297579e-07	1.21881	0.00577325
7.309455e-07	1.21625	0.00641808
7.321350e-07	1.2136	0.00712636
7.333264e-07	1.21088	0.00790322
7.345197e-07	1.20809	0.0087541
7.357150e-07	1.20522	0.00968473
7.369122e-07	1.20227	0.0107012
7.381114e-07	1.19924	0.0118097
7.393125e-07	1.19613	0.0130171
7.405156e-07	1.19295	0.0143302
7.417206e-07	1.18969	0.0157563
7.429277e-07	1.18635	0.0173029
7.441366e-07	1.18295	0.0189779
7.453476e-07	1.17947	0.0207892
7.465605e-07	1.17592	0.0227453
7.477753e-07	1.1723	0.0248547
7.489922e-07	1.16863	0.0271261
7.502110e-07	1.1649	0.0295684
7.514319e-07	1.16112	0.0321907
7.526547e-07	1.15729	0.035002
7.538795e-07	1.15342	0.0380116
7.551062e-07	1.14953	0.0412285
7.563350e-07	1.14561	0.0446618
7.575658e-07	1.14168	0.0483204
7.587986e-07	1.13775	0.052213
7.600334e-07	1.13382	0.0563479
7.612702e-07	1.12992	0.0607329
7.625090e-07	1.12606	0.0653756
7.637498e-07	1.12224	0.0702827
7.649927e-07	1.1185	0.0754601
7.662376e-07	1.11483	0.0809131
7.674845e-07	1.11127	0.0866458
7.687334e-07	1.10782	0.0926611
7.699844e-07	1.10452	0.0989607
7.712374e-07	1.10137	0.105545
7.724924e-07	1.0984	0.112413
7.737495e-07	1.09563	0.119561
7.750086e-07	1.09309	0.126984
7.762698e-07	1.09079	0.134677
7.775330e-07	1.08876	0.14263
7.787983e-07	1.08702	0.150833
7.800656e-07	1.08559	0.159273
7.813350e-07	1.08449	0.167935
7.826065e-07	1.08375	0.176802
7.838800e-07	1.08338	0.185855
7.851556e-07	1.08339	0.195073
7.864333e-07	1.08381	0.204435
7.877131e-07	1.08465	0.213914
7.889949e-07	1.08592	0.223487
7.902789e-07	1.08764	0.233126
7.915649e-07	1.0898	0.242804
7.928530e-07	1.09242	0.252491
7.941432e-07	1.0955	0.26216
7.954355e-07	1.09903	0.271781
7.967299e-07	1.10302	0.281326
7.980265e-07	1.10747	0.290765
7.993251e-07	1.11236	0.300072
8.006258e-07	1.11769	0.309218
8.019287e-07	1.12345	0.318179
8.032337e-07	1.12962	0.326929
8.045408e-07	1.1362	0.335445
8.058500e-07	1.14316	0.343705
8.071614e-07	1.15049	0.351687
8.084749e-07	1.15817	0.359373
8.097905e-07	1.16618	0.366745
8.111083e-07	1.17451	0.373788
8.124282e-07	1.18313	0.380487
8.137502e-07	1.19203	0.386829
8.150745e-07	1.20117	0.392804
8.164008e-07	1.21055	0.398401
8.177294e-07	1.22013	0.403613
8.190601e-07	1.2299	0.408432
8.203929e-07	1.23984	0.412854
8.217279e-07	1.24992	0.416873
8.230651e-07	1.26013	0.420489
8.244045e-07	1.27043	0.423698
8.257461e-07	1.28083	0.4265
8.270898e-07	1.29128	0.428895
8.284357e-07	1.30178	0.430886
8.297838e-07	1.3123	0.432475
8.311342e-07	1.32283	0.433665
8.324867e-07	1.33334	0.43446
8.338414e-07	1.34383	0.434866
8.351983e-07	1.35427	0.434887
8.365574e-07	1.36465	0.434531
8.379187e-07	1.37495	0.433805
8.392823e-07	1.38516	0.432716
8.406480e-07	1.39525	0.431272
8.420160e-07	1.40523	0.429482
8.433862e-07	1.41507	0.427356
8.447587e-07	1.42477	0.424902
8.461334e-07	1.43431	0.422132
8.475103e-07	1.44367	0.419055
8.488894e-07	1.45286	0.415682
8.502708e-07	1.46185	0.412025
8.516545e-07	1.47064	0.408094
8.530404e-07	1.47923	0.4039
8.544285e-07	1.4876	0.399457
8.558189e-07	1.49574	0.394775
8.572116e-07	1.50366	0.389866
8.586066e-07	1.51133	0.384742
8.600038e-07	1.51877	0.379417
8.614033e-07	1.52595	0.373901
8.628050e-07	1.53289	0.368207
8.642091e-07	1.53957	0.362348
8.656154e-07	1.54599	0.356335
8.670240e-07	1.55215	0.35018
8.684349e-07	1.55804	0.343896
8.698481e-07	1.56368	0.337495
8.712636e-07	1.56904	0.330988
8.726814e-07	1.57414	0.324387
8.741016e-07	1.57898	0.317704
8.755240e-07	1.58355	0.31095
8.769487e-07	1.58786	0.304135
8.783758e-07	1.5919	0.297272
8.798052e-07	1.59568	0.29037
8.812369e-07	1.59921	0.28344
8.826709e-07	1.60247	0.276492
8.841073e-07	1.60549	0.269536
8.855460e-07	1.60826	0.262582
8.869870e-07	1.61078	0.255639
8.884304e-07	1.61306	0.248715
8.898762e-07	1.61511	0.24182
8.913243e-07	1.61692	0.234961
8.927747e-07	1.61851	0.228148
8.942276e-07	1.61988	0.221386
8.956827e-07	1.62103	0.214684
8.971403e-07	1.62197	0.208048
8.986002e-07	1.6227	0.201486
9.000625e-07	1.62324	0.195002
9.015272e-07	1.62359	0.188604
9.029942e-07	1.62375	0.182296
9.044637e-07	1.62373	0.176084
9.059355e-07	1.62354	0.169972
9.074097e-07	1.62319	0.163964
9.088864e-07	1.62268	0.158066
9.103654e-07	1.62201	0.152279
9.118468e-07	1.6212	0.146609
9.133307e-07	1.62025	0.141057
9.148169e-07	1.61917	0.135626
9.163056e-07	1.61796	0.130319
9.177967e-07	1.61664	0.125137
9.192903e-07	1.6152	0.120083
9.207862e-07	1.61366	0.115157
9.222846e-07	1.61202	0.110361
9.237855e-07	1.61029	0.105696
9.252887e-07	1.60847	0.101161
9.267945e-07	1.60657	0.0967573
9.283026e-07	1.6046	0.0924848
9.298133e-07	1.60257	0.0883432
9.313264e-07	1.60047	0.0843318
9.328419e-07	1.59831	0.0804499
9.343599e-07	1.59611	0.0766966
9.358804e-07	1.59386	0.0730707
9.374034e-07	1.59157	0.0695709
9.389288e-07	1.58924	0.0661957
9.404567e-07	1.58689	0.0629432
9.419871e-07	1.58451	0.0598118
9.435200e-07	1.58211	0.0567993
9.450554e-07	1.57969	0.0539037
9.465933e-07	1.57726	0.0511228
9.481337e-07	1.57482	0.0484541
9.496766e-07	1.57238	0.0458953
9.512220e-07	1.56994	0.0434438
9.527699e-07	1.5675	0.0410971
9.543204e-07	1.56506	0.0388523
9.558733e-07	1.56263	0.0367069
9.574288e-07	1.56021	0.0346581
9.589869e-07	1.55781	0.0327031
9.605474e-07	1.55542	0.030839
9.621105e-07	1.55306	0.029063
9.636762e-07	1.55071	0.0273723
9.652444e-07	1.54838	0.025764
9.668151e-07	1.54608	0.0242354
9.683884e-07	1.54381	0.0227834
9.699643e-07	1.54156	0.0214055
9.715427e-07	1.53934	0.0200987
9.731237e-07	1.53715	0.0188604
9.747072e-07	1.53499	0.0176878
9.762934e-07	1.53286	0.0165783
9.778821e-07	1.53077	0.0155292
9.794734e-07	1.52871	0.0145381
9.810673e-07	1.52668	0.0136023
9.826638e-07	1.52469	0.0127194
9.842629e-07	1.52273	0.0118871
9.858646e-07	1.5208	0.011103
9.874689e-07	1.51891	0.0103648
9.890758e-07	1.51706	0.00967033
9.906853e-07	1.51524	0.00901747
9.922975e-07	1.51346	0.00840414
9.939122e-07	1.51171	0.00782834
9.955296e-07	1.51	0.00728815
9.971497e-07	1.50832	0.00678171
9.987723e-07	1.50667	0.00630722
1.000398e-06	1.50506	0.00586297
1.002026e-06	1.50348	0.0054473
1.003656e-06	1.50194	0.00505863
1.005289e-06	1.50043	0.00469544
1.006925e-06	1.49895	0.00435628
1.008564e-06	1.4975	0.00403976
1.010205e-06	1.49609	0.00374455
1.011849e-06	1.4947	0.00346939
1.013496e-06	1.49334	0.00321308
1.015145e-06	1.49202	0.00297448
1.016797e-06	1.49072	0.00275248
1.018451e-06	1.48945	0.00254607
1.020109e-06	1.48821	0.00235426
1.021769e-06	1.487	0.00217612
1.023432e-06	1.48581	0.00201078
1.025097e-06	1.48465	0.0018574
1.026765e-06	1.48351	0.00171519
1.028436e-06	1.4824	0.00158342
1.030110e-06	1.48131	0.00146139
1.031786e-06	1.48025	0.00134844
1.033465e-06	1.47921	0.00124395
1.035147e-06	1.47819	0.00114733
1.036831e-06	1.47719	0.00105805
1.038518e-06	1.47621	0.000975581
1.040208e-06	1.47526	0.000899446
1.041901e-06	1.47432	0.000829193
1.043597e-06	1.4734	0.000764399
1.045295e-06	1.4725	0.000704668
1.046996e-06	1.47162	0.000649631
1.048700e-06	1.47076	0.000598941
1.050406e-06	1.46992	0.000552276
1.052116e-06	1.46909	0.000509335
1.053828e-06	1.46828	0.000469837
1.055543e-06	1.46748	0.000433522
1.057260e-06	1.4667	0.000400145
1.058981e-06	1.46594	0.000369482
1.060704e-06	1.46519	0.000341321
1.062430e-06	1.46445	0.000315467
1.064159e-06	1.46373	0.00029174
1.065891e-06	1.46302	0.000269972
1.067625e-06	1.46233	0.000250007
1.069363e-06	1.46164	0.0002317
1.071103e-06	1.46097	0.000214919
1.072846e-06	1.46031	0.00019954
1.074592e-06	1.45967	0.000185448
1.076340e-06	1.45903	0.00017254
1.078092e-06	1.45841	0.000160716
1.079846e-06	1.45779	0.000149889
1.081603e-06	1.45719	0.000139974
1.083363e-06	1.45659	0.000130896
1.085126e-06	1.45601	0.000122584
1.086892e-06	1.45544	0.000114974
1.088661e-06	1.45487	0.000108007
1.090433e-06	1.45432	0.000101627
1.092207e-06	1.45377	9.57849e-05
1.093984e-06	1.45323	9.04342e-05
1.095765e-06	1.4527	8.55326e-05
1.097548e-06	1.45218	8.10412e-05
1.099334e-06	1.45167	7.69246e-05
1.101123e-06	1.45116	7.31501e-05
1.102915e-06	1.45067	6.96878e-05
1.104709e-06	1.45018	6.65104e-05
1.106507e-06	1.44969	6.35929e-05
1.108308e-06	1.44922	6.09124e-05
1.110111e-06	1.44875	5.84479e-05
1.111918e-06	1.44829	5.61804e-05
1.113727e-06	1.44783	5.40923e-05
1.115540e-06	1.44738	5.21679e-05
1.117355e-06	1.44694	5.03925e-05
1.119173e-06	1.4465	4.87529e-05
1.120994e-06	1.44607	4.7237e-05
1.122819e-06	1.44565	4.58337e-05
1.124646e-06	1.44523	4.45331e-05
1.126476e-06	1.44482	4.3326e-05
1.128309e-06	1.44441	4.22041e-05
1.130145e-06	1.44401	4.11598e-05
1.131984e-06	1.44361	4.01862e-05
1.133826e-06	1.44322	3.92771e-05
1.135671e-06	1.44283	3.84268e-05
1.137519e-06	1.44245	3.763e-05
1.139370e-06	1.44207	3.68822e-05
1.141225e-06	1.4417	3.6179e-05
1.143082e-06	1.44133	3.55166e-05
1.144942e-06	1.44097	3.48914e-05
1.146805e-06	1.44061	3.43002e-05
1.148671e-06	1.44026	3.37402e-05
1.150540e-06	1.43991	3.32087e-05
1.152413e-06	1.43956	3.27033e-05
1.154288e-06	1.43922	3.22219e-05
1.156166e-06	1.43888	3.17624e-05
1.158048e-06	1.43855	3.13232e-05
1.159932e-06	1.43822	3.09025e-05
1.161820e-06	1.4379	3.0499e-05
1.163710e-06	1.43757	3.01112e-05
1.165604e-06	1.43726	2.9738e-05
1.167501e-06	1.43694	2.93783e-05
1.169401e-06	1.43663	2.90311e-05
1.171304e-06	1.43632	2.86955e-05
1.173210e-06	1.43602	2.83706e-05
1.175119e-06	1.43572	2.80557e-05
1.177031e-06	1.43542	2.77502e-05
1.178947e-06	1.43513	2.74534e-05
1.180865e-06	1.43484	2.71647e-05
1.182787e-06	1.43455	2.68837e-05
1.184712e-06	1.43426	2.66099e-05
1.186639e-06	1.43398	2.63428e-05
1.188571e-06	1.4337	2.60821e-05
1.190505e-06	1.43343	2.58273e-05
1.192442e-06	1.43316	2.55783e-05
1.194382e-06	1.43289	2.53347e-05
1.196326e-06	1.43262	2.50962e-05
1.198273e-06	1.43235	2.48625e-05
1.200223e-06	1.43209	2.46335e-05
1.202176e-06	1.43183	2.4409e-05
1.204132e-06	1.43158	2.41887e-05
1.206092e-06	1.43132	2.39724e-05
1.208054e-06	1.43107	2.376e-05
1.210020e-06	1.43082	2.35514e-05
1.211989e-06	1.43058	2.33464e-05
1.213962e-06	1.43033	2.31448e-05
1.215937e-06	1.43009	2.29466e-05
1.217916e-06	1.42985	2.27516e-05
1.219898e-06	1.42962	2.25597e-05
1.221883e-06	1.42938	2.23709e-05
1.223871e-06	1.42915	2.2185e-05
1.225863e-06	1.42892	2.2002e-05
1.227858e-06	1.42869	2.18217e-05
1.229856e-06	1.42847	2.16441e-05
1.231857e-06	1.42824	2.14691e-05
1.233862e-06	1.42802	2.12967e-05
1.235870e-06	1.4278	2.11268e-05
1.237881e-06	1.42759	2.09592e-05
1.239895e-06	1.42737	2.0794e-05
1.241913e-06	1.42716	2.06312e-05
1.243934e-06	1.42695	2.04705e-05
1.245958e-06	1.42674	2.03121e-05
1.247986e-06	1.42653	2.01558e-05
1.250016e-06	1.42632	2.00016e-05
1.252051e-06	1.42612	1.98495e-05
1.254088e-06	1.42592	1.96994e-05
1.256129e-06	1.42572	1.95513e-05
1.258173e-06	1.42552	1.94051e-05
1.260220e-06	1.42532	1.92607e-05
1.262271e-06	1.42513	1.91183e-05
1.264325e-06	1.42493	1.89776e-05
1.266383e-06	1.42474	1.88387e-05
1.268443e-06	1.42455	1.87016e-05
1.270508e-06	1.42436	1.85662e-05
1.272575e-06	1.42418	1.84325e-05
1.274646e-06	1.42399	1.83004e-05
1.276720e-06	1.42381	1.817e-05
1.278798e-06	1.42363	1.80411e-05
1.280879e-06	1.42345	1.79139e-05
1.282963e-06	1.42327	1.77881e-05
1.285051e-06	1.42309	1.76639e-05
1.287142e-06	1.42291	1.75411e-05
1.289237e-06	1.42274	1.74198e-05
1.291335e-06	1.42256	1.73e-05
1.293436e-06	1.42239	1.71815e-05
1.295541e-06	1.42222	1.70644e-05
1.297649e-06	1.42205	1.69487e-05
1.299761e-06	1.42189	1.68344e-05
1.301876e-06	1.42172	1.67213e-05
1.303994e-06	1.42155	1.66096e-05
1.306116e-06	1.42139	1.64991e-05
1.308242e-06	1.42123	1.63899e-05
1.310371e-06	1.42107	1.62819e-05
1.312503e-06	1.42091	1.61751e-05
1.314639e-06	1.42075	1.60696e-05
1.316778e-06	1.42059	1.59652e-05
1.318921e-06	1.42044	1.58619e-05
1.321067e-06	1.42028	1.57598e-05
1.323217e-06	1.42013	1.56588e-05
1.325370e-06	1.41997	1.5559e-05
1.327527e-06	1.41982	1.54602e-05
1.329687e-06	1.41967	1.53624e-05
1.331851e-06	1.41952	1.52658e-05
1.334019e-06	1.41938	1.51702e-05
1.336189e-06	1.41923	1.50756e-05
1.338364e-06	1.41908	1.4982e-05
1.340542e-06	1.41894	1.48894e-05
1.342723e-06	1.41879	1.47977e-05
1.344908e-06	1.41865	1.47071e-05
1.347097e-06	1.41851	1.46174e-05
1.349289e-06	1.41837	1.45286e-05
1.351485e-06	1.41823	1.44407e-05
1.353684e-06	1.41809	1.43538e-05
1.355887e-06	1.41795	1.42677e-05
1.358093e-06	1.41782	1.41826e-05
1.360303e-06	1.41768	1.40983e-05
1.362517e-06	1.41755	1.40148e-05
1.364734e-06	1.41741	1.39322e-05
1.366955e-06	1.41728	1.38504e-05
1.369179e-06	1.41715	1.37695e-05
1.371407e-06	1.41702	1.36894e-05
1.373639e-06	1.41689	1.361e-05
1.375874e-06	1.41676	1.35315e-05
1.378113e-06	1.41663	1.34537e-05
1.380356e-06	1.41651	1.33767e-05
1.382602e-06	1.41638	1.33004e-05
1.384852e-06	1.41625	1.32249e-05
1.387106e-06	1.41613	1.31501e-05
1.389363e-06	1.41601	1.30761e-05
1.391624e-06	1.41588	1.30027e-05
1.393888e-06	1.41576	1.29301e-05
1.396157e-06	1.41564	1.28582e-05
1.398429e-06	1.41552	1.27869e-05
1.400704e-06	1.4154	1.27163e-05
1.402984e-06	1.41528	1.26464e-05
1.405267e-06	1.41516	1.25772e-05
1.407554e-06	1.41504	1.25086e-05
1.409844e-06	1.41493	1.24406e-05
1.412138e-06	1.41481	1.23733e-05
1.414436e-06	1.4147	1.23066e-05
1.416738e-06	1.41458	1.22405e-05
1.419043e-06	1.41447	1.21751e-05
1.421353e-06	1.41436	1.21102e-05
1.423666e-06	1.41424	1.20459e-05
1.425982e-06	1.41413	1.19822e-05
1.428303e-06	1.41402	1.19191e-05
1.430627e-06	1.41391	1.18566e-05
1.432955e-06	1.4138	1.17946e-05
1.435287e-06	1.4137	1.17332e-05
1.437623e-06	1.41359	1.16723e-05
1.439962e-06	1.41348	1.1612e-05
1.442305e-06	1.41337	1.15522e-05
1.444653e-06	1.41327	1.14929e-05
1.447003e-06	1.41316	1.14342e-05
1.449358e-06	1.41306	1.1376e-05
1.451717e-06	1.41295	1.13183e-05
1.454079e-06	1.41285	1.12611e-05
1.456445e-06	1.41275	1.12044e-05
1.458815e-06	1.41265	1.11482e-05
1.461189e-06	1.41254	1.10924e-05
1.463567e-06	1.41244	1.10372e-05
1.465949e-06	1.41234	1.09824e-05
1.468334e-06	1.41224	1.09281e-05
1.470724e-06	1.41214	1.08743e-05
1.473117e-06	1.41205	1.08209e-05
1.475514e-06	1.41195	1.0768e-05
1.477915e-06	1.41185	1.07155e-05
1.480320e-06	1.41175	1.06634e-05
1.482729e-06	1.41166	1.06118e-05
1.485142e-06	1.41156	1.05607e-05
1.487559e-06	1.41147	1.05099e-05
1.489980e-06	1.41137	1.04596e-05
1.492404e-06	1.41128	1.04097e-05
1.494833e-06	1.41119	1.03602e-05
1.497265e-06	1.41109	1.03111e-05
1.499702e-06	1.411	1.02624e-05
1.502142e-06	1.41091	1.02141e-05
1.504587e-06	1.41082	1.01662e-05
1.507035e-06	1.41073	1.01187e-05
1.509488e-06	1.41064	1.00716e-05
1.511944e-06	1.41055	1.00249e-05
1.514404e-06	1.41046	9.97851e-06
1.516869e-06	1.41037	9.93252e-06
1.519337e-06	1.41028	9.8869e-06
1.521810e-06	1.41019	9.84164e-06
1.524286e-06	1.41011	9.79674e-06
1.526767e-06	1.41002	9.75219e-06
1.529251e-06	1.40993	9.708e-06
1.531740e-06	1.40985	9.66415e-06
1.534232e-06	1.40976	9.62065e-06
1.536729e-06	1.40968	9.57749e-06
1.539230e-06	1.40959	9.53467e-06
1.541734e-06	1.40951	9.49218e-06
1.544243e-06	1.40942	9.45002e-06
1.546756e-06	1.40934	9.40818e-06
1.549273e-06	1.40926	9.36667e-06
1.551794e-06	1.40918	9.32548e-06
1.554320e-06	1.40909	9.2846e-06
1.556849e-06	1.40901	9.24403e-06
1.559382e-06	1.40893	9.20378e-06
1.561920e-06	1.40885	9.16383e-06
1.564462e-06	1.40877	9.12418e-06
1.567008e-06	1.40869	9.08483e-06
1.569558e-06	1.40861	9.04578e-06
1.572112e-06	1.40853	9.00702e-06
1.574670e-06	1.40845	8.96855e-06
1.577232e-06	1.40837	8.93037e-06
1.579799e-06	1.4083	8.89247e-06
1.582370e-06	1.40822	8.85486e-06
1.584945e-06	1.40814	8.81752e-06
1.587524e-06	1.40807	8.78046e-06
1.590107e-06	1.40799	8.74367e-06
1.592695e-06	1.40791	8.70715e-06
1.595287e-06	1.40784	8.6709e-06
1.597883e-06	1.40776	8.63492e-06
1.600483e-06	1.40769	8.59919e-06
1.603088e-06	1.40761	8.56373e-06
1.605696e-06	1.40754	8.52852e-06
1.608309e-06	1.40747	8.49357e-06
1.610926e-06	1.40739	8.45886e-06
1.613548e-06	1.40732	8.42441e-06
1.616174e-06	1.40725	8.39021e-06
1.618804e-06	1.40718	8.35624e-06
1.621438e-06	1.4071	8.32252e-06
1.624076e-06	1.40703	8.28904e-06
1.626719e-06	1.40696	8.2558e-06
1.629366e-06	1.40689	8.22279e-06
1.632018e-06	1.40682	8.19002e-06
1.634674e-06	1.40675	8.15748e-06
1.637334e-06	1.40668	8.12516e-06
1.639998e-06	1.40661	8.09307e-06
1.642667e-06	1.40654	8.0612e-06
1.645340e-06	1.40647	8.02956e-06
1.648018e-06	1.4064	7.99814e-06
1.650699e-06	1.40633	7.96693e-06
1.653386e-06	1.40627	7.93594e-06
1.656076e-06	1.4062	7.90516e-06
1.658771e-06	1.40613	7.87459e-06
1.661470e-06	1.40606	7.84424e-06
1.664174e-06	1.406	7.81409e-06
1.666882e-06	1.40593	7.78415e-06
1.669595e-06	1.40586	7.75441e-06
1.672312e-06	1.4058	7.72487e-06
1.675033e-06	1.40573	7.69553e-06
1.677759e-06	1.40567	7.66639e-06
1.680489e-06	1.4056	7.63745e-06
1.683224e-06	1.40554	7.6087e-06
1.685963e-06	1.40547	7.58015e-06
1.688706e-06	1.40541	7.55178e-06
1.691454e-06	1.40534	7.52361e-06
1.694207e-06	1.40528	7.49562e-06
1.696964e-06	1.40522	7.46782e-06
1.699725e-06	1.40515	7.4402e-06
1.702491e-06	1.40509	7.41277e-06
1.705262e-06	1.40503	7.38551e-06
1.708037e-06	1.40497	7.35844e-06
1.710816e-06	1.4049	7.33154e-06
1.713600e-06	1.40484	7.30482e-06
1.716389e-06	1.40478	7.27828e-06
1.719182e-06	1.40472	7.25191e-06
1.721980e-06	1.40466	7.22571e-06
1.724782e-06	1.4046	7.19968e-06
1.727589e-06	1.40454	7.17381e-06
1.730400e-06	1.40448	7.14812e-06
1.733216e-06	1.40442	7.12259e-06
1.736036e-06	1.40436	7.09723e-06
1.738861e-06	1.4043	7.07203e-06
1.741691e-06	1.40424	7.04699e-06
1.744525e-06	1.40418	7.02211e-06
1.747364e-06	1.40412	6.99738e-06
1.750207e-06	1.40406	6.97282e-06
1.753056e-06	1.404	6.94841e-06
1.755908e-06	1.40394	6.92416e-06
1.758766e-06	1.40388	6.90006e-06
1.761628e-06	1.40383	6.87611e-06
1.764494e-06	1.40377	6.85232e-06
1.767366e-06	1.40371	6.82867e-06
1.770242e-06	1.40365	6.80517e-06
1.773123e-06	1.4036	6.78182e-06
1.776008e-06	1.40354	6.75862e-06
1.778898e-06	1.40348	6.73556e-06
1.781793e-06	1.40343	6.71264e-06
1.784692e-06	1.40337	6.68987e-06
1.787597e-06	1.40332	6.66723e-06
1.790506e-06	1.40326	6.64474e-06
1.793419e-06	1.4032	6.62239e-06
1.796338e-06	1.40315	6.60017e-06
1.799261e-06	1.40309	6.57809e-06
1.802189e-06	1.40304	6.55615e-06
1.805122e-06	1.40298	6.53434e-06
1.808059e-06	1.40293	6.51266e-06
1.811001e-06	1.40288	6.49112e-06
1.813948e-06	1.40282	6.4697e-06
1.816900e-06	1.40277	6.44842e-06
1.819857e-06	1.40271	6.42727e-06
1.822818e-06	1.40266	6.40624e-06
1.825785e-06	1.40261	6.38534e-06
1.828756e-06	1.40255	6.36457e-06
1.831732e-06	1.4025	6.34393e-06
1.834712e-06	1.40245	6.3234e-06
1.837698e-06	1.40239	6.30301e-06
1.840689e-06	1.40234	6.28273e-06
1.843684e-06	1.40229	6.26257e-06
1.846684e-06	1.40224	6.24254e-06
1.849689e-06	1.40219	6.22262e-06
1.852699e-06	1.40213	6.20283e-06
1.855714e-06	1.40208	6.18315e-06
1.858734e-06	1.40203	6.16359e-06
1.861759e-06	1.40198	6.14414e-06
1.864788e-06	1.40193	6.12481e-06
1.867823e-06	1.40188	6.10559e-06
1.870862e-06	1.40183	6.08649e-06
1.873907e-06	1.40178	6.0675e-06
1.876956e-06	1.40173	6.04862e-06
1.880011e-06	1.40167	6.02985e-06
1.883070e-06	1.40162	6.01119e-06
1.886134e-06	1.40157	5.99264e-06
1.889204e-06	1.40152	5.9742e-06
1.892278e-06	1.40147	5.95586e-06
1.895357e-06	1.40143	5.93764e-06
1.898442e-06	1.40138	5.91951e-06
1.901531e-06	1.40133	5.9015e-06
1.904625e-06	1.40128	5.88359e-06
1.907725e-06	1.40123	5.86578e-06
1.910829e-06	1.40118	5.84807e-06
1.913939e-06	1.40113	5.83047e-06
1.917053e-06	1.40108	5.81297e-06
1.920173e-06	1.40103	5.79557e-06
1.923297e-06	1.40099	5.77827e-06
1.926427e-06	1.40094	5.76106e-06
1.929562e-06	1.40089	5.74396e-06
1.932702e-06	1.40084	5.72696e-06
1.935847e-06	1.40079	5.71005e-06
1.938997e-06	1.40075	5.69324e-06
1.942153e-06	1.4007	5.67652e-06
1.945313e-06	1.40065	5.6599e-06
1.948479e-06	1.4006	5.64338e-06
1.951650e-06	1.40056	5.62694e-06
1.954825e-06	1.40051	5.6106e-06
1.958007e-06	1.40046	5.59436e-06
1.961193e-06	1.40042	5.5782e-06
1.964384e-06	1.40037	5.56214e-06
1.967581e-06	1.40032	5.54617e-06
1.970783e-06	1.40028	5.53029e-06
1.973990e-06	1.40023	5.51449e-06
1.977202e-06	1.40019	5.49879e-06
1.980420e-06	1.40014	5.48317e-06
1.983642e-06	1.40009	5.46765e-06
1.986870e-06	1.40005	5.4522e-06
1.990104e-06	1.4	5.43685e-06
1.993342e-06	1.39996	5.42158e-06
1.996586e-06	1.39991	5.4064e-06
1.999835e-06	1.39987	5.3913e-06
2.003089e-06	1.39982	5.37629e-06
2.006349e-06	1.39978	5.36135e-06
2.009614e-06	1.39973	5.34651e-06
2.012884e-06	1.39969	5.33174e-06
2.016160e-06	1.39964	5.31706e-06
2.019441e-06	1.3996	5.30246e-06
2.022727e-06	1.39955	5.28794e-06
2.026018e-06	1.39951	5.2735e-06
2.029315e-06	1.39946	5.25914e-06
2.032618e-06	1.39942	5.24486e-06
2.035925e-06	1.39937	5.23066e-06
2.039238e-06	1.39933	5.21653e-06
2.042557e-06	1.39929	5.20249e-06
2.045881e-06	1.39924	5.18852e-06
2.049210e-06	1.3992	5.17463e-06
2.052545e-06	1.39916	5.16081e-06
2.055885e-06	1.39911	5.14708e-06
2.059230e-06	1.39907	5.13341e-06
2.062581e-06	1.39903	5.11983e-06
2.065938e-06	1.39898	5.10631e-06
2.069300e-06	1.39894	5.09287e-06
2.072667e-06	1.3989	5.07951e-06
2.076040e-06	1.39885	5.06622e-06
2.079418e-06	1.39881	5.053e-06
2.082802e-06	1.39877	5.03985e-06
2.086191e-06	1.39872	5.02678e-06
2.089586e-06	1.39868	5.01377e-06
2.092987e-06	1.39864	5.00084e-06
2.096393e-06	1.3986	4.98798e-06
2.099804e-06	1.39855	4.97519e-06
2.103221e-06	1.39851	4.96247e-06
2.106644e-06	1.39847	4.94981e-06
2.110072e-06	1.39843	4.93723e-06
2.113505e-06	1.39839	4.92472e-06
2.116945e-06	1.39834	4.91227e-06
2.120390e-06	1.3983	4.89989e-06
2.123840e-06	1.39826	4.88758e-06
2.127296e-06	1.39822	4.87534e-06
2.130758e-06	1.39818	4.86316e-06
2.134225e-06	1.39814	4.85105e-06
2.137698e-06	1.39809	4.839e-06
2.141177e-06	1.39805	4.82702e-06
2.144661e-06	1.39801	4.81511e-06
2.148151e-06	1.39797	4.80326e-06
2.151647e-06	1.39793	4.79147e-06
2.155149e-06	1.39789	4.77975e-06
2.158656e-06	1.39785	4.76809e-06
2.162168e-06	1.39781	4.7565e-06
2.165687e-06	1.39776	4.74497e-06
2.169211e-06	1.39772	4.7335e-06
2.172741e-06	1.39768	4.72209e-06
2.176277e-06	1.39764	4.71075e-06
2.179818e-06	1.3976	4.69947e-06
2.183365e-06	1.39756	4.68824e-06
2.186918e-06	1.39752	4.67708e-06
2.190477e-06	1.39748	4.66598e-06
2.194042e-06	1.39744	4.65494e-06
2.197612e-06	1.3974	4.64396e-06
2.201188e-06	1.39736	4.63305e-06
2.204770e-06	1.39732	4.62218e-06
2.208358e-06	1.39728	4.61138e-06
2.211952e-06	1.39724	4.60064e-06
2.215551e-06	1.3972	4.58996e-06
2.219157e-06	1.39716	4.57933e-06
2.222768e-06	1.39712	4.56876e-06
2.226385e-06	1.39708	4.55825e-06
2.230008e-06	1.39704	4.5478e-06
2.233637e-06	1.397	4.5374e-06
2.237272e-06	1.39696	4.52706e-06
2.240913e-06	1.39692	4.51678e-06
2.244559e-06	1.39688	4.50655e-06
2.248212e-06	1.39684	4.49638e-06
2.251870e-06	1.3968	4.48627e-06
2.255535e-06	1.39676	4.47621e-06
2.259205e-06	1.39672	4.4662e-06
2.262882e-06	1.39668	4.45625e-06
2.266564e-06	1.39664	4.44636e-06
2.270252e-06	1.3966	4.43651e-06
2.273947e-06	1.39656	4.42673e-06
2.277647e-06	1.39653	4.41699e-06
2.281354e-06	1.39649	4.40731e-06
2.285066e-06	1.39645	4.39768e-06
2.288784e-06	1.39641	4.38811e-06
2.292509e-06	1.39637	4.37859e-06
2.296240e-06	1.39633	4.36912e-06
2.299976e-06	1.39629	4.3597e-06
2.303719e-06	1.39625	4.35034e-06
2.307468e-06	1.39621	4.34103e-06
2.311223e-06	1.39617	4.33176e-06
2.314984e-06	1.39614	4.32255e-06
2.318751e-06	1.3961	4.31339e-06
2.322524e-06	1.39606	4.30429e-06
2.326304e-06	1.39602	4.29523e-06
2.330089e-06	1.39598	4.28622e-06
2.333881e-06	1.39594	4.27726e-06
2.337679e-06	1.3959	4.26836e-06
2.341483e-06	1.39586	4.2595e-06
2.345294e-06	1.39583	4.25069e-06
2.349110e-06	1.39579	4.24193e-06
2.352933e-06	1.39575	4.23322e-06
2.356762e-06	1.39571	4.22456e-06
2.360597e-06	1.39567	4.21595e-06
2.364438e-06	1.39563	4.20739e-06
2.368286e-06	1.3956	4.19887e-06
2.372140e-06	1.39556	4.1904e-06
2.376000e-06	1.39552	4.18198e-06
2.379866e-06	1.39548	4.17361e-06
2.383739e-06	1.39544	4.16529e-06
2.387618e-06	1.3954	4.15701e-06
2.391504e-06	1.39537	4.14878e-06
2.395395e-06	1.39533	4.1406e-06
2.399293e-06	1.39529	4.13246e-06
2.403198e-06	1.39525	4.12437e-06
2.407108e-06	1.39521	4.11633e-06
2.411026e-06	1.39518	4.10833e-06
2.414949e-06	1.39514	4.10038e-06
2.418879e-06	1.3951	4.09248e-06
2.422815e-06	1.39506	4.08462e-06
2.426758e-06	1.39502	4.0768e-06
2.430707e-06	1.39499	4.06903e-06
2.434662e-06	1.39495	4.06131e-06
2.438624e-06	1.39491	4.05363e-06
2.442593e-06	1.39487	4.046e-06
2.446568e-06	1.39483	4.03841e-06
2.450549e-06	1.3948	4.03086e-06
2.454537e-06	1.39476	4.02336e-06
2.458531e-06	1.39472	4.01591e-06
2.462532e-06	1.39468	4.00849e-06
2.466539e-06	1.39464	4.00112e-06
2.470553e-06	1.39461	3.9938e-06
2.474573e-06	1.39457	3.98652e-06
2.478600e-06	1.39453	3.97928e-06
2.482633e-06	1.39449	3.97209e-06
2.486673e-06	1.39445	3.96493e-06
2.490720e-06	1.39442	3.95783e-06
2.494773e-06	1.39438	3.95076e-06
2.498833e-06	1.39434	3.94374e-06
2.502899e-06	1.3943	3.93676e-06
2.506972e-06	1.39427	3.92982e-06
2.511052e-06	1.39423	3.92292e-06
2.515138e-06	1.39419	3.91607e-06
2.519231e-06	1.39415	3.90926e-06
2.523330e-06	1.39412	3.90249e-06
2.527437e-06	1.39408	3.89576e-06
2.531550e-06	1.39404	3.88907e-06
2.535669e-06	1.394	3.88243e-06
2.539795e-06	1.39396	3.87582e-06
2.543928e-06	1.39393	3.86926e-06
2.548068e-06	1.39389	3.86274e-06
2.552215e-06	1.39385	3.85626e-06
2.556368e-06	1.39381	3.84982e-06
2.560528e-06	1.39378	3.84342e-06
2.564695e-06	1.39374	3.83706e-06
2.568868e-06	1.3937	3.83074e-06
2.573048e-06	1.39366	3.82447e-06
2.577236e-06	1.39363	3.81823e-06
2.581430e-06	1.39359	3.81203e-06
2.585630e-06	1.39355	3.80588e-06
2.589838e-06	1.39351	3.79976e-06
2.594052e-06	1.39347	3.79368e-06
2.598274e-06	1.39344	3.78764e-06
2.602502e-06	1.3934	3.78165e-06
2.606737e-06	1.39336	3.77569e-06
2.610979e-06	1.39332	3.76977e-06
2.615228e-06	1.39329	3.76389e-06
2.619483e-06	1.39325	3.75805e-06
2.623746e-06	1.39321	3.75225e-06
2.628016e-06	1.39317	3.74649e-06
2.632292e-06	1.39313	3.74076e-06
2.636576e-06	1.3931	3.73508e-06
2.640866e-06	1.39306	3.72944e-06
2.645164e-06	1.39302	3.72383e-06
2.649468e-06	1.39298	3.71826e-06
2.653780e-06	1.39295	3.71273e-06
2.658098e-06	1.39291	3.70724e-06
2.662424e-06	1.39287	3.70179e-06
2.666756e-06	1.39283	3.69637e-06
2.671096e-06	1.39279	3.691e-06
2.675443e-06	1.39276	3.68566e-06
2.679796e-06	1.39272	3.68036e-06
2.684157e-06	1.39268	3.67509e-06
2.688525e-06	1.39264	3.66987e-06
2.692900e-06	1.3926	3.66468e-06
2.697282e-06	1.39257	3.65953e-06
2.701672e-06	1.39253	3.65442e-06
2.706068e-06	1.39249	3.64935e-06
2.710472e-06	1.39245	3.64431e-06
2.714883e-06	1.39241	3.63931e-06
2.719300e-06	1.39238	3.63435e-06
2.723726e-06	1.39234	3.62943e-06
2.728158e-06	1.3923	3.62454e-06
2.732597e-06	1.39226	3.61969e-06
2.737044e-06	1.39222	3.61488e-06
2.741498e-06	1.39219	3.6101e-06
2.745959e-06	1.39215	3.60536e-06
2.750428e-06	1.39211	3.60066e-06
2.754904e-06	1.39207	3.59599e-06
2.759387e-06	1.39203	3.59137e-06
2.763877e-06	1.39199	3.58677e-06
2.768375e-06	1.39196	3.58222e-06
2.772880e-06	1.39192	3.5777e-06
2.777392e-06	1.39188	3.57322e-06
2.781912e-06	1.39184	3.56877e-06
2.786439e-06	1.3918	3.56436e-06
2.790973e-06	1.39176	3.55999e-06
2.795515e-06	1.39173	3.55565e-06
2.800064e-06	1.39169	3.55135e-06
2.804621e-06	1.39165	3.54709e-06
2.809185e-06	1.39161	3.54286e-06
2.813756e-06	1.39157	3.53867e-06
2.818335e-06	1.39153	3.53452e-06
2.822921e-06	1.39149	3.5304e-06
2.827515e-06	1.39145	3.52631e-06
2.832116e-06	1.39142	3.52227e-06
2.836725e-06	1.39138	3.51826e-06
2.841341e-06	1.39134	3.51428e-06
2.845965e-06	1.3913	3.51034e-06
2.850596e-06	1.39126	3.50644e-06
2.855235e-06	1.39122	3.50257e-06
2.859881e-06	1.39118	3.49874e-06
2.864535e-06	1.39114	3.49494e-06
2.869196e-06	1.3911	3.49118e-06
2.873865e-06	1.39107	3.48746e-06
2.878542e-06	1.39103	3.48377e-06
2.883226e-06	1.39099	3.48012e-06
2.887918e-06	1.39095	3.4765e-06
2.892618e-06	1.39091	3.47292e-06
2.897325e-06	1.39087	3.46937e-06
2.902040e-06	1.39083	3.46586e-06
2.906762e-06	1.39079	3.46238e-06
2.911492e-06	1.39075	3.45894e-06
2.916230e-06	1.39071	3.45554e-06
2.920976e-06	1.39067	3.45217e-06
2.925729e-06	1.39063	3.44884e-06
2.930490e-06	1.39059	3.44554e-06
2.935259e-06	1.39055	3.44227e-06
2.940035e-06	1.39051	3.43905e-06
2.944820e-06	1.39047	3.43585e-06
2.949612e-06	1.39043	3.4327e-06
2.954412e-06	1.3904	3.42958e-06
2.959220e-06	1.39036	3.42649e-06
2.964035e-06	1.39032	3.42344e-06
2.968858e-06	1.39028	3.42042e-06
2.973690e-06	1.39024	3.41744e-06
2.978529e-06	1.3902	3.4145e-06
2.983376e-06	1.39016	3.41159e-06
2.988231e-06	1.39012	3.40872e-06
2.993093e-06	1.39008	3.40588e-06
2.997964e-06	1.39003	3.40307e-06
3.002843e-06	1.38999	3.40031e-06
3.007729e-06	1.38995	3.39757e-06
3.012624e-06	1.38991	3.39487e-06
3.017526e-06	1.38987	3.39221e-06
3.022437e-06	1.38983	3.38958e-06
3.027355e-06	1.38979	3.38699e-06
3.032281e-06	1.38975	3.38444e-06
3.037216e-06	1.38971	3.38192e-06
3.042158e-06	1.38967	3.37943e-06
3.047109e-06	1.38963	3.37698e-06
3.052067e-06	1.38959	3.37456e-06
3.057034e-06	1.38955	3.37218e-06
3.062009e-06	1.38951	3.36984e-06
3.066991e-06	1.38947	3.36753e-06
3.071982e-06	1.38943	3.36526e-06
3.076981e-06	1.38938	3.36302e-06
3.081989e-06	1.38934	3.36081e-06
3.087004e-06	1.3893	3.35865e-06
3.092027e-06	1.38926	3.35651e-06
3.097059e-06	1.38922	3.35442e-06
3.102099e-06	1.38918	3.35236e-06
3.107147e-06	1.38914	3.35033e-06
3.112203e-06	1.38909	3.34834e-06
3.117268e-06	1.38905	3.34638e-06
3.122340e-06	1.38901	3.34446e-06
3.127421e-06	1.38897	3.34258e-06
3.132511e-06	1.38893	3.34073e-06
3.137608e-06	1.38889	3.33892e-06
3.142714e-06	1.38884	3.33714e-06
3.147828e-06	1.3888	3.3354e-06
3.152951e-06	1.38876	3.3337e-06
3.158082e-06	1.38872	3.33203e-06
3.163221e-06	1.38868	3.33039e-06
3.168368e-06	1.38863	3.32879e-06
3.173524e-06	1.38859	3.32723e-06
3.178688e-06	1.38855	3.3257e-06
3.183861e-06	1.38851	3.32421e-06
3.189042e-06	1.38846	3.32276e-06
3.194232e-06	1.38842	3.32134e-06
3.199430e-06	1.38838	3.31996e-06
3.204636e-06	1.38834	3.31861e-06
3.209851e-06	1.38829	3.3173e-06
3.215074e-06	1.38825	3.31602e-06
3.220306e-06	1.38821	3.31479e-06
3.225547e-06	1.38816	3.31358e-06
3.230796e-06	1.38812	3.31242e-06
3.236053e-06	1.38808	3.31129e-06
3.241319e-06	1.38803	3.31019e-06
3.246594e-06	1.38799	3.30914e-06
3.251877e-06	1.38795	3.30812e-06
3.257169e-06	1.3879	3.30713e-06
3.262469e-06	1.38786	3.30618e-06
3.267778e-06	1.38782	3.30527e-06
3.273096e-06	1.38777	3.3044e-06
3.278422e-06	1.38773	3.30356e-06
3.283757e-06	1.38769	3.30276e-06
3.289101e-06	1.38764	3.302e-06
3.294453e-06	1.3876	3.30127e-06
3.299814e-06	1.38755	3.30058e-06
3.305184e-06	1.38751	3.29992e-06
3.310563e-06	1.38746	3.29931e-06
3.315950e-06	1.38742	3.29873e-06
3.321346e-06	1.38738	3.29819e-06
3.326751e-06	1.38733	3.29768e-06
3.332164e-06	1.38729	3.29721e-06
3.337587e-06	1.38724	3.29678e-06
3.343018e-06	1.3872	3.29639e-06
3.348458e-06	1.38715	3.29603e-06
3.353907e-06	1.38711	3.29572e-06
3.359365e-06	1.38706	3.29544e-06
3.364832e-06	1.38702	3.29519e-06
3.370307e-06	1.38697	3.29499e-06
3.375792e-06	1.38693	3.29482e-06
3.381285e-06	1.38688	3.29469e-06
3.386787e-06	1.38684	3.2946e-06
3.392299e-06	1.38679	3.29455e-06
3.397819e-06	1.38674	3.29453e-06
3.403348e-06	1.3867	3.29455e-06
3.408887e-06	1.38665	3.29461e-06
3.414434e-06	1.38661	3.29471e-06
3.419990e-06	1.38656	3.29485e-06
3.425556e-06	1.38651	3.29503e-06
3.431130e-06	1.38647	3.29524e-06
3.436714e-06	1.38642	3.2955e-06
3.442306e-06	1.38638	3.29579e-06
3.447908e-06	1.38633	3.29612e-06
3.453519e-06	1.38628	3.29649e-06
3.459138e-06	1.38624	3.2969e-06
3.464768e-06	1.38619	3.29734e-06
3.470406e-06	1.38614	3.29783e-06
3.476053e-06	1.38609	3.29836e-06
3.481710e-06	1.38605	3.29892e-06
3.487376e-06	1.386	3.29953e-06
3.493051e-06	1.38595	3.30017e-06
3.498735e-06	1.38591	3.30086e-06
3.504428e-06	1.38586	3.30158e-06
3.510131e-06	1.38581	3.30235e-06
3.515843e-06	1.38576	3.30315e-06
3.521564e-06	1.38571	3.30399e-06
3.527295e-06	1.38567	3.30488e-06
3.533035e-06	1.38562	3.3058e-06
3.538784e-06	1.38557	3.30677e-06
3.544543e-06	1.38552	3.30777e-06
3.550311e-06	1.38547	3.30882e-06
3.556088e-06	1.38543	3.3099e-06
3.561875e-06	1.38538	3.31103e-06
3.567672e-06	1.38533	3.3122e-06
3.573477e-06	1.38528	3.31341e-06
3.579292e-06	1.38523	3.31466e-06
3.585117e-06	1.38518	3.31595e-06
3.590951e-06	1.38513	3.31728e-06
3.596795e-06	1.38508	3.31866e-06
3.602648e-06	1.38503	3.32007e-06
3.608510e-06	1.38498	3.32153e-06
3.614382e-06	1.38493	3.32303e-06
3.620264e-06	1.38489	3.32457e-06
3.626155e-06	1.38484	3.32615e-06
3.632056e-06	1.38479	3.32778e-06
3.637967e-06	1.38474	3.32944e-06
3.643887e-06	1.38469	3.33115e-06
3.649816e-06	1.38463	3.33291e-06
3.655756e-06	1.38458	3.3347e-06
3.661705e-06	1.38453	3.33654e-06
3.667663e-06	1.38448	3.33842e-06
3.673632e-06	1.38443	3.34034e-06
3.679610e-06	1.38438	3.34231e-06
3.685598e-06	1.38433	3.34432e-06
3.691595e-06	1.38428	3.34637e-06
3.697603e-06	1.38423	3.34847e-06
3.703620e-06	1.38418	3.35061e-06
3.709647e-06	1.38413	3.35279e-06
3.715683e-06	1.38407	3.35502e-06
3.721730e-06	1.38402	3.35729e-06
3.727786e-06	1.38397	3.35961e-06
3.733853e-06	1.38392	3.36197e-06
3.739929e-06	1.38387	3.36438e-06
3.746015e-06	1.38381	3.36683e-06
3.752111e-06	1.38376	3.36932e-06
3.758216e-06	1.38371	3.37186e-06
3.764332e-06	1.38366	3.37445e-06
3.770458e-06	1.3836	3.37708e-06
3.776594e-06	1.38355	3.37976e-06
3.782739e-06	1.3835	3.38248e-06
3.788895e-06	1.38345	3.38525e-06
3.795061e-06	1.38339	3.38806e-06
3.801236e-06	1.38334	3.39092e-06
3.807422e-06	1.38329	3.39382e-06
3.813618e-06	1.38323	3.39678e-06
3.819824e-06	1.38318	3.39978e-06
3.826040e-06	1.38312	3.40282e-06
3.832266e-06	1.38307	3.40591e-06
3.838502e-06	1.38302	3.40905e-06
3.844749e-06	1.38296	3.41224e-06
3.851005e-06	1.38291	3.41547e-06
3.857272e-06	1.38285	3.41876e-06
3.863549e-06	1.3828	3.42208e-06
3.869836e-06	1.38274	3.42546e-06
3.876133e-06	1.38269	3.42889e-06
3.882441e-06	1.38263	3.43236e-06
3.888759e-06	1.38258	3.43588e-06
3.895087e-06	1.38252	3.43945e-06
3.901426e-06	1.38247	3.44307e-06
3.907774e-06	1.38241	3.44674e-06
3.914133e-06	1.38236	3.45046e-06
3.920503e-06	1.3823	3.45422e-06
3.926883e-06	1.38224	3.45804e-06
3.933273e-06	1.38219	3.46191e-06
3.939674e-06	1.38213	3.46582e-06
3.946085e-06	1.38207	3.46979e-06
3.952506e-06	1.38202	3.47381e-06
3.958938e-06	1.38196	3.47787e-06
3.965380e-06	1.3819	3.48199e-06
3.971833e-06	1.38185	3.48616e-06
3.978297e-06	1.38179	3.49038e-06
3.984771e-06	1.38173	3.49465e-06
3.991255e-06	1.38167	3.49897e-06
3.997750e-06	1.38162	3.50334e-06
4.004256e-06	1.38156	3.50777e-06
4.010772e-06	1.3815	3.51225e-06
4.017298e-06	1.38144	3.51678e-06
4.023836e-06	1.38138	3.52136e-06
4.030384e-06	1.38132	3.526e-06
4.036942e-06	1.38127	3.53069e-06
4.043512e-06	1.38121	3.53543e-06
4.050092e-06	1.38115	3.54022e-06
4.056682e-06	1.38109	3.54507e-06
4.063284e-06	1.38103	3.54997e-06
4.069896e-06	1.38097	3.55493e-06
4.076519e-06	1.38091	3.55994e-06
4.083153e-06	1.38085	3.56501e-06
4.089797e-06	1.38079	3.57013e-06
4.096453e-06	1.38073	3.5753e-06
4.103119e-06	1.38067	3.58053e-06
4.109796e-06	1.38061	3.58582e-06
4.116484e-06	1.38055	3.59116e-06
4.123182e-06	1.38049	3.59656e-06
4.129892e-06	1.38043	3.60201e-06
4.136613e-06	1.38037	3.60752e-06
4.143344e-06	1.38031	3.61309e-06
4.150087e-06	1.38024	3.61871e-06
4.156840e-06	1.38018	3.62439e-06
4.163605e-06	1.38012	3.63013e-06
4.170380e-06	1.38006	3.63592e-06
4.177166e-06	1.38	3.64178e-06
4.183964e-06	1.37993	3.64769e-06
4.190772e-06	1.37987	3.65366e-06
4.197592e-06	1.37981	3.65969e-06
4.204423e-06	1.37975	3.66577e-06
4.211265e-06	1.37968	3.67192e-06
4.218118e-06	1.37962	3.67813e-06
4.224982e-06	1.37956	3.68439e-06
4.231857e-06	1.37949	3.69072e-06
4.238744e-06	1.37943	3.6971e-06
4.245641e-06	1.37937	3.70355e-06
4.252550e-06	1.3793	3.71006e-06
4.259471e-06	1.37924	3.71663e-06
4.266402e-06	1.37917	3.72326e-06
4.273345e-06	1.37911	3.72995e-06
4.280299e-06	1.37904	3.7367e-06
4.287264e-06	1.37898	3.74352e-06
4.294241e-06	1.37891	3.75039e-06
4.301229e-06	1.37885	3.75733e-06
4.308228e-06	1.37878	3.76434e-06
4.315239e-06	1.37872	3.7714e-06
4.322261e-06	1.37865	3.77853e-06
4.329295e-06	1.37859	3.78573e-06
4.336340e-06	1.37852	3.79299e-06
4.343396e-06	1.37845	3.80031e-06
4.350464e-06	1.37839	3.8077e-06
4.357544e-06	1.37832	3.81515e-06
4.364635e-06	1.37825	3.82267e-06
4.371738e-06	1.37818	3.83026e-06
4.378852e-06	1.37812	3.83791e-06
4.385977e-06	1.37805	3.84562e-06
4.393115e-06	1.37798	3.85341e-06
4.400264e-06	1.37791	3.86126e-06
4.407424e-06	1.37785	3.86918e-06
4.414596e-06	1.37778	3.87716e-06
4.421780e-06	1.37771	3.88521e-06
4.428976e-06	1.37764	3.89334e-06
4.436183e-06	1.37757	3.90153e-06
4.443402e-06	1.3775	3.90979e-06
4.450633e-06	1.37743	3.91812e-06
4.457875e-06	1.37736	3.92652e-06
4.465130e-06	1.37729	3.93499e-06
4.472396e-06	1.37722	3.94352e-06
4.479674e-06	1.37715	3.95213e-06
4.486964e-06	1.37708	3.96082e-06
4.494265e-06	1.37701	3.96957e-06
4.501579e-06	1.37694	3.97839e-06
4.508904e-06	1.37687	3.98729e-06
4.516241e-06	1.3768	3.99626e-06
4.523591e-06	1.37673	4.0053e-06
4.530952e-06	1.37666	4.01442e-06
4.538325e-06	1.37658	4.02361e-06
4.545710e-06	1.37651	4.03287e-06
4.553108e-06	1.37644	4.04221e-06
4.560517e-06	1.37637	4.05162e-06
4.567938e-06	1.37629	4.06111e-06
4.575372e-06	1.37622	4.07067e-06
4.582817e-06	1.37615	4.08031e-06
4.590275e-06	1.37608	4.09002e-06
4.597745e-06	1.376	4.09981e-06
4.605227e-06	1.37593	4.10968e-06
4.612721e-06	1.37585	4.11963e-06
4.620227e-06	1.37578	4.12965e-06
4.627745e-06	1.37571	4.13976e-06
4.635276e-06	1.37563	4.14994e-06
4.642819e-06	1.37556	4.1602e-06
4.650374e-06	1.37548	4.17054e-06
4.657942e-06	1.3754	4.18096e-06
4.665522e-06	1.37533	4.19146e-06
4.673114e-06	1.37525	4.20204e-06
4.680719e-06	1.37518	4.2127e-06
4.688336e-06	1.3751	4.22345e-06
4.695965e-06	1.37502	4.23427e-06
4.703607e-06	1.37495	4.24518e-06
4.711261e-06	1.37487	4.25617e-06
4.718928e-06	1.37479	4.26725e-06
4.726607e-06	1.37472	4.27841e-06
4.734298e-06	1.37464	4.28965e-06
4.742002e-06	1.37456	4.30098e-06
4.749719e-06	1.37448	4.31239e-06
4.757448e-06	1.3744	4.32389e-06
4.765190e-06	1.37433	4.33547e-06
4.772944e-06	1.37425	4.34715e-06
4.780712e-06	1.37417	4.35891e-06
4.788491e-06	1.37409	4.37075e-06
4.796283e-06	1.37401	4.38269e-06
4.804088e-06	1.37393	4.39471e-06
4.811906e-06	1.37385	4.40682e-06
4.819737e-06	1.37377	4.41902e-06
4.827580e-06	1.37369	4.43131e-06
4.835436e-06	1.37361	4.4437e-06
4.843304e-06	1.37353	4.45617e-06
4.851186e-06	1.37345	4.46873e-06
4.859080e-06	1.37336	4.48139e-06
4.866987e-06	1.37328	4.49414e-06
4.874908e-06	1.3732	4.50698e-06
4.882840e-06	1.37312	4.51992e-06
4.890786e-06	1.37304	4.53295e-06
4.898745e-06	1.37295	4.54607e-06
4.906717e-06	1.37287	4.55929e-06
4.914702e-06	1.37279	4.57261e-06
4.922699e-06	1.3727	4.58602e-06
4.930710e-06	1.37262	4.59953e-06
4.938734e-06	1.37253	4.61314e-06
4.946771e-06	1.37245	4.62684e-06
4.954820e-06	1.37237	4.64064e-06
4.962883e-06	1.37228	4.65454e-06
4.970960e-06	1.3722	4.66854e-06
4.979049e-06	1.37211	4.68265e-06
4.987151e-06	1.37202	4.69685e-06
4.995267e-06	1.37194	4.71115e-06
5.003396e-06	1.37185	4.72556e-06
5.011538e-06	1.37177	4.74007e-06
5.019693e-06	1.37168	4.75468e-06
5.027861e-06	1.37159	4.76939e-06
5.036043e-06	1.3715	4.78421e-06
5.044238e-06	1.37142	4.79914e-06
5.052447e-06	1.37133	4.81417e-06
5.060669e-06	1.37124	4.8293e-06
5.068904e-06	1.37115	4.84454e-06
5.077153e-06	1.37106	4.85989e-06
5.085415e-06	1.37098	4.87535e-06
5.093690e-06	1.37089	4.89092e-06
5.101979e-06	1.3708	4.9066e-06
5.110282e-06	1.37071	4.92238e-06
5.118598e-06	1.37062	4.93828e-06
5.126927e-06	1.37053	4.95429e-06
5.135270e-06	1.37044	4.97041e-06
5.143627e-06	1.37035	4.98665e-06
5.151997e-06	1.37025	5.00299e-06
5.160381e-06	1.37016	5.01946e-06
5.168778e-06	1.37007	5.03603e-06
5.177190e-06	1.36998	5.05272e-06
5.185614e-06	1.36989	5.06953e-06
5.194053e-06	1.36979	5.08646e-06
5.202505e-06	1.3697	5.1035e-06
5.210971e-06	1.36961	5.12066e-06
5.219451e-06	1.36951	5.13794e-06
5.227945e-06	1.36942	5.15534e-06
5.236452e-06	1.36933	5.17287e-06
5.244974e-06	1.36923	5.19051e-06
5.253509e-06	1.36914	5.20827e-06
5.262058e-06	1.36904	5.22616e-06
5.270621e-06	1.36895	5.24417e-06
5.279198e-06	1.36885	5.26231e-06
5.287788e-06	1.36875	5.28057e-06
5.296393e-06	1.36866	5.29896e-06
5.305012e-06	1.36856	5.31747e-06
5.313645e-06	1.36846	5.33611e-06
5.322292e-06	1.36837	5.35488e-06
5.330953e-06	1.36827	5.37378e-06
5.339628e-06	1.36817	5.39281e-06
5.348317e-06	1.36807	5.41198e-06
5.357020e-06	1.36798	5.43127e-06
5.365738e-06	1.36788	5.4507e-06
5.374470e-06	1.36778	5.47026e-06
5.383215e-06	1.36768	5.48995e-06
5.391976e-06	1.36758	5.50978e-06
5.400750e-06	1.36748	5.52975e-06
5.409539e-06	1.36738	5.54985e-06
5.418341e-06	1.36728	5.57009e-06
5.427159e-06	1.36718	5.59047e-06
5.435990e-06	1.36708	5.61099e-06
5.444836e-06	1.36697	5.63166e-06
5.453697e-06	1.36687	5.65246e-06
5.462572e-06	1.36677	5.67341e-06
5.471461e-06	1.36667	5.6945e-06
5.480365e-06	1.36656	5.71573e-06
5.489283e-06	1.36646	5.73712e-06
5.498215e-06	1.36636	5.75864e-06
5.507163e-06	1.36625	5.78032e-06
5.516125e-06	1.36615	5.80215e-06
5.525101e-06	1.36604	5.82412e-06
5.534092e-06	1.36594	5.84625e-06
5.543098e-06	1.36583	5.86853e-06
5.552118e-06	1.36573	5.89096e-06
5.561153e-06	1.36562	5.91355e-06
5.570203e-06	1.36551	5.93629e-06
5.579267e-06	1.36541	5.95919e-06
5.588346e-06	1.3653	5.98224e-06
5.597440e-06	1.36519	6.00546e-06
5.606549e-06	1.36509	6.02884e-06
5.615672e-06	1.36498	6.05237e-06
5.624811e-06	1.36487	6.07607e-06
5.633964e-06	1.36476	6.09994e-06
5.643132e-06	1.36465	6.12396e-06
5.652315e-06	1.36454	6.14816e-06
5.661513e-06	1.36443	6.17252e-06
5.670726e-06	1.36432	6.19705e-06
5.679954e-06	1.36421	6.22175e-06
5.689197e-06	1.3641	6.24662e-06
5.698455e-06	1.36399	6.27167e-06
5.707728e-06	1.36388	6.29689e-06
5.717017e-06	1.36376	6.32228e-06
5.726320e-06	1.36365	6.34785e-06
5.735638e-06	1.36354	6.3736e-06
5.744972e-06	1.36343	6.39953e-06
5.754321e-06	1.36331	6.42564e-06
5.763685e-06	1.3632	6.45193e-06
5.773064e-06	1.36308	6.47841e-06
5.782458e-06	1.36297	6.50507e-06
5.791868e-06	1.36285	6.53192e-06
5.801293e-06	1.36274	6.55896e-06
5.810734e-06	1.36262	6.58619e-06
5.820190e-06	1.36251	6.61361e-06
5.829661e-06	1.36239	6.64122e-06
5.839147e-06	1.36227	6.66903e-06
5.848650e-06	1.36215	6.69704e-06
5.858167e-06	1.36204	6.72524e-06
5.867700e-06	1.36192	6.75365e-06
5.877249e-06	1.3618	6.78226e-06
5.886813e-06	1.36168	6.81107e-06
5.896392e-06	1.36156	6.84009e-06
5.905987e-06	1.36144	6.86932e-06
5.915598e-06	1.36132	6.89875e-06
5.925225e-06	1.3612	6.9284e-06
5.934867e-06	1.36108	6.95826e-06
5.944525e-06	1.36096	6.98834e-06
5.954198e-06	1.36084	7.01864e-06
5.963888e-06	1.36071	7.04915e-06
5.973593e-06	1.36059	7.07989e-06
5.983313e-06	1.36047	7.11085e-06
5.993050e-06	1.36035	7.14204e-06
6.002803e-06	1.36022	7.17346e-06
6.012571e-06	1.3601	7.20511e-06
6.022355e-06	1.35997	7.23699e-06
6.032155e-06	1.35985	7.26911e-06
6.041972e-06	1.35972	7.30146e-06
6.051804e-06	1.3596	7.33406e-06
6.061652e-06	1.35947	7.3669e-06
6.071516e-06	1.35934	7.39999e-06
6.081396e-06	1.35922	7.43332e-06
6.091292e-06	1.35909	7.46691e-06
6.101205e-06	1.35896	7.50075e-06
6.111133e-06	1.35883	7.53484e-06
6.121078e-06	1.3587	7.5692e-06
6.131039e-06	1.35857	7.60382e-06
6.141016e-06	1.35844	7.6387e-06
6.151009e-06	1.35831	7.67386e-06
6.161019e-06	1.35818	7.70928e-06
6.171044e-06	1.35805	7.74498e-06
6.181087e-06	1.35792	7.78096e-06
6.191145e-06	1.35779	7.81722e-06
6.201220e-06	1.35765	7.85376e-06
6.211311e-06	1.35752	7.89059e-06
6.221419e-06	1.35739	7.92772e-06
6.231543e-06	1.35725	7.96514e-06
6.241684e-06	1.35712	8.00286e-06
6.251841e-06	1.35698	8.04088e-06
6.262014e-06	1.35685	8.07921e-06
6.272204e-06	1.35671	8.11785e-06
6.282411e-06	1.35658	8.1568e-06
6.292635e-06	1.35644	8.19608e-06
6.302875e-06	1.3563	8.23567e-06
6.313131e-06	1.35617	8.2756e-06
6.323405e-06	1.35603	8.31585e-06
6.333695e-06	1.35589	8.35645e-06
6.344002e-06	1.35575	8.39738e-06
6.354325e-06	1.35561	8.43866e-06
6.364666e-06	1.35547	8.48029e-06
6.375023e-06	1.35533	8.52227e-06
6.385397e-06	1.35519	8.56462e-06
6.395788e-06	1.35505	8.60733e-06
6.406196e-06	1.35491	8.65041e-06
6.416621e-06	1.35476	8.69387e-06
6.427062e-06	1.35462	8.73771e-06
6.437521e-06	1.35448	8.78194e-06
6.447997e-06	1.35433	8.82656e-06
6.458490e-06	1.35419	8.87157e-06
6.469000e-06	1.35405	8.917e-06
6.479527e-06	1.3539	8.96284e-06
6.490071e-06	1.35375	9.00909e-06
6.500632e-06	1.35361	9.05577e-06
6.511211e-06	1.35346	9.10287e-06
6.521806e-06	1.35331	9.15042e-06
6.532419e-06	1.35317	9.19841e-06
6.543049e-06	1.35302	9.24685e-06
6.553697e-06	1.35287	9.29575e-06
6.564362e-06	1.35272	9.34512e-06
6.575044e-06	1.35257	9.39496e-06
6.585744e-06	1.35242	9.44528e-06
6.596461e-06	1.35227	9.49609e-06
6.607195e-06	1.35212	9.5474e-06
6.617947e-06	1.35196	9.59922e-06
6.628716e-06	1.35181	9.65155e-06
6.639503e-06	1.35166	9.7044e-06
6.650308e-06	1.35151	9.75778e-06
6.661130e-06	1.35135	9.81171e-06
6.671969e-06	1.3512	9.86618e-06
6.682827e-06	1.35104	9.92122e-06
6.693702e-06	1.35089	9.97683e-06
6.704594e-06	1.35073	1.0033e-05
6.715505e-06	1.35057	1.00898e-05
6.726433e-06	1.35042	1.01472e-05
6.737379e-06	1.35026	1.02051e-05
6.748343e-06	1.3501	1.02638e-05
6.759324e-06	1.34994	1.0323e-05
6.770324e-06	1.34978	1.03829e-05
6.781341e-06	1.34962	1.04434e-05
6.792376e-06	1.34946	1.05046e-05
6.803430e-06	1.3493	1.05665e-05
6.814501e-06	1.34914	1.06291e-05
6.825590e-06	1.34898	1.06924e-05
6.836697e-06	1.34881	1.07564e-05
6.847823e-06	1.34865	1.08211e-05
6.858966e-06	1.34848	1.08866e-05
6.870128e-06	1.34832	1.09528e-05
6.881308e-06	1.34815	1.10199e-05
6.892506e-06	1.34799	1.10877e-05
6.903722e-06	1.34782	1.11563e-05
6.914956e-06	1.34766	1.12257e-05
6.926209e-06	1.34749	1.12959e-05
6.937480e-06	1.34732	1.1367e-05
6.948769e-06	1.34715	1.1439e-05
6.960077e-06	1.34698	1.15118e-05
6.971403e-06	1.34681	1.15856e-05
6.982748e-06	1.34664	1.16602e-05
6.994111e-06	1.34647	1.17358e-05
7.005492e-06	1.3463	1.18124e-05
7.016892e-06	1.34613	1.18899e-05
7.028311e-06	1.34595	1.19684e-05
7.039748e-06	1.34578	1.20479e-05
7.051204e-06	1.34561	1.21284e-05
7.062678e-06	1.34543	1.221e-05
7.074171e-06	1.34526	1.22927e-05
7.085683e-06	1.34508	1.23764e-05
7.097214e-06	1.3449	1.24612e-05
7.108763e-06	1.34473	1.25472e-05
7.120331e-06	1.34455	1.26343e-05
7.131918e-06	1.34437	1.27226e-05
7.143524e-06	1.34419	1.28121e-05
7.155149e-06	1.34401	1.29028e-05
7.166792e-06	1.34383	1.29948e-05
7.178455e-06	1.34365	1.3088e-05
7.190136e-06	1.34347	1.31826e-05
7.201837e-06	1.34328	1.32784e-05
7.213556e-06	1.3431	1.33756e-05
7.225295e-06	1.34292	1.34741e-05
7.237053e-06	1.34273	1.35741e-05
7.248830e-06	1.34255	1.36755e-05
7.260626e-06	1.34236	1.37783e-05
7.272441e-06	1.34218	1.38826e-05
7.284275e-06	1.34199	1.39884e-05
7.296129e-06	1.3418	1.40958e-05
7.308002e-06	1.34161	1.42047e-05
7.319894e-06	1.34143	1.43153e-05
7.331806e-06	1.34124	1.44274e-05
7.343737e-06	1.34105	1.45413e-05
7.355688e-06	1.34085	1.46568e-05
7.367657e-06	1.34066	1.4774e-05
7.379647e-06	1.34047	1.48931e-05
7.391656e-06	1.34028	1.50139e-05
7.403684e-06	1.34008	1.51365e-05
7.415732e-06	1.33989	1.5261e-05
7.427800e-06	1.33969	1.53874e-05
7.439887e-06	1.3395	1.55158e-05
7.451994e-06	1.3393	1.56461e-05
7.464121e-06	1.3391	1.57785e-05
7.476267e-06	1.33891	1.59129e-05
7.488433e-06	1.33871	1.60494e-05
7.500619e-06	1.33851	1.6188e-05
7.512825e-06	1.33831	1.63289e-05
7.525051e-06	1.33811	1.64719e-05
7.537296e-06	1.3379	1.66172e-05
7.549562e-06	1.3377	1.67648e-05
7.561847e-06	1.3375	1.69148e-05
7.574152e-06	1.3373	1.70671e-05
7.586478e-06	1.33709	1.72219e-05
7.598823e-06	1.33689	1.73792e-05
7.611189e-06	1.33668	1.7539e-05
7.623575e-06	1.33647	1.77013e-05
7.635980e-06	1.33627	1.78664e-05
7.648407e-06	1.33606	1.80341e-05
7.660853e-06	1.33585	1.82045e-05
7.673319e-06	1.33564	1.83777e-05
7.685806e-06	1.33543	1.85538e-05
7.698313e-06	1.33522	1.87327e-05
7.710841e-06	1.335	1.89146e-05
7.723389e-06	1.33479	1.90995e-05
7.735957e-06	1.33458	1.92874e-05
7.748546e-06	1.33436	1.94785e-05
7.761155e-06	1.33415	1.96727e-05
7.773785e-06	1.33393	1.98701e-05
7.786435e-06	1.33372	2.00709e-05
7.799106e-06	1.3335	2.0275e-05
7.811797e-06	1.33328	2.04825e-05
7.824509e-06	1.33306	2.06935e-05
7.837242e-06	1.33284	2.0908e-05
7.849996e-06	1.33262	2.11261e-05
7.862770e-06	1.3324	2.13479e-05
7.875565e-06	1.33218	2.15735e-05
7.888381e-06	1.33195	2.18029e-05
7.901218e-06	1.33173	2.20361e-05
7.914076e-06	1.3315	2.22733e-05
7.926954e-06	1.33128	2.25145e-05
7.939854e-06	1.33105	2.27598e-05
7.952774e-06	1.33082	2.30093e-05
7.965716e-06	1.33059	2.32631e-05
7.978678e-06	1.33037	2.35211e-05
7.991662e-06	1.33014	2.37836e-05
8.004667e-06	1.32991	2.40506e-05
8.017693e-06	1.32967	2.43221e-05
8.030740e-06	1.32944	2.45983e-05
8.043809e-06	1.32921	2.48792e-05
8.056898e-06	1.32897	2.5165e-05
8.070009e-06	1.32874	2.54556e-05
8.083142e-06	1.3285	2.57512e-05
8.096295e-06	1.32827	2.6052e-05
8.109470e-06	1.32803	2.63579e-05
8.122667e-06	1.32779	2.66691e-05
8.135885e-06	1.32755	2.69856e-05
8.149125e-06	1.32731	2.73076e-05
8.162386e-06	1.32707	2.76352e-05
8.175668e-06	1.32683	2.79684e-05
8.188973e-06	1.32658	2.83074e-05
8.202299e-06	1.32634	2.86523e-05
8.215646e-06	1.32609	2.90031e-05
8.229016e-06	1.32585	2.936e-05
8.242407e-06	1.3256	2.97231e-05
8.255819e-06	1.32535	3.00925e-05
8.269254e-06	1.3251	3.04683e-05
8.282711e-06	1.32486	3.08507e-05
8.296189e-06	1.3246	3.12396e-05
8.309690e-06	1.32435	3.16354e-05
8.323212e-06	1.3241	3.2038e-05
8.336756e-06	1.32385	3.24476e-05
8.350323e-06	1.32359	3.28644e-05
8.363911e-06	1.32334	3.32884e-05
8.377522e-06	1.32308	3.37197e-05
8.391155e-06	1.32282	3.41586e-05
8.404810e-06	1.32257	3.46052e-05
8.418487e-06	1.32231	3.50595e-05
8.432186e-06	1.32205	3.55218e-05
8.445908e-06	1.32179	3.59922e-05
8.459652e-06	1.32152	3.64707e-05
8.473418e-06	1.32126	3.69576e-05
8.487207e-06	1.321	3.7453e-05
8.501018e-06	1.32073	3.79571e-05
8.514852e-06	1.32047	3.847e-05
8.528708e-06	1.3202	3.89919e-05
8.542587e-06	1.31993	3.95229e-05
8.556488e-06	1.31966	4.00632e-05
8.570412e-06	1.31939	4.0613e-05
8.584359e-06	1.31912	4.11724e-05
8.598328e-06	1.31885	4.17416e-05
8.612321e-06	1.31857	4.23208e-05
8.626335e-06	1.3183	4.29102e-05
8.640373e-06	1.31803	4.35099e-05
8.654434e-06	1.31775	4.41201e-05
8.668517e-06	1.31747	4.47411e-05
8.682623e-06	1.31719	4.5373e-05
8.696752e-06	1.31691	4.6016e-05
8.710905e-06	1.31663	4.66703e-05
8.725080e-06	1.31635	4.73362e-05
8.739278e-06	1.31607	4.80138e-05
8.753500e-06	1.31578	4.87033e-05
8.767744e-06	1.3155	4.94051e-05
8.782012e-06	1.31521	5.01192e-05
8.796303e-06	1.31493	5.08459e-05
8.810617e-06	1.31464	5.15854e-05
8.824955e-06	1.31435	5.23381e-05
8.839316e-06	1.31406	5.3104e-05
8.853700e-06	1.31377	5.38836e-05
8.868108e-06	1.31347	5.46769e-05
8.882539e-06	1.31318	5.54844e-05
8.896993e-06	1.31288	5.63061e-05
8.911471e-06	1.31259	5.71425e-05
8.925973e-06	1.31229	5.79937e-05
8.940498e-06	1.31199	5.88601e-05
8.955047e-06	1.31169	5.9742e-05
8.969620e-06	1.31139	6.06395e-05
8.984216e-06	1.31109	6.15531e-05
8.998836e-06	1.31079	6.24829e-05
9.013480e-06	1.31048	6.34294e-05
9.028147e-06	1.31018	6.43929e-05
9.042839e-06	1.30987	6.53735e-05
9.057554e-06	1.30956	6.63718e-05
9.072294e-06	1.30925	6.7388e-05
9.087057e-06	1.30894	6.84224e-05
9.101844e-06	1.30863	6.94755e-05
9.116656e-06	1.30832	7.05475e-05
9.131491e-06	1.308	7.16388e-05
9.146351e-06	1.30769	7.27498e-05
9.161235e-06	1.30737	7.38808e-05
9.176143e-06	1.30705	7.50324e-05
9.191076e-06	1.30673	7.62047e-05
9.206032e-06	1.30641	7.73983e-05
9.221013e-06	1.30609	7.86136e-05
9.236019e-06	1.30577	7.9851e-05
9.251048e-06	1.30544	8.11108e-05
9.266103e-06	1.30512	8.23937e-05
9.281181e-06	1.30479	8.36999e-05
9.296285e-06	1.30446	8.50299e-05
9.311412e-06	1.30413	8.63843e-05
9.326565e-06	1.3038	8.77635e-05
9.341742e-06	1.30347	8.91679e-05
9.356944e-06	1.30314	9.05981e-05
9.372170e-06	1.3028	9.20547e-05
9.387422e-06	1.30247	9.3538e-05
9.402698e-06	1.30213	9.50487e-05
9.417999e-06	1.30179	9.65872e-05
9.433325e-06	1.30145	9.81542e-05
9.448676e-06	1.30111	9.97502e-05
9.464052e-06	1.30077	0.000101376
9.479452e-06	1.30042	0.000103031
9.494878e-06	1.30008	0.000104718
9.510329e-06	1.29973	0.000106436
9.525806e-06	1.29938	0.000108186
9.541307e-06	1.29903	0.000109968
9.556834e-06	1.29868	0.000111784
9.572385e-06	1.29833	0.000113634
9.587963e-06	1.29798	0.000115519
9.603565e-06	1.29762	0.000117439
9.619193e-06	1.29726	0.000119395
9.634846e-06	1.2969	0.000121388
9.650525e-06	1.29655	0.000123418
9.666229e-06	1.29618	0.000125487
9.681959e-06	1.29582	0.000127595
9.697715e-06	1.29546	0.000129743
9.713496e-06	1.29509	0.000131931
9.729303e-06	1.29472	0.000134161
9.745135e-06	1.29436	0.000136434
9.760993e-06	1.29398	0.00013875
9.776878e-06	1.29361	0.00014111
9.792787e-06	1.29324	0.000143515
9.808723e-06	1.29287	0.000145966
9.824685e-06	1.29249	0.000148464
9.840673e-06	1.29211	0.00015101
9.856687e-06	1.29173	0.000153605
9.872726e-06	1.29135	0.000156249
9.888792e-06	1.29097	0.000158945
9.904884e-06	1.29058	0.000161693
9.921002e-06	1.2902	0.000164493
9.937147e-06	1.28981	0.000167348
9.953318e-06	1.28942	0.000170258
9.969515e-06	1.28903	0.000173224
9.985738e-06	1.28864	0.000176249
1.000199e-05	1.28824	0.000179331
1.001826e-05	1.28785	0.000182474
1.003457e-05	1.28745	0.000185678
1.005090e-05	1.28705	0.000188944
1.006725e-05	1.28665	0.000192275
1.008363e-05	1.28625	0.00019567
1.010004e-05	1.28585	0.000199132
1.011648e-05	1.28544	0.000202661
1.013294e-05	1.28503	0.00020626
1.014943e-05	1.28463	0.000209929
1.016595e-05	1.28421	0.000213671
1.018249e-05	1.2838	0.000217486
1.019906e-05	1.28339	0.000221376
1.021566e-05	1.28297	0.000225343
1.023228e-05	1.28255	0.000229388
1.024893e-05	1.28213	0.000233513
1.026561e-05	1.28171	0.000237719
1.028232e-05	1.28129	0.000242008
1.029905e-05	1.28087	0.000246383
1.031581e-05	1.28044	0.000250844
1.033259e-05	1.28001	0.000255394
1.034941e-05	1.27958	0.000260033
1.036625e-05	1.27915	0.000264765
1.038312e-05	1.27871	0.000269591
1.040002e-05	1.27828	0.000274513
1.041694e-05	1.27784	0.000279532
1.043389e-05	1.2774	0.000284652
1.045087e-05	1.27696	0.000289874
1.046788e-05	1.27652	0.000295199
1.048491e-05	1.27607	0.000300631
1.050197e-05	1.27562	0.000306171
1.051906e-05	1.27518	0.000311821
1.053618e-05	1.27472	0.000317585
1.055333e-05	1.27427	0.000323463
1.057050e-05	1.27382	0.000329459
1.058770e-05	1.27336	0.000335574
1.060493e-05	1.2729	0.000341812
1.062219e-05	1.27244	0.000348174
1.063947e-05	1.27198	0.000354664
1.065679e-05	1.27151	0.000361284
1.067413e-05	1.27104	0.000368035
1.069150e-05	1.27058	0.000374922
1.070890e-05	1.2701	0.000381947
1.072632e-05	1.26963	0.000389112
1.074378e-05	1.26916	0.000396421
1.076126e-05	1.26868	0.000403876
1.077877e-05	1.2682	0.00041148
1.079632e-05	1.26772	0.000419236
1.081388e-05	1.26723	0.000427147
1.083148e-05	1.26675	0.000435217
1.084911e-05	1.26626	0.000443447
1.086676e-05	1.26577	0.000451843
1.088445e-05	1.26528	0.000460406
1.090216e-05	1.26478	0.000469141
1.091990e-05	1.26429	0.00047805
1.093767e-05	1.26379	0.000487136
1.095547e-05	1.26329	0.000496405
1.097330e-05	1.26278	0.000505858
1.099115e-05	1.26228	0.0005155
1.100904e-05	1.26177	0.000525334
1.102695e-05	1.26126	0.000535364
1.104490e-05	1.26075	0.000545595
1.106287e-05	1.26023	0.000556028
1.108087e-05	1.25972	0.00056667
1.109891e-05	1.2592	0.000577523
1.111697e-05	1.25868	0.000588592
1.113506e-05	1.25815	0.000599881
1.115318e-05	1.25763	0.000611394
1.117133e-05	1.2571	0.000623135
1.118951e-05	1.25657	0.00063511
1.120772e-05	1.25603	0.000647321
1.122595e-05	1.2555	0.000659774
1.124422e-05	1.25496	0.000672474
1.126252e-05	1.25442	0.000685424
1.128085e-05	1.25388	0.00069863
1.129920e-05	1.25333	0.000712097
1.131759e-05	1.25278	0.000725829
1.133601e-05	1.25223	0.000739832
1.135446e-05	1.25168	0.00075411
1.137293e-05	1.25112	0.000768668
1.139144e-05	1.25056	0.000783513
1.140998e-05	1.25	0.000798648
1.142854e-05	1.24944	0.000814081
1.144714e-05	1.24887	0.000829815
1.146577e-05	1.24831	0.000845857
1.148443e-05	1.24773	0.000862212
1.150312e-05	1.24716	0.000878886
1.152184e-05	1.24658	0.000895885
1.154059e-05	1.24601	0.000913215
1.155937e-05	1.24542	0.000930881
1.157818e-05	1.24484	0.00094889
1.159702e-05	1.24425	0.000967249
1.161589e-05	1.24366	0.000985963
1.163479e-05	1.24307	0.00100504
1.165373e-05	1.24247	0.00102448
1.167269e-05	1.24188	0.0010443
1.169168e-05	1.24128	0.0010645
1.171071e-05	1.24067	0.00108509
1.172977e-05	1.24007	0.00110607
1.174886e-05	1.23946	0.00112746
1.176797e-05	1.23884	0.00114926
1.178712e-05	1.23823	0.00117147
1.180631e-05	1.23761	0.00119411
1.182552e-05	1.23699	0.00121717
1.184476e-05	1.23637	0.00124068
1.186404e-05	1.23574	0.00126464
1.188334e-05	1.23511	0.00128904
1.190268e-05	1.23448	0.00131391
1.192205e-05	1.23384	0.00133925
1.194145e-05	1.23321	0.00136507
1.196088e-05	1.23256	0.00139138
1.198035e-05	1.23192	0.00141818
1.199984e-05	1.23127	0.00144548
1.201937e-05	1.23062	0.0014733
1.203893e-05	1.22997	0.00150163
1.205852e-05	1.22931	0.0015305
1.207814e-05	1.22865	0.0015599
1.209780e-05	1.22799	0.00158985
1.211748e-05	1.22732	0.00162036
1.213720e-05	1.22665	0.00165143
1.215695e-05	1.22598	0.00168308
1.217674e-05	1.22531	0.00171532
1.219655e-05	1.22463	0.00174815
1.221640e-05	1.22395	0.00178158
1.223628e-05	1.22326	0.00181563
1.225619e-05	1.22257	0.0018503
1.227614e-05	1.22188	0.00188561
1.229611e-05	1.22119	0.00192156
1.231612e-05	1.22049	0.00195817
1.233616e-05	1.21979	0.00199545
1.235624e-05	1.21908	0.0020334
1.237635e-05	1.21837	0.00207204
1.239649e-05	1.21766	0.00211138
1.241666e-05	1.21695	0.00215143
1.243687e-05	1.21623	0.00219221
1.245710e-05	1.2155	0.00223371
1.247738e-05	1.21478	0.00227597
1.249768e-05	1.21405	0.00231897
1.251802e-05	1.21332	0.00236275
1.253839e-05	1.21258	0.00240731
1.255879e-05	1.21184	0.00245267
1.257923e-05	1.2111	0.00249883
1.259970e-05	1.21035	0.0025458
1.262020e-05	1.2096	0.00259361
1.264074e-05	1.20885	0.00264227
1.266131e-05	1.20809	0.00269178
1.268191e-05	1.20733	0.00274216
1.270255e-05	1.20656	0.00279343
1.272322e-05	1.20579	0.00284559
1.274393e-05	1.20502	0.00289867
1.276466e-05	1.20425	0.00295267
1.278544e-05	1.20347	0.00300761
1.280624e-05	1.20268	0.00306351
1.282708e-05	1.2019	0.00312037
1.284795e-05	1.2011	0.00317821
1.286886e-05	1.20031	0.00323706
1.288980e-05	1.19951	0.00329692
1.291078e-05	1.19871	0.0033578
1.293179e-05	1.1979	0.00341973
1.295283e-05	1.19709	0.00348272
1.297391e-05	1.19628	0.00354678
1.299502e-05	1.19546	0.00361193
1.301617e-05	1.19463	0.00367819
1.303735e-05	1.19381	0.00374558
1.305857e-05	1.19298	0.0038141
1.307982e-05	1.19214	0.00388378
1.310110e-05	1.1913	0.00395463
1.312242e-05	1.19046	0.00402667
1.314378e-05	1.18961	0.00409992
1.316517e-05	1.18876	0.00417439
1.318659e-05	1.18791	0.00425011
1.320805e-05	1.18705	0.00432708
1.322954e-05	1.18618	0.00440534
1.325107e-05	1.18532	0.00448489
1.327263e-05	1.18445	0.00456576
1.329423e-05	1.18357	0.00464796
1.331586e-05	1.18269	0.00473151
1.333753e-05	1.1818	0.00481644
1.335924e-05	1.18091	0.00490276
1.338098e-05	1.18002	0.00499049
1.340275e-05	1.17912	0.00507965
1.342456e-05	1.17822	0.00517026
1.344641e-05	1.17731	0.00526234
1.346829e-05	1.1764	0.00535591
1.349021e-05	1.17549	0.005451
1.351216e-05	1.17457	0.00554762
1.353415e-05	1.17364	0.00564579
1.355617e-05	1.17271	0.00574554
1.357823e-05	1.17178	0.00584689
1.360033e-05	1.17084	0.00594985
1.362246e-05	1.1699	0.00605446
1.364463e-05	1.16895	0.00616073
1.366683e-05	1.168	0.00626869
1.368907e-05	1.16704	0.00637835
1.371135e-05	1.16608	0.00648975
1.373366e-05	1.16512	0.00660291
1.375601e-05	1.16415	0.00671784
1.377839e-05	1.16317	0.00683458
1.380082e-05	1.16219	0.00695314
1.382327e-05	1.1612	0.00707355
1.384577e-05	1.16021	0.00719585
1.386830e-05	1.15922	0.00732004
1.389087e-05	1.15822	0.00744616
1.391347e-05	1.15722	0.00757423
1.393611e-05	1.15621	0.00770427
1.395879e-05	1.15519	0.00783632
1.398151e-05	1.15417	0.0079704
1.400426e-05	1.15315	0.00810654
1.402705e-05	1.15212	0.00824476
1.404987e-05	1.15108	0.00838509
1.407274e-05	1.15004	0.00852755
1.409564e-05	1.149	0.00867218
1.411858e-05	1.14795	0.00881901
1.414155e-05	1.1469	0.00896805
1.416456e-05	1.14584	0.00911935
1.418761e-05	1.14477	0.00927292
1.421070e-05	1.1437	0.0094288
1.423383e-05	1.14262	0.00958702
1.425699e-05	1.14154	0.0097476
1.428019e-05	1.14046	0.00991059
1.430343e-05	1.13937	0.010076
1.432670e-05	1.13827	0.0102439
1.435002e-05	1.13717	0.0104142
1.437337e-05	1.13606	0.0105871
1.439676e-05	1.13495	0.0107625
1.442019e-05	1.13383	0.0109405
1.444365e-05	1.13271	0.0111212
1.446716e-05	1.13158	0.0113044
1.449070e-05	1.13044	0.0114904
1.451428e-05	1.1293	0.0116791
1.453790e-05	1.12816	0.0118705
1.456156e-05	1.127	0.0120647
1.458525e-05	1.12585	0.0122617
1.460899e-05	1.12469	0.0124616
1.463276e-05	1.12352	0.0126644
1.465657e-05	1.12234	0.01287
1.468042e-05	1.12116	0.0130787
1.470431e-05	1.11998	0.0132903
1.472824e-05	1.11879	0.013505
1.475221e-05	1.11759	0.0137227
1.477622e-05	1.11639	0.0139436
1.480026e-05	1.11518	0.0141676
1.482435e-05	1.11397	0.0143947
1.484847e-05	1.11275	0.0146251
1.487263e-05	1.11152	0.0148588
1.489683e-05	1.11029	0.0150957
1.492108e-05	1.10905	0.015336
1.494536e-05	1.10781	0.0155796
1.496968e-05	1.10656	0.0158267
1.499404e-05	1.1053	0.0160772
1.501844e-05	1.10404	0.0163313
1.504288e-05	1.10277	0.0165889
1.506736e-05	1.1015	0.01685
1.509188e-05	1.10022	0.0171148
1.511643e-05	1.09893	0.0173833
1.514103e-05	1.09764	0.0176554
1.516567e-05	1.09634	0.0179313
1.519035e-05	1.09504	0.0182111
1.521507e-05	1.09373	0.0184946
1.523983e-05	1.09241	0.0187821
1.526463e-05	1.09109	0.0190735
1.528947e-05	1.08976	0.0193689
1.531435e-05	1.08842	0.0196683
1.533927e-05	1.08708	0.0199718
1.536423e-05	1.08573	0.0202794
1.538924e-05	1.08437	0.0205912
1.541428e-05	1.08301	0.0209073
1.543936e-05	1.08164	0.0212275
1.546449e-05	1.08027	0.0215522
1.548965e-05	1.07889	0.0218811
1.551486e-05	1.0775	0.0222146
1.554011e-05	1.0761	0.0225524
1.556539e-05	1.0747	0.0228948
1.559072e-05	1.07329	0.0232418
1.561610e-05	1.07188	0.0235934
1.564151e-05	1.07046	0.0239497
1.566696e-05	1.06903	0.0243108
1.569246e-05	1.0676	0.0246766
1.571799e-05	1.06616	0.0250473
1.574357e-05	1.06471	0.0254229
1.576919e-05	1.06325	0.0258035
1.579485e-05	1.06179	0.026189
1.582055e-05	1.06032	0.0265797
1.584630e-05	1.05885	0.0269754
1.587209e-05	1.05737	0.0273764
1.589791e-05	1.05588	0.0277826
1.592378e-05	1.05438	0.0281942
1.594970e-05	1.05288	0.0286111
1.597565e-05	1.05137	0.0290334
1.600165e-05	1.04985	0.0294613
1.602769e-05	1.04833	0.0298947
1.605377e-05	1.0468	0.0303337
1.607990e-05	1.04526	0.0307785
1.610606e-05	1.04371	0.0312289
1.613227e-05	1.04216	0.0316852
1.615852e-05	1.0406	0.0321474
1.618482e-05	1.03903	0.0326155
1.621116e-05	1.03746	0.0330897
1.623754e-05	1.03588	0.0335699
1.626396e-05	1.03429	0.0340563
1.629043e-05	1.03269	0.0345489
1.631694e-05	1.03109	0.0350479
1.634349e-05	1.02948	0.0355532
1.637008e-05	1.02786	0.0360649
1.639672e-05	1.02624	0.0365831
1.642341e-05	1.02461	0.037108
1.645013e-05	1.02297	0.0376395
1.647690e-05	1.02132	0.0381777
1.650371e-05	1.01966	0.0387228
1.653057e-05	1.018	0.0392748
1.655747e-05	1.01633	0.0398337
1.658441e-05	1.01465	0.0403997
1.661140e-05	1.01297	0.0409728
1.663843e-05	1.01128	0.0415532
1.666551e-05	1.00958	0.0421408
1.669263e-05	1.00787	0.0427358
1.671979e-05	1.00615	0.0433383
1.674700e-05	1.00443	0.0439483
1.677425e-05	1.0027	0.044566
1.680155e-05	1.00096	0.0451914
1.682889e-05	0.999218	0.0458245
1.685628e-05	0.997464	0.0464656
1.688371e-05	0.995703	0.0471147
1.691118e-05	0.993934	0.0477719
1.693870e-05	0.992157	0.0484372
1.696627e-05	0.990373	0.0491108
1.699388e-05	0.98858	0.0497927
1.702153e-05	0.98678	0.0504831
1.704923e-05	0.984972	0.0511821
1.707697e-05	0.983156	0.0518897
1.710476e-05	0.981333	0.052606
1.713260e-05	0.979501	0.0533312
1.716048e-05	0.977662	0.0540653
1.718840e-05	0.975814	0.0548085
1.721637e-05	0.973959	0.0555609
1.724439e-05	0.972096	0.0563225
1.727245e-05	0.970225	0.0570934
1.730056e-05	0.968346	0.0578738
1.732871e-05	0.966459	0.0586639
1.735691e-05	0.964564	0.0594636
1.738516e-05	0.962661	0.0602731
1.741345e-05	0.96075	0.0610925
1.744178e-05	0.958831	0.0619219
1.747017e-05	0.956904	0.0627615
1.749860e-05	0.954969	0.0636114
1.752707e-05	0.953026	0.0644716
1.755559e-05	0.951075	0.0653423
1.758416e-05	0.949116	0.0662237
1.761278e-05	0.947149	0.0671158
1.764144e-05	0.945174	0.0680187
1.767015e-05	0.943191	0.0689327
1.769890e-05	0.9412	0.0698577
1.772770e-05	0.939201	0.070794
1.775655e-05	0.937194	0.0717417
1.778545e-05	0.935179	0.0727009
1.781439e-05	0.933156	0.0736717
1.784338e-05	0.931125	0.0746543
1.787241e-05	0.929086	0.0756488
1.790150e-05	0.927038	0.0766554
1.793063e-05	0.924983	0.0776742
1.795981e-05	0.92292	0.0787053
1.798903e-05	0.920849	0.0797488
1.801831e-05	0.91877	0.080805
1.804763e-05	0.916683	0.081874
1.807700e-05	0.914588	0.0829558
1.810641e-05	0.912486	0.0840508
1.813588e-05	0.910375	0.0851589
1.816539e-05	0.908256	0.0862804
1.819495e-05	0.90613	0.0874155
1.822456e-05	0.903996	0.0885642
1.825422e-05	0.901854	0.0897268
1.828392e-05	0.899704	0.0909033
1.831368e-05	0.897547	0.0920941
1.834348e-05	0.895381	0.0932991
1.837333e-05	0.893209	0.0945187
1.840323e-05	0.891028	0.095753
1.843317e-05	0.88884	0.097002
1.846317e-05	0.886644	0.0982661
1.849322e-05	0.884441	0.0995454
1.852331e-05	0.882231	0.10084
1.855345e-05	0.880013	0.10215
1.858364e-05	0.877787	0.103476
1.861389e-05	0.875555	0.104818
1.864418e-05	0.873315	0.106176
1.867452e-05	0.871067	0.10755
1.870491e-05	0.868813	0.10894
1.873534e-05	0.866552	0.110348
1.876583e-05	0.864283	0.111772
1.879637e-05	0.862008	0.113213
1.882696e-05	0.859726	0.114671
1.885759e-05	0.857437	0.116147
1.888828e-05	0.855141	0.11764
1.891902e-05	0.852839	0.119151
1.894980e-05	0.85053	0.120681
1.898064e-05	0.848215	0.122228
1.901153e-05	0.845893	0.123794
1.904247e-05	0.843565	0.125378
1.907345e-05	0.841231	0.126982
1.910449e-05	0.838891	0.128604
1.913558e-05	0.836545	0.130246
1.916672e-05	0.834193	0.131907
1.919791e-05	0.831836	0.133588
1.922915e-05	0.829473	0.135289
1.926044e-05	0.827105	0.13701
1.929179e-05	0.824731	0.138751
1.932318e-05	0.822352	0.140513
1.935462e-05	0.819968	0.142296
1.938612e-05	0.81758	0.144099
1.941767e-05	0.815186	0.145924
1.944927e-05	0.812789	0.147771
1.948092e-05	0.810386	0.149639
1.951262e-05	0.80798	0.151529
1.954437e-05	0.80557	0.153441
1.957617e-05	0.803156	0.155375
1.960803e-05	0.800738	0.157333
1.963994e-05	0.798317	0.159312
1.967190e-05	0.795892	0.161315
1.970391e-05	0.793465	0.163342
1.973597e-05	0.791035	0.165391
1.976809e-05	0.788603	0.167465
1.980026e-05	0.786168	0.169562
1.983248e-05	0.783731	0.171684
1.986475e-05	0.781292	0.17383
1.989708e-05	0.778852	0.176001
1.992946e-05	0.776411	0.178196
1.996189e-05	0.773968	0.180416
1.999437e-05	0.771525	0.182662
2.002691e-05	0.769082	0.184933
2.005950e-05	0.766638	0.18723
2.009214e-05	0.764195	0.189553
2.012484e-05	0.761752	0.191902
2.015759e-05	0.75931	0.194277
2.019039e-05	0.756869	0.196678
2.022325e-05	0.754429	0.199106
2.025616e-05	0.751992	0.201561
2.028912e-05	0.749557	0.204043
2.032214e-05	0.747124	0.206553
2.035521e-05	0.744694	0.209089
2.038833e-05	0.742268	0.211653
2.042151e-05	0.739845	0.214245
2.045474e-05	0.737427	0.216865
2.048803e-05	0.735013	0.219512
2.052137e-05	0.732604	0.222188
2.055476e-05	0.730201	0.224892
2.058821e-05	0.727803	0.227624
2.062171e-05	0.725412	0.230385
2.065527e-05	0.723027	0.233174
2.068888e-05	0.72065	0.235992
2.072255e-05	0.71828	0.238839
2.075627e-05	0.715918	0.241714
2.079005e-05	0.713566	0.244619
2.082388e-05	0.711222	0.247552
2.085777e-05	0.708887	0.250514
2.089171e-05	0.706563	0.253505
2.092571e-05	0.70425	0.256525
2.095976e-05	0.701947	0.259574
2.099387e-05	0.699656	0.262651
2.102803e-05	0.697377	0.265758
2.106225e-05	0.695111	0.268893
2.109652e-05	0.692858	0.272058
2.113085e-05	0.690619	0.275251
2.116524e-05	0.688394	0.278472
2.119968e-05	0.686184	0.281722
2.123418e-05	0.683989	0.285001
2.126873e-05	0.68181	0.288307
2.130335e-05	0.679648	0.291642
2.133801e-05	0.677502	0.295004
2.137274e-05	0.675374	0.298395
2.140752e-05	0.673263	0.301812
2.144235e-05	0.671171	0.305257
2.147725e-05	0.669099	0.308729
2.151220e-05	0.667045	0.312228
2.154720e-05	0.665012	0.315754
2.158227e-05	0.662999	0.319305
2.161739e-05	0.661007	0.322883
2.165256e-05	0.659037	0.326486
2.168780e-05	0.657089	0.330114
2.172309e-05	0.655163	0.333767
2.175844e-05	0.65326	0.337445
2.179385e-05	0.651381	0.341147
2.182932e-05	0.649526	0.344872
2.186484e-05	0.647694	0.348621
2.190042e-05	0.645888	0.352393
2.193606e-05	0.644106	0.356188
2.197175e-05	0.642351	0.360004
2.200751e-05	0.64062	0.363842
2.204332e-05	0.638917	0.367701
2.207919e-05	0.63724	0.371581
2.211512e-05	0.635589	0.375481
2.215111e-05	0.633966	0.3794
2.218716e-05	0.632371	0.383339
2.222326e-05	0.630803	0.387296
2.225943e-05	0.629264	0.391271
2.229565e-05	0.627753	0.395264
2.233193e-05	0.62627	0.399273
2.236827e-05	0.624817	0.403299
2.240467e-05	0.623392	0.407341
2.244113e-05	0.621997	0.411399
2.247765e-05	0.620631	0.415471
2.251423e-05	0.619294	0.419557
2.255086e-05	0.617988	0.423657
2.258756e-05	0.616711	0.42777
2.262432e-05	0.615464	0.431896
2.266113e-05	0.614246	0.436033
2.269801e-05	0.613059	0.440182
2.273495e-05	0.611902	0.444342
2.277194e-05	0.610775	0.448512
2.280900e-05	0.609679	0.452692
2.284612e-05	0.608612	0.456881
2.288330e-05	0.607575	0.461079
2.292053e-05	0.606569	0.465285
2.295783e-05	0.605593	0.469499
2.299519e-05	0.604646	0.47372
2.303261e-05	0.60373	0.477947
2.307009e-05	0.602843	0.482181
2.310763e-05	0.601986	0.48642
2.314524e-05	0.601159	0.490664
2.318290e-05	0.600361	0.494913
2.322063e-05	0.599592	0.499166
2.325841e-05	0.598853	0.503423
2.329626e-05	0.598143	0.507683
2.333417e-05	0.597461	0.511945
2.337214e-05	0.596808	0.51621
2.341018e-05	0.596184	0.520477
2.344827e-05	0.595588	0.524746
2.348643e-05	0.595021	0.529015
2.352465e-05	0.594481	0.533285
2.356293e-05	0.593969	0.537556
2.360128e-05	0.593484	0.541826
2.363968e-05	0.593027	0.546096
2.367815e-05	0.592597	0.550366
2.371668e-05	0.592193	0.554634
2.375528e-05	0.591816	0.5589
2.379393e-05	0.591466	0.563165
2.383265e-05	0.591141	0.567428
2.387144e-05	0.590842	0.571688
2.391028e-05	0.590569	0.575946
2.394919e-05	0.590321	0.580201
2.398817e-05	0.590098	0.584452
2.402720e-05	0.5899	0.5887
2.406630e-05	0.589727	0.592944
2.410546e-05	0.589578	0.597184
2.414469e-05	0.589452	0.60142
2.418398e-05	0.589351	0.605651
2.422334e-05	0.589272	0.609878
2.426275e-05	0.589217	0.6141
2.430224e-05	0.589185	0.618316
2.434178e-05	0.589176	0.622527
2.438140e-05	0.589189	0.626733
2.442107e-05	0.589224	0.630933
2.446081e-05	0.589281	0.635127
2.450062e-05	0.589359	0.639315
2.454049e-05	0.589459	0.643497
2.458042e-05	0.58958	0.647673
2.462042e-05	0.589722	0.651842
2.466049e-05	0.589884	0.656004
2.470062e-05	0.590066	0.66016
2.474081e-05	0.590269	0.664309
2.478107e-05	0.590491	0.668451
2.482140e-05	0.590733	0.672586
2.486179e-05	0.590994	0.676714
2.490225e-05	0.591274	0.680834
2.494277e-05	0.591573	0.684947
2.498336e-05	0.591891	0.689053
2.502402e-05	0.592227	0.693151
2.506474e-05	0.59258	0.697241
2.510553e-05	0.592952	0.701324
2.514638e-05	0.593341	0.705399
2.518730e-05	0.593748	0.709466
2.522829e-05	0.594172	0.713525
2.526934e-05	0.594613	0.717576
2.531046e-05	0.59507	0.721619
2.535165e-05	0.595544	0.725655
2.539291e-05	0.596035	0.729682
2.543423e-05	0.596541	0.733701
2.547562e-05	0.597064	0.737712
2.551707e-05	0.597601	0.741714
2.555860e-05	0.598155	0.745709
2.560019e-05	0.598724	0.749695
2.564185e-05	0.599307	0.753673
2.568358e-05	0.599906	0.757642
2.572537e-05	0.600519	0.761603
2.576723e-05	0.601147	0.765556
2.580916e-05	0.601789	0.769501
2.585116e-05	0.602445	0.773437
2.589323e-05	0.603115	0.777365
2.593537e-05	0.603799	0.781284
2.597757e-05	0.604497	0.785195
2.601985e-05	0.605208	0.789098
2.606219e-05	0.605932	0.792992
2.610460e-05	0.606669	0.796878
2.614708e-05	0.607419	0.800755
2.618963e-05	0.608182	0.804624
2.623225e-05	0.608958	0.808485
2.627493e-05	0.609746	0.812337
2.631769e-05	0.610546	0.816181
2.636052e-05	0.611359	0.820017
2.640341e-05	0.612183	0.823844
2.644638e-05	0.613019	0.827663
2.648942e-05	0.613867	0.831474
2.653252e-05	0.614726	0.835276
2.657570e-05	0.615597	0.83907
2.661895e-05	0.616479	0.842856
2.666226e-05	0.617373	0.846634
2.670565e-05	0.618277	0.850403
2.674911e-05	0.619192	0.854164
2.679264e-05	0.620118	0.857917
2.683624e-05	0.621055	0.861662
2.687991e-05	0.622002	0.865399
2.692365e-05	0.622959	0.869127
2.696746e-05	0.623927	0.872848
2.701135e-05	0.624904	0.87656
2.705530e-05	0.625892	0.880265
2.709933e-05	0.62689	0.883961
2.714343e-05	0.627897	0.88765
2.718760e-05	0.628914	0.89133
2.723184e-05	0.629941	0.895003
2.727616e-05	0.630977	0.898667
2.732054e-05	0.632022	0.902324
2.736500e-05	0.633077	0.905973
2.740953e-05	0.634141	0.909614
2.745414e-05	0.635214	0.913247
2.749881e-05	0.636295	0.916873
2.754356e-05	0.637386	0.920491
2.758838e-05	0.638485	0.924101
2.763328e-05	0.639593	0.927703
2.767825e-05	0.64071	0.931298
2.772329e-05	0.641835	0.934886
2.776840e-05	0.642968	0.938465
2.781359e-05	0.64411	0.942038
2.785885e-05	0.645259	0.945602
2.790418e-05	0.646417	0.949159
2.794959e-05	0.647583	0.952709
2.799507e-05	0.648757	0.956252
2.804063e-05	0.649939	0.959787
2.808626e-05	0.651128	0.963314
2.813197e-05	0.652325	0.966835
2.817775e-05	0.65353	0.970348
2.822360e-05	0.654742	0.973853
2.826953e-05	0.655962	0.977352
2.831553e-05	0.657189	0.980844
2.836161e-05	0.658424	0.984328
2.840776e-05	0.659665	0.987805
2.845399e-05	0.660914	0.991275
2.850029e-05	0.66217	0.994738
2.854667e-05	0.663433	0.998194
2.859313e-05	0.664703	1.00164
2.863966e-05	0.665979	1.00509
2.868626e-05	0.667263	1.00852
2.873294e-05	0.668553	1.01195
2.877970e-05	0.66985	1.01537
2.882653e-05	0.671154	1.01879
2.887344e-05	0.672464	1.02219
2.892043e-05	0.67378	1.02559
2.896749e-05	0.675104	1.02899
2.901463e-05	0.676433	1.03238
2.906184e-05	0.677769	1.03576
2.910914e-05	0.679111	1.03913
2.915651e-05	0.680459	1.0425
2.920395e-05	0.681813	1.04586
2.925148e-05	0.683174	1.04922
2.929908e-05	0.68454	1.05256
2.934676e-05	0.685913	1.05591
2.939451e-05	0.687291	1.05924
2.944235e-05	0.688675	1.06257
2.949026e-05	0.690065	1.06589
2.953825e-05	0.691461	1.06921
2.958631e-05	0.692863	1.07252
2.963446e-05	0.69427	1.07582
2.968268e-05	0.695682	1.07912
2.973099e-05	0.697101	1.08241
2.977937e-05	0.698525	1.0857
2.982783e-05	0.699954	1.08897
2.987637e-05	0.701389	1.09225
2.992498e-05	0.702829	1.09551
2.997368e-05	0.704274	1.09877
3.002246e-05	0.705725	1.10203
3.007131e-05	0.707181	1.10528
3.012025e-05	0.708642	1.10852
3.016926e-05	0.710108	1.11176
3.021836e-05	0.71158	1.11499
3.026753e-05	0.713056	1.11821
3.031679e-05	0.714538	1.12143
3.036612e-05	0.716024	1.12464
3.041554e-05	0.717516	1.12785
3.046503e-05	0.719012	1.13105
3.051461e-05	0.720513	1.13425
3.056426e-05	0.72202	1.13744
3.061400e-05	0.72353	1.14062
3.066382e-05	0.725046	1.1438
3.071372e-05	0.726566	1.14697
3.076370e-05	0.728091	1.15014
3.081376e-05	0.729621	1.1533
3.086390e-05	0.731155	1.15646
3.091413e-05	0.732694	1.15961
3.096444e-05	0.734237	1.16275
3.101482e-05	0.735785	1.16589
3.106529e-05	0.737337	1.16903
3.111585e-05	0.738894	1.17216
3.116648e-05	0.740455	1.17528
3.121720e-05	0.74202	1.1784
3.126800e-05	0.74359	1.18151
3.131888e-05	0.745164	1.18462
3.136985e-05	0.746743	1.18772
3.142089e-05	0.748325	1.19082
3.147203e-05	0.749912	1.19391
3.152324e-05	0.751503	1.19699
3.157454e-05	0.753098	1.20008
3.162592e-05	0.754697	1.20315
3.167738e-05	0.7563	1.20622
3.172893e-05	0.757908	1.20929
3.178057e-05	0.759519	1.21235
3.183228e-05	0.761134	1.2154
3.188408e-05	0.762754	1.21845
3.193597e-05	0.764377	1.2215
3.198794e-05	0.766004	1.22454
3.203999e-05	0.767635	1.22758
3.209213e-05	0.76927	1.23061
3.214435e-05	0.770909	1.23363
3.219666e-05	0.772551	1.23665
3.224906e-05	0.774197	1.23967
3.230154e-05	0.775847	1.24268
3.235410e-05	0.777501	1.24568
3.240675e-05	0.779159	1.24869
3.245948e-05	0.78082	1.25168
3.251231e-05	0.782484	1.25467
3.256521e-05	0.784153	1.25766
3.261821e-05	0.785825	1.26064
3.267129e-05	0.7875	1.26362
3.272445e-05	0.789179	1.26659
3.277771e-05	0.790862	1.26956
3.283104e-05	0.792548	1.27252
3.288447e-05	0.794238	1.27548
3.293798e-05	0.795931	1.27844
3.299158e-05	0.797627	1.28139
3.304527e-05	0.799327	1.28433
3.309905e-05	0.80103	1.28727
3.315291e-05	0.802737	1.29021
3.320686e-05	0.804447	1.29314
3.326089e-05	0.80616	1.29607
3.331502e-05	0.807877	1.29899
3.336923e-05	0.809597	1.30191
3.342354e-05	0.81132	1.30482
3.347793e-05	0.813046	1.30773
3.353240e-05	0.814776	1.31064
3.358697e-05	0.816508	1.31354
3.364163e-05	0.818244	1.31643
3.369637e-05	0.819984	1.31933
3.375121e-05	0.821726	1.32221
3.380613e-05	0.823471	1.3251
3.386114e-05	0.82522	1.32798
3.391625e-05	0.826971	1.33085
3.397144e-05	0.828726	1.33372
3.402672e-05	0.830483	1.33659
3.408209e-05	0.832244	1.33945
3.413755e-05	0.834008	1.34231
3.419311e-05	0.835774	1.34516
3.424875e-05	0.837544	1.34801
3.430448e-05	0.839317	1.35086
3.436030e-05	0.841092	1.3537
3.441622e-05	0.842871	1.35654
3.447222e-05	0.844652	1.35937
3.452832e-05	0.846436	1.3622
3.458451e-05	0.848223	1.36503
3.464079e-05	0.850013	1.36785
3.469716e-05	0.851806	1.37067
3.475362e-05	0.853601	1.37348
3.481018e-05	0.8554	1.37629
3.486682e-05	0.857201	1.3791
3.492356e-05	0.859005	1.3819
3.498039e-05	0.860811	1.3847
3.503732e-05	0.862621	1.3875
3.509433e-05	0.864433	1.39029
3.515144e-05	0.866248	1.39307
3.520864e-05	0.868065	1.39586
3.526594e-05	0.869885	1.39864
3.532333e-05	0.871708	1.40141
3.538081e-05	0.873534	1.40418
3.543839e-05	0.875362	1.40695
3.549605e-05	0.877192	1.40971
3.555382e-05	0.879026	1.41247
3.561167e-05	0.880862	1.41523
3.566962e-05	0.8827	1.41799
3.572767e-05	0.884541	1.42073
3.578581e-05	0.886385	1.42348
3.584404e-05	0.888231	1.42622
3.590237e-05	0.890079	1.42896
3.596080e-05	0.89193	1.4317
3.601932e-05	0.893784	1.43443
3.607793e-05	0.89564	1.43716
3.613664e-05	0.897498	1.43988
3.619545e-05	0.899359	1.4426
3.625435e-05	0.901223	1.44532
3.631334e-05	0.903088	1.44803
3.637244e-05	0.904957	1.45074
3.643162e-05	0.906827	1.45345
3.649091e-05	0.9087	1.45615
3.655029e-05	0.910575	1.45885
3.660977e-05	0.912453	1.46155
3.666934e-05	0.914333	1.46424
3.672902e-05	0.916215	1.46693
3.678879e-05	0.9181	1.46962
3.684865e-05	0.919987	1.4723
3.690862e-05	0.921876	1.47498
3.696868e-05	0.923768	1.47766
3.702884e-05	0.925662	1.48033
3.708909e-05	0.927558	1.483
3.714945e-05	0.929456	1.48567
3.720990e-05	0.931357	1.48833
3.727045e-05	0.933259	1.49099
3.733110e-05	0.935164	1.49365
3.739185e-05	0.937072	1.4963
3.745270e-05	0.938981	1.49895
3.751365e-05	0.940892	1.5016
3.757469e-05	0.942806	1.50425
3.763584e-05	0.944722	1.50689
3.769708e-05	0.94664	1.50952
3.775843e-05	0.94856	1.51216
3.781987e-05	0.950482	1.51479
3.788142e-05	0.952407	1.51742
3.794306e-05	0.954333	1.52004
3.800481e-05	0.956262	1.52267
3.806665e-05	0.958193	1.52529
3.812860e-05	0.960125	1.5279
3.819065e-05	0.96206	1.53051
3.825279e-05	0.963997	1.53312
3.831504e-05	0.965936	1.53573
3.837739e-05	0.967877	1.53834
3.843984e-05	0.96982	1.54094
3.850240e-05	0.971765	1.54354
3.856505e-05	0.973712	1.54613
3.862781e-05	0.975661	1.54872
3.869067e-05	0.977612	1.55131
3.875363e-05	0.979565	1.5539
3.881669e-05	0.98152	1.55648
3.887986e-05	0.983476	1.55906
3.894313e-05	0.985435	1.56164
3.900650e-05	0.987396	1.56422
3.906998e-05	0.989359	1.56679
3.913355e-05	0.991323	1.56936
3.919724e-05	0.99329	1.57192
3.926102e-05	0.995258	1.57449
3.932491e-05	0.997228	1.57705
3.938891e-05	0.999201	1.57961
3.945300e-05	1.00117	1.58216
3.951721e-05	1.00315	1.58471
3.958151e-05	1.00513	1.58726
3.964592e-05	1.00711	1.58981
3.971044e-05	1.00909	1.59235
3.977506e-05	1.01107	1.5949
3.983979e-05	1.01306	1.59744
3.990462e-05	1.01504	1.59997
3.996955e-05	1.01703	1.60251
4.003460e-05	1.01902	1.60504
4.009974e-05	1.02102	1.60756
4.016500e-05	1.02301	1.61009
4.023036e-05	1.02501	1.61261
4.029583e-05	1.027	1.61513
4.036140e-05	1.029	1.61765
4.042708e-05	1.03101	1.62017
4.049287e-05	1.03301	1.62268
4.055876e-05	1.03501	1.62519
4.062476e-05	1.03702	1.6277
4.069087e-05	1.03903	1.6302
4.075709e-05	1.04104	1.6327
4.082341e-05	1.04305	1.6352
4.088984e-05	1.04506	1.6377
4.095638e-05	1.04708	1.6402
4.102303e-05	1.04909	1.64269
4.108979e-05	1.05111	1.64518
4.115665e-05	1.05313	1.64767
4.122363e-05	1.05515	1.65015
4.129071e-05	1.05718	1.65264
4.135790e-05	1.0592	1.65512
4.142521e-05	1.06123	1.65759
4.149262e-05	1.06326	1.66007
4.156014e-05	1.06529	1.66254
4.162777e-05	1.06732	1.66501
4.169551e-05	1.06935	1.66748
4.176336e-05	1.07139	1.66995
4.183132e-05	1.07342	1.67241
4.189940e-05	1.07546	1.67487
4.196758e-05	1.0775	1.67733
4.203587e-05	1.07954	1.67979
4.210428e-05	1.08158	1.68224
4.217279e-05	1.08363	1.6847
4.224142e-05	1.08567	1.68715
4.231016e-05	1.08772	1.68959
4.237901e-05	1.08977	1.69204
4.244798e-05	1.09182	1.69448
4.251705e-05	1.09387	1.69692
4.258624e-05	1.09593	1.69936
4.265554e-05	1.09798	1.7018
4.272495e-05	1.10004	1.70423
4.279448e-05	1.1021	1.70666
4.286412e-05	1.10416	1.70909
4.293387e-05	1.10622	1.71152
4.300374e-05	1.10828	1.71395
4.307372e-05	1.11035	1.71637
4.314381e-05	1.11241	1.71879
4.321402e-05	1.11448	1.72121
4.328434e-05	1.11655	1.72363
4.335478e-05	1.11862	1.72605
4.342533e-05	1.12069	1.72846
4.349600e-05	1.12276	1.73087
4.356678e-05	1.12484	1.73328
4.363767e-05	1.12691	1.73568
4.370869e-05	1.12899	1.73809
4.377981e-05	1.13107	1.74049
4.385106e-05	1.13315	1.74289
4.392242e-05	1.13523	1.74529
4.399389e-05	1.13731	1.74769
4.406548e-05	1.1394	1.75008
4.413719e-05	1.14148	1.75248
4.420901e-05	1.14357	1.75487
4.428096e-05	1.14566	1.75726
4.435301e-05	1.14775	1.75964
4.442519e-05	1.14984	1.76203
4.449748e-05	1.15194	1.76441
4.456989e-05	1.15403	1.76679
4.464242e-05	1.15613	1.76917
4.471507e-05	1.15822	1.77155
4.478783e-05	1.16032	1.77392
4.486072e-05	1.16242	1.7763
4.493372e-05	1.16452	1.77867
4.500684e-05	1.16663	1.78104
4.508008e-05	1.16873	1.78341
4.515344e-05	1.17083	1.78577
4.522692e-05	1.17294	1.78814
4.530051e-05	1.17505	1.7905
4.537423e-05	1.17716	1.79286
4.544807e-05	1.17927	1.79522
4.552203e-05	1.18138	1.79757
4.559611e-05	1.1835	1.79993
4.567030e-05	1.18561	1.80228
4.574462e-05	1.18773	1.80463
4.581906e-05	1.18984	1.80698
4.589363e-05	1.19196	1.80933
4.596831e-05	1.19408	1.81168
4.604311e-05	1.1962	1.81402
4.611804e-05	1.19833	1.81637
4.619309e-05	1.20045	1.81871
4.626826e-05	1.20257	1.82105
4.634355e-05	1.2047	1.82339
4.641896e-05	1.20683	1.82572
4.649450e-05	1.20896	1.82806
4.657016e-05	1.21109	1.83039
4.664595e-05	1.21322	1.83272
4.672185e-05	1.21535	1.83505
4.679788e-05	1.21749	1.83738
4.687404e-05	1.21962	1.8397
4.695032e-05	1.22176	1.84203
4.702672e-05	1.22389	1.84435
4.710324e-05	1.22603	1.84667
4.717990e-05	1.22817	1.84899
4.725667e-05	1.23032	1.85131
4.733357e-05	1.23246	1.85363
4.741060e-05	1.2346	1.85594
4.748775e-05	1.23675	1.85826
4.756503e-05	1.23889	1.86057
4.764243e-05	1.24104	1.86288
4.771996e-05	1.24319	1.86519
4.779761e-05	1.24534	1.8675
4.787539e-05	1.24749	1.8698
4.795330e-05	1.24964	1.87211
4.803134e-05	1.2518	1.87441
4.810950e-05	1.25395	1.87671
4.818779e-05	1.25611	1.87901
4.826620e-05	1.25826	1.88131
4.834475e-05	1.26042	1.88361
4.842342e-05	1.26258	1.8859
4.850222e-05	1.26474	1.8882
4.858115e-05	1.26691	1.89049
4.866020e-05	1.26907	1.89278
4.873939e-05	1.27123	1.89507
4.881870e-05	1.2734	1.89736
4.889814e-05	1.27556	1.89965
4.897771e-05	1.27773	1.90193
4.905742e-05	1.2799	1.90422
4.913725e-05	1.28207	1.9065
4.921721e-05	1.28424	1.90878
4.929730e-05	1.28642	1.91106
4.937752e-05	1.28859	1.91334
4.945787e-05	1.29076	1.91562
4.953836e-05	1.29294	1.91789
4.961897e-05	1.29512	1.92017
4.969972e-05	1.29729	1.92244
4.978059e-05	1.29947	1.92472
4.986160e-05	1.30165	1.92699
4.994274e-05	1.30384	1.92926
5.002401e-05	1.30602	1.93153
5.010542e-05	1.3082	1.93379
5.018695e-05	1.31039	1.93606
5.026862e-05	1.31257	1.93832
5.035042e-05	1.31476	1.94059
5.043236e-05	1.31695	1.94285
5.051443e-05	1.31914	1.94511
5.059663e-05	1.32133	1.94737
5.067897e-05	1.32352	1.94963
5.076144e-05	1.32571	1.95189
5.084404e-05	1.32791	1.95414
5.092678e-05	1.3301	1.9564
5.100965e-05	1.3323	1.95865
5.109266e-05	1.33449	1.9609
5.117580e-05	1.33669	1.96316
5.125908e-05	1.33889	1.96541
5.134250e-05	1.34109	1.96766
5.142605e-05	1.34329	1.9699
5.150973e-05	1.3455	1.97215
5.159355e-05	1.3477	1.9744
5.167751e-05	1.3499	1.97664
5.176161e-05	1.35211	1.97889
5.184584e-05	1.35432	1.98113
5.193021e-05	1.35653	1.98337
5.201471e-05	1.35873	1.98561
5.209936e-05	1.36094	1.98785
5.218414e-05	1.36316	1.99009
5.226906e-05	1.36537	1.99232
5.235411e-05	1.36758	1.99456
5.243931e-05	1.3698	1.9968
5.252464e-05	1.37201	1.99903
5.261012e-05	1.37423	2.00126
5.269573e-05	1.37645	2.0035
5.278148e-05	1.37866	2.00573
5.286737e-05	1.38088	2.00796
5.295341e-05	1.3831	2.01019
5.303958e-05	1.38533	2.01241
5.312589e-05	1.38755	2.01464
5.321234e-05	1.38977	2.01687
5.329893e-05	1.392	2.01909
5.338567e-05	1.39422	2.02132
5.347254e-05	1.39645	2.02354
5.355956e-05	1.39868	2.02576
5.364671e-05	1.40091	2.02798
5.373401e-05	1.40314	2.0302
5.382145e-05	1.40537	2.03242
5.390904e-05	1.4076	2.03464
5.399676e-05	1.40983	2.03686
5.408463e-05	1.41207	2.03908
5.417265e-05	1.4143	2.04129
5.426080e-05	1.41654	2.04351
5.434910e-05	1.41878	2.04572
5.443754e-05	1.42102	2.04793
5.452613e-05	1.42326	2.05015
5.461486e-05	1.4255	2.05236
5.470373e-05	1.42774	2.05457
5.479275e-05	1.42998	2.05678
5.488192e-05	1.43222	2.05899
5.497123e-05	1.43447	2.0612
5.506068e-05	1.43671	2.0634
5.515028e-05	1.43896	2.06561
5.524003e-05	1.44121	2.06782
5.532992e-05	1.44346	2.07002
5.541996e-05	1.4457	2.07223
5.551014e-05	1.44796	2.07443
5.560048e-05	1.45021	2.07663
5.569095e-05	1.45246	2.07883
5.578158e-05	1.45471	2.08103
5.587235e-05	1.45697	2.08323
5.596327e-05	1.45922	2.08543
5.605434e-05	1.46148	2.08763
5.614556e-05	1.46374	2.08983
5.623693e-05	1.466	2.09203
5.632844e-05	1.46826	2.09423
5.642010e-05	1.47052	2.09642
5.651192e-05	1.47278	2.09862
5.660388e-05	1.47504	2.10081
5.669599e-05	1.4773	2.10301
5.678825e-05	1.47957	2.1052
5.688066e-05	1.48183	2.10739
5.697323e-05	1.4841	2.10958
5.706594e-05	1.48637	2.11177
5.715880e-05	1.48864	2.11397
5.725182e-05	1.49091	2.11616
5.734498e-05	1.49318	2.11834
5.743830e-05	1.49545	2.12053
5.753177e-05	1.49772	2.12272
5.762539e-05	1.49999	2.12491
5.771917e-05	1.50227	2.1271
5.781309e-05	1.50454	2.12928
5.790717e-05	1.50682	2.13147
5.800140e-05	1.5091	2.13365
5.809579e-05	1.51138	2.13584
5.819033e-05	1.51365	2.13802
5.828502e-05	1.51594	2.1402
5.837987e-05	1.51822	2.14239
5.847487e-05	1.5205	2.14457
5.857003e-05	1.52278	2.14675
5.866534e-05	1.52507	2.14893
5.876080e-05	1.52735	2.15111
5.885643e-05	1.52964	2.15329
5.895220e-05	1.53192	2.15547
5.904814e-05	1.53421	2.15765
5.914423e-05	1.5365	2.15983
5.924047e-05	1.53879	2.16201
5.933687e-05	1.54108	2.16418
5.943343e-05	1.54338	2.16636
5.953015e-05	1.54567	2.16854
5.962702e-05	1.54796	2.17071
5.972405e-05	1.55026	2.17289
5.982124e-05	1.55255	2.17506
5.991859e-05	1.55485	2.17724
6.001609e-05	1.55715	2.17941
6.011376e-05	1.55945	2.18159
6.021158e-05	1.56175	2.18376
6.030956e-05	1.56405	2.18593
6.040771e-05	1.56635	2.18811
6.050601e-05	1.56865	2.19028
6.060447e-05	1.57095	2.19245
6.070309e-05	1.57326	2.19462
6.080187e-05	1.57556	2.19679
6.090082e-05	1.57787	2.19896
6.099992e-05	1.58018	2.20113
6.109919e-05	1.58249	2.2033
6.119861e-05	1.5848	2.20547
6.129820e-05	1.58711	2.20764
6.139795e-05	1.58942	2.20981
6.149786e-05	1.59173	2.21198
6.159794e-05	1.59404	2.21414
6.169818e-05	1.59636	2.21631
6.179858e-05	1.59867	2.21848
6.189915e-05	1.60099	2.22065
6.199987e-05	1.60331	2.22281
6.210077e-05	1.60562	2.22498
6.220182e-05	1.60794	2.22714
6.230304e-05	1.61026	2.22931
6.240443e-05	1.61258	2.23148
6.250598e-05	1.61491	2.23364
6.260770e-05	1.61723	2.2358
6.270958e-05	1.61955	2.23797
6.281163e-05	1.62188	2.24013
6.291384e-05	1.6242	2.2423
6.301622e-05	1.62653	2.24446
6.311877e-05	1.62886	2.24662
6.322148e-05	1.63119	2.24879
6.332436e-05	1.63352	2.25095
6.342741e-05	1.63585	2.25311
6.353062e-05	1.63818	2.25527
6.363401e-05	1.64051	2.25744
6.373756e-05	1.64284	2.2596
6.384128e-05	1.64518	2.26176
6.394517e-05	1.64751	2.26392
6.404923e-05	1.64985	2.26608
6.415345e-05	1.65219	2.26824
6.425785e-05	1.65453	2.27041
6.436242e-05	1.65687	2.27257
6.446715e-05	1.65921	2.27473
6.457206e-05	1.66155	2.27689
6.467714e-05	1.66389	2.27905
6.478239e-05	1.66623	2.28121
6.488781e-05	1.66858	2.28337
6.499340e-05	1.67092	2.28553
6.509916e-05	1.67327	2.28769
6.520510e-05	1.67561	2.28985
6.531121e-05	1.67796	2.292
6.541749e-05	1.68031	2.29416
6.552394e-05	1.68266	2.29632
6.563057e-05	1.68501	2.29848
6.573737e-05	1.68736	2.30064
6.584435e-05	1.68972	2.3028
6.595150e-05	1.69207	2.30496
6.605882e-05	1.69442	2.30712
6.616632e-05	1.69678	2.30928
6.627399e-05	1.69914	2.31143
6.638184e-05	1.70149	2.31359
6.648986e-05	1.70385	2.31575
6.659806e-05	1.70621	2.31791
6.670643e-05	1.70857	2.32007
6.681499e-05	1.71093	2.32222
6.692371e-05	1.7133	2.32438
6.703262e-05	1.71566	2.32654
6.714170e-05	1.71802	2.3287
6.725096e-05	1.72039	2.33086
6.736040e-05	1.72276	2.33301
6.747001e-05	1.72512	2.33517
6.757981e-05	1.72749	2.33733
6.768978e-05	1.72986	2.33949
6.779993e-05	1.73223	2.34165
6.791026e-05	1.7346	2.3438
6.802077e-05	1.73697	2.34596
6.813146e-05	1.73935	2.34812
6.824233e-05	1.74172	2.35028
6.835339e-05	1.74409	2.35244
6.846462e-05	1.74647	2.35459
6.857603e-05	1.74885	2.35675
6.868762e-05	1.75123	2.35891
6.879940e-05	1.7536	2.36107
6.891136e-05	1.75598	2.36323
6.902350e-05	1.75836	2.36538
6.913582e-05	1.76075	2.36754
6.924832e-05	1.76313	2.3697
6.936101e-05	1.76551	2.37186
6.947388e-05	1.7679	2.37402
6.958694e-05	1.77028	2.37618
6.970018e-05	1.77267	2.37833
6.981360e-05	1.77506	2.38049
6.992721e-05	1.77745	2.38265
7.004100e-05	1.77984	2.38481
7.015498e-05	1.78223	2.38697
7.026914e-05	1.78462	2.38913
7.038349e-05	1.78701	2.39129
7.049802e-05	1.7894	2.39345
7.061275e-05	1.7918	2.39561
7.072765e-05	1.79419	2.39777
7.084275e-05	1.79659	2.39993
7.095803e-05	1.79899	2.40209
7.107350e-05	1.80139	2.40425
7.118916e-05	1.80379	2.40641
7.130501e-05	1.80619	2.40857
7.142104e-05	1.80859	2.41073
7.153727e-05	1.81099	2.41289
7.165368e-05	1.81339	2.41505
7.177028e-05	1.8158	2.41721
7.188707e-05	1.8182	2.41938
7.200405e-05	1.82061	2.42154
7.212123e-05	1.82302	2.4237
7.223859e-05	1.82543	2.42586
7.235614e-05	1.82784	2.42802
7.247389e-05	1.83025	2.43019
7.259183e-05	1.83266	2.43235
7.270995e-05	1.83507	2.43451
7.282828e-05	1.83748	2.43667
7.294679e-05	1.8399	2.43884
7.306550e-05	1.84231	2.441
7.318439e-05	1.84473	2.44317
7.330349e-05	1.84715	2.44533
7.342277e-05	1.84956	2.44749
7.354226e-05	1.85198	2.44966
7.366193e-05	1.8544	2.45182
7.378180e-05	1.85683	2.45399
7.390187e-05	1.85925	2.45616
7.402213e-05	1.86167	2.45832
7.414258e-05	1.8641	2.46049
7.426324e-05	1.86652	2.46265
7.438408e-05	1.86895	2.46482
7.450513e-05	1.87137	2.46699
7.462637e-05	1.8738	2.46915
7.474781e-05	1.87623	2.47132
7.486945e-05	1.87866	2.47349
7.499128e-05	1.88109	2.47566
7.511332e-05	1.88353	2.47783
7.523555e-05	1.88596	2.48
7.535798e-05	1.88839	2.48217
7.548061e-05	1.89083	2.48434
7.560344e-05	1.89327	2.48651
7.572647e-05	1.8957	2.48868
7.584970e-05	1.89814	2.49085
7.597313e-05	1.90058	2.49302
7.609676e-05	1.90302	2.49519
7.622059e-05	1.90546	2.49736
7.634463e-05	1.90791	2.49953
7.646886e-05	1.91035	2.50171
7.659330e-05	1.9128	2.50388
7.671794e-05	1.91524	2.50605
7.684279e-05	1.91769	2.50823
7.696783e-05	1.92014	2.5104
7.709308e-05	1.92259	2.51257
7.721854e-05	1.92503	2.51475
7.734419e-05	1.92749	2.51693
7.747006e-05	1.92994	2.5191
7.759612e-05	1.93239	2.52128
7.772239e-05	1.93484	2.52345
7.784887e-05	1.9373	2.52563
7.797556e-05	1.93976	2.52781
7.810245e-05	1.94221	2.52999
7.822954e-05	1.94467	2.53217
7.835685e-05	1.94713	2.53434
7.848436e-05	1.94959	2.53652
7.861207e-05	1.95205	2.5387
7.874000e-05	1.95451	2.54088
7.886813e-05	1.95698	2.54307
7.899647e-05	1.95944	2.54525
7.912503e-05	1.96191	2.54743
7.925379e-05	1.96437	2.54961
7.938276e-05	1.96684	2.55179
7.951194e-05	1.96931	2.55398
7.964133e-05	1.97178	2.55616
7.977093e-05	1.97425	2.55835
7.990074e-05	1.97672	2.56053
8.003076e-05	1.9792	2.56272
8.016099e-05	1.98167	2.5649
8.029144e-05	1.98414	2.56709
8.042210e-05	1.98662	2.56927
8.055297e-05	1.9891	2.57146
8.068405e-05	1.99158	2.57365
8.081535e-05	1.99406	2.57584
8.094686e-05	1.99654	2.57803
8.107859e-05	1.99902	2.58022
8.121053e-05	2.0015	2.58241
8.134268e-05	2.00398	2.5846
8.147505e-05	2.00647	2.58679
8.160763e-05	2.00895	2.58898
8.174043e-05	2.01144	2.59117
8.187345e-05	2.01393	2.59337
8.200668e-05	2.01642	2.59556
8.214013e-05	2.01891	2.59775
8.227380e-05	2.0214	2.59995
8.240768e-05	2.02389	2.60215
8.254179e-05	2.02638	2.60434
8.267611e-05	2.02888	2.60654
8.281065e-05	2.03137	2.60874
8.294540e-05	2.03387	2.61093
8.308038e-05	2.03637	2.61313
8.321558e-05	2.03887	2.61533
8.335099e-05	2.04137	2.61753
8.348663e-05	2.04387	2.61973
8.362249e-05	2.04637	2.62193
8.375857e-05	2.04887	2.62413
8.389487e-05	2.05138	2.62634
8.403139e-05	2.05388	2.62854
8.416814e-05	2.05639	2.63074
8.430510e-05	2.05889	2.63295
8.444229e-05	2.0614	2.63515
8.457971e-05	2.06391	2.63736
8.471734e-05	2.06642	2.63956
8.485520e-05	2.06894	2.64177
8.499329e-05	2.07145	2.64398
8.513160e-05	2.07396	2.64619
8.527013e-05	2.07648	2.6484
8.540889e-05	2.07899	2.65061
8.554788e-05	2.08151	2.65282
8.568709e-05	2.08403	2.65503
8.582653e-05	2.08655	2.65724
8.596619e-05	2.08907	2.65945
8.610609e-05	2.09159	2.66166
8.624621e-05	2.09412	2.66388
8.638656e-05	2.09664	2.66609
8.652713e-05	2.09916	2.66831
8.666794e-05	2.10169	2.67053
8.680897e-05	2.10422	2.67274
8.695024e-05	2.10675	2.67496
8.709173e-05	2.10928	2.67718
8.723346e-05	2.11181	2.6794
8.737541e-05	2.11434	2.68162
8.751760e-05	2.11687	2.68384
8.766002e-05	2.11941	2.68606
8.780267e-05	2.12194	2.68828
8.794555e-05	2.12448	2.69051
8.808866e-05	2.12702	2.69273
8.823201e-05	2.12956	2.69495
8.837559e-05	2.1321	2.69718
8.851940e-05	2.13464	2.6994
8.866345e-05	2.13718	2.70163
8.880773e-05	2.13972	2.70386
8.895225e-05	2.14227	2.70609
8.909700e-05	2.14481	2.70832
8.924199e-05	2.14736	2.71055
8.938721e-05	2.14991	2.71278
8.953267e-05	2.15246	2.71501
8.967837e-05	2.15501	2.71724
8.982430e-05	2.15756	2.71948
8.997047e-05	2.16011	2.72171
9.011688e-05	2.16266	2.72395
9.026353e-05	2.16522	2.72618
9.041042e-05	2.16778	2.72842
9.055754e-05	2.17033	2.73066
9.070491e-05	2.17289	2.73289
9.085251e-05	2.17545	2.73513
9.100035e-05	2.17801	2.73737
9.114844e-05	2.18057	2.73962
9.129677e-05	2.18314	2.74186
9.144533e-05	2.1857	2.7441
9.159414e-05	2.18827	2.74634
9.174319e-05	2.19083	2.74859
9.189249e-05	2.1934	2.75083
9.204202e-05	2.19597	2.75308
9.219180e-05	2.19854	2.75533
9.234183e-05	2.20111	2.75758
9.249210e-05	2.20369	2.75982
9.264261e-05	2.20626	2.76207
9.279337e-05	2.20883	2.76432
9.294437e-05	2.21141	2.76658
9.309562e-05	2.21399	2.76883
9.324711e-05	2.21657	2.77108
9.339885e-05	2.21915	2.77334
9.355084e-05	2.22173	2.77559
9.370308e-05	2.22431	2.77785
9.385556e-05	2.22689	2.78011
9.400829e-05	2.22948	2.78236
9.416127e-05	2.23206	2.78462
9.431450e-05	2.23465	2.78688
9.446798e-05	2.23724	2.78914
9.462171e-05	2.23983	2.79141
9.477568e-05	2.24242	2.79367
9.492991e-05	2.24501	2.79593
9.508439e-05	2.2476	2.7982
9.523912e-05	2.2502	2.80046
9.539411e-05	2.25279	2.80273
9.554934e-05	2.25539	2.805
9.570483e-05	2.25799	2.80727
9.586057e-05	2.26059	2.80954
9.601656e-05	2.26319	2.81181
9.617281e-05	2.26579	2.81408
9.632931e-05	2.26839	2.81635
9.648607e-05	2.271	2.81863
9.664308e-05	2.2736	2.8209
9.680035e-05	2.27621	2.82318
9.695787e-05	2.27882	2.82545
9.711565e-05	2.28143	2.82773
9.727369e-05	2.28404	2.83001
9.743198e-05	2.28665	2.83229
9.759053e-05	2.28926	2.83457
9.774934e-05	2.29187	2.83685
9.790841e-05	2.29449	2.83914
9.806774e-05	2.29711	2.84142
9.822732e-05	2.29972	2.84371
9.838717e-05	2.30234	2.84599
9.854727e-05	2.30496	2.84828
9.870764e-05	2.30759	2.85057
9.886827e-05	2.31021	2.85286
9.902916e-05	2.31283	2.85515
9.919031e-05	2.31546	2.85744
9.935172e-05	2.31808	2.85973
9.951339e-05	2.32071	2.86202
9.967533e-05	2.32334	2.86432
9.983753e-05	2.32597	2.86661
1.000000e-04	2.3286	2.86891
