Wavelength(m)	n	k
# material: Graphene
# source: lab MATLAB library, optprop_Gr_Falkovsky.m (Falkovsky/Kubo model)
# conditions: Ef = 0.4 eV, mobility = 10000 cm^2/Vs, T = 300 K
# note: sheet conductivity spread over 3.4e-10 m to give a bulk index; valid only at this gating
# type: model
# range: 1.5000e-07 - 1.0000e-04 m
# converted: 2026-08-03 by tools/convert_matlab_optprop.py
1.500000e-07	1.20324	0.668918
1.502441e-07	1.2037	0.669749
1.504886e-07	1.20416	0.67058
1.507335e-07	1.20463	0.671412
1.509788e-07	1.20509	0.672245
1.512245e-07	1.20556	0.673079
1.514705e-07	1.20603	0.673913
1.517170e-07	1.20649	0.674748
1.519639e-07	1.20696	0.675584
1.522112e-07	1.20743	0.67642
1.524589e-07	1.2079	0.677258
1.527070e-07	1.20837	0.678095
1.529555e-07	1.20884	0.678934
1.532044e-07	1.20932	0.679773
1.534537e-07	1.20979	0.680613
1.537034e-07	1.21026	0.681453
1.539536e-07	1.21074	0.682295
1.542041e-07	1.21121	0.683137
1.544550e-07	1.21169	0.683979
1.547064e-07	1.21217	0.684823
1.549581e-07	1.21265	0.685667
1.552103e-07	1.21312	0.686511
1.554629e-07	1.2136	0.687357
1.557158e-07	1.21408	0.688203
1.559692e-07	1.21457	0.68905
1.562230e-07	1.21505	0.689897
1.564773e-07	1.21553	0.690746
1.567319e-07	1.21601	0.691594
1.569870e-07	1.2165	0.692444
1.572424e-07	1.21698	0.693294
1.574983e-07	1.21747	0.694145
1.577546e-07	1.21796	0.694997
1.580113e-07	1.21844	0.695849
1.582684e-07	1.21893	0.696702
1.585260e-07	1.21942	0.697556
1.587840e-07	1.21991	0.698411
1.590424e-07	1.2204	0.699266
1.593012e-07	1.22089	0.700122
1.595604e-07	1.22139	0.700978
1.598200e-07	1.22188	0.701836
1.600801e-07	1.22237	0.702694
1.603406e-07	1.22287	0.703552
1.606015e-07	1.22337	0.704412
1.608629e-07	1.22386	0.705272
1.611247e-07	1.22436	0.706132
1.613869e-07	1.22486	0.706994
1.616495e-07	1.22536	0.707856
1.619125e-07	1.22586	0.708719
1.621760e-07	1.22636	0.709582
1.624399e-07	1.22686	0.710447
1.627043e-07	1.22736	0.711312
1.629690e-07	1.22786	0.712177
1.632342e-07	1.22837	0.713044
1.634999e-07	1.22887	0.713911
1.637659e-07	1.22938	0.714778
1.640324e-07	1.22988	0.715647
1.642994e-07	1.23039	0.716516
1.645667e-07	1.2309	0.717386
1.648345e-07	1.23141	0.718256
1.651028e-07	1.23192	0.719127
1.653714e-07	1.23243	0.719999
1.656405e-07	1.23294	0.720872
1.659101e-07	1.23345	0.721745
1.661801e-07	1.23396	0.722619
1.664505e-07	1.23448	0.723494
1.667214e-07	1.23499	0.72437
1.669927e-07	1.23551	0.725246
1.672644e-07	1.23602	0.726123
1.675366e-07	1.23654	0.727
1.678092e-07	1.23706	0.727878
1.680823e-07	1.23758	0.728757
1.683558e-07	1.2381	0.729637
1.686298e-07	1.23862	0.730517
1.689042e-07	1.23914	0.731398
1.691791e-07	1.23966	0.73228
1.694544e-07	1.24018	0.733162
1.697301e-07	1.24071	0.734046
1.700063e-07	1.24123	0.734929
1.702830e-07	1.24176	0.735814
1.705601e-07	1.24228	0.736699
1.708376e-07	1.24281	0.737585
1.711156e-07	1.24334	0.738472
1.713941e-07	1.24387	0.739359
1.716730e-07	1.2444	0.740247
1.719524e-07	1.24493	0.741136
1.722322e-07	1.24546	0.742026
1.725125e-07	1.24599	0.742916
1.727932e-07	1.24652	0.743807
1.730744e-07	1.24706	0.744698
1.733560e-07	1.24759	0.74559
1.736381e-07	1.24813	0.746483
1.739207e-07	1.24866	0.747377
1.742037e-07	1.2492	0.748272
1.744872e-07	1.24974	0.749167
1.747711e-07	1.25028	0.750062
1.750555e-07	1.25082	0.750959
1.753404e-07	1.25136	0.751856
1.756257e-07	1.2519	0.752754
1.759115e-07	1.25244	0.753653
1.761978e-07	1.25298	0.754552
1.764845e-07	1.25353	0.755452
1.767717e-07	1.25407	0.756353
1.770594e-07	1.25462	0.757254
1.773475e-07	1.25516	0.758156
1.776361e-07	1.25571	0.759059
1.779252e-07	1.25626	0.759963
1.782147e-07	1.25681	0.760867
1.785047e-07	1.25736	0.761772
1.787952e-07	1.25791	0.762678
1.790862e-07	1.25846	0.763584
1.793776e-07	1.25901	0.764491
1.796695e-07	1.25957	0.765399
1.799619e-07	1.26012	0.766308
1.802547e-07	1.26067	0.767217
1.805480e-07	1.26123	0.768127
1.808418e-07	1.26179	0.769037
1.811361e-07	1.26234	0.769949
1.814309e-07	1.2629	0.770861
1.817261e-07	1.26346	0.771774
1.820219e-07	1.26402	0.772687
1.823181e-07	1.26458	0.773601
1.826148e-07	1.26514	0.774516
1.829119e-07	1.26571	0.775432
1.832096e-07	1.26627	0.776348
1.835077e-07	1.26683	0.777265
1.838063e-07	1.2674	0.778183
1.841054e-07	1.26797	0.779101
1.844050e-07	1.26853	0.78002
1.847051e-07	1.2691	0.78094
1.850057e-07	1.26967	0.781861
1.853068e-07	1.27024	0.782782
1.856083e-07	1.27081	0.783704
1.859103e-07	1.27138	0.784627
1.862129e-07	1.27195	0.78555
1.865159e-07	1.27253	0.786474
1.868194e-07	1.2731	0.787399
1.871234e-07	1.27367	0.788325
1.874279e-07	1.27425	0.789251
1.877329e-07	1.27483	0.790178
1.880384e-07	1.2754	0.791106
1.883444e-07	1.27598	0.792034
1.886509e-07	1.27656	0.792963
1.889579e-07	1.27714	0.793893
1.892654e-07	1.27772	0.794823
1.895734e-07	1.2783	0.795755
1.898819e-07	1.27888	0.796687
1.901909e-07	1.27947	0.797619
1.905004e-07	1.28005	0.798553
1.908104e-07	1.28064	0.799487
1.911209e-07	1.28122	0.800422
1.914319e-07	1.28181	0.801357
1.917434e-07	1.2824	0.802293
1.920554e-07	1.28299	0.80323
1.923680e-07	1.28358	0.804168
1.926810e-07	1.28417	0.805106
1.929946e-07	1.28476	0.806045
1.933086e-07	1.28535	0.806985
1.936232e-07	1.28594	0.807926
1.939383e-07	1.28654	0.808867
1.942539e-07	1.28713	0.809809
1.945700e-07	1.28773	0.810752
1.948866e-07	1.28832	0.811695
1.952038e-07	1.28892	0.812639
1.955214e-07	1.28952	0.813584
1.958396e-07	1.29012	0.814529
1.961583e-07	1.29072	0.815476
1.964775e-07	1.29132	0.816423
1.967972e-07	1.29192	0.81737
1.971175e-07	1.29252	0.818319
1.974382e-07	1.29313	0.819268
1.977595e-07	1.29373	0.820218
1.980813e-07	1.29434	0.821168
1.984037e-07	1.29494	0.82212
1.987265e-07	1.29555	0.823072
1.990499e-07	1.29616	0.824024
1.993738e-07	1.29677	0.824978
1.996983e-07	1.29738	0.825932
2.000232e-07	1.29799	0.826887
2.003487e-07	1.2986	0.827842
2.006748e-07	1.29921	0.828799
2.010013e-07	1.29983	0.829756
2.013284e-07	1.30044	0.830714
2.016560e-07	1.30105	0.831672
2.019842e-07	1.30167	0.832631
2.023129e-07	1.30229	0.833591
2.026421e-07	1.30291	0.834552
2.029719e-07	1.30352	0.835513
2.033022e-07	1.30414	0.836475
2.036330e-07	1.30476	0.837438
2.039644e-07	1.30539	0.838402
2.042963e-07	1.30601	0.839366
2.046287e-07	1.30663	0.840331
2.049617e-07	1.30726	0.841296
2.052953e-07	1.30788	0.842263
2.056293e-07	1.30851	0.84323
2.059640e-07	1.30913	0.844198
2.062991e-07	1.30976	0.845166
2.066348e-07	1.31039	0.846136
2.069711e-07	1.31102	0.847106
2.073079e-07	1.31165	0.848077
2.076453e-07	1.31228	0.849048
2.079832e-07	1.31291	0.85002
2.083216e-07	1.31355	0.850993
2.086606e-07	1.31418	0.851967
2.090002e-07	1.31482	0.852941
2.093403e-07	1.31545	0.853916
2.096809e-07	1.31609	0.854892
2.100221e-07	1.31673	0.855869
2.103639e-07	1.31736	0.856846
2.107062e-07	1.318	0.857824
2.110491e-07	1.31864	0.858803
2.113926e-07	1.31929	0.859782
2.117366e-07	1.31993	0.860762
2.120811e-07	1.32057	0.861743
2.124262e-07	1.32121	0.862725
2.127719e-07	1.32186	0.863707
2.131182e-07	1.32251	0.86469
2.134650e-07	1.32315	0.865674
2.138123e-07	1.3238	0.866659
2.141603e-07	1.32445	0.867644
2.145088e-07	1.3251	0.86863
2.148579e-07	1.32575	0.869617
2.152075e-07	1.3264	0.870604
2.155577e-07	1.32705	0.871592
2.159085e-07	1.3277	0.872581
2.162598e-07	1.32836	0.873571
2.166117e-07	1.32901	0.874561
2.169642e-07	1.32967	0.875553
2.173173e-07	1.33033	0.876544
2.176709e-07	1.33098	0.877537
2.180252e-07	1.33164	0.87853
2.183800e-07	1.3323	0.879524
2.187353e-07	1.33296	0.880519
2.190913e-07	1.33362	0.881515
2.194478e-07	1.33429	0.882511
2.198049e-07	1.33495	0.883508
2.201626e-07	1.33561	0.884506
2.205209e-07	1.33628	0.885504
2.208797e-07	1.33695	0.886503
2.212392e-07	1.33761	0.887503
2.215992e-07	1.33828	0.888504
2.219598e-07	1.33895	0.889505
2.223210e-07	1.33962	0.890507
2.226828e-07	1.34029	0.89151
2.230451e-07	1.34096	0.892514
2.234081e-07	1.34163	0.893518
2.237717e-07	1.34231	0.894523
2.241358e-07	1.34298	0.895529
2.245005e-07	1.34366	0.896535
2.248659e-07	1.34433	0.897543
2.252318e-07	1.34501	0.898551
2.255983e-07	1.34569	0.899559
2.259654e-07	1.34637	0.900569
2.263331e-07	1.34705	0.901579
2.267015e-07	1.34773	0.90259
2.270704e-07	1.34841	0.903602
2.274399e-07	1.34909	0.904614
2.278100e-07	1.34978	0.905627
2.281807e-07	1.35046	0.906641
2.285520e-07	1.35115	0.907656
2.289239e-07	1.35184	0.908671
2.292965e-07	1.35252	0.909687
2.296696e-07	1.35321	0.910704
2.300434e-07	1.3539	0.911722
2.304177e-07	1.35459	0.91274
2.307927e-07	1.35528	0.913759
2.311682e-07	1.35597	0.914779
2.315444e-07	1.35667	0.915799
2.319212e-07	1.35736	0.916821
2.322986e-07	1.35806	0.917843
2.326766e-07	1.35875	0.918866
2.330553e-07	1.35945	0.919889
2.334345e-07	1.36015	0.920913
2.338144e-07	1.36085	0.921938
2.341949e-07	1.36155	0.922964
2.345760e-07	1.36225	0.923991
2.349577e-07	1.36295	0.925018
2.353400e-07	1.36365	0.926046
2.357230e-07	1.36435	0.927074
2.361066e-07	1.36506	0.928104
2.364908e-07	1.36576	0.929134
2.368757e-07	1.36647	0.930165
2.372611e-07	1.36718	0.931197
2.376472e-07	1.36789	0.932229
2.380340e-07	1.3686	0.933262
2.384213e-07	1.36931	0.934296
2.388093e-07	1.37002	0.935331
2.391979e-07	1.37073	0.936366
2.395872e-07	1.37144	0.937403
2.399770e-07	1.37216	0.938439
2.403676e-07	1.37287	0.939477
2.407587e-07	1.37359	0.940516
2.411505e-07	1.37431	0.941555
2.415429e-07	1.37502	0.942595
2.419360e-07	1.37574	0.943635
2.423297e-07	1.37646	0.944677
2.427240e-07	1.37718	0.945719
2.431190e-07	1.3779	0.946762
2.435146e-07	1.37863	0.947805
2.439109e-07	1.37935	0.94885
2.443078e-07	1.38008	0.949895
2.447054e-07	1.3808	0.950941
2.451036e-07	1.38153	0.951987
2.455025e-07	1.38225	0.953035
2.459020e-07	1.38298	0.954083
2.463021e-07	1.38371	0.955132
2.467029e-07	1.38444	0.956182
2.471044e-07	1.38517	0.957232
2.475065e-07	1.38591	0.958283
2.479093e-07	1.38664	0.959335
2.483127e-07	1.38737	0.960388
2.487168e-07	1.38811	0.961441
2.491215e-07	1.38885	0.962495
2.495269e-07	1.38958	0.96355
2.499330e-07	1.39032	0.964606
2.503397e-07	1.39106	0.965662
2.507471e-07	1.3918	0.96672
2.511551e-07	1.39254	0.967777
2.515638e-07	1.39328	0.968836
2.519732e-07	1.39403	0.969896
2.523832e-07	1.39477	0.970956
2.527939e-07	1.39552	0.972017
2.532053e-07	1.39626	0.973079
2.536173e-07	1.39701	0.974141
2.540300e-07	1.39776	0.975204
2.544434e-07	1.39851	0.976268
2.548575e-07	1.39926	0.977333
2.552722e-07	1.40001	0.978398
2.556876e-07	1.40076	0.979465
2.561037e-07	1.40151	0.980532
2.565204e-07	1.40226	0.9816
2.569379e-07	1.40302	0.982668
2.573560e-07	1.40378	0.983737
2.577748e-07	1.40453	0.984807
2.581943e-07	1.40529	0.985878
2.586144e-07	1.40605	0.98695
2.590353e-07	1.40681	0.988022
2.594568e-07	1.40757	0.989095
2.598790e-07	1.40833	0.990169
2.603019e-07	1.40909	0.991244
2.607255e-07	1.40986	0.992319
2.611498e-07	1.41062	0.993395
2.615748e-07	1.41139	0.994472
2.620004e-07	1.41215	0.99555
2.624268e-07	1.41292	0.996628
2.628538e-07	1.41369	0.997707
2.632816e-07	1.41446	0.998787
2.637100e-07	1.41523	0.999868
2.641391e-07	1.416	1.00095
2.645690e-07	1.41677	1.00203
2.649995e-07	1.41755	1.00311
2.654307e-07	1.41832	1.0042
2.658627e-07	1.4191	1.00528
2.662953e-07	1.41987	1.00637
2.667287e-07	1.42065	1.00745
2.671627e-07	1.42143	1.00854
2.675975e-07	1.42221	1.00963
2.680329e-07	1.42299	1.01072
2.684691e-07	1.42377	1.01181
2.689060e-07	1.42456	1.0129
2.693436e-07	1.42534	1.01399
2.697819e-07	1.42612	1.01508
2.702209e-07	1.42691	1.01617
2.706606e-07	1.4277	1.01726
2.711011e-07	1.42848	1.01836
2.715422e-07	1.42927	1.01945
2.719841e-07	1.43006	1.02055
2.724267e-07	1.43085	1.02164
2.728700e-07	1.43164	1.02274
2.733141e-07	1.43244	1.02384
2.737588e-07	1.43323	1.02494
2.742043e-07	1.43402	1.02604
2.746505e-07	1.43482	1.02714
2.750975e-07	1.43562	1.02824
2.755451e-07	1.43641	1.02934
2.759935e-07	1.43721	1.03044
2.764427e-07	1.43801	1.03154
2.768925e-07	1.43881	1.03265
2.773431e-07	1.43962	1.03375
2.777944e-07	1.44042	1.03486
2.782465e-07	1.44122	1.03596
2.786993e-07	1.44203	1.03707
2.791528e-07	1.44283	1.03818
2.796071e-07	1.44364	1.03929
2.800621e-07	1.44445	1.04039
2.805178e-07	1.44526	1.0415
2.809743e-07	1.44607	1.04262
2.814315e-07	1.44688	1.04373
2.818895e-07	1.44769	1.04484
2.823482e-07	1.4485	1.04595
2.828077e-07	1.44932	1.04707
2.832679e-07	1.45013	1.04818
2.837289e-07	1.45095	1.0493
2.841906e-07	1.45176	1.05041
2.846530e-07	1.45258	1.05153
2.851163e-07	1.4534	1.05265
2.855802e-07	1.45422	1.05377
2.860450e-07	1.45504	1.05489
2.865104e-07	1.45586	1.05601
2.869767e-07	1.45669	1.05713
2.874437e-07	1.45751	1.05825
2.879114e-07	1.45834	1.05937
2.883799e-07	1.45916	1.06049
2.888492e-07	1.45999	1.06162
2.893193e-07	1.46082	1.06274
2.897901e-07	1.46165	1.06387
2.902617e-07	1.46248	1.06499
2.907340e-07	1.46331	1.06612
2.912071e-07	1.46414	1.06725
2.916810e-07	1.46498	1.06838
2.921556e-07	1.46581	1.06951
2.926311e-07	1.46665	1.07064
2.931073e-07	1.46748	1.07177
2.935842e-07	1.46832	1.0729
2.940620e-07	1.46916	1.07403
2.945405e-07	1.47	1.07517
2.950198e-07	1.47084	1.0763
2.954999e-07	1.47168	1.07744
2.959808e-07	1.47252	1.07857
2.964624e-07	1.47337	1.07971
2.969449e-07	1.47421	1.08085
2.974281e-07	1.47506	1.08198
2.979121e-07	1.47591	1.08312
2.983969e-07	1.47675	1.08426
2.988825e-07	1.4776	1.0854
2.993688e-07	1.47845	1.08654
2.998560e-07	1.4793	1.08769
3.003440e-07	1.48016	1.08883
3.008327e-07	1.48101	1.08997
3.013223e-07	1.48186	1.09112
3.018126e-07	1.48272	1.09226
3.023037e-07	1.48358	1.09341
3.027957e-07	1.48443	1.09455
3.032884e-07	1.48529	1.0957
3.037820e-07	1.48615	1.09685
3.042763e-07	1.48701	1.098
3.047715e-07	1.48787	1.09915
3.052674e-07	1.48874	1.1003
3.057642e-07	1.4896	1.10145
3.062617e-07	1.49047	1.1026
3.067601e-07	1.49133	1.10376
3.072593e-07	1.4922	1.10491
3.077593e-07	1.49307	1.10607
3.082601e-07	1.49394	1.10722
3.087618e-07	1.49481	1.10838
3.092642e-07	1.49568	1.10953
3.097675e-07	1.49655	1.11069
3.102716e-07	1.49742	1.11185
3.107765e-07	1.4983	1.11301
3.112822e-07	1.49917	1.11417
3.117887e-07	1.50005	1.11533
3.122961e-07	1.50093	1.11649
3.128043e-07	1.50181	1.11766
3.133133e-07	1.50269	1.11882
3.138232e-07	1.50357	1.11998
3.143339e-07	1.50445	1.12115
3.148454e-07	1.50533	1.12232
3.153578e-07	1.50622	1.12348
3.158709e-07	1.5071	1.12465
3.163850e-07	1.50799	1.12582
3.168998e-07	1.50888	1.12699
3.174155e-07	1.50976	1.12816
3.179320e-07	1.51065	1.12933
3.184494e-07	1.51154	1.1305
3.189676e-07	1.51244	1.13167
3.194867e-07	1.51333	1.13284
3.200066e-07	1.51422	1.13402
3.205273e-07	1.51512	1.13519
3.210489e-07	1.51601	1.13637
3.215714e-07	1.51691	1.13754
3.220946e-07	1.51781	1.13872
3.226188e-07	1.51871	1.1399
3.231438e-07	1.51961	1.14108
3.236696e-07	1.52051	1.14226
3.241964e-07	1.52141	1.14344
3.247239e-07	1.52232	1.14462
3.252523e-07	1.52322	1.1458
3.257816e-07	1.52413	1.14698
3.263118e-07	1.52503	1.14817
3.268428e-07	1.52594	1.14935
3.273746e-07	1.52685	1.15054
3.279074e-07	1.52776	1.15172
3.284410e-07	1.52867	1.15291
3.289755e-07	1.52959	1.1541
3.295108e-07	1.5305	1.15529
3.300470e-07	1.53141	1.15647
3.305841e-07	1.53233	1.15766
3.311221e-07	1.53325	1.15886
3.316609e-07	1.53416	1.16005
3.322006e-07	1.53508	1.16124
3.327412e-07	1.536	1.16243
3.332827e-07	1.53692	1.16363
3.338250e-07	1.53785	1.16482
3.343683e-07	1.53877	1.16602
3.349124e-07	1.53969	1.16721
3.354574e-07	1.54062	1.16841
3.360033e-07	1.54155	1.16961
3.365501e-07	1.54247	1.17081
3.370977e-07	1.5434	1.17201
3.376463e-07	1.54433	1.17321
3.381957e-07	1.54526	1.17441
3.387461e-07	1.5462	1.17561
3.392973e-07	1.54713	1.17681
3.398495e-07	1.54806	1.17802
3.404025e-07	1.549	1.17922
3.409564e-07	1.54994	1.18043
3.415113e-07	1.55087	1.18163
3.420670e-07	1.55181	1.18284
3.426237e-07	1.55275	1.18405
3.431812e-07	1.55369	1.18526
3.437397e-07	1.55464	1.18647
3.442990e-07	1.55558	1.18768
3.448593e-07	1.55652	1.18889
3.454205e-07	1.55747	1.1901
3.459826e-07	1.55842	1.19131
3.465456e-07	1.55937	1.19253
3.471096e-07	1.56031	1.19374
3.476744e-07	1.56126	1.19496
3.482402e-07	1.56222	1.19617
3.488069e-07	1.56317	1.19739
3.493745e-07	1.56412	1.19861
3.499430e-07	1.56508	1.19982
3.505125e-07	1.56603	1.20104
3.510829e-07	1.56699	1.20226
3.516542e-07	1.56795	1.20348
3.522264e-07	1.56891	1.20471
3.527996e-07	1.56987	1.20593
3.533737e-07	1.57083	1.20715
3.539488e-07	1.57179	1.20838
3.545248e-07	1.57276	1.2096
3.551017e-07	1.57372	1.21083
3.556795e-07	1.57469	1.21205
3.562583e-07	1.57565	1.21328
3.568381e-07	1.57662	1.21451
3.574188e-07	1.57759	1.21574
3.580004e-07	1.57856	1.21697
3.585830e-07	1.57953	1.2182
3.591665e-07	1.58051	1.21943
3.597510e-07	1.58148	1.22066
3.603364e-07	1.58246	1.2219
3.609228e-07	1.58343	1.22313
3.615101e-07	1.58441	1.22436
3.620984e-07	1.58539	1.2256
3.626876e-07	1.58637	1.22684
3.632778e-07	1.58735	1.22807
3.638690e-07	1.58833	1.22931
3.644611e-07	1.58932	1.23055
3.650542e-07	1.5903	1.23179
3.656483e-07	1.59129	1.23303
3.662433e-07	1.59227	1.23427
3.668393e-07	1.59326	1.23551
3.674362e-07	1.59425	1.23676
3.680341e-07	1.59524	1.238
3.686330e-07	1.59623	1.23925
3.692329e-07	1.59722	1.24049
3.698338e-07	1.59822	1.24174
3.704356e-07	1.59921	1.24299
3.710384e-07	1.60021	1.24423
3.716422e-07	1.60121	1.24548
3.722470e-07	1.6022	1.24673
3.728527e-07	1.6032	1.24798
3.734595e-07	1.6042	1.24923
3.740672e-07	1.60521	1.25049
3.746759e-07	1.60621	1.25174
3.752857e-07	1.60721	1.25299
3.758964e-07	1.60822	1.25425
3.765081e-07	1.60923	1.2555
3.771207e-07	1.61023	1.25676
3.777344e-07	1.61124	1.25802
3.783491e-07	1.61225	1.25927
3.789648e-07	1.61326	1.26053
3.795815e-07	1.61428	1.26179
3.801992e-07	1.61529	1.26305
3.808179e-07	1.61631	1.26431
3.814376e-07	1.61732	1.26558
3.820583e-07	1.61834	1.26684
3.826800e-07	1.61936	1.2681
3.833028e-07	1.62038	1.26937
3.839265e-07	1.6214	1.27063
3.845513e-07	1.62242	1.2719
3.851771e-07	1.62344	1.27317
3.858039e-07	1.62447	1.27443
3.864317e-07	1.62549	1.2757
3.870605e-07	1.62652	1.27697
3.876904e-07	1.62755	1.27824
3.883213e-07	1.62858	1.27951
3.889532e-07	1.62961	1.28079
3.895861e-07	1.63064	1.28206
3.902201e-07	1.63167	1.28333
3.908551e-07	1.63271	1.28461
3.914912e-07	1.63374	1.28588
3.921282e-07	1.63478	1.28716
3.927663e-07	1.63582	1.28844
3.934055e-07	1.63686	1.28971
3.940457e-07	1.6379	1.29099
3.946869e-07	1.63894	1.29227
3.953292e-07	1.63998	1.29355
3.959725e-07	1.64103	1.29483
3.966169e-07	1.64207	1.29611
3.972623e-07	1.64312	1.2974
3.979088e-07	1.64416	1.29868
3.985563e-07	1.64521	1.29997
3.992048e-07	1.64626	1.30125
3.998545e-07	1.64731	1.30254
4.005052e-07	1.64837	1.30382
4.011569e-07	1.64942	1.30511
4.018097e-07	1.65047	1.3064
4.024636e-07	1.65153	1.30769
4.031185e-07	1.65259	1.30898
4.037745e-07	1.65365	1.31027
4.044316e-07	1.65471	1.31156
4.050897e-07	1.65577	1.31286
4.057489e-07	1.65683	1.31415
4.064092e-07	1.65789	1.31545
4.070705e-07	1.65896	1.31674
4.077329e-07	1.66002	1.31804
4.083964e-07	1.66109	1.31933
4.090610e-07	1.66216	1.32063
4.097267e-07	1.66323	1.32193
4.103934e-07	1.6643	1.32323
4.110613e-07	1.66537	1.32453
4.117302e-07	1.66645	1.32583
4.124002e-07	1.66752	1.32713
4.130713e-07	1.6686	1.32844
4.137435e-07	1.66967	1.32974
4.144168e-07	1.67075	1.33105
4.150912e-07	1.67183	1.33235
4.157666e-07	1.67291	1.33366
4.164432e-07	1.67399	1.33496
4.171209e-07	1.67508	1.33627
4.177997e-07	1.67616	1.33758
4.184796e-07	1.67725	1.33889
4.191606e-07	1.67834	1.3402
4.198427e-07	1.67942	1.34151
4.205259e-07	1.68051	1.34282
4.212102e-07	1.6816	1.34414
4.218956e-07	1.6827	1.34545
4.225822e-07	1.68379	1.34677
4.232699e-07	1.68489	1.34808
4.239586e-07	1.68598	1.3494
4.246485e-07	1.68708	1.35071
4.253396e-07	1.68818	1.35203
4.260317e-07	1.68928	1.35335
4.267250e-07	1.69038	1.35467
4.274194e-07	1.69148	1.35599
4.281150e-07	1.69259	1.35731
4.288116e-07	1.69369	1.35864
4.295094e-07	1.6948	1.35996
4.302084e-07	1.6959	1.36128
4.309085e-07	1.69701	1.36261
4.316097e-07	1.69812	1.36393
4.323120e-07	1.69923	1.36526
4.330155e-07	1.70035	1.36659
4.337202e-07	1.70146	1.36791
4.344260e-07	1.70258	1.36924
4.351329e-07	1.70369	1.37057
4.358410e-07	1.70481	1.3719
4.365503e-07	1.70593	1.37323
4.372607e-07	1.70705	1.37457
4.379722e-07	1.70817	1.3759
4.386849e-07	1.7093	1.37723
4.393988e-07	1.71042	1.37857
4.401138e-07	1.71155	1.3799
4.408300e-07	1.71267	1.38124
4.415474e-07	1.7138	1.38258
4.422659e-07	1.71493	1.38392
4.429856e-07	1.71606	1.38525
4.437065e-07	1.7172	1.38659
4.444285e-07	1.71833	1.38793
4.451518e-07	1.71946	1.38928
4.458762e-07	1.7206	1.39062
4.466017e-07	1.72174	1.39196
4.473285e-07	1.72288	1.39331
4.480564e-07	1.72402	1.39465
4.487856e-07	1.72516	1.396
4.495159e-07	1.7263	1.39734
4.502474e-07	1.72745	1.39869
4.509800e-07	1.72859	1.40004
4.517139e-07	1.72974	1.40139
4.524490e-07	1.73089	1.40274
4.531853e-07	1.73204	1.40409
4.539227e-07	1.73319	1.40544
4.546614e-07	1.73434	1.40679
4.554013e-07	1.73549	1.40814
4.561424e-07	1.73665	1.4095
4.568846e-07	1.73781	1.41085
4.576281e-07	1.73896	1.41221
4.583728e-07	1.74012	1.41356
4.591187e-07	1.74128	1.41492
4.598659e-07	1.74245	1.41628
4.606142e-07	1.74361	1.41764
4.613638e-07	1.74477	1.419
4.621145e-07	1.74594	1.42036
4.628665e-07	1.74711	1.42172
4.636198e-07	1.74827	1.42308
4.643742e-07	1.74944	1.42445
4.651299e-07	1.75062	1.42581
4.658868e-07	1.75179	1.42717
4.666449e-07	1.75296	1.42854
4.674043e-07	1.75414	1.42991
4.681649e-07	1.75532	1.43127
4.689268e-07	1.75649	1.43264
4.696898e-07	1.75767	1.43401
4.704542e-07	1.75885	1.43538
4.712197e-07	1.76004	1.43675
4.719866e-07	1.76122	1.43812
4.727546e-07	1.76241	1.43949
4.735239e-07	1.76359	1.44087
4.742945e-07	1.76478	1.44224
4.750663e-07	1.76597	1.44362
4.758394e-07	1.76716	1.44499
4.766137e-07	1.76835	1.44637
4.773893e-07	1.76955	1.44774
4.781662e-07	1.77074	1.44912
4.789443e-07	1.77194	1.4505
4.797237e-07	1.77313	1.45188
4.805044e-07	1.77433	1.45326
4.812863e-07	1.77553	1.45464
4.820695e-07	1.77674	1.45602
4.828539e-07	1.77794	1.45741
4.836397e-07	1.77914	1.45879
4.844267e-07	1.78035	1.46018
4.852150e-07	1.78156	1.46156
4.860046e-07	1.78277	1.46295
4.867955e-07	1.78398	1.46433
4.875877e-07	1.78519	1.46572
4.883811e-07	1.7864	1.46711
4.891759e-07	1.78762	1.4685
4.899719e-07	1.78883	1.46989
4.907692e-07	1.79005	1.47128
4.915679e-07	1.79127	1.47267
4.923678e-07	1.79249	1.47407
4.931690e-07	1.79371	1.47546
4.939716e-07	1.79494	1.47685
4.947754e-07	1.79616	1.47825
4.955805e-07	1.79739	1.47965
4.963870e-07	1.79861	1.48104
4.971948e-07	1.79984	1.48244
4.980039e-07	1.80107	1.48384
4.988143e-07	1.80231	1.48524
4.996260e-07	1.80354	1.48664
5.004390e-07	1.80477	1.48804
5.012534e-07	1.80601	1.48944
5.020691e-07	1.80725	1.49084
5.028861e-07	1.80849	1.49225
5.037044e-07	1.80973	1.49365
5.045241e-07	1.81097	1.49506
5.053451e-07	1.81222	1.49646
5.061675e-07	1.81346	1.49787
5.069912e-07	1.81471	1.49928
5.078162e-07	1.81596	1.50068
5.086426e-07	1.81721	1.50209
5.094703e-07	1.81846	1.5035
5.102993e-07	1.81971	1.50491
5.111298e-07	1.82096	1.50632
5.119615e-07	1.82222	1.50774
5.127946e-07	1.82348	1.50915
5.136291e-07	1.82474	1.51056
5.144649e-07	1.826	1.51198
5.153021e-07	1.82726	1.51339
5.161407e-07	1.82852	1.51481
5.169806e-07	1.82979	1.51623
5.178219e-07	1.83105	1.51764
5.186645e-07	1.83232	1.51906
5.195086e-07	1.83359	1.52048
5.203540e-07	1.83486	1.5219
5.212007e-07	1.83613	1.52332
5.220489e-07	1.83741	1.52475
5.228984e-07	1.83868	1.52617
5.237493e-07	1.83996	1.52759
5.246016e-07	1.84124	1.52902
5.254553e-07	1.84252	1.53044
5.263104e-07	1.8438	1.53187
5.271668e-07	1.84508	1.53329
5.280247e-07	1.84637	1.53472
5.288840e-07	1.84765	1.53615
5.297446e-07	1.84894	1.53758
5.306067e-07	1.85023	1.53901
5.314701e-07	1.85152	1.54044
5.323350e-07	1.85281	1.54187
5.332013e-07	1.85411	1.5433
5.340689e-07	1.8554	1.54473
5.349380e-07	1.8567	1.54617
5.358085e-07	1.858	1.5476
5.366805e-07	1.8593	1.54904
5.375538e-07	1.8606	1.55047
5.384286e-07	1.8619	1.55191
5.393047e-07	1.86321	1.55335
5.401824e-07	1.86452	1.55478
5.410614e-07	1.86582	1.55622
5.419419e-07	1.86713	1.55766
5.428238e-07	1.86844	1.5591
5.437071e-07	1.86976	1.56055
5.445919e-07	1.87107	1.56199
5.454781e-07	1.87239	1.56343
5.463658e-07	1.87371	1.56487
5.472549e-07	1.87503	1.56632
5.481454e-07	1.87635	1.56776
5.490374e-07	1.87767	1.56921
5.499309e-07	1.87899	1.57066
5.508258e-07	1.88032	1.5721
5.517221e-07	1.88165	1.57355
5.526199e-07	1.88298	1.575
5.535192e-07	1.88431	1.57645
5.544200e-07	1.88564	1.5779
5.553222e-07	1.88697	1.57935
5.562258e-07	1.88831	1.5808
5.571310e-07	1.88965	1.58226
5.580376e-07	1.89098	1.58371
5.589457e-07	1.89233	1.58517
5.598553e-07	1.89367	1.58662
5.607663e-07	1.89501	1.58808
5.616789e-07	1.89636	1.58953
5.625929e-07	1.8977	1.59099
5.635084e-07	1.89905	1.59245
5.644254e-07	1.9004	1.59391
5.653439e-07	1.90176	1.59537
5.662639e-07	1.90311	1.59683
5.671854e-07	1.90447	1.59829
5.681083e-07	1.90582	1.59975
5.690328e-07	1.90718	1.60121
5.699588e-07	1.90854	1.60267
5.708863e-07	1.9099	1.60414
5.718153e-07	1.91127	1.6056
5.727458e-07	1.91263	1.60707
5.736778e-07	1.914	1.60853
5.746114e-07	1.91537	1.61
5.755465e-07	1.91674	1.61147
5.764830e-07	1.91811	1.61294
5.774212e-07	1.91949	1.61441
5.783608e-07	1.92087	1.61588
5.793020e-07	1.92224	1.61735
5.802447e-07	1.92362	1.61882
5.811889e-07	1.925	1.62029
5.821347e-07	1.92639	1.62176
5.830820e-07	1.92777	1.62323
5.840308e-07	1.92916	1.62471
5.849812e-07	1.93055	1.62618
5.859332e-07	1.93194	1.62766
5.868867e-07	1.93333	1.62913
5.878417e-07	1.93472	1.63061
5.887983e-07	1.93612	1.63209
5.897564e-07	1.93751	1.63357
5.907162e-07	1.93891	1.63505
5.916774e-07	1.94031	1.63653
5.926403e-07	1.94172	1.63801
5.936047e-07	1.94312	1.63949
5.945706e-07	1.94453	1.64097
5.955382e-07	1.94593	1.64245
5.965073e-07	1.94734	1.64393
5.974780e-07	1.94875	1.64542
5.984503e-07	1.95017	1.6469
5.994241e-07	1.95158	1.64839
6.003996e-07	1.953	1.64987
6.013766e-07	1.95442	1.65136
6.023552e-07	1.95584	1.65285
6.033355e-07	1.95726	1.65433
6.043173e-07	1.95869	1.65582
6.053007e-07	1.96011	1.65731
6.062857e-07	1.96154	1.6588
6.072723e-07	1.96297	1.66029
6.082605e-07	1.9644	1.66178
6.092503e-07	1.96583	1.66327
6.102418e-07	1.96727	1.66477
6.112348e-07	1.96871	1.66626
6.122295e-07	1.97014	1.66775
6.132258e-07	1.97159	1.66925
6.142237e-07	1.97303	1.67074
6.152232e-07	1.97447	1.67224
6.162243e-07	1.97592	1.67373
6.172271e-07	1.97737	1.67523
6.182315e-07	1.97882	1.67673
6.192376e-07	1.98027	1.67823
6.202453e-07	1.98172	1.67972
6.212546e-07	1.98318	1.68122
6.222656e-07	1.98464	1.68272
6.232782e-07	1.9861	1.68422
6.242924e-07	1.98756	1.68573
6.253084e-07	1.98902	1.68723
6.263259e-07	1.99049	1.68873
6.273451e-07	1.99196	1.69023
6.283660e-07	1.99343	1.69174
6.293886e-07	1.9949	1.69324
6.304128e-07	1.99637	1.69475
6.314386e-07	1.99785	1.69625
6.324662e-07	1.99932	1.69776
6.334954e-07	2.0008	1.69926
6.345263e-07	2.00229	1.70077
6.355588e-07	2.00377	1.70228
6.365931e-07	2.00525	1.70379
6.376290e-07	2.00674	1.7053
6.386666e-07	2.00823	1.70681
6.397059e-07	2.00972	1.70832
6.407469e-07	2.01122	1.70983
6.417896e-07	2.01271	1.71134
6.428340e-07	2.01421	1.71285
6.438801e-07	2.01571	1.71436
6.449279e-07	2.01721	1.71587
6.459774e-07	2.01871	1.71739
6.470286e-07	2.02022	1.7189
6.480815e-07	2.02173	1.72042
6.491361e-07	2.02323	1.72193
6.501924e-07	2.02475	1.72345
6.512505e-07	2.02626	1.72496
6.523103e-07	2.02778	1.72648
6.533718e-07	2.02929	1.728
6.544350e-07	2.03081	1.72952
6.555000e-07	2.03234	1.73103
6.565667e-07	2.03386	1.73255
6.576351e-07	2.03539	1.73407
6.587053e-07	2.03692	1.73559
6.597772e-07	2.03845	1.73711
6.608509e-07	2.03998	1.73863
6.619263e-07	2.04151	1.74015
6.630034e-07	2.04305	1.74168
6.640823e-07	2.04459	1.7432
6.651630e-07	2.04613	1.74472
6.662454e-07	2.04767	1.74625
6.673296e-07	2.04922	1.74777
6.684155e-07	2.05077	1.74929
6.695032e-07	2.05232	1.75082
6.705927e-07	2.05387	1.75234
6.716840e-07	2.05542	1.75387
6.727770e-07	2.05698	1.7554
6.738718e-07	2.05854	1.75692
6.749684e-07	2.0601	1.75845
6.760668e-07	2.06166	1.75998
6.771670e-07	2.06323	1.7615
6.782689e-07	2.0648	1.76303
6.793727e-07	2.06637	1.76456
6.804782e-07	2.06794	1.76609
6.815856e-07	2.06951	1.76762
6.826947e-07	2.07109	1.76915
6.838056e-07	2.07267	1.77068
6.849184e-07	2.07425	1.77221
6.860330e-07	2.07583	1.77374
6.871494e-07	2.07742	1.77528
6.882676e-07	2.07901	1.77681
6.893876e-07	2.0806	1.77834
6.905094e-07	2.08219	1.77987
6.916331e-07	2.08378	1.78141
6.927586e-07	2.08538	1.78294
6.938859e-07	2.08698	1.78448
6.950151e-07	2.08858	1.78601
6.961461e-07	2.09019	1.78754
6.972789e-07	2.09179	1.78908
6.984136e-07	2.0934	1.79062
6.995501e-07	2.09501	1.79215
7.006885e-07	2.09663	1.79369
7.018287e-07	2.09824	1.79522
7.029708e-07	2.09986	1.79676
7.041148e-07	2.10148	1.7983
7.052606e-07	2.10311	1.79984
7.064082e-07	2.10473	1.80137
7.075578e-07	2.10636	1.80291
7.087092e-07	2.10799	1.80445
7.098625e-07	2.10962	1.80599
7.110176e-07	2.11126	1.80753
7.121747e-07	2.1129	1.80907
7.133336e-07	2.11454	1.81061
7.144944e-07	2.11618	1.81215
7.156571e-07	2.11783	1.81369
7.168217e-07	2.11948	1.81523
7.179882e-07	2.12113	1.81677
7.191566e-07	2.12278	1.81831
7.203268e-07	2.12443	1.81985
7.214990e-07	2.12609	1.82139
7.226731e-07	2.12775	1.82293
7.238491e-07	2.12942	1.82448
7.250271e-07	2.13108	1.82602
7.262069e-07	2.13275	1.82756
7.273887e-07	2.13442	1.8291
7.285723e-07	2.1361	1.83065
7.297579e-07	2.13777	1.83219
7.309455e-07	2.13945	1.83373
7.321350e-07	2.14113	1.83528
7.333264e-07	2.14282	1.83682
7.345197e-07	2.1445	1.83836
7.357150e-07	2.14619	1.83991
7.369122e-07	2.14788	1.84145
7.381114e-07	2.14958	1.843
7.393125e-07	2.15128	1.84454
7.405156e-07	2.15298	1.84608
7.417206e-07	2.15468	1.84763
7.429277e-07	2.15639	1.84917
7.441366e-07	2.15809	1.85072
7.453476e-07	2.1598	1.85226
7.465605e-07	2.16152	1.85381
7.477753e-07	2.16324	1.85535
7.489922e-07	2.16495	1.8569
7.502110e-07	2.16668	1.85844
7.514319e-07	2.1684	1.85999
7.526547e-07	2.17013	1.86153
7.538795e-07	2.17186	1.86308
7.551062e-07	2.17359	1.86463
7.563350e-07	2.17533	1.86617
7.575658e-07	2.17707	1.86772
7.587986e-07	2.17881	1.86926
7.600334e-07	2.18056	1.87081
7.612702e-07	2.1823	1.87235
7.625090e-07	2.18405	1.8739
7.637498e-07	2.18581	1.87544
7.649927e-07	2.18756	1.87699
7.662376e-07	2.18932	1.87853
7.674845e-07	2.19109	1.88008
7.687334e-07	2.19285	1.88163
7.699844e-07	2.19462	1.88317
7.712374e-07	2.19639	1.88472
7.724924e-07	2.19817	1.88626
7.737495e-07	2.19994	1.88781
7.750086e-07	2.20172	1.88935
7.762698e-07	2.20351	1.8909
7.775330e-07	2.20529	1.89244
7.787983e-07	2.20708	1.89398
7.800656e-07	2.20888	1.89553
7.813350e-07	2.21067	1.89707
7.826065e-07	2.21247	1.89862
7.838800e-07	2.21427	1.90016
7.851556e-07	2.21608	1.9017
7.864333e-07	2.21789	1.90325
7.877131e-07	2.2197	1.90479
7.889949e-07	2.22151	1.90633
7.902789e-07	2.22333	1.90788
7.915649e-07	2.22515	1.90942
7.928530e-07	2.22698	1.91096
7.941432e-07	2.22881	1.9125
7.954355e-07	2.23064	1.91405
7.967299e-07	2.23247	1.91559
7.980265e-07	2.23431	1.91713
7.993251e-07	2.23615	1.91867
8.006258e-07	2.23799	1.92021
8.019287e-07	2.23984	1.92175
8.032337e-07	2.24169	1.92329
8.045408e-07	2.24355	1.92483
8.058500e-07	2.24541	1.92637
8.071614e-07	2.24727	1.92791
8.084749e-07	2.24913	1.92945
8.097905e-07	2.251	1.93099
8.111083e-07	2.25287	1.93252
8.124282e-07	2.25475	1.93406
8.137502e-07	2.25662	1.9356
8.150745e-07	2.25851	1.93713
8.164008e-07	2.26039	1.93867
8.177294e-07	2.26228	1.94021
8.190601e-07	2.26417	1.94174
8.203929e-07	2.26607	1.94327
8.217279e-07	2.26797	1.94481
8.230651e-07	2.26987	1.94634
8.244045e-07	2.27178	1.94787
8.257461e-07	2.27369	1.94941
8.270898e-07	2.27561	1.95094
8.284357e-07	2.27753	1.95247
8.297838e-07	2.27945	1.954
8.311342e-07	2.28137	1.95553
8.324867e-07	2.2833	1.95706
8.338414e-07	2.28524	1.95859
8.351983e-07	2.28717	1.96012
8.365574e-07	2.28911	1.96164
8.379187e-07	2.29106	1.96317
8.392823e-07	2.29301	1.9647
8.406480e-07	2.29496	1.96622
8.420160e-07	2.29692	1.96774
8.433862e-07	2.29888	1.96927
8.447587e-07	2.30084	1.97079
8.461334e-07	2.30281	1.97231
8.475103e-07	2.30478	1.97383
8.488894e-07	2.30676	1.97535
8.502708e-07	2.30874	1.97687
8.516545e-07	2.31072	1.97839
8.530404e-07	2.31271	1.97991
8.544285e-07	2.31471	1.98143
8.558189e-07	2.3167	1.98294
8.572116e-07	2.3187	1.98446
8.586066e-07	2.32071	1.98597
8.600038e-07	2.32272	1.98748
8.614033e-07	2.32473	1.989
8.628050e-07	2.32675	1.99051
8.642091e-07	2.32877	1.99202
8.656154e-07	2.3308	1.99353
8.670240e-07	2.33283	1.99503
8.684349e-07	2.33487	1.99654
8.698481e-07	2.33691	1.99805
8.712636e-07	2.33895	1.99955
8.726814e-07	2.341	2.00105
8.741016e-07	2.34305	2.00256
8.755240e-07	2.34511	2.00406
8.769487e-07	2.34717	2.00556
8.783758e-07	2.34924	2.00705
8.798052e-07	2.35131	2.00855
8.812369e-07	2.35339	2.01005
8.826709e-07	2.35547	2.01154
8.841073e-07	2.35755	2.01303
8.855460e-07	2.35964	2.01453
8.869870e-07	2.36174	2.01602
8.884304e-07	2.36384	2.01751
8.898762e-07	2.36594	2.01899
8.913243e-07	2.36805	2.02048
8.927747e-07	2.37017	2.02196
8.942276e-07	2.37229	2.02345
8.956827e-07	2.37441	2.02493
8.971403e-07	2.37654	2.02641
8.986002e-07	2.37867	2.02789
9.000625e-07	2.38081	2.02936
9.015272e-07	2.38296	2.03084
9.029942e-07	2.38511	2.03231
9.044637e-07	2.38726	2.03378
9.059355e-07	2.38942	2.03525
9.074097e-07	2.39159	2.03672
9.088864e-07	2.39376	2.03819
9.103654e-07	2.39593	2.03965
9.118468e-07	2.39811	2.04112
9.133307e-07	2.4003	2.04258
9.148169e-07	2.40249	2.04404
9.163056e-07	2.40469	2.04549
9.177967e-07	2.40689	2.04695
9.192903e-07	2.4091	2.0484
9.207862e-07	2.41131	2.04985
9.222846e-07	2.41353	2.0513
9.237855e-07	2.41575	2.05275
9.252887e-07	2.41798	2.05419
9.267945e-07	2.42022	2.05563
9.283026e-07	2.42246	2.05707
9.298133e-07	2.42471	2.05851
9.313264e-07	2.42696	2.05995
9.328419e-07	2.42922	2.06138
9.343599e-07	2.43149	2.06281
9.358804e-07	2.43376	2.06424
9.374034e-07	2.43603	2.06567
9.389288e-07	2.43832	2.06709
9.404567e-07	2.44061	2.06851
9.419871e-07	2.4429	2.06993
9.435200e-07	2.4452	2.07135
9.450554e-07	2.44751	2.07276
9.465933e-07	2.44983	2.07417
9.481337e-07	2.45215	2.07558
9.496766e-07	2.45447	2.07698
9.512220e-07	2.45681	2.07839
9.527699e-07	2.45915	2.07979
9.543204e-07	2.46149	2.08118
9.558733e-07	2.46385	2.08258
9.574288e-07	2.46621	2.08397
9.589869e-07	2.46857	2.08535
9.605474e-07	2.47094	2.08674
9.621105e-07	2.47332	2.08812
9.636762e-07	2.47571	2.0895
9.652444e-07	2.47811	2.09087
9.668151e-07	2.48051	2.09225
9.683884e-07	2.48291	2.09361
9.699643e-07	2.48533	2.09498
9.715427e-07	2.48775	2.09634
9.731237e-07	2.49018	2.0977
9.747072e-07	2.49262	2.09905
9.762934e-07	2.49506	2.1004
9.778821e-07	2.49751	2.10175
9.794734e-07	2.49997	2.1031
9.810673e-07	2.50243	2.10444
9.826638e-07	2.50491	2.10577
9.842629e-07	2.50739	2.1071
9.858646e-07	2.50988	2.10843
9.874689e-07	2.51237	2.10976
9.890758e-07	2.51488	2.11108
9.906853e-07	2.51739	2.11239
9.922975e-07	2.51991	2.1137
9.939122e-07	2.52244	2.11501
9.955296e-07	2.52498	2.11631
9.971497e-07	2.52752	2.11761
9.987723e-07	2.53007	2.1189
1.000398e-06	2.53263	2.12019
1.002026e-06	2.5352	2.12148
1.003656e-06	2.53778	2.12276
1.005289e-06	2.54037	2.12403
1.006925e-06	2.54296	2.1253
1.008564e-06	2.54556	2.12657
1.010205e-06	2.54818	2.12783
1.011849e-06	2.5508	2.12908
1.013496e-06	2.55343	2.13033
1.015145e-06	2.55607	2.13158
1.016797e-06	2.55872	2.13282
1.018451e-06	2.56137	2.13405
1.020109e-06	2.56404	2.13528
1.021769e-06	2.56671	2.1365
1.023432e-06	2.5694	2.13772
1.025097e-06	2.57209	2.13893
1.026765e-06	2.5748	2.14013
1.028436e-06	2.57751	2.14133
1.030110e-06	2.58023	2.14252
1.031786e-06	2.58297	2.14371
1.033465e-06	2.58571	2.14489
1.035147e-06	2.58846	2.14606
1.036831e-06	2.59123	2.14723
1.038518e-06	2.594	2.14839
1.040208e-06	2.59678	2.14954
1.041901e-06	2.59958	2.15069
1.043597e-06	2.60238	2.15183
1.045295e-06	2.60519	2.15296
1.046996e-06	2.60802	2.15409
1.048700e-06	2.61086	2.1552
1.050406e-06	2.6137	2.15631
1.052116e-06	2.61656	2.15742
1.053828e-06	2.61943	2.15851
1.055543e-06	2.62231	2.1596
1.057260e-06	2.6252	2.16068
1.058981e-06	2.6281	2.16175
1.060704e-06	2.63102	2.16281
1.062430e-06	2.63394	2.16386
1.064159e-06	2.63688	2.16491
1.065891e-06	2.63983	2.16594
1.067625e-06	2.64279	2.16697
1.069363e-06	2.64576	2.16799
1.071103e-06	2.64874	2.169
1.072846e-06	2.65174	2.17
1.074592e-06	2.65475	2.17099
1.076340e-06	2.65777	2.17197
1.078092e-06	2.6608	2.17294
1.079846e-06	2.66385	2.1739
1.081603e-06	2.66691	2.17485
1.083363e-06	2.66998	2.17579
1.085126e-06	2.67306	2.17671
1.086892e-06	2.67616	2.17763
1.088661e-06	2.67927	2.17854
1.090433e-06	2.6824	2.17943
1.092207e-06	2.68553	2.18032
1.093984e-06	2.68868	2.18119
1.095765e-06	2.69185	2.18205
1.097548e-06	2.69503	2.1829
1.099334e-06	2.69822	2.18374
1.101123e-06	2.70142	2.18456
1.102915e-06	2.70464	2.18537
1.104709e-06	2.70788	2.18617
1.106507e-06	2.71113	2.18696
1.108308e-06	2.71439	2.18773
1.110111e-06	2.71767	2.18849
1.111918e-06	2.72096	2.18923
1.113727e-06	2.72427	2.18996
1.115540e-06	2.72759	2.19067
1.117355e-06	2.73092	2.19138
1.119173e-06	2.73428	2.19206
1.120994e-06	2.73764	2.19273
1.122819e-06	2.74103	2.19339
1.124646e-06	2.74442	2.19403
1.126476e-06	2.74784	2.19465
1.128309e-06	2.75127	2.19525
1.130145e-06	2.75471	2.19584
1.131984e-06	2.75817	2.19642
1.133826e-06	2.76165	2.19697
1.135671e-06	2.76514	2.19751
1.137519e-06	2.76865	2.19803
1.139370e-06	2.77218	2.19853
1.141225e-06	2.77572	2.19902
1.143082e-06	2.77928	2.19948
1.144942e-06	2.78286	2.19992
1.146805e-06	2.78645	2.20035
1.148671e-06	2.79006	2.20075
1.150540e-06	2.79369	2.20114
1.152413e-06	2.79734	2.2015
1.154288e-06	2.801	2.20184
1.156166e-06	2.80468	2.20216
1.158048e-06	2.80837	2.20246
1.159932e-06	2.81209	2.20274
1.161820e-06	2.81582	2.20299
1.163710e-06	2.81957	2.20322
1.165604e-06	2.82334	2.20343
1.167501e-06	2.82712	2.20361
1.169401e-06	2.83093	2.20377
1.171304e-06	2.83475	2.2039
1.173210e-06	2.83859	2.20401
1.175119e-06	2.84245	2.20409
1.177031e-06	2.84633	2.20414
1.178947e-06	2.85022	2.20417
1.180865e-06	2.85414	2.20417
1.182787e-06	2.85807	2.20414
1.184712e-06	2.86202	2.20408
1.186639e-06	2.86599	2.20399
1.188571e-06	2.86998	2.20388
1.190505e-06	2.87399	2.20373
1.192442e-06	2.87802	2.20356
1.194382e-06	2.88206	2.20335
1.196326e-06	2.88613	2.20311
1.198273e-06	2.89021	2.20283
1.200223e-06	2.89431	2.20253
1.202176e-06	2.89843	2.20219
1.204132e-06	2.90257	2.20182
1.206092e-06	2.90673	2.20141
1.208054e-06	2.91091	2.20096
1.210020e-06	2.91511	2.20048
1.211989e-06	2.91932	2.19997
1.213962e-06	2.92356	2.19941
1.215937e-06	2.92781	2.19882
1.217916e-06	2.93208	2.19818
1.219898e-06	2.93637	2.19751
1.221883e-06	2.94068	2.1968
1.223871e-06	2.94501	2.19605
1.225863e-06	2.94936	2.19525
1.227858e-06	2.95372	2.19441
1.229856e-06	2.95811	2.19353
1.231857e-06	2.96251	2.19261
1.233862e-06	2.96693	2.19164
1.235870e-06	2.97136	2.19062
1.237881e-06	2.97582	2.18956
1.239895e-06	2.98029	2.18845
1.241913e-06	2.98478	2.18729
1.243934e-06	2.98928	2.18608
1.245958e-06	2.99381	2.18482
1.247986e-06	2.99835	2.18351
1.250016e-06	3.0029	2.18215
1.252051e-06	3.00747	2.18074
1.254088e-06	3.01206	2.17928
1.256129e-06	3.01666	2.17776
1.258173e-06	3.02128	2.17618
1.260220e-06	3.02592	2.17455
1.262271e-06	3.03056	2.17286
1.264325e-06	3.03522	2.17112
1.266383e-06	3.0399	2.16931
1.268443e-06	3.04459	2.16744
1.270508e-06	3.04929	2.16552
1.272575e-06	3.054	2.16353
1.274646e-06	3.05873	2.16148
1.276720e-06	3.06346	2.15936
1.278798e-06	3.06821	2.15718
1.280879e-06	3.07297	2.15494
1.282963e-06	3.07774	2.15263
1.285051e-06	3.08251	2.15024
1.287142e-06	3.0873	2.1478
1.289237e-06	3.09209	2.14528
1.291335e-06	3.09689	2.14268
1.293436e-06	3.1017	2.14002
1.295541e-06	3.10651	2.13728
1.297649e-06	3.11132	2.13447
1.299761e-06	3.11614	2.13159
1.301876e-06	3.12097	2.12863
1.303994e-06	3.12579	2.12559
1.306116e-06	3.13062	2.12247
1.308242e-06	3.13545	2.11927
1.310371e-06	3.14028	2.11599
1.312503e-06	3.1451	2.11263
1.314639e-06	3.14993	2.10919
1.316778e-06	3.15475	2.10566
1.318921e-06	3.15956	2.10205
1.321067e-06	3.16437	2.09835
1.323217e-06	3.16917	2.09456
1.325370e-06	3.17397	2.09069
1.327527e-06	3.17875	2.08673
1.329687e-06	3.18353	2.08267
1.331851e-06	3.18829	2.07853
1.334019e-06	3.19304	2.07429
1.336189e-06	3.19777	2.06996
1.338364e-06	3.20249	2.06554
1.340542e-06	3.20719	2.06102
1.342723e-06	3.21187	2.05641
1.344908e-06	3.21653	2.05169
1.347097e-06	3.22117	2.04688
1.349289e-06	3.22578	2.04197
1.351485e-06	3.23037	2.03696
1.353684e-06	3.23493	2.03185
1.355887e-06	3.23946	2.02664
1.358093e-06	3.24396	2.02133
1.360303e-06	3.24843	2.01591
1.362517e-06	3.25286	2.01039
1.364734e-06	3.25726	2.00476
1.366955e-06	3.26162	1.99903
1.369179e-06	3.26594	1.99319
1.371407e-06	3.27021	1.98725
1.373639e-06	3.27444	1.9812
1.375874e-06	3.27863	1.97504
1.378113e-06	3.28276	1.96877
1.380356e-06	3.28685	1.96239
1.382602e-06	3.29088	1.9559
1.384852e-06	3.29485	1.94931
1.387106e-06	3.29877	1.9426
1.389363e-06	3.30262	1.93579
1.391624e-06	3.30642	1.92886
1.393888e-06	3.31015	1.92182
1.396157e-06	3.31381	1.91467
1.398429e-06	3.3174	1.90741
1.400704e-06	3.32092	1.90004
1.402984e-06	3.32437	1.89256
1.405267e-06	3.32773	1.88496
1.407554e-06	3.33102	1.87726
1.409844e-06	3.33423	1.86944
1.412138e-06	3.33735	1.86152
1.414436e-06	3.34038	1.85348
1.416738e-06	3.34332	1.84534
1.419043e-06	3.34617	1.83708
1.421353e-06	3.34892	1.82872
1.423666e-06	3.35158	1.82024
1.425982e-06	3.35413	1.81166
1.428303e-06	3.35658	1.80297
1.430627e-06	3.35892	1.79418
1.432955e-06	3.36116	1.78528
1.435287e-06	3.36328	1.77628
1.437623e-06	3.36529	1.76717
1.439962e-06	3.36718	1.75796
1.442305e-06	3.36895	1.74866
1.444653e-06	3.3706	1.73925
1.447003e-06	3.37212	1.72974
1.449358e-06	3.37352	1.72013
1.451717e-06	3.37478	1.71043
1.454079e-06	3.37592	1.70064
1.456445e-06	3.37691	1.69075
1.458815e-06	3.37777	1.68077
1.461189e-06	3.37849	1.6707
1.463567e-06	3.37906	1.66055
1.465949e-06	3.37949	1.6503
1.468334e-06	3.37977	1.63998
1.470724e-06	3.3799	1.62957
1.473117e-06	3.37988	1.61909
1.475514e-06	3.3797	1.60853
1.477915e-06	3.37937	1.59789
1.480320e-06	3.37887	1.58718
1.482729e-06	3.37822	1.5764
1.485142e-06	3.3774	1.56555
1.487559e-06	3.37642	1.55464
1.489980e-06	3.37526	1.54366
1.492404e-06	3.37394	1.53262
1.494833e-06	3.37245	1.52153
1.497265e-06	3.37078	1.51038
1.499702e-06	3.36894	1.49918
1.502142e-06	3.36693	1.48793
1.504587e-06	3.36473	1.47663
1.507035e-06	3.36236	1.46529
1.509488e-06	3.3598	1.4539
1.511944e-06	3.35707	1.44248
1.514404e-06	3.35415	1.43103
1.516869e-06	3.35104	1.41954
1.519337e-06	3.34775	1.40802
1.521810e-06	3.34428	1.39648
1.524286e-06	3.34061	1.38491
1.526767e-06	3.33676	1.37332
1.529251e-06	3.33272	1.36172
1.531740e-06	3.32849	1.3501
1.534232e-06	3.32406	1.33847
1.536729e-06	3.31945	1.32684
1.539230e-06	3.31465	1.3152
1.541734e-06	3.30965	1.30356
1.544243e-06	3.30446	1.29192
1.546756e-06	3.29908	1.28028
1.549273e-06	3.29351	1.26865
1.551794e-06	3.28774	1.25704
1.554320e-06	3.28179	1.24543
1.556849e-06	3.27564	1.23384
1.559382e-06	3.26929	1.22228
1.561920e-06	3.26276	1.21073
1.564462e-06	3.25603	1.19921
1.567008e-06	3.24912	1.18772
1.569558e-06	3.24201	1.17626
1.572112e-06	3.23471	1.16484
1.574670e-06	3.22722	1.15345
1.577232e-06	3.21954	1.1421
1.579799e-06	3.21168	1.13079
1.582370e-06	3.20362	1.11953
1.584945e-06	3.19538	1.10831
1.587524e-06	3.18695	1.09715
1.590107e-06	3.17834	1.08603
1.592695e-06	3.16954	1.07497
1.595287e-06	3.16056	1.06397
1.597883e-06	3.1514	1.05303
1.600483e-06	3.14205	1.04215
1.603088e-06	3.13253	1.03133
1.605696e-06	3.12282	1.02058
1.608309e-06	3.11294	1.0099
1.610926e-06	3.10288	0.999285
1.613548e-06	3.09264	0.988744
1.616174e-06	3.08223	0.978277
1.618804e-06	3.07165	0.967885
1.621438e-06	3.06089	0.957571
1.624076e-06	3.04997	0.947336
1.626719e-06	3.03887	0.937182
1.629366e-06	3.0276	0.92711
1.632018e-06	3.01617	0.917123
1.634674e-06	3.00457	0.90722
1.637334e-06	2.9928	0.897405
1.639998e-06	2.98087	0.887677
1.642667e-06	2.96878	0.878039
1.645340e-06	2.95653	0.868492
1.648018e-06	2.94411	0.859036
1.650699e-06	2.93154	0.849673
1.653386e-06	2.91881	0.840405
1.656076e-06	2.90592	0.831231
1.658771e-06	2.89288	0.822153
1.661470e-06	2.87968	0.813173
1.664174e-06	2.86633	0.804289
1.666882e-06	2.85282	0.795505
1.669595e-06	2.83916	0.786819
1.672312e-06	2.82535	0.778234
1.675033e-06	2.81139	0.769749
1.677759e-06	2.79728	0.761366
1.680489e-06	2.78302	0.753084
1.683224e-06	2.76862	0.744905
1.685963e-06	2.75406	0.736829
1.688706e-06	2.73936	0.728856
1.691454e-06	2.72452	0.720987
1.694207e-06	2.70952	0.713223
1.696964e-06	2.69438	0.705563
1.699725e-06	2.6791	0.698008
1.702491e-06	2.66367	0.690558
1.705262e-06	2.64809	0.683214
1.708037e-06	2.63237	0.675976
1.710816e-06	2.61651	0.668844
1.713600e-06	2.6005	0.661819
1.716389e-06	2.58435	0.6549
1.719182e-06	2.56805	0.648088
1.721980e-06	2.5516	0.641384
1.724782e-06	2.53501	0.634787
1.727589e-06	2.51828	0.628297
1.730400e-06	2.50139	0.621916
1.733216e-06	2.48436	0.615643
1.736036e-06	2.46718	0.609478
1.738861e-06	2.44985	0.603421
1.741691e-06	2.43237	0.597474
1.744525e-06	2.41474	0.591635
1.747364e-06	2.39696	0.585907
1.750207e-06	2.37902	0.580288
1.753056e-06	2.36093	0.574779
1.755908e-06	2.34268	0.56938
1.758766e-06	2.32427	0.564093
1.761628e-06	2.3057	0.558917
1.764494e-06	2.28697	0.553854
1.767366e-06	2.26807	0.548903
1.770242e-06	2.24901	0.544065
1.773123e-06	2.22978	0.539341
1.776008e-06	2.21037	0.534732
1.778898e-06	2.19079	0.530239
1.781793e-06	2.17103	0.525862
1.784692e-06	2.15109	0.521603
1.787597e-06	2.13096	0.517463
1.790506e-06	2.11064	0.513443
1.793419e-06	2.09014	0.509545
1.796338e-06	2.06943	0.50577
1.799261e-06	2.04853	0.50212
1.802189e-06	2.02742	0.498597
1.805122e-06	2.0061	0.495202
1.808059e-06	1.98456	0.491939
1.811001e-06	1.9628	0.48881
1.813948e-06	1.94082	0.485817
1.816900e-06	1.9186	0.482964
1.819857e-06	1.89615	0.480253
1.822818e-06	1.87344	0.477689
1.825785e-06	1.85049	0.475276
1.828756e-06	1.82727	0.473018
1.831732e-06	1.80379	0.470919
1.834712e-06	1.78003	0.468986
1.837698e-06	1.75598	0.467225
1.840689e-06	1.73163	0.46564
1.843684e-06	1.70698	0.464241
1.846684e-06	1.68202	0.463035
1.849689e-06	1.65672	0.462031
1.852699e-06	1.63109	0.461238
1.855714e-06	1.6051	0.460668
1.858734e-06	1.57876	0.460332
1.861759e-06	1.55203	0.460244
1.864788e-06	1.5249	0.460419
1.867823e-06	1.49737	0.460874
1.870862e-06	1.46942	0.461626
1.873907e-06	1.44102	0.462698
1.876956e-06	1.41217	0.464112
1.880011e-06	1.38284	0.465896
1.883070e-06	1.35301	0.468078
1.886134e-06	1.32267	0.470693
1.889204e-06	1.29179	0.473778
1.892278e-06	1.26036	0.477377
1.895357e-06	1.22836	0.481538
1.898442e-06	1.19577	0.486316
1.901531e-06	1.16258	0.491775
1.904625e-06	1.12878	0.497985
1.907725e-06	1.09435	0.505027
1.910829e-06	1.05931	0.51299
1.913939e-06	1.02365	0.521978
1.917053e-06	0.9874	0.532101
1.920173e-06	0.950604	0.543483
1.923297e-06	0.913319	0.556256
1.926427e-06	0.875635	0.570559
1.929562e-06	0.837673	0.586529
1.932702e-06	0.799592	0.604298
1.935847e-06	0.761591	0.623976
1.938997e-06	0.723908	0.645642
1.942153e-06	0.686813	0.669327
1.945313e-06	0.650594	0.694998
1.948479e-06	0.615537	0.722558
1.951650e-06	0.581905	0.75184
1.954825e-06	0.549914	0.782617
1.958007e-06	0.519719	0.814629
1.961193e-06	0.491409	0.847593
1.964384e-06	0.465006	0.881234
1.967581e-06	0.44048	0.915297
1.970783e-06	0.417755	0.949561
1.973990e-06	0.396731	0.983838
1.977202e-06	0.37729	1.01798
1.980420e-06	0.359308	1.05187
1.983642e-06	0.342661	1.08541
1.986870e-06	0.327231	1.11856
1.990104e-06	0.312907	1.15126
1.993342e-06	0.299586	1.18348
1.996586e-06	0.287175	1.21521
1.999835e-06	0.27559	1.24644
2.003089e-06	0.264755	1.27717
2.006349e-06	0.254603	1.3074
2.009614e-06	0.245074	1.33714
2.012884e-06	0.236113	1.3664
2.016160e-06	0.227672	1.3952
2.019441e-06	0.219708	1.42354
2.022727e-06	0.212183	1.45143
2.026018e-06	0.205062	1.47891
2.029315e-06	0.198313	1.50597
2.032618e-06	0.191909	1.53263
2.035925e-06	0.185825	1.5589
2.039238e-06	0.180037	1.5848
2.042557e-06	0.174525	1.61035
2.045881e-06	0.16927	1.63555
2.049210e-06	0.164256	1.66041
2.052545e-06	0.159465	1.68495
2.055885e-06	0.154885	1.70918
2.059230e-06	0.150502	1.73311
2.062581e-06	0.146305	1.75675
2.065938e-06	0.142281	1.7801
2.069300e-06	0.138422	1.80319
2.072667e-06	0.134717	1.82602
2.076040e-06	0.131159	1.84859
2.079418e-06	0.127738	1.87091
2.082802e-06	0.124449	1.893
2.086191e-06	0.121284	1.91486
2.089586e-06	0.118236	1.93649
2.092987e-06	0.115299	1.95792
2.096393e-06	0.112469	1.97913
2.099804e-06	0.10974	2.00014
2.103221e-06	0.107106	2.02095
2.106644e-06	0.104565	2.04157
2.110072e-06	0.10211	2.06201
2.113505e-06	0.0997391	2.08226
2.116945e-06	0.0974476	2.10234
2.120390e-06	0.095232	2.12226
2.123840e-06	0.0930892	2.142
2.127296e-06	0.0910161	2.16159
2.130758e-06	0.0890095	2.18102
2.134225e-06	0.0870669	2.2003
2.137698e-06	0.0851855	2.21943
2.141177e-06	0.0833629	2.23842
2.144661e-06	0.0815967	2.25727
2.148151e-06	0.0798847	2.27598
2.151647e-06	0.0782247	2.29456
2.155149e-06	0.0766147	2.31301
2.158656e-06	0.0750529	2.33134
2.162168e-06	0.0735375	2.34954
2.165687e-06	0.0720666	2.36762
2.169211e-06	0.0706387	2.38559
2.172741e-06	0.0692521	2.40344
2.176277e-06	0.0679055	2.42118
2.179818e-06	0.0665973	2.43881
2.183365e-06	0.0653263	2.45634
2.186918e-06	0.064091	2.47376
2.190477e-06	0.0628904	2.49108
2.194042e-06	0.0617231	2.5083
2.197612e-06	0.0605881	2.52543
2.201188e-06	0.0594843	2.54246
2.204770e-06	0.0584106	2.5594
2.208358e-06	0.057366	2.57626
2.211952e-06	0.0563496	2.59302
2.215551e-06	0.0553605	2.6097
2.219157e-06	0.0543978	2.62629
2.222768e-06	0.0534607	2.6428
2.226385e-06	0.0525482	2.65923
2.230008e-06	0.0516598	2.67559
2.233637e-06	0.0507946	2.69186
2.237272e-06	0.0499519	2.70806
2.240913e-06	0.049131	2.72419
2.244559e-06	0.0483312	2.74025
2.248212e-06	0.047552	2.75623
2.251870e-06	0.0467926	2.77215
2.255535e-06	0.0460526	2.788
2.259205e-06	0.0453313	2.80378
2.262882e-06	0.0446282	2.8195
2.266564e-06	0.0439427	2.83516
2.270252e-06	0.0432744	2.85075
2.273947e-06	0.0426227	2.86628
2.277647e-06	0.0419872	2.88176
2.281354e-06	0.0413674	2.89717
2.285066e-06	0.0407629	2.91253
2.288784e-06	0.0401733	2.92784
2.292509e-06	0.039598	2.94308
2.296240e-06	0.0390368	2.95828
2.299976e-06	0.0384893	2.97342
2.303719e-06	0.037955	2.98851
2.307468e-06	0.0374336	3.00355
2.311223e-06	0.0369248	3.01854
2.314984e-06	0.0364282	3.03348
2.318751e-06	0.0359435	3.04838
2.322524e-06	0.0354703	3.06323
2.326304e-06	0.0350085	3.07803
2.330089e-06	0.0345576	3.09279
2.333881e-06	0.0341174	3.1075
2.337679e-06	0.0336876	3.12218
2.341483e-06	0.033268	3.1368
2.345294e-06	0.0328583	3.15139
2.349110e-06	0.0324581	3.16594
2.352933e-06	0.0320674	3.18045
2.356762e-06	0.0316858	3.19492
2.360597e-06	0.0313131	3.20935
2.364438e-06	0.030949	3.22374
2.368286e-06	0.0305935	3.2381
2.372140e-06	0.0302462	3.25242
2.376000e-06	0.029907	3.26671
2.379866e-06	0.0295756	3.28096
2.383739e-06	0.0292519	3.29518
2.387618e-06	0.0289357	3.30937
2.391504e-06	0.0286267	3.32352
2.395395e-06	0.0283249	3.33764
2.399293e-06	0.02803	3.35173
2.403198e-06	0.0277419	3.36579
2.407108e-06	0.0274604	3.37982
2.411026e-06	0.0271854	3.39382
2.414949e-06	0.0269167	3.40779
2.418879e-06	0.0266541	3.42173
2.422815e-06	0.0263976	3.43565
2.426758e-06	0.0261469	3.44954
2.430707e-06	0.025902	3.4634
2.434662e-06	0.0256627	3.47723
2.438624e-06	0.0254288	3.49104
2.442593e-06	0.0252003	3.50483
2.446568e-06	0.024977	3.51859
2.450549e-06	0.0247588	3.53232
2.454537e-06	0.0245456	3.54604
2.458531e-06	0.0243373	3.55973
2.462532e-06	0.0241338	3.5734
2.466539e-06	0.0239349	3.58704
2.470553e-06	0.0237406	3.60066
2.474573e-06	0.0235507	3.61427
2.478600e-06	0.0233652	3.62785
2.482633e-06	0.0231839	3.64141
2.486673e-06	0.0230069	3.65495
2.490720e-06	0.0228338	3.66847
2.494773e-06	0.0226648	3.68198
2.498833e-06	0.0224997	3.69546
2.502899e-06	0.0223384	3.70893
2.506972e-06	0.0221808	3.72237
2.511052e-06	0.0220269	3.73581
2.515138e-06	0.0218765	3.74922
2.519231e-06	0.0217297	3.76262
2.523330e-06	0.0215863	3.776
2.527437e-06	0.0214462	3.78936
2.531550e-06	0.0213094	3.80271
2.535669e-06	0.0211758	3.81604
2.539795e-06	0.0210454	3.82936
2.543928e-06	0.020918	3.84267
2.548068e-06	0.0207937	3.85596
2.552215e-06	0.0206723	3.86923
2.556368e-06	0.0205538	3.8825
2.560528e-06	0.0204382	3.89574
2.564695e-06	0.0203253	3.90898
2.568868e-06	0.0202152	3.9222
2.573048e-06	0.0201077	3.93542
2.577236e-06	0.0200028	3.94862
2.581430e-06	0.0199005	3.9618
2.585630e-06	0.0198006	3.97498
2.589838e-06	0.0197033	3.98814
2.594052e-06	0.0196083	4.0013
2.598274e-06	0.0195157	4.01444
2.602502e-06	0.0194254	4.02758
2.606737e-06	0.0193374	4.0407
2.610979e-06	0.0192517	4.05381
2.615228e-06	0.019168	4.06692
2.619483e-06	0.0190866	4.08001
2.623746e-06	0.0190072	4.0931
2.628016e-06	0.0189299	4.10618
2.632292e-06	0.0188546	4.11925
2.636576e-06	0.0187813	4.13231
2.640866e-06	0.0187099	4.14536
2.645164e-06	0.0186404	4.15841
2.649468e-06	0.0185728	4.17144
2.653780e-06	0.0185071	4.18448
2.658098e-06	0.0184431	4.1975
2.662424e-06	0.0183809	4.21052
2.666756e-06	0.0183204	4.22353
2.671096e-06	0.0182617	4.23653
2.675443e-06	0.0182046	4.24953
2.679796e-06	0.0181491	4.26252
2.684157e-06	0.0180952	4.27551
2.688525e-06	0.018043	4.28849
2.692900e-06	0.0179922	4.30147
2.697282e-06	0.017943	4.31444
2.701672e-06	0.0178953	4.32741
2.706068e-06	0.0178491	4.34037
2.710472e-06	0.0178043	4.35333
2.714883e-06	0.0177609	4.36628
2.719300e-06	0.017719	4.37923
2.723726e-06	0.0176784	4.39218
2.728158e-06	0.0176391	4.40512
2.732597e-06	0.0176011	4.41806
2.737044e-06	0.0175645	4.431
2.741498e-06	0.0175291	4.44394
2.745959e-06	0.017495	4.45687
2.750428e-06	0.0174621	4.46979
2.754904e-06	0.0174304	4.48272
2.759387e-06	0.0174	4.49565
2.763877e-06	0.0173706	4.50857
2.768375e-06	0.0173425	4.52149
2.772880e-06	0.0173155	4.53441
2.777392e-06	0.0172895	4.54732
2.781912e-06	0.0172647	4.56024
2.786439e-06	0.017241	4.57315
2.790973e-06	0.0172183	4.58607
2.795515e-06	0.0171967	4.59898
2.800064e-06	0.0171761	4.61189
2.804621e-06	0.0171565	4.6248
2.809185e-06	0.0171378	4.63771
2.813756e-06	0.0171202	4.65062
2.818335e-06	0.0171035	4.66354
2.822921e-06	0.0170878	4.67645
2.827515e-06	0.017073	4.68936
2.832116e-06	0.0170592	4.70227
2.836725e-06	0.0170462	4.71518
2.841341e-06	0.0170341	4.7281
2.845965e-06	0.0170229	4.74101
2.850596e-06	0.0170126	4.75392
2.855235e-06	0.0170031	4.76684
2.859881e-06	0.0169944	4.77976
2.864535e-06	0.0169866	4.79268
2.869196e-06	0.0169796	4.8056
2.873865e-06	0.0169733	4.81852
2.878542e-06	0.0169679	4.83145
2.883226e-06	0.0169633	4.84437
2.887918e-06	0.0169594	4.8573
2.892618e-06	0.0169562	4.87023
2.897325e-06	0.0169538	4.88317
2.902040e-06	0.0169522	4.8961
2.906762e-06	0.0169513	4.90904
2.911492e-06	0.016951	4.92198
2.916230e-06	0.0169515	4.93493
2.920976e-06	0.0169527	4.94787
2.925729e-06	0.0169546	4.96083
2.930490e-06	0.0169571	4.97378
2.935259e-06	0.0169603	4.98674
2.940035e-06	0.0169642	4.9997
2.944820e-06	0.0169687	5.01266
2.949612e-06	0.0169738	5.02563
2.954412e-06	0.0169796	5.03861
2.959220e-06	0.016986	5.05158
2.964035e-06	0.016993	5.06456
2.968858e-06	0.0170006	5.07755
2.973690e-06	0.0170088	5.09054
2.978529e-06	0.0170176	5.10353
2.983376e-06	0.017027	5.11653
2.988231e-06	0.017037	5.12954
2.993093e-06	0.0170475	5.14254
2.997964e-06	0.0170586	5.15556
3.002843e-06	0.0170703	5.16858
3.007729e-06	0.0170825	5.1816
3.012624e-06	0.0170952	5.19463
3.017526e-06	0.0171085	5.20767
3.022437e-06	0.0171223	5.22071
3.027355e-06	0.0171367	5.23375
3.032281e-06	0.0171515	5.2468
3.037216e-06	0.0171669	5.25986
3.042158e-06	0.0171827	5.27293
3.047109e-06	0.0171991	5.286
3.052067e-06	0.017216	5.29907
3.057034e-06	0.0172333	5.31215
3.062009e-06	0.0172512	5.32524
3.066991e-06	0.0172695	5.33834
3.071982e-06	0.0172883	5.35144
3.076981e-06	0.0173075	5.36455
3.081989e-06	0.0173272	5.37766
3.087004e-06	0.0173474	5.39079
3.092027e-06	0.017368	5.40392
3.097059e-06	0.0173891	5.41705
3.102099e-06	0.0174106	5.4302
3.107147e-06	0.0174326	5.44335
3.112203e-06	0.017455	5.4565
3.117268e-06	0.0174778	5.46967
3.122340e-06	0.0175011	5.48284
3.127421e-06	0.0175248	5.49602
3.132511e-06	0.0175489	5.50921
3.137608e-06	0.0175734	5.52241
3.142714e-06	0.0175983	5.53561
3.147828e-06	0.0176237	5.54883
3.152951e-06	0.0176494	5.56205
3.158082e-06	0.0176756	5.57527
3.163221e-06	0.0177021	5.58851
3.168368e-06	0.017729	5.60176
3.173524e-06	0.0177563	5.61501
3.178688e-06	0.0177841	5.62827
3.183861e-06	0.0178121	5.64154
3.189042e-06	0.0178406	5.65482
3.194232e-06	0.0178695	5.66811
3.199430e-06	0.0178987	5.68141
3.204636e-06	0.0179283	5.69472
3.209851e-06	0.0179582	5.70803
3.215074e-06	0.0179886	5.72136
3.220306e-06	0.0180193	5.73469
3.225547e-06	0.0180503	5.74803
3.230796e-06	0.0180817	5.76139
3.236053e-06	0.0181135	5.77475
3.241319e-06	0.0181456	5.78812
3.246594e-06	0.0181781	5.8015
3.251877e-06	0.0182109	5.81489
3.257169e-06	0.018244	5.8283
3.262469e-06	0.0182775	5.84171
3.267778e-06	0.0183114	5.85513
3.273096e-06	0.0183455	5.86856
3.278422e-06	0.01838	5.882
3.283757e-06	0.0184149	5.89545
3.289101e-06	0.0184501	5.90891
3.294453e-06	0.0184856	5.92238
3.299814e-06	0.0185214	5.93587
3.305184e-06	0.0185575	5.94936
3.310563e-06	0.018594	5.96286
3.315950e-06	0.0186308	5.97638
3.321346e-06	0.0186679	5.9899
3.326751e-06	0.0187054	6.00344
3.332164e-06	0.0187431	6.01698
3.337587e-06	0.0187812	6.03054
3.343018e-06	0.0188196	6.04411
3.348458e-06	0.0188583	6.05769
3.353907e-06	0.0188973	6.07128
3.359365e-06	0.0189366	6.08488
3.364832e-06	0.0189762	6.0985
3.370307e-06	0.0190161	6.11212
3.375792e-06	0.0190563	6.12576
3.381285e-06	0.0190968	6.13941
3.386787e-06	0.0191377	6.15307
3.392299e-06	0.0191788	6.16674
3.397819e-06	0.0192202	6.18042
3.403348e-06	0.0192619	6.19412
3.408887e-06	0.0193039	6.20782
3.414434e-06	0.0193462	6.22154
3.419990e-06	0.0193888	6.23527
3.425556e-06	0.0194317	6.24902
3.431130e-06	0.0194749	6.26277
3.436714e-06	0.0195183	6.27654
3.442306e-06	0.0195621	6.29032
3.447908e-06	0.0196061	6.30411
3.453519e-06	0.0196505	6.31792
3.459138e-06	0.0196951	6.33173
3.464768e-06	0.01974	6.34556
3.470406e-06	0.0197852	6.35941
3.476053e-06	0.0198306	6.37326
3.481710e-06	0.0198764	6.38713
3.487376e-06	0.0199224	6.40101
3.493051e-06	0.0199687	6.41491
3.498735e-06	0.0200153	6.42881
3.504428e-06	0.0200621	6.44273
3.510131e-06	0.0201093	6.45667
3.515843e-06	0.0201567	6.47061
3.521564e-06	0.0202044	6.48457
3.527295e-06	0.0202523	6.49855
3.533035e-06	0.0203006	6.51253
3.538784e-06	0.0203491	6.52653
3.544543e-06	0.0203979	6.54055
3.550311e-06	0.0204469	6.55457
3.556088e-06	0.0204963	6.56861
3.561875e-06	0.0205459	6.58267
3.567672e-06	0.0205957	6.59674
3.573477e-06	0.0206459	6.61082
3.579292e-06	0.0206963	6.62491
3.585117e-06	0.020747	6.63902
3.590951e-06	0.0207979	6.65315
3.596795e-06	0.0208492	6.66729
3.602648e-06	0.0209006	6.68144
3.608510e-06	0.0209524	6.69561
3.614382e-06	0.0210044	6.70979
3.620264e-06	0.0210567	6.72398
3.626155e-06	0.0211093	6.73819
3.632056e-06	0.0211621	6.75242
3.637967e-06	0.0212152	6.76665
3.643887e-06	0.0212685	6.78091
3.649816e-06	0.0213221	6.79518
3.655756e-06	0.021376	6.80946
3.661705e-06	0.0214302	6.82376
3.667663e-06	0.0214846	6.83807
3.673632e-06	0.0215393	6.8524
3.679610e-06	0.0215942	6.86674
3.685598e-06	0.0216494	6.8811
3.691595e-06	0.0217049	6.89547
3.697603e-06	0.0217606	6.90985
3.703620e-06	0.0218166	6.92426
3.709647e-06	0.0218729	6.93868
3.715683e-06	0.0219294	6.95311
3.721730e-06	0.0219862	6.96756
3.727786e-06	0.0220432	6.98202
3.733853e-06	0.0221005	6.9965
3.739929e-06	0.0221581	7.011
3.746015e-06	0.0222159	7.02551
3.752111e-06	0.022274	7.04003
3.758216e-06	0.0223324	7.05458
3.764332e-06	0.022391	7.06913
3.770458e-06	0.0224499	7.08371
3.776594e-06	0.022509	7.0983
3.782739e-06	0.0225684	7.1129
3.788895e-06	0.0226281	7.12753
3.795061e-06	0.0226881	7.14216
3.801236e-06	0.0227482	7.15682
3.807422e-06	0.0228087	7.17149
3.813618e-06	0.0228694	7.18617
3.819824e-06	0.0229304	7.20088
3.826040e-06	0.0229917	7.2156
3.832266e-06	0.0230532	7.23033
3.838502e-06	0.0231149	7.24508
3.844749e-06	0.023177	7.25985
3.851005e-06	0.0232393	7.27464
3.857272e-06	0.0233018	7.28944
3.863549e-06	0.0233647	7.30426
3.869836e-06	0.0234278	7.3191
3.876133e-06	0.0234911	7.33395
3.882441e-06	0.0235547	7.34882
3.888759e-06	0.0236186	7.3637
3.895087e-06	0.0236828	7.37861
3.901426e-06	0.0237472	7.39353
3.907774e-06	0.0238119	7.40846
3.914133e-06	0.0238768	7.42342
3.920503e-06	0.023942	7.43839
3.926883e-06	0.0240075	7.45338
3.933273e-06	0.0240732	7.46839
3.939674e-06	0.0241392	7.48341
3.946085e-06	0.0242055	7.49845
3.952506e-06	0.0242721	7.51351
3.958938e-06	0.0243389	7.52859
3.965380e-06	0.024406	7.54368
3.971833e-06	0.0244733	7.55879
3.978297e-06	0.0245409	7.57392
3.984771e-06	0.0246088	7.58907
3.991255e-06	0.0246769	7.60423
3.997750e-06	0.0247454	7.61942
4.004256e-06	0.0248141	7.63462
4.010772e-06	0.024883	7.64983
4.017298e-06	0.0249522	7.66507
4.023836e-06	0.0250217	7.68033
4.030384e-06	0.0250915	7.6956
4.036942e-06	0.0251616	7.71089
4.043512e-06	0.0252319	7.7262
4.050092e-06	0.0253025	7.74153
4.056682e-06	0.0253733	7.75687
4.063284e-06	0.0254445	7.77224
4.069896e-06	0.0255159	7.78762
4.076519e-06	0.0255876	7.80302
4.083153e-06	0.0256595	7.81844
4.089797e-06	0.0257317	7.83388
4.096453e-06	0.0258042	7.84934
4.103119e-06	0.025877	7.86482
4.109796e-06	0.0259501	7.88031
4.116484e-06	0.0260234	7.89583
4.123182e-06	0.026097	7.91136
4.129892e-06	0.0261709	7.92691
4.136613e-06	0.0262451	7.94248
4.143344e-06	0.0263196	7.95807
4.150087e-06	0.0263943	7.97368
4.156840e-06	0.0264693	7.98931
4.163605e-06	0.0265446	8.00496
4.170380e-06	0.0266202	8.02063
4.177166e-06	0.026696	8.03631
4.183964e-06	0.0267721	8.05202
4.190772e-06	0.0268486	8.06774
4.197592e-06	0.0269253	8.08349
4.204423e-06	0.0270023	8.09925
4.211265e-06	0.0270795	8.11504
4.218118e-06	0.0271571	8.13084
4.224982e-06	0.0272349	8.14666
4.231857e-06	0.027313	8.16251
4.238744e-06	0.0273915	8.17837
4.245641e-06	0.0274702	8.19425
4.252550e-06	0.0275492	8.21016
4.259471e-06	0.0276284	8.22608
4.266402e-06	0.027708	8.24202
4.273345e-06	0.0277879	8.25798
4.280299e-06	0.027868	8.27397
4.287264e-06	0.0279485	8.28997
4.294241e-06	0.0280292	8.30599
4.301229e-06	0.0281102	8.32204
4.308228e-06	0.0281915	8.3381
4.315239e-06	0.0282731	8.35419
4.322261e-06	0.028355	8.37029
4.329295e-06	0.0284372	8.38642
4.336340e-06	0.0285197	8.40256
4.343396e-06	0.0286025	8.41873
4.350464e-06	0.0286856	8.43492
4.357544e-06	0.028769	8.45113
4.364635e-06	0.0288527	8.46736
4.371738e-06	0.0289367	8.48361
4.378852e-06	0.029021	8.49988
4.385977e-06	0.0291056	8.51617
4.393115e-06	0.0291905	8.53248
4.400264e-06	0.0292757	8.54882
4.407424e-06	0.0293612	8.56517
4.414596e-06	0.029447	8.58155
4.421780e-06	0.0295331	8.59794
4.428976e-06	0.0296195	8.61436
4.436183e-06	0.0297062	8.6308
4.443402e-06	0.0297932	8.64726
4.450633e-06	0.0298806	8.66375
4.457875e-06	0.0299682	8.68025
4.465130e-06	0.0300562	8.69678
4.472396e-06	0.0301444	8.71332
4.479674e-06	0.030233	8.72989
4.486964e-06	0.0303219	8.74648
4.494265e-06	0.0304111	8.76309
4.501579e-06	0.0305006	8.77973
4.508904e-06	0.0305904	8.79638
4.516241e-06	0.0306805	8.81306
4.523591e-06	0.030771	8.82976
4.530952e-06	0.0308618	8.84648
4.538325e-06	0.0309529	8.86323
4.545710e-06	0.0310443	8.87999
4.553108e-06	0.031136	8.89678
4.560517e-06	0.031228	8.91359
4.567938e-06	0.0313204	8.93042
4.575372e-06	0.0314131	8.94728
4.582817e-06	0.0315061	8.96415
4.590275e-06	0.0315994	8.98105
4.597745e-06	0.0316931	8.99798
4.605227e-06	0.0317871	9.01492
4.612721e-06	0.0318814	9.03189
4.620227e-06	0.031976	9.04888
4.627745e-06	0.032071	9.06589
4.635276e-06	0.0321663	9.08292
4.642819e-06	0.0322619	9.09998
4.650374e-06	0.0323579	9.11706
4.657942e-06	0.0324541	9.13417
4.665522e-06	0.0325508	9.15129
4.673114e-06	0.0326477	9.16844
4.680719e-06	0.032745	9.18561
4.688336e-06	0.0328426	9.20281
4.695965e-06	0.0329406	9.22003
4.703607e-06	0.0330389	9.23727
4.711261e-06	0.0331375	9.25454
4.718928e-06	0.0332365	9.27183
4.726607e-06	0.0333358	9.28914
4.734298e-06	0.0334354	9.30647
4.742002e-06	0.0335354	9.32383
4.749719e-06	0.0336358	9.34121
4.757448e-06	0.0337364	9.35862
4.765190e-06	0.0338375	9.37605
4.772944e-06	0.0339388	9.3935
4.780712e-06	0.0340405	9.41098
4.788491e-06	0.0341426	9.42848
4.796283e-06	0.034245	9.446
4.804088e-06	0.0343478	9.46355
4.811906e-06	0.0344509	9.48113
4.819737e-06	0.0345544	9.49872
4.827580e-06	0.0346582	9.51634
4.835436e-06	0.0347624	9.53399
4.843304e-06	0.0348669	9.55166
4.851186e-06	0.0349718	9.56935
4.859080e-06	0.035077	9.58707
4.866987e-06	0.0351826	9.60481
4.874908e-06	0.0352886	9.62257
4.882840e-06	0.0353949	9.64036
4.890786e-06	0.0355015	9.65818
4.898745e-06	0.0356086	9.67602
4.906717e-06	0.035716	9.69388
4.914702e-06	0.0358238	9.71177
4.922699e-06	0.0359319	9.72968
4.930710e-06	0.0360404	9.74762
4.938734e-06	0.0361492	9.76558
4.946771e-06	0.0362585	9.78357
4.954820e-06	0.0363681	9.80158
4.962883e-06	0.0364781	9.81962
4.970960e-06	0.0365884	9.83768
4.979049e-06	0.0366991	9.85577
4.987151e-06	0.0368102	9.87388
4.995267e-06	0.0369217	9.89202
5.003396e-06	0.0370335	9.91018
5.011538e-06	0.0371458	9.92837
5.019693e-06	0.0372584	9.94659
5.027861e-06	0.0373713	9.96482
5.036043e-06	0.0374847	9.98309
5.044238e-06	0.0375984	10.0014
5.052447e-06	0.0377126	10.0197
5.060669e-06	0.0378271	10.038
5.068904e-06	0.037942	10.0564
5.077153e-06	0.0380573	10.0748
5.085415e-06	0.0381729	10.0932
5.093690e-06	0.038289	10.1117
5.101979e-06	0.0384054	10.1301
5.110282e-06	0.0385223	10.1486
5.118598e-06	0.0386395	10.1671
5.126927e-06	0.0387571	10.1857
5.135270e-06	0.0388752	10.2043
5.143627e-06	0.0389936	10.2229
5.151997e-06	0.0391124	10.2415
5.160381e-06	0.0392316	10.2601
5.168778e-06	0.0393512	10.2788
5.177190e-06	0.0394712	10.2975
5.185614e-06	0.0395916	10.3163
5.194053e-06	0.0397125	10.335
5.202505e-06	0.0398337	10.3538
5.210971e-06	0.0399553	10.3726
5.219451e-06	0.0400773	10.3914
5.227945e-06	0.0401998	10.4103
5.236452e-06	0.0403226	10.4292
5.244974e-06	0.0404459	10.4481
5.253509e-06	0.0405696	10.4671
5.262058e-06	0.0406937	10.486
5.270621e-06	0.0408182	10.505
5.279198e-06	0.0409431	10.5241
5.287788e-06	0.0410684	10.5431
5.296393e-06	0.0411942	10.5622
5.305012e-06	0.0413204	10.5813
5.313645e-06	0.041447	10.6004
5.322292e-06	0.041574	10.6196
5.330953e-06	0.0417014	10.6388
5.339628e-06	0.0418293	10.658
5.348317e-06	0.0419576	10.6772
5.357020e-06	0.0420863	10.6965
5.365738e-06	0.0422155	10.7158
5.374470e-06	0.0423451	10.7351
5.383215e-06	0.0424751	10.7545
5.391976e-06	0.0426055	10.7739
5.400750e-06	0.0427364	10.7933
5.409539e-06	0.0428677	10.8127
5.418341e-06	0.0429995	10.8322
5.427159e-06	0.0431316	10.8517
5.435990e-06	0.0432643	10.8712
5.444836e-06	0.0433974	10.8907
5.453697e-06	0.0435309	10.9103
5.462572e-06	0.0436648	10.9299
5.471461e-06	0.0437992	10.9496
5.480365e-06	0.0439341	10.9692
5.489283e-06	0.0440694	10.9889
5.498215e-06	0.0442051	11.0086
5.507163e-06	0.0443413	11.0284
5.516125e-06	0.044478	11.0482
5.525101e-06	0.0446151	11.068
5.534092e-06	0.0447526	11.0878
5.543098e-06	0.0448906	11.1077
5.552118e-06	0.0450291	11.1275
5.561153e-06	0.045168	11.1475
5.570203e-06	0.0453074	11.1674
5.579267e-06	0.0454473	11.1874
5.588346e-06	0.0455876	11.2074
5.597440e-06	0.0457284	11.2274
5.606549e-06	0.0458697	11.2475
5.615672e-06	0.0460114	11.2676
5.624811e-06	0.0461536	11.2877
5.633964e-06	0.0462962	11.3078
5.643132e-06	0.0464393	11.328
5.652315e-06	0.046583	11.3482
5.661513e-06	0.046727	11.3685
5.670726e-06	0.0468716	11.3887
5.679954e-06	0.0470166	11.409
5.689197e-06	0.0471621	11.4294
5.698455e-06	0.0473081	11.4497
5.707728e-06	0.0474546	11.4701
5.717017e-06	0.0476016	11.4905
5.726320e-06	0.047749	11.511
5.735638e-06	0.047897	11.5315
5.744972e-06	0.0480454	11.552
5.754321e-06	0.0481943	11.5725
5.763685e-06	0.0483437	11.5931
5.773064e-06	0.0484936	11.6137
5.782458e-06	0.048644	11.6343
5.791868e-06	0.0487949	11.6549
5.801293e-06	0.0489463	11.6756
5.810734e-06	0.0490982	11.6963
5.820190e-06	0.0492506	11.7171
5.829661e-06	0.0494035	11.7379
5.839147e-06	0.0495569	11.7587
5.848650e-06	0.0497109	11.7795
5.858167e-06	0.0498653	11.8004
5.867700e-06	0.0500202	11.8213
5.877249e-06	0.0501756	11.8422
5.886813e-06	0.0503316	11.8632
5.896392e-06	0.0504881	11.8842
5.905987e-06	0.0506451	11.9052
5.915598e-06	0.0508026	11.9262
5.925225e-06	0.0509606	11.9473
5.934867e-06	0.0511191	11.9684
5.944525e-06	0.0512782	11.9896
5.954198e-06	0.0514378	12.0108
5.963888e-06	0.0515979	12.032
5.973593e-06	0.0517585	12.0532
5.983313e-06	0.0519197	12.0745
5.993050e-06	0.0520814	12.0958
6.002803e-06	0.0522437	12.1171
6.012571e-06	0.0524064	12.1385
6.022355e-06	0.0525697	12.1599
6.032155e-06	0.0527336	12.1813
6.041972e-06	0.052898	12.2028
6.051804e-06	0.0530629	12.2243
6.061652e-06	0.0532284	12.2458
6.071516e-06	0.0533944	12.2674
6.081396e-06	0.0535609	12.289
6.091292e-06	0.0537281	12.3106
6.101205e-06	0.0538957	12.3322
6.111133e-06	0.0540639	12.3539
6.121078e-06	0.0542327	12.3756
6.131039e-06	0.054402	12.3974
6.141016e-06	0.0545719	12.4192
6.151009e-06	0.0547423	12.441
6.161019e-06	0.0549133	12.4628
6.171044e-06	0.0550849	12.4847
6.181087e-06	0.055257	12.5066
6.191145e-06	0.0554297	12.5286
6.201220e-06	0.055603	12.5506
6.211311e-06	0.0557768	12.5726
6.221419e-06	0.0559512	12.5946
6.231543e-06	0.0561262	12.6167
6.241684e-06	0.0563017	12.6388
6.251841e-06	0.0564779	12.6609
6.262014e-06	0.0566546	12.6831
6.272204e-06	0.0568319	12.7053
6.282411e-06	0.0570097	12.7276
6.292635e-06	0.0571882	12.7498
6.302875e-06	0.0573672	12.7721
6.313131e-06	0.0575468	12.7945
6.323405e-06	0.0577271	12.8169
6.333695e-06	0.0579079	12.8393
6.344002e-06	0.0580893	12.8617
6.354325e-06	0.0582713	12.8842
6.364666e-06	0.0584539	12.9067
6.375023e-06	0.0586371	12.9292
6.385397e-06	0.0588209	12.9518
6.395788e-06	0.0590053	12.9744
6.406196e-06	0.0591903	12.9971
6.416621e-06	0.0593759	13.0197
6.427062e-06	0.0595621	13.0425
6.437521e-06	0.059749	13.0652
6.447997e-06	0.0599364	13.088
6.458490e-06	0.0601245	13.1108
6.469000e-06	0.0603132	13.1336
6.479527e-06	0.0605025	13.1565
6.490071e-06	0.0606924	13.1794
6.500632e-06	0.0608829	13.2024
6.511211e-06	0.0610741	13.2254
6.521806e-06	0.0612659	13.2484
6.532419e-06	0.0614584	13.2715
6.543049e-06	0.0616514	13.2945
6.553697e-06	0.0618451	13.3177
6.564362e-06	0.0620394	13.3408
6.575044e-06	0.0622344	13.364
6.585744e-06	0.06243	13.3873
6.596461e-06	0.0626263	13.4105
6.607195e-06	0.0628231	13.4338
6.617947e-06	0.0630207	13.4572
6.628716e-06	0.0632189	13.4805
6.639503e-06	0.0634177	13.5039
6.650308e-06	0.0636172	13.5274
6.661130e-06	0.0638173	13.5508
6.671969e-06	0.0640181	13.5744
6.682827e-06	0.0642196	13.5979
6.693702e-06	0.0644217	13.6215
6.704594e-06	0.0646245	13.6451
6.715505e-06	0.0648279	13.6688
6.726433e-06	0.065032	13.6925
6.737379e-06	0.0652368	13.7162
6.748343e-06	0.0654423	13.7399
6.759324e-06	0.0656484	13.7637
6.770324e-06	0.0658552	13.7876
6.781341e-06	0.0660626	13.8114
6.792376e-06	0.0662708	13.8354
6.803430e-06	0.0664796	13.8593
6.814501e-06	0.0666892	13.8833
6.825590e-06	0.0668994	13.9073
6.836697e-06	0.0671103	13.9313
6.847823e-06	0.0673219	13.9554
6.858966e-06	0.0675341	13.9796
6.870128e-06	0.0677471	14.0037
6.881308e-06	0.0679608	14.0279
6.892506e-06	0.0681752	14.0521
6.903722e-06	0.0683902	14.0764
6.914956e-06	0.068606	14.1007
6.926209e-06	0.0688225	14.1251
6.937480e-06	0.0690397	14.1495
6.948769e-06	0.0692576	14.1739
6.960077e-06	0.0694762	14.1983
6.971403e-06	0.0696955	14.2228
6.982748e-06	0.0699156	14.2474
6.994111e-06	0.0701364	14.2719
7.005492e-06	0.0703579	14.2965
7.016892e-06	0.0705801	14.3212
7.028311e-06	0.070803	14.3459
7.039748e-06	0.0710267	14.3706
7.051204e-06	0.0712511	14.3953
7.062678e-06	0.0714763	14.4201
7.074171e-06	0.0717022	14.445
7.085683e-06	0.0719288	14.4698
7.097214e-06	0.0721561	14.4947
7.108763e-06	0.0723842	14.5197
7.120331e-06	0.0726131	14.5447
7.131918e-06	0.0728427	14.5697
7.143524e-06	0.0730731	14.5948
7.155149e-06	0.0733042	14.6199
7.166792e-06	0.073536	14.645
7.178455e-06	0.0737686	14.6702
7.190136e-06	0.074002	14.6954
7.201837e-06	0.0742362	14.7206
7.213556e-06	0.0744711	14.7459
7.225295e-06	0.0747068	14.7713
7.237053e-06	0.0749432	14.7966
7.248830e-06	0.0751804	14.822
7.260626e-06	0.0754184	14.8475
7.272441e-06	0.0756572	14.873
7.284275e-06	0.0758968	14.8985
7.296129e-06	0.0761371	14.9241
7.308002e-06	0.0763783	14.9497
7.319894e-06	0.0766202	14.9753
7.331806e-06	0.0768629	15.001
7.343737e-06	0.0771064	15.0267
7.355688e-06	0.0773507	15.0525
7.367657e-06	0.0775958	15.0783
7.379647e-06	0.0778417	15.1041
7.391656e-06	0.0780884	15.13
7.403684e-06	0.0783359	15.1559
7.415732e-06	0.0785842	15.1819
7.427800e-06	0.0788334	15.2079
7.439887e-06	0.0790833	15.2339
7.451994e-06	0.0793341	15.26
7.464121e-06	0.0795856	15.2861
7.476267e-06	0.079838	15.3123
7.488433e-06	0.0800913	15.3385
7.500619e-06	0.0803453	15.3647
7.512825e-06	0.0806002	15.391
7.525051e-06	0.0808559	15.4173
7.537296e-06	0.0811125	15.4437
7.549562e-06	0.0813699	15.4701
7.561847e-06	0.0816281	15.4965
7.574152e-06	0.0818872	15.523
7.586478e-06	0.0821471	15.5495
7.598823e-06	0.0824079	15.5761
7.611189e-06	0.0826695	15.6027
7.623575e-06	0.082932	15.6293
7.635980e-06	0.0831954	15.656
7.648407e-06	0.0834596	15.6827
7.660853e-06	0.0837246	15.7095
7.673319e-06	0.0839906	15.7363
7.685806e-06	0.0842574	15.7632
7.698313e-06	0.084525	15.7901
7.710841e-06	0.0847936	15.817
7.723389e-06	0.085063	15.844
7.735957e-06	0.0853333	15.871
7.748546e-06	0.0856045	15.8981
7.761155e-06	0.0858766	15.9252
7.773785e-06	0.0861495	15.9523
7.786435e-06	0.0864234	15.9795
7.799106e-06	0.0866981	16.0067
7.811797e-06	0.0869738	16.034
7.824509e-06	0.0872503	16.0613
7.837242e-06	0.0875278	16.0887
7.849996e-06	0.0878061	16.1161
7.862770e-06	0.0880854	16.1435
7.875565e-06	0.0883656	16.171
7.888381e-06	0.0886467	16.1985
7.901218e-06	0.0889287	16.2261
7.914076e-06	0.0892116	16.2537
7.926954e-06	0.0894955	16.2813
7.939854e-06	0.0897802	16.309
7.952774e-06	0.090066	16.3368
7.965716e-06	0.0903526	16.3645
7.978678e-06	0.0906402	16.3924
7.991662e-06	0.0909287	16.4202
8.004667e-06	0.0912182	16.4481
8.017693e-06	0.0915086	16.4761
8.030740e-06	0.0917999	16.5041
8.043809e-06	0.0920922	16.5321
8.056898e-06	0.0923855	16.5602
8.070009e-06	0.0926797	16.5884
8.083142e-06	0.0929749	16.6165
8.096295e-06	0.093271	16.6447
8.109470e-06	0.0935682	16.673
8.122667e-06	0.0938662	16.7013
8.135885e-06	0.0941653	16.7296
8.149125e-06	0.0944653	16.758
8.162386e-06	0.0947663	16.7865
8.175668e-06	0.0950683	16.815
8.188973e-06	0.0953713	16.8435
8.202299e-06	0.0956753	16.872
8.215646e-06	0.0959802	16.9007
8.229016e-06	0.0962862	16.9293
8.242407e-06	0.0965931	16.958
8.255819e-06	0.0969011	16.9868
8.269254e-06	0.09721	17.0156
8.282711e-06	0.09752	17.0444
8.296189e-06	0.097831	17.0733
8.309690e-06	0.098143	17.1022
8.323212e-06	0.098456	17.1312
8.336756e-06	0.09877	17.1602
8.350323e-06	0.0990851	17.1892
8.363911e-06	0.0994012	17.2183
8.377522e-06	0.0997183	17.2475
8.391155e-06	0.100036	17.2767
8.404810e-06	0.100356	17.3059
8.418487e-06	0.100676	17.3352
8.432186e-06	0.100997	17.3646
8.445908e-06	0.10132	17.3939
8.459652e-06	0.101643	17.4234
8.473418e-06	0.101967	17.4528
8.487207e-06	0.102293	17.4823
8.501018e-06	0.102619	17.5119
8.514852e-06	0.102947	17.5415
8.528708e-06	0.103276	17.5712
8.542587e-06	0.103605	17.6009
8.556488e-06	0.103936	17.6306
8.570412e-06	0.104268	17.6604
8.584359e-06	0.104601	17.6903
8.598328e-06	0.104935	17.7201
8.612321e-06	0.10527	17.7501
8.626335e-06	0.105607	17.7801
8.640373e-06	0.105944	17.8101
8.654434e-06	0.106283	17.8402
8.668517e-06	0.106622	17.8703
8.682623e-06	0.106963	17.9005
8.696752e-06	0.107305	17.9307
8.710905e-06	0.107648	17.9609
8.725080e-06	0.107992	17.9912
8.739278e-06	0.108337	18.0216
8.753500e-06	0.108683	18.052
8.767744e-06	0.10903	18.0825
8.782012e-06	0.109379	18.113
8.796303e-06	0.109729	18.1435
8.810617e-06	0.110079	18.1741
8.824955e-06	0.110431	18.2048
8.839316e-06	0.110785	18.2354
8.853700e-06	0.111139	18.2662
8.868108e-06	0.111494	18.297
8.882539e-06	0.111851	18.3278
8.896993e-06	0.112209	18.3587
8.911471e-06	0.112567	18.3896
8.925973e-06	0.112928	18.4206
8.940498e-06	0.113289	18.4516
8.955047e-06	0.113651	18.4827
8.969620e-06	0.114015	18.5138
8.984216e-06	0.11438	18.545
8.998836e-06	0.114746	18.5762
9.013480e-06	0.115113	18.6075
9.028147e-06	0.115481	18.6388
9.042839e-06	0.115851	18.6702
9.057554e-06	0.116222	18.7016
9.072294e-06	0.116594	18.7331
9.087057e-06	0.116967	18.7646
9.101844e-06	0.117341	18.7962
9.116656e-06	0.117717	18.8278
9.131491e-06	0.118094	18.8595
9.146351e-06	0.118472	18.8912
9.161235e-06	0.118851	18.923
9.176143e-06	0.119232	18.9548
9.191076e-06	0.119614	18.9867
9.206032e-06	0.119997	19.0186
9.221013e-06	0.120381	19.0505
9.236019e-06	0.120766	19.0826
9.251048e-06	0.121153	19.1146
9.266103e-06	0.121541	19.1468
9.281181e-06	0.121931	19.1789
9.296285e-06	0.122321	19.2111
9.311412e-06	0.122713	19.2434
9.326565e-06	0.123106	19.2757
9.341742e-06	0.123501	19.3081
9.356944e-06	0.123897	19.3405
9.372170e-06	0.124294	19.373
9.387422e-06	0.124692	19.4055
9.402698e-06	0.125092	19.4381
9.417999e-06	0.125492	19.4707
9.433325e-06	0.125895	19.5034
9.448676e-06	0.126298	19.5361
9.464052e-06	0.126703	19.5689
9.479452e-06	0.127109	19.6018
9.494878e-06	0.127517	19.6346
9.510329e-06	0.127926	19.6676
9.525806e-06	0.128336	19.7006
9.541307e-06	0.128747	19.7336
9.556834e-06	0.12916	19.7667
9.572385e-06	0.129574	19.7999
9.587963e-06	0.12999	19.833
9.603565e-06	0.130407	19.8663
9.619193e-06	0.130825	19.8996
9.634846e-06	0.131245	19.933
9.650525e-06	0.131666	19.9664
9.666229e-06	0.132088	19.9998
9.681959e-06	0.132512	20.0333
9.697715e-06	0.132937	20.0669
9.713496e-06	0.133363	20.1005
9.729303e-06	0.133791	20.1342
9.745135e-06	0.13422	20.1679
9.760993e-06	0.134651	20.2017
9.776878e-06	0.135083	20.2355
9.792787e-06	0.135517	20.2694
9.808723e-06	0.135952	20.3033
9.824685e-06	0.136388	20.3373
9.840673e-06	0.136826	20.3714
9.856687e-06	0.137265	20.4055
9.872726e-06	0.137706	20.4396
9.888792e-06	0.138148	20.4738
9.904884e-06	0.138591	20.5081
9.921002e-06	0.139036	20.5424
9.937147e-06	0.139482	20.5768
9.953318e-06	0.13993	20.6112
9.969515e-06	0.14038	20.6457
9.985738e-06	0.14083	20.6802
1.000199e-05	0.141283	20.7148
1.001826e-05	0.141736	20.7494
1.003457e-05	0.142191	20.7841
1.005090e-05	0.142648	20.8189
1.006725e-05	0.143106	20.8537
1.008363e-05	0.143566	20.8886
1.010004e-05	0.144027	20.9235
1.011648e-05	0.14449	20.9584
1.013294e-05	0.144954	20.9935
1.014943e-05	0.14542	21.0286
1.016595e-05	0.145887	21.0637
1.018249e-05	0.146355	21.0989
1.019906e-05	0.146826	21.1341
1.021566e-05	0.147297	21.1694
1.023228e-05	0.147771	21.2048
1.024893e-05	0.148246	21.2402
1.026561e-05	0.148722	21.2757
1.028232e-05	0.1492	21.3112
1.029905e-05	0.149679	21.3468
1.031581e-05	0.150161	21.3824
1.033259e-05	0.150643	21.4181
1.034941e-05	0.151127	21.4539
1.036625e-05	0.151613	21.4897
1.038312e-05	0.152101	21.5256
1.040002e-05	0.15259	21.5615
1.041694e-05	0.15308	21.5975
1.043389e-05	0.153572	21.6335
1.045087e-05	0.154066	21.6696
1.046788e-05	0.154561	21.7057
1.048491e-05	0.155058	21.742
1.050197e-05	0.155557	21.7782
1.051906e-05	0.156057	21.8145
1.053618e-05	0.156559	21.8509
1.055333e-05	0.157063	21.8874
1.057050e-05	0.157568	21.9239
1.058770e-05	0.158075	21.9604
1.060493e-05	0.158583	21.997
1.062219e-05	0.159093	22.0337
1.063947e-05	0.159605	22.0704
1.065679e-05	0.160118	22.1072
1.067413e-05	0.160633	22.1441
1.069150e-05	0.16115	22.181
1.070890e-05	0.161669	22.2179
1.072632e-05	0.162189	22.2549
1.074378e-05	0.162711	22.292
1.076126e-05	0.163234	22.3292
1.077877e-05	0.163759	22.3664
1.079632e-05	0.164286	22.4036
1.081388e-05	0.164815	22.4409
1.083148e-05	0.165345	22.4783
1.084911e-05	0.165878	22.5157
1.086676e-05	0.166411	22.5532
1.088445e-05	0.166947	22.5908
1.090216e-05	0.167484	22.6284
1.091990e-05	0.168023	22.6661
1.093767e-05	0.168564	22.7038
1.095547e-05	0.169107	22.7416
1.097330e-05	0.169651	22.7795
1.099115e-05	0.170197	22.8174
1.100904e-05	0.170745	22.8553
1.102695e-05	0.171295	22.8934
1.104490e-05	0.171847	22.9315
1.106287e-05	0.1724	22.9696
1.108087e-05	0.172955	23.0078
1.109891e-05	0.173512	23.0461
1.111697e-05	0.174071	23.0844
1.113506e-05	0.174631	23.1228
1.115318e-05	0.175194	23.1613
1.117133e-05	0.175758	23.1998
1.118951e-05	0.176324	23.2384
1.120772e-05	0.176892	23.277
1.122595e-05	0.177462	23.3157
1.124422e-05	0.178033	23.3545
1.126252e-05	0.178607	23.3933
1.128085e-05	0.179182	23.4322
1.129920e-05	0.179759	23.4712
1.131759e-05	0.180338	23.5102
1.133601e-05	0.180919	23.5493
1.135446e-05	0.181502	23.5884
1.137293e-05	0.182087	23.6276
1.139144e-05	0.182674	23.6668
1.140998e-05	0.183262	23.7062
1.142854e-05	0.183853	23.7456
1.144714e-05	0.184445	23.785
1.146577e-05	0.18504	23.8245
1.148443e-05	0.185636	23.8641
1.150312e-05	0.186234	23.9037
1.152184e-05	0.186834	23.9434
1.154059e-05	0.187436	23.9832
1.155937e-05	0.188041	24.023
1.157818e-05	0.188647	24.0629
1.159702e-05	0.189255	24.1029
1.161589e-05	0.189865	24.1429
1.163479e-05	0.190477	24.183
1.165373e-05	0.191091	24.2231
1.167269e-05	0.191707	24.2633
1.169168e-05	0.192325	24.3036
1.171071e-05	0.192945	24.3439
1.172977e-05	0.193567	24.3843
1.174886e-05	0.194191	24.4248
1.176797e-05	0.194817	24.4653
1.178712e-05	0.195445	24.5059
1.180631e-05	0.196075	24.5466
1.182552e-05	0.196708	24.5873
1.184476e-05	0.197342	24.6281
1.186404e-05	0.197978	24.6689
1.188334e-05	0.198617	24.7099
1.190268e-05	0.199257	24.7508
1.192205e-05	0.1999	24.7919
1.194145e-05	0.200545	24.833
1.196088e-05	0.201191	24.8742
1.198035e-05	0.20184	24.9154
1.199984e-05	0.202491	24.9567
1.201937e-05	0.203145	24.9981
1.203893e-05	0.2038	25.0396
1.205852e-05	0.204457	25.0811
1.207814e-05	0.205117	25.1226
1.209780e-05	0.205778	25.1643
1.211748e-05	0.206442	25.206
1.213720e-05	0.207108	25.2478
1.215695e-05	0.207777	25.2896
1.217674e-05	0.208447	25.3315
1.219655e-05	0.209119	25.3735
1.221640e-05	0.209794	25.4155
1.223628e-05	0.210471	25.4576
1.225619e-05	0.21115	25.4998
1.227614e-05	0.211832	25.5421
1.229611e-05	0.212515	25.5844
1.231612e-05	0.213201	25.6268
1.233616e-05	0.213889	25.6692
1.235624e-05	0.214579	25.7117
1.237635e-05	0.215272	25.7543
1.239649e-05	0.215967	25.797
1.241666e-05	0.216664	25.8397
1.243687e-05	0.217363	25.8825
1.245710e-05	0.218065	25.9253
1.247738e-05	0.218769	25.9682
1.249768e-05	0.219475	26.0112
1.251802e-05	0.220183	26.0543
1.253839e-05	0.220894	26.0974
1.255879e-05	0.221607	26.1406
1.257923e-05	0.222323	26.1839
1.259970e-05	0.22304	26.2272
1.262020e-05	0.22376	26.2706
1.264074e-05	0.224483	26.3141
1.266131e-05	0.225208	26.3576
1.268191e-05	0.225935	26.4013
1.270255e-05	0.226664	26.4449
1.272322e-05	0.227396	26.4887
1.274393e-05	0.22813	26.5325
1.276466e-05	0.228867	26.5764
1.278544e-05	0.229606	26.6204
1.280624e-05	0.230348	26.6644
1.282708e-05	0.231092	26.7085
1.284795e-05	0.231838	26.7527
1.286886e-05	0.232587	26.7969
1.288980e-05	0.233338	26.8413
1.291078e-05	0.234091	26.8856
1.293179e-05	0.234847	26.9301
1.295283e-05	0.235606	26.9746
1.297391e-05	0.236367	27.0192
1.299502e-05	0.237131	27.0639
1.301617e-05	0.237897	27.1086
1.303735e-05	0.238665	27.1535
1.305857e-05	0.239436	27.1983
1.307982e-05	0.240209	27.2433
1.310110e-05	0.240985	27.2883
1.312242e-05	0.241764	27.3334
1.314378e-05	0.242545	27.3786
1.316517e-05	0.243329	27.4239
1.318659e-05	0.244115	27.4692
1.320805e-05	0.244904	27.5146
1.322954e-05	0.245695	27.56
1.325107e-05	0.246489	27.6056
1.327263e-05	0.247285	27.6512
1.329423e-05	0.248084	27.6969
1.331586e-05	0.248886	27.7426
1.333753e-05	0.24969	27.7884
1.335924e-05	0.250497	27.8343
1.338098e-05	0.251307	27.8803
1.340275e-05	0.252119	27.9264
1.342456e-05	0.252934	27.9725
1.344641e-05	0.253751	28.0187
1.346829e-05	0.254571	28.065
1.349021e-05	0.255394	28.1113
1.351216e-05	0.256219	28.1577
1.353415e-05	0.257048	28.2042
1.355617e-05	0.257878	28.2508
1.357823e-05	0.258712	28.2974
1.360033e-05	0.259548	28.3441
1.362246e-05	0.260387	28.3909
1.364463e-05	0.261229	28.4378
1.366683e-05	0.262073	28.4848
1.368907e-05	0.262921	28.5318
1.371135e-05	0.263771	28.5789
1.373366e-05	0.264623	28.626
1.375601e-05	0.265479	28.6733
1.377839e-05	0.266337	28.7206
1.380082e-05	0.267198	28.768
1.382327e-05	0.268062	28.8155
1.384577e-05	0.268929	28.863
1.386830e-05	0.269799	28.9106
1.389087e-05	0.270671	28.9583
1.391347e-05	0.271546	29.0061
1.393611e-05	0.272424	29.054
1.395879e-05	0.273305	29.1019
1.398151e-05	0.274189	29.1499
1.400426e-05	0.275076	29.198
1.402705e-05	0.275965	29.2461
1.404987e-05	0.276858	29.2944
1.407274e-05	0.277753	29.3427
1.409564e-05	0.278651	29.3911
1.411858e-05	0.279552	29.4396
1.414155e-05	0.280457	29.4881
1.416456e-05	0.281364	29.5367
1.418761e-05	0.282274	29.5854
1.421070e-05	0.283187	29.6342
1.423383e-05	0.284103	29.6831
1.425699e-05	0.285022	29.732
1.428019e-05	0.285944	29.781
1.430343e-05	0.286869	29.8301
1.432670e-05	0.287797	29.8793
1.435002e-05	0.288728	29.9286
1.437337e-05	0.289662	29.9779
1.439676e-05	0.290599	30.0273
1.442019e-05	0.291539	30.0768
1.444365e-05	0.292482	30.1264
1.446716e-05	0.293428	30.176
1.449070e-05	0.294377	30.2257
1.451428e-05	0.29533	30.2755
1.453790e-05	0.296285	30.3254
1.456156e-05	0.297244	30.3754
1.458525e-05	0.298206	30.4254
1.460899e-05	0.299171	30.4756
1.463276e-05	0.300139	30.5258
1.465657e-05	0.30111	30.5761
1.468042e-05	0.302084	30.6264
1.470431e-05	0.303062	30.6769
1.472824e-05	0.304042	30.7274
1.475221e-05	0.305026	30.778
1.477622e-05	0.306013	30.8287
1.480026e-05	0.307004	30.8795
1.482435e-05	0.307997	30.9304
1.484847e-05	0.308994	30.9813
1.487263e-05	0.309994	31.0323
1.489683e-05	0.310997	31.0834
1.492108e-05	0.312004	31.1346
1.494536e-05	0.313014	31.1859
1.496968e-05	0.314027	31.2372
1.499404e-05	0.315043	31.2887
1.501844e-05	0.316063	31.3402
1.504288e-05	0.317086	31.3918
1.506736e-05	0.318112	31.4435
1.509188e-05	0.319142	31.4952
1.511643e-05	0.320175	31.5471
1.514103e-05	0.321211	31.599
1.516567e-05	0.322251	31.651
1.519035e-05	0.323294	31.7031
1.521507e-05	0.324341	31.7553
1.523983e-05	0.325391	31.8076
1.526463e-05	0.326444	31.8599
1.528947e-05	0.327501	31.9124
1.531435e-05	0.328562	31.9649
1.533927e-05	0.329625	32.0175
1.536423e-05	0.330692	32.0702
1.538924e-05	0.331763	32.1229
1.541428e-05	0.332837	32.1758
1.543936e-05	0.333915	32.2287
1.546449e-05	0.334996	32.2817
1.548965e-05	0.336081	32.3349
1.551486e-05	0.337169	32.3881
1.554011e-05	0.338261	32.4413
1.556539e-05	0.339356	32.4947
1.559072e-05	0.340455	32.5482
1.561610e-05	0.341557	32.6017
1.564151e-05	0.342663	32.6553
1.566696e-05	0.343773	32.709
1.569246e-05	0.344886	32.7628
1.571799e-05	0.346003	32.8167
1.574357e-05	0.347124	32.8707
1.576919e-05	0.348248	32.9247
1.579485e-05	0.349376	32.9789
1.582055e-05	0.350507	33.0331
1.584630e-05	0.351642	33.0874
1.587209e-05	0.352781	33.1418
1.589791e-05	0.353924	33.1963
1.592378e-05	0.35507	33.2509
1.594970e-05	0.35622	33.3056
1.597565e-05	0.357374	33.3603
1.600165e-05	0.358532	33.4152
1.602769e-05	0.359693	33.4701
1.605377e-05	0.360858	33.5251
1.607990e-05	0.362027	33.5802
1.610606e-05	0.363199	33.6354
1.613227e-05	0.364376	33.6907
1.615852e-05	0.365556	33.7461
1.618482e-05	0.366741	33.8016
1.621116e-05	0.367929	33.8571
1.623754e-05	0.36912	33.9128
1.626396e-05	0.370316	33.9685
1.629043e-05	0.371516	34.0243
1.631694e-05	0.37272	34.0802
1.634349e-05	0.373927	34.1362
1.637008e-05	0.375138	34.1923
1.639672e-05	0.376354	34.2485
1.642341e-05	0.377573	34.3048
1.645013e-05	0.378796	34.3612
1.647690e-05	0.380024	34.4176
1.650371e-05	0.381255	34.4742
1.653057e-05	0.38249	34.5308
1.655747e-05	0.38373	34.5875
1.658441e-05	0.384973	34.6443
1.661140e-05	0.38622	34.7012
1.663843e-05	0.387472	34.7582
1.666551e-05	0.388727	34.8153
1.669263e-05	0.389987	34.8725
1.671979e-05	0.391251	34.9298
1.674700e-05	0.392519	34.9872
1.677425e-05	0.39379	35.0446
1.680155e-05	0.395067	35.1022
1.682889e-05	0.396347	35.1598
1.685628e-05	0.397631	35.2176
1.688371e-05	0.39892	35.2754
1.691118e-05	0.400213	35.3333
1.693870e-05	0.40151	35.3914
1.696627e-05	0.402811	35.4495
1.699388e-05	0.404116	35.5077
1.702153e-05	0.405426	35.566
1.704923e-05	0.40674	35.6244
1.707697e-05	0.408058	35.6829
1.710476e-05	0.409381	35.7414
1.713260e-05	0.410708	35.8001
1.716048e-05	0.412039	35.8589
1.718840e-05	0.413374	35.9178
1.721637e-05	0.414714	35.9767
1.724439e-05	0.416059	36.0358
1.727245e-05	0.417407	36.0949
1.730056e-05	0.41876	36.1542
1.732871e-05	0.420118	36.2135
1.735691e-05	0.421479	36.2729
1.738516e-05	0.422846	36.3325
1.741345e-05	0.424216	36.3921
1.744178e-05	0.425591	36.4518
1.747017e-05	0.426971	36.5116
1.749860e-05	0.428355	36.5716
1.752707e-05	0.429744	36.6316
1.755559e-05	0.431137	36.6917
1.758416e-05	0.432535	36.7519
1.761278e-05	0.433937	36.8122
1.764144e-05	0.435344	36.8726
1.767015e-05	0.436755	36.9331
1.769890e-05	0.438171	36.9937
1.772770e-05	0.439592	37.0544
1.775655e-05	0.441017	37.1152
1.778545e-05	0.442447	37.1761
1.781439e-05	0.443881	37.2371
1.784338e-05	0.44532	37.2981
1.787241e-05	0.446764	37.3593
1.790150e-05	0.448213	37.4206
1.793063e-05	0.449666	37.482
1.795981e-05	0.451124	37.5435
1.798903e-05	0.452587	37.605
1.801831e-05	0.454054	37.6667
1.804763e-05	0.455526	37.7285
1.807700e-05	0.457004	37.7904
1.810641e-05	0.458485	37.8524
1.813588e-05	0.459972	37.9144
1.816539e-05	0.461464	37.9766
1.819495e-05	0.46296	38.0389
1.822456e-05	0.464461	38.1013
1.825422e-05	0.465968	38.1637
1.828392e-05	0.467479	38.2263
1.831368e-05	0.468995	38.289
1.834348e-05	0.470515	38.3518
1.837333e-05	0.472041	38.4147
1.840323e-05	0.473572	38.4776
1.843317e-05	0.475108	38.5407
1.846317e-05	0.476649	38.6039
1.849322e-05	0.478195	38.6672
1.852331e-05	0.479745	38.7306
1.855345e-05	0.481301	38.7941
1.858364e-05	0.482862	38.8577
1.861389e-05	0.484428	38.9214
1.864418e-05	0.486	38.9852
1.867452e-05	0.487576	39.0491
1.870491e-05	0.489157	39.1131
1.873534e-05	0.490744	39.1772
1.876583e-05	0.492336	39.2414
1.879637e-05	0.493932	39.3057
1.882696e-05	0.495534	39.3701
1.885759e-05	0.497142	39.4347
1.888828e-05	0.498754	39.4993
1.891902e-05	0.500372	39.564
1.894980e-05	0.501995	39.6289
1.898064e-05	0.503623	39.6938
1.901153e-05	0.505257	39.7589
1.904247e-05	0.506896	39.824
1.907345e-05	0.50854	39.8893
1.910449e-05	0.51019	39.9546
1.913558e-05	0.511845	40.0201
1.916672e-05	0.513505	40.0857
1.919791e-05	0.515171	40.1513
1.922915e-05	0.516842	40.2171
1.926044e-05	0.518519	40.283
1.929179e-05	0.520201	40.349
1.932318e-05	0.521889	40.4151
1.935462e-05	0.523582	40.4813
1.938612e-05	0.52528	40.5476
1.941767e-05	0.526985	40.6141
1.944927e-05	0.528694	40.6806
1.948092e-05	0.530409	40.7472
1.951262e-05	0.53213	40.814
1.954437e-05	0.533857	40.8808
1.957617e-05	0.535589	40.9478
1.960803e-05	0.537326	41.0149
1.963994e-05	0.53907	41.082
1.967190e-05	0.540819	41.1493
1.970391e-05	0.542573	41.2167
1.973597e-05	0.544334	41.2842
1.976809e-05	0.5461	41.3518
1.980026e-05	0.547872	41.4195
1.983248e-05	0.549649	41.4874
1.986475e-05	0.551433	41.5553
1.989708e-05	0.553222	41.6234
1.992946e-05	0.555017	41.6915
1.996189e-05	0.556818	41.7598
1.999437e-05	0.558625	41.8282
2.002691e-05	0.560438	41.8967
2.005950e-05	0.562256	41.9653
2.009214e-05	0.564081	42.034
2.012484e-05	0.565911	42.1028
2.015759e-05	0.567747	42.1717
2.019039e-05	0.56959	42.2408
2.022325e-05	0.571438	42.3099
2.025616e-05	0.573292	42.3792
2.028912e-05	0.575153	42.4486
2.032214e-05	0.577019	42.518
2.035521e-05	0.578892	42.5877
2.038833e-05	0.58077	42.6574
2.042151e-05	0.582655	42.7272
2.045474e-05	0.584546	42.7971
2.048803e-05	0.586443	42.8672
2.052137e-05	0.588346	42.9374
2.055476e-05	0.590255	43.0076
2.058821e-05	0.592171	43.078
2.062171e-05	0.594093	43.1485
2.065527e-05	0.596021	43.2191
2.068888e-05	0.597955	43.2899
2.072255e-05	0.599896	43.3607
2.075627e-05	0.601843	43.4317
2.079005e-05	0.603796	43.5028
2.082388e-05	0.605756	43.574
2.085777e-05	0.607722	43.6453
2.089171e-05	0.609694	43.7167
2.092571e-05	0.611673	43.7882
2.095976e-05	0.613658	43.8599
2.099387e-05	0.61565	43.9316
2.102803e-05	0.617648	44.0035
2.106225e-05	0.619653	44.0755
2.109652e-05	0.621664	44.1477
2.113085e-05	0.623682	44.2199
2.116524e-05	0.625706	44.2922
2.119968e-05	0.627737	44.3647
2.123418e-05	0.629775	44.4373
2.126873e-05	0.631819	44.51
2.130335e-05	0.63387	44.5828
2.133801e-05	0.635927	44.6557
2.137274e-05	0.637992	44.7288
2.140752e-05	0.640063	44.802
2.144235e-05	0.64214	44.8753
2.147725e-05	0.644225	44.9487
2.151220e-05	0.646316	45.0222
2.154720e-05	0.648414	45.0958
2.158227e-05	0.650519	45.1696
2.161739e-05	0.652631	45.2435
2.165256e-05	0.654749	45.3175
2.168780e-05	0.656875	45.3916
2.172309e-05	0.659007	45.4658
2.175844e-05	0.661146	45.5402
2.179385e-05	0.663292	45.6147
2.182932e-05	0.665446	45.6893
2.186484e-05	0.667606	45.764
2.190042e-05	0.669773	45.8389
2.193606e-05	0.671948	45.9138
2.197175e-05	0.674129	45.9889
2.200751e-05	0.676318	46.0641
2.204332e-05	0.678513	46.1394
2.207919e-05	0.680716	46.2149
2.211512e-05	0.682926	46.2905
2.215111e-05	0.685143	46.3661
2.218716e-05	0.687367	46.442
2.222326e-05	0.689599	46.5179
2.225943e-05	0.691838	46.594
2.229565e-05	0.694084	46.6701
2.233193e-05	0.696338	46.7465
2.236827e-05	0.698598	46.8229
2.240467e-05	0.700866	46.8994
2.244113e-05	0.703142	46.9761
2.247765e-05	0.705425	47.0529
2.251423e-05	0.707715	47.1298
2.255086e-05	0.710013	47.2069
2.258756e-05	0.712318	47.2841
2.262432e-05	0.714631	47.3614
2.266113e-05	0.716951	47.4388
2.269801e-05	0.719279	47.5163
2.273495e-05	0.721615	47.594
2.277194e-05	0.723958	47.6718
2.280900e-05	0.726308	47.7497
2.284612e-05	0.728667	47.8278
2.288330e-05	0.731033	47.906
2.292053e-05	0.733406	47.9843
2.295783e-05	0.735788	48.0627
2.299519e-05	0.738177	48.1412
2.303261e-05	0.740574	48.2199
2.307009e-05	0.742978	48.2987
2.310763e-05	0.745391	48.3777
2.314524e-05	0.747811	48.4567
2.318290e-05	0.75024	48.5359
2.322063e-05	0.752676	48.6152
2.325841e-05	0.75512	48.6947
2.329626e-05	0.757572	48.7743
2.333417e-05	0.760032	48.854
2.337214e-05	0.7625	48.9338
2.341018e-05	0.764976	49.0138
2.344827e-05	0.76746	49.0939
2.348643e-05	0.769952	49.1741
2.352465e-05	0.772453	49.2544
2.356293e-05	0.774961	49.3349
2.360128e-05	0.777478	49.4155
2.363968e-05	0.780002	49.4963
2.367815e-05	0.782535	49.5772
2.371668e-05	0.785077	49.6582
2.375528e-05	0.787626	49.7393
2.379393e-05	0.790184	49.8206
2.383265e-05	0.79275	49.902
2.387144e-05	0.795325	49.9835
2.391028e-05	0.797907	50.0651
2.394919e-05	0.800499	50.1469
2.398817e-05	0.803098	50.2289
2.402720e-05	0.805706	50.3109
2.406630e-05	0.808323	50.3931
2.410546e-05	0.810948	50.4754
2.414469e-05	0.813582	50.5579
2.418398e-05	0.816224	50.6405
2.422334e-05	0.818875	50.7232
2.426275e-05	0.821534	50.806
2.430224e-05	0.824202	50.889
2.434178e-05	0.826879	50.9721
2.438140e-05	0.829565	51.0554
2.442107e-05	0.832259	51.1388
2.446081e-05	0.834962	51.2223
2.450062e-05	0.837674	51.306
2.454049e-05	0.840394	51.3898
2.458042e-05	0.843124	51.4737
2.462042e-05	0.845862	51.5578
2.466049e-05	0.848609	51.642
2.470062e-05	0.851366	51.7263
2.474081e-05	0.854131	51.8108
2.478107e-05	0.856905	51.8954
2.482140e-05	0.859688	51.9802
2.486179e-05	0.86248	52.0651
2.490225e-05	0.865281	52.1501
2.494277e-05	0.868092	52.2352
2.498336e-05	0.870911	52.3205
2.502402e-05	0.87374	52.406
2.506474e-05	0.876578	52.4915
2.510553e-05	0.879425	52.5773
2.514638e-05	0.882282	52.6631
2.518730e-05	0.885147	52.7491
2.522829e-05	0.888022	52.8352
2.526934e-05	0.890907	52.9215
2.531046e-05	0.893801	53.0079
2.535165e-05	0.896704	53.0945
2.539291e-05	0.899616	53.1811
2.543423e-05	0.902538	53.268
2.547562e-05	0.90547	53.3549
2.551707e-05	0.908411	53.442
2.555860e-05	0.911362	53.5293
2.560019e-05	0.914322	53.6167
2.564185e-05	0.917292	53.7042
2.568358e-05	0.920272	53.7919
2.572537e-05	0.923261	53.8797
2.576723e-05	0.92626	53.9677
2.580916e-05	0.929269	54.0558
2.585116e-05	0.932287	54.144
2.589323e-05	0.935316	54.2324
2.593537e-05	0.938354	54.3209
2.597757e-05	0.941402	54.4096
2.601985e-05	0.94446	54.4984
2.606219e-05	0.947528	54.5873
2.610460e-05	0.950606	54.6764
2.614708e-05	0.953694	54.7657
2.618963e-05	0.956792	54.8551
2.623225e-05	0.9599	54.9446
2.627493e-05	0.963018	55.0343
2.631769e-05	0.966146	55.1241
2.636052e-05	0.969285	55.2141
2.640341e-05	0.972433	55.3042
2.644638e-05	0.975592	55.3945
2.648942e-05	0.978762	55.4849
2.653252e-05	0.981941	55.5754
2.657570e-05	0.985131	55.6661
2.661895e-05	0.988331	55.757
2.666226e-05	0.991542	55.8479
2.670565e-05	0.994763	55.9391
2.674911e-05	0.997994	56.0304
2.679264e-05	1.00124	56.1218
2.683624e-05	1.00449	56.2134
2.687991e-05	1.00775	56.3051
2.692365e-05	1.01103	56.397
2.696746e-05	1.01431	56.489
2.701135e-05	1.01761	56.5812
2.705530e-05	1.02091	56.6735
2.709933e-05	1.02423	56.766
2.714343e-05	1.02756	56.8586
2.718760e-05	1.03089	56.9514
2.723184e-05	1.03424	57.0443
2.727616e-05	1.0376	57.1374
2.732054e-05	1.04097	57.2306
2.736500e-05	1.04436	57.324
2.740953e-05	1.04775	57.4175
2.745414e-05	1.05115	57.5112
2.749881e-05	1.05457	57.605
2.754356e-05	1.05799	57.699
2.758838e-05	1.06143	57.7931
2.763328e-05	1.06488	57.8874
2.767825e-05	1.06834	57.9818
2.772329e-05	1.07181	58.0764
2.776840e-05	1.07529	58.1712
2.781359e-05	1.07878	58.266
2.785885e-05	1.08229	58.3611
2.790418e-05	1.08581	58.4563
2.794959e-05	1.08933	58.5517
2.799507e-05	1.09287	58.6472
2.804063e-05	1.09642	58.7428
2.808626e-05	1.09998	58.8386
2.813197e-05	1.10356	58.9346
2.817775e-05	1.10714	59.0307
2.822360e-05	1.11074	59.127
2.826953e-05	1.11435	59.2235
2.831553e-05	1.11797	59.3201
2.836161e-05	1.1216	59.4168
2.840776e-05	1.12525	59.5137
2.845399e-05	1.1289	59.6108
2.850029e-05	1.13257	59.708
2.854667e-05	1.13625	59.8054
2.859313e-05	1.13994	59.9029
2.863966e-05	1.14364	60.0006
2.868626e-05	1.14736	60.0985
2.873294e-05	1.15109	60.1965
2.877970e-05	1.15483	60.2946
2.882653e-05	1.15858	60.393
2.887344e-05	1.16234	60.4915
2.892043e-05	1.16612	60.5901
2.896749e-05	1.16991	60.6889
2.901463e-05	1.17371	60.7879
2.906184e-05	1.17752	60.887
2.910914e-05	1.18135	60.9863
2.915651e-05	1.18519	61.0857
2.920395e-05	1.18904	61.1853
2.925148e-05	1.1929	61.2851
2.929908e-05	1.19678	61.385
2.934676e-05	1.20067	61.4851
2.939451e-05	1.20457	61.5854
2.944235e-05	1.20848	61.6858
2.949026e-05	1.21241	61.7864
2.953825e-05	1.21635	61.8871
2.958631e-05	1.2203	61.988
2.963446e-05	1.22426	62.0891
2.968268e-05	1.22824	62.1903
2.973099e-05	1.23223	62.2917
2.977937e-05	1.23624	62.3932
2.982783e-05	1.24025	62.495
2.987637e-05	1.24428	62.5968
2.992498e-05	1.24833	62.6989
2.997368e-05	1.25238	62.8011
3.002246e-05	1.25645	62.9035
3.007131e-05	1.26053	63.006
3.012025e-05	1.26463	63.1087
3.016926e-05	1.26874	63.2116
3.021836e-05	1.27286	63.3147
3.026753e-05	1.277	63.4179
3.031679e-05	1.28115	63.5212
3.036612e-05	1.28531	63.6248
3.041554e-05	1.28948	63.7285
3.046503e-05	1.29367	63.8324
3.051461e-05	1.29788	63.9364
3.056426e-05	1.30209	64.0406
3.061400e-05	1.30633	64.145
3.066382e-05	1.31057	64.2496
3.071372e-05	1.31483	64.3543
3.076370e-05	1.3191	64.4592
3.081376e-05	1.32339	64.5642
3.086390e-05	1.32769	64.6695
3.091413e-05	1.332	64.7749
3.096444e-05	1.33633	64.8804
3.101482e-05	1.34067	64.9862
3.106529e-05	1.34503	65.0921
3.111585e-05	1.3494	65.1982
3.116648e-05	1.35378	65.3044
3.121720e-05	1.35818	65.4109
3.126800e-05	1.36259	65.5175
3.131888e-05	1.36702	65.6242
3.136985e-05	1.37146	65.7312
3.142089e-05	1.37592	65.8383
3.147203e-05	1.38039	65.9456
3.152324e-05	1.38488	66.053
3.157454e-05	1.38938	66.1607
3.162592e-05	1.39389	66.2685
3.167738e-05	1.39842	66.3765
3.172893e-05	1.40296	66.4846
3.178057e-05	1.40752	66.593
3.183228e-05	1.4121	66.7015
3.188408e-05	1.41668	66.8101
3.193597e-05	1.42129	66.919
3.198794e-05	1.4259	67.028
3.203999e-05	1.43054	67.1373
3.209213e-05	1.43519	67.2466
3.214435e-05	1.43985	67.3562
3.219666e-05	1.44453	67.466
3.224906e-05	1.44922	67.5759
3.230154e-05	1.45393	67.686
3.235410e-05	1.45866	67.7962
3.240675e-05	1.4634	67.9067
3.245948e-05	1.46815	68.0173
3.251231e-05	1.47292	68.1281
3.256521e-05	1.47771	68.2391
3.261821e-05	1.48251	68.3503
3.267129e-05	1.48733	68.4617
3.272445e-05	1.49216	68.5732
3.277771e-05	1.49701	68.6849
3.283104e-05	1.50187	68.7968
3.288447e-05	1.50675	68.9089
3.293798e-05	1.51165	69.0211
3.299158e-05	1.51656	69.1335
3.304527e-05	1.52149	69.2462
3.309905e-05	1.52643	69.359
3.315291e-05	1.53139	69.4719
3.320686e-05	1.53637	69.5851
3.326089e-05	1.54136	69.6984
3.331502e-05	1.54637	69.812
3.336923e-05	1.55139	69.9257
3.342354e-05	1.55643	70.0396
3.347793e-05	1.56149	70.1537
3.353240e-05	1.56656	70.2679
3.358697e-05	1.57165	70.3824
3.364163e-05	1.57676	70.497
3.369637e-05	1.58188	70.6118
3.375121e-05	1.58702	70.7268
3.380613e-05	1.59218	70.842
3.386114e-05	1.59735	70.9574
3.391625e-05	1.60255	71.073
3.397144e-05	1.60775	71.1887
3.402672e-05	1.61298	71.3046
3.408209e-05	1.61822	71.4208
3.413755e-05	1.62348	71.5371
3.419311e-05	1.62875	71.6536
3.424875e-05	1.63404	71.7703
3.430448e-05	1.63935	71.8871
3.436030e-05	1.64468	72.0042
3.441622e-05	1.65002	72.1215
3.447222e-05	1.65539	72.2389
3.452832e-05	1.66076	72.3565
3.458451e-05	1.66616	72.4744
3.464079e-05	1.67157	72.5924
3.469716e-05	1.67701	72.7106
3.475362e-05	1.68245	72.829
3.481018e-05	1.68792	72.9476
3.486682e-05	1.69341	73.0663
3.492356e-05	1.69891	73.1853
3.498039e-05	1.70443	73.3045
3.503732e-05	1.70997	73.4238
3.509433e-05	1.71552	73.5434
3.515144e-05	1.7211	73.6631
3.520864e-05	1.72669	73.7831
3.526594e-05	1.7323	73.9032
3.532333e-05	1.73793	74.0235
3.538081e-05	1.74358	74.144
3.543839e-05	1.74924	74.2647
3.549605e-05	1.75493	74.3857
3.555382e-05	1.76063	74.5068
3.561167e-05	1.76635	74.6281
3.566962e-05	1.77209	74.7496
3.572767e-05	1.77785	74.8712
3.578581e-05	1.78362	74.9931
3.584404e-05	1.78942	75.1152
3.590237e-05	1.79523	75.2375
3.596080e-05	1.80107	75.36
3.601932e-05	1.80692	75.4827
3.607793e-05	1.81279	75.6055
3.613664e-05	1.81868	75.7286
3.619545e-05	1.82459	75.8519
3.625435e-05	1.83052	75.9753
3.631334e-05	1.83646	76.099
3.637244e-05	1.84243	76.2229
3.643162e-05	1.84842	76.347
3.649091e-05	1.85442	76.4712
3.655029e-05	1.86045	76.5957
3.660977e-05	1.86649	76.7204
3.666934e-05	1.87256	76.8453
3.672902e-05	1.87864	76.9703
3.678879e-05	1.88475	77.0956
3.684865e-05	1.89087	77.2211
3.690862e-05	1.89701	77.3468
3.696868e-05	1.90318	77.4727
3.702884e-05	1.90936	77.5987
3.708909e-05	1.91557	77.725
3.714945e-05	1.92179	77.8515
3.720990e-05	1.92803	77.9782
3.727045e-05	1.9343	78.1051
3.733110e-05	1.94058	78.2323
3.739185e-05	1.94689	78.3596
3.745270e-05	1.95321	78.4871
3.751365e-05	1.95956	78.6148
3.757469e-05	1.96593	78.7428
3.763584e-05	1.97231	78.8709
3.769708e-05	1.97872	78.9993
3.775843e-05	1.98515	79.1278
3.781987e-05	1.9916	79.2566
3.788142e-05	1.99807	79.3855
3.794306e-05	2.00456	79.5147
3.800481e-05	2.01108	79.6441
3.806665e-05	2.01761	79.7737
3.812860e-05	2.02417	79.9035
3.819065e-05	2.03074	80.0335
3.825279e-05	2.03734	80.1638
3.831504e-05	2.04396	80.2942
3.837739e-05	2.0506	80.4248
3.843984e-05	2.05726	80.5557
3.850240e-05	2.06395	80.6868
3.856505e-05	2.07065	80.8181
3.862781e-05	2.07738	80.9495
3.869067e-05	2.08413	81.0812
3.875363e-05	2.0909	81.2132
3.881669e-05	2.0977	81.3453
3.887986e-05	2.10451	81.4776
3.894313e-05	2.11135	81.6102
3.900650e-05	2.11821	81.743
3.906998e-05	2.12509	81.876
3.913355e-05	2.13199	82.0092
3.919724e-05	2.13892	82.1426
3.926102e-05	2.14587	82.2762
3.932491e-05	2.15284	82.4101
3.938891e-05	2.15984	82.5441
3.945300e-05	2.16685	82.6784
3.951721e-05	2.17389	82.8129
3.958151e-05	2.18096	82.9476
3.964592e-05	2.18804	83.0825
3.971044e-05	2.19515	83.2177
3.977506e-05	2.20228	83.3531
3.983979e-05	2.20944	83.4886
3.990462e-05	2.21661	83.6244
3.996955e-05	2.22382	83.7605
4.003460e-05	2.23104	83.8967
4.009974e-05	2.23829	84.0332
4.016500e-05	2.24556	84.1699
4.023036e-05	2.25286	84.3068
4.029583e-05	2.26017	84.4439
4.036140e-05	2.26752	84.5812
4.042708e-05	2.27488	84.7188
4.049287e-05	2.28227	84.8566
4.055876e-05	2.28969	84.9946
4.062476e-05	2.29713	85.1328
4.069087e-05	2.30459	85.2713
4.075709e-05	2.31208	85.41
4.082341e-05	2.31959	85.5489
4.088984e-05	2.32712	85.688
4.095638e-05	2.33468	85.8274
4.102303e-05	2.34227	85.967
4.108979e-05	2.34988	86.1068
4.115665e-05	2.35751	86.2468
4.122363e-05	2.36517	86.3871
4.129071e-05	2.37285	86.5275
4.135790e-05	2.38056	86.6682
4.142521e-05	2.38829	86.8092
4.149262e-05	2.39605	86.9503
4.156014e-05	2.40384	87.0917
4.162777e-05	2.41165	87.2334
4.169551e-05	2.41948	87.3752
4.176336e-05	2.42734	87.5173
4.183132e-05	2.43523	87.6596
4.189940e-05	2.44314	87.8021
4.196758e-05	2.45107	87.9449
4.203587e-05	2.45903	88.0879
4.210428e-05	2.46702	88.2311
4.217279e-05	2.47504	88.3746
4.224142e-05	2.48308	88.5183
4.231016e-05	2.49114	88.6622
4.237901e-05	2.49923	88.8063
4.244798e-05	2.50735	88.9507
4.251705e-05	2.5155	89.0954
4.258624e-05	2.52367	89.2402
4.265554e-05	2.53187	89.3853
4.272495e-05	2.54009	89.5306
4.279448e-05	2.54834	89.6762
4.286412e-05	2.55662	89.822
4.293387e-05	2.56492	89.968
4.300374e-05	2.57326	90.1142
4.307372e-05	2.58162	90.2607
4.314381e-05	2.59	90.4075
4.321402e-05	2.59841	90.5544
4.328434e-05	2.60685	90.7017
4.335478e-05	2.61532	90.8491
4.342533e-05	2.62382	90.9968
4.349600e-05	2.63234	91.1447
4.356678e-05	2.64089	91.2929
4.363767e-05	2.64947	91.4413
4.370869e-05	2.65807	91.5899
4.377981e-05	2.66671	91.7388
4.385106e-05	2.67537	91.8879
4.392242e-05	2.68406	92.0372
4.399389e-05	2.69278	92.1868
4.406548e-05	2.70152	92.3367
4.413719e-05	2.7103	92.4868
4.420901e-05	2.7191	92.6371
4.428096e-05	2.72793	92.7876
4.435301e-05	2.73679	92.9385
4.442519e-05	2.74568	93.0895
4.449748e-05	2.7546	93.2408
4.456989e-05	2.76355	93.3923
4.464242e-05	2.77252	93.5441
4.471507e-05	2.78153	93.6962
4.478783e-05	2.79056	93.8484
4.486072e-05	2.79963	94.0009
4.493372e-05	2.80872	94.1537
4.500684e-05	2.81784	94.3067
4.508008e-05	2.82699	94.46
4.515344e-05	2.83617	94.6135
4.522692e-05	2.84539	94.7672
4.530051e-05	2.85463	94.9212
4.537423e-05	2.8639	95.0755
4.544807e-05	2.8732	95.23
4.552203e-05	2.88253	95.3847
4.559611e-05	2.89189	95.5397
4.567030e-05	2.90128	95.695
4.574462e-05	2.91071	95.8505
4.581906e-05	2.92016	96.0062
4.589363e-05	2.92964	96.1622
4.596831e-05	2.93916	96.3185
4.604311e-05	2.9487	96.475
4.611804e-05	2.95828	96.6317
4.619309e-05	2.96789	96.7887
4.626826e-05	2.97752	96.946
4.634355e-05	2.98719	97.1035
4.641896e-05	2.9969	97.2612
4.649450e-05	3.00663	97.4193
4.657016e-05	3.01639	97.5775
4.664595e-05	3.02619	97.7361
4.672185e-05	3.03601	97.8948
4.679788e-05	3.04587	98.0539
4.687404e-05	3.05577	98.2132
4.695032e-05	3.06569	98.3727
4.702672e-05	3.07564	98.5326
4.710324e-05	3.08563	98.6926
4.717990e-05	3.09565	98.8529
4.725667e-05	3.1057	99.0135
4.733357e-05	3.11579	99.1744
4.741060e-05	3.12591	99.3355
4.748775e-05	3.13606	99.4968
4.756503e-05	3.14624	99.6585
4.764243e-05	3.15646	99.8203
4.771996e-05	3.16671	99.9825
4.779761e-05	3.17699	100.145
4.787539e-05	3.18731	100.308
4.795330e-05	3.19766	100.47
4.803134e-05	3.20804	100.634
4.810950e-05	3.21846	100.797
4.818779e-05	3.22891	100.961
4.826620e-05	3.23939	101.125
4.834475e-05	3.24991	101.289
4.842342e-05	3.26046	101.454
4.850222e-05	3.27105	101.618
4.858115e-05	3.28167	101.783
4.866020e-05	3.29233	101.949
4.873939e-05	3.30302	102.114
4.881870e-05	3.31374	102.28
4.889814e-05	3.3245	102.446
4.897771e-05	3.33529	102.613
4.905742e-05	3.34612	102.779
4.913725e-05	3.35699	102.946
4.921721e-05	3.36789	103.113
4.929730e-05	3.37882	103.281
4.937752e-05	3.38979	103.448
4.945787e-05	3.4008	103.616
4.953836e-05	3.41184	103.785
4.961897e-05	3.42292	103.953
4.969972e-05	3.43403	104.122
4.978059e-05	3.44518	104.291
4.986160e-05	3.45636	104.46
4.994274e-05	3.46758	104.63
5.002401e-05	3.47884	104.8
5.010542e-05	3.49014	104.97
5.018695e-05	3.50147	105.141
5.026862e-05	3.51283	105.311
5.035042e-05	3.52424	105.482
5.043236e-05	3.53568	105.653
5.051443e-05	3.54716	105.825
5.059663e-05	3.55867	105.997
5.067897e-05	3.57023	106.169
5.076144e-05	3.58182	106.341
5.084404e-05	3.59345	106.514
5.092678e-05	3.60511	106.687
5.100965e-05	3.61681	106.86
5.109266e-05	3.62856	107.033
5.117580e-05	3.64033	107.207
5.125908e-05	3.65215	107.381
5.134250e-05	3.66401	107.556
5.142605e-05	3.6759	107.73
5.150973e-05	3.68783	107.905
5.159355e-05	3.6998	108.08
5.167751e-05	3.71181	108.256
5.176161e-05	3.72386	108.431
5.184584e-05	3.73595	108.607
5.193021e-05	3.74808	108.784
5.201471e-05	3.76024	108.96
5.209936e-05	3.77245	109.137
5.218414e-05	3.78469	109.314
5.226906e-05	3.79698	109.492
5.235411e-05	3.8093	109.669
5.243931e-05	3.82167	109.847
5.252464e-05	3.83407	110.026
5.261012e-05	3.84652	110.204
5.269573e-05	3.859	110.383
5.278148e-05	3.87153	110.562
5.286737e-05	3.88409	110.742
5.295341e-05	3.8967	110.921
5.303958e-05	3.90935	111.101
5.312589e-05	3.92204	111.282
5.321234e-05	3.93477	111.462
5.329893e-05	3.94754	111.643
5.338567e-05	3.96035	111.824
5.347254e-05	3.9732	112.006
5.355956e-05	3.9861	112.187
5.364671e-05	3.99903	112.37
5.373401e-05	4.01201	112.552
5.382145e-05	4.02503	112.734
5.390904e-05	4.03809	112.917
5.399676e-05	4.0512	113.101
5.408463e-05	4.06435	113.284
5.417265e-05	4.07754	113.468
5.426080e-05	4.09077	113.652
5.434910e-05	4.10405	113.836
5.443754e-05	4.11736	114.021
5.452613e-05	4.13073	114.206
5.461486e-05	4.14413	114.391
5.470373e-05	4.15758	114.577
5.479275e-05	4.17107	114.763
5.488192e-05	4.18461	114.949
5.497123e-05	4.19818	115.136
5.506068e-05	4.21181	115.322
5.515028e-05	4.22548	115.509
5.524003e-05	4.23919	115.697
5.532992e-05	4.25294	115.884
5.541996e-05	4.26674	116.072
5.551014e-05	4.28059	116.261
5.560048e-05	4.29448	116.449
5.569095e-05	4.30841	116.638
5.578158e-05	4.32239	116.827
5.587235e-05	4.33642	117.017
5.596327e-05	4.35049	117.207
5.605434e-05	4.3646	117.397
5.614556e-05	4.37876	117.587
5.623693e-05	4.39297	117.778
5.632844e-05	4.40722	117.969
5.642010e-05	4.42152	118.16
5.651192e-05	4.43587	118.352
5.660388e-05	4.45026	118.544
5.669599e-05	4.4647	118.736
5.678825e-05	4.47919	118.929
5.688066e-05	4.49372	119.122
5.697323e-05	4.5083	119.315
5.706594e-05	4.52292	119.508
5.715880e-05	4.5376	119.702
5.725182e-05	4.55232	119.896
5.734498e-05	4.56709	120.091
5.743830e-05	4.5819	120.285
5.753177e-05	4.59677	120.48
5.762539e-05	4.61168	120.676
5.771917e-05	4.62664	120.871
5.781309e-05	4.64165	121.067
5.790717e-05	4.65671	121.264
5.800140e-05	4.67181	121.46
5.809579e-05	4.68697	121.657
5.819033e-05	4.70217	121.854
5.828502e-05	4.71742	122.052
5.837987e-05	4.73273	122.25
5.847487e-05	4.74808	122.448
5.857003e-05	4.76348	122.647
5.866534e-05	4.77893	122.845
5.876080e-05	4.79443	123.045
5.885643e-05	4.80998	123.244
5.895220e-05	4.82559	123.444
5.904814e-05	4.84124	123.644
5.914423e-05	4.85694	123.844
5.924047e-05	4.87269	124.045
5.933687e-05	4.8885	124.246
5.943343e-05	4.90435	124.448
5.953015e-05	4.92026	124.649
5.962702e-05	4.93622	124.851
5.972405e-05	4.95223	125.054
5.982124e-05	4.96829	125.257
5.991859e-05	4.9844	125.46
6.001609e-05	5.00057	125.663
6.011376e-05	5.01679	125.867
6.021158e-05	5.03306	126.071
6.030956e-05	5.04938	126.275
6.040771e-05	5.06576	126.48
6.050601e-05	5.08218	126.685
6.060447e-05	5.09866	126.89
6.070309e-05	5.1152	127.096
6.080187e-05	5.13179	127.301
6.090082e-05	5.14843	127.508
6.099992e-05	5.16512	127.714
6.109919e-05	5.18187	127.921
6.119861e-05	5.19868	128.129
6.129820e-05	5.21554	128.336
6.139795e-05	5.23245	128.544
6.149786e-05	5.24941	128.753
6.159794e-05	5.26644	128.961
6.169818e-05	5.28351	129.17
6.179858e-05	5.30064	129.379
6.189915e-05	5.31783	129.589
6.199987e-05	5.33507	129.799
6.210077e-05	5.35237	130.009
6.220182e-05	5.36973	130.22
6.230304e-05	5.38714	130.431
6.240443e-05	5.4046	130.642
6.250598e-05	5.42213	130.854
6.260770e-05	5.43971	131.066
6.270958e-05	5.45734	131.278
6.281163e-05	5.47504	131.491
6.291384e-05	5.49279	131.704
6.301622e-05	5.51059	131.917
6.311877e-05	5.52846	132.131
6.322148e-05	5.54638	132.345
6.332436e-05	5.56436	132.559
6.342741e-05	5.5824	132.774
6.353062e-05	5.6005	132.989
6.363401e-05	5.61865	133.205
6.373756e-05	5.63687	133.42
6.384128e-05	5.65514	133.636
6.394517e-05	5.67347	133.853
6.404923e-05	5.69186	134.07
6.415345e-05	5.71031	134.287
6.425785e-05	5.72882	134.504
6.436242e-05	5.74739	134.722
6.446715e-05	5.76602	134.94
6.457206e-05	5.78471	135.159
6.467714e-05	5.80346	135.378
6.478239e-05	5.82227	135.597
6.488781e-05	5.84114	135.817
6.499340e-05	5.86008	136.036
6.509916e-05	5.87907	136.257
6.520510e-05	5.89812	136.477
6.531121e-05	5.91724	136.698
6.541749e-05	5.93642	136.92
6.552394e-05	5.95566	137.141
6.563057e-05	5.97496	137.363
6.573737e-05	5.99432	137.586
6.584435e-05	6.01375	137.809
6.595150e-05	6.03324	138.032
6.605882e-05	6.05279	138.255
6.616632e-05	6.07241	138.479
6.627399e-05	6.09208	138.703
6.638184e-05	6.11183	138.928
6.648986e-05	6.13163	139.153
6.659806e-05	6.1515	139.378
6.670643e-05	6.17144	139.604
6.681499e-05	6.19143	139.83
6.692371e-05	6.2115	140.056
6.703262e-05	6.23162	140.283
6.714170e-05	6.25181	140.51
6.725096e-05	6.27207	140.737
6.736040e-05	6.29239	140.965
6.747001e-05	6.31278	141.193
6.757981e-05	6.33324	141.422
6.768978e-05	6.35376	141.65
6.779993e-05	6.37434	141.88
6.791026e-05	6.39499	142.109
6.802077e-05	6.41571	142.339
6.813146e-05	6.4365	142.57
6.824233e-05	6.45735	142.8
6.835339e-05	6.47827	143.031
6.846462e-05	6.49926	143.263
6.857603e-05	6.52031	143.495
6.868762e-05	6.54143	143.727
6.879940e-05	6.56263	143.96
6.891136e-05	6.58389	144.193
6.902350e-05	6.60521	144.426
6.913582e-05	6.62661	144.66
6.924832e-05	6.64807	144.894
6.936101e-05	6.66961	145.128
6.947388e-05	6.69121	145.363
6.958694e-05	6.71289	145.598
6.970018e-05	6.73463	145.834
6.981360e-05	6.75644	146.069
6.992721e-05	6.77833	146.306
7.004100e-05	6.80028	146.542
7.015498e-05	6.82231	146.78
7.026914e-05	6.8444	147.017
7.038349e-05	6.86657	147.255
7.049802e-05	6.88881	147.493
7.061275e-05	6.91112	147.732
7.072765e-05	6.9335	147.971
7.084275e-05	6.95596	148.21
7.095803e-05	6.97848	148.45
7.107350e-05	7.00108	148.69
7.118916e-05	7.02376	148.93
7.130501e-05	7.0465	149.171
7.142104e-05	7.06932	149.412
7.153727e-05	7.09221	149.654
7.165368e-05	7.11518	149.896
7.177028e-05	7.13822	150.138
7.188707e-05	7.16133	150.381
7.200405e-05	7.18452	150.624
7.212123e-05	7.20778	150.868
7.223859e-05	7.23112	151.112
7.235614e-05	7.25453	151.356
7.247389e-05	7.27802	151.601
7.259183e-05	7.30158	151.846
7.270995e-05	7.32522	152.092
7.282828e-05	7.34894	152.338
7.294679e-05	7.37273	152.584
7.306550e-05	7.3966	152.831
7.318439e-05	7.42055	153.078
7.330349e-05	7.44457	153.325
7.342277e-05	7.46867	153.573
7.354226e-05	7.49285	153.821
7.366193e-05	7.5171	154.07
7.378180e-05	7.54144	154.319
7.390187e-05	7.56585	154.568
7.402213e-05	7.59034	154.818
7.414258e-05	7.61491	155.068
7.426324e-05	7.63956	155.319
7.438408e-05	7.66429	155.57
7.450513e-05	7.68909	155.822
7.462637e-05	7.71398	156.073
7.474781e-05	7.73895	156.326
7.486945e-05	7.76399	156.578
7.499128e-05	7.78912	156.831
7.511332e-05	7.81433	157.085
7.523555e-05	7.83962	157.339
7.535798e-05	7.86499	157.593
7.548061e-05	7.89045	157.848
7.560344e-05	7.91598	158.103
7.572647e-05	7.9416	158.358
7.584970e-05	7.9673	158.614
7.597313e-05	7.99308	158.87
7.609676e-05	8.01895	159.127
7.622059e-05	8.04489	159.384
7.634463e-05	8.07092	159.642
7.646886e-05	8.09704	159.9
7.659330e-05	8.12324	160.158
7.671794e-05	8.14952	160.417
7.684279e-05	8.17589	160.676
7.696783e-05	8.20234	160.935
7.709308e-05	8.22888	161.195
7.721854e-05	8.25551	161.456
7.734419e-05	8.28221	161.717
7.747006e-05	8.30901	161.978
7.759612e-05	8.33589	162.239
7.772239e-05	8.36286	162.501
7.784887e-05	8.38991	162.764
7.797556e-05	8.41705	163.027
7.810245e-05	8.44428	163.29
7.822954e-05	8.4716	163.554
7.835685e-05	8.499	163.818
7.848436e-05	8.52649	164.083
7.861207e-05	8.55407	164.347
7.874000e-05	8.58174	164.613
7.886813e-05	8.6095	164.879
7.899647e-05	8.63734	165.145
7.912503e-05	8.66528	165.412
7.925379e-05	8.69331	165.679
7.938276e-05	8.72142	165.946
7.951194e-05	8.74963	166.214
7.964133e-05	8.77792	166.482
7.977093e-05	8.80631	166.751
7.990074e-05	8.83479	167.02
8.003076e-05	8.86336	167.29
8.016099e-05	8.89202	167.56
8.029144e-05	8.92078	167.831
8.042210e-05	8.94962	168.102
8.055297e-05	8.97856	168.373
8.068405e-05	9.0076	168.645
8.081535e-05	9.03672	168.917
8.094686e-05	9.06594	169.19
8.107859e-05	9.09525	169.463
8.121053e-05	9.12466	169.736
8.134268e-05	9.15416	170.01
8.147505e-05	9.18376	170.284
8.160763e-05	9.21345	170.559
8.174043e-05	9.24323	170.835
8.187345e-05	9.27312	171.11
8.200668e-05	9.30309	171.386
8.214013e-05	9.33317	171.663
8.227380e-05	9.36334	171.94
8.240768e-05	9.3936	172.217
8.254179e-05	9.42397	172.495
8.267611e-05	9.45443	172.773
8.281065e-05	9.48499	173.052
8.294540e-05	9.51565	173.331
8.308038e-05	9.5464	173.611
8.321558e-05	9.57726	173.891
8.335099e-05	9.60821	174.172
8.348663e-05	9.63927	174.453
8.362249e-05	9.67042	174.734
8.375857e-05	9.70167	175.016
8.389487e-05	9.73302	175.298
8.403139e-05	9.76448	175.581
8.416814e-05	9.79603	175.864
8.430510e-05	9.82769	176.148
8.444229e-05	9.85944	176.432
8.457971e-05	9.8913	176.716
8.471734e-05	9.92326	177.001
8.485520e-05	9.95533	177.287
8.499329e-05	9.98749	177.573
8.513160e-05	10.0198	177.859
8.527013e-05	10.0521	178.146
8.540889e-05	10.0846	178.433
8.554788e-05	10.1172	178.721
8.568709e-05	10.1499	179.009
8.582653e-05	10.1827	179.298
8.596619e-05	10.2156	179.587
8.610609e-05	10.2486	179.876
8.624621e-05	10.2817	180.166
8.638656e-05	10.3149	180.457
8.652713e-05	10.3482	180.748
8.666794e-05	10.3816	181.039
8.680897e-05	10.4152	181.331
8.695024e-05	10.4488	181.623
8.709173e-05	10.4825	181.916
8.723346e-05	10.5164	182.209
8.737541e-05	10.5504	182.503
8.751760e-05	10.5844	182.797
8.766002e-05	10.6186	183.091
8.780267e-05	10.6529	183.386
8.794555e-05	10.6873	183.682
8.808866e-05	10.7218	183.978
8.823201e-05	10.7564	184.274
8.837559e-05	10.7912	184.571
8.851940e-05	10.826	184.869
8.866345e-05	10.861	185.167
8.880773e-05	10.896	185.465
8.895225e-05	10.9312	185.764
8.909700e-05	10.9665	186.063
8.924199e-05	11.0019	186.363
8.938721e-05	11.0374	186.663
8.953267e-05	11.0731	186.964
8.967837e-05	11.1088	187.265
8.982430e-05	11.1447	187.566
8.997047e-05	11.1807	187.869
9.011688e-05	11.2168	188.171
9.026353e-05	11.253	188.474
9.041042e-05	11.2893	188.778
9.055754e-05	11.3257	189.082
9.070491e-05	11.3623	189.386
9.085251e-05	11.3989	189.691
9.100035e-05	11.4357	189.997
9.114844e-05	11.4726	190.303
9.129677e-05	11.5097	190.609
9.144533e-05	11.5468	190.916
9.159414e-05	11.5841	191.223
9.174319e-05	11.6215	191.531
9.189249e-05	11.659	191.84
9.204202e-05	11.6966	192.148
9.219180e-05	11.7343	192.458
9.234183e-05	11.7722	192.768
9.249210e-05	11.8102	193.078
9.264261e-05	11.8483	193.389
9.279337e-05	11.8865	193.7
9.294437e-05	11.9248	194.012
9.309562e-05	11.9633	194.324
9.324711e-05	12.0019	194.637
9.339885e-05	12.0406	194.95
9.355084e-05	12.0795	195.264
9.370308e-05	12.1184	195.578
9.385556e-05	12.1575	195.893
9.400829e-05	12.1967	196.208
9.416127e-05	12.2361	196.524
9.431450e-05	12.2755	196.84
9.446798e-05	12.3151	197.157
9.462171e-05	12.3548	197.474
9.477568e-05	12.3947	197.791
9.492991e-05	12.4347	198.11
9.508439e-05	12.4748	198.428
9.523912e-05	12.515	198.747
9.539411e-05	12.5553	199.067
9.554934e-05	12.5958	199.387
9.570483e-05	12.6364	199.708
9.586057e-05	12.6772	200.029
9.601656e-05	12.7181	200.351
9.617281e-05	12.7591	200.673
9.632931e-05	12.8002	200.996
9.648607e-05	12.8415	201.319
9.664308e-05	12.8829	201.643
9.680035e-05	12.9244	201.967
9.695787e-05	12.9661	202.292
9.711565e-05	13.0079	202.617
9.727369e-05	13.0498	202.943
9.743198e-05	13.0919	203.269
9.759053e-05	13.1341	203.596
9.774934e-05	13.1764	203.923
9.790841e-05	13.2189	204.251
9.806774e-05	13.2615	204.579
9.822732e-05	13.3042	204.908
9.838717e-05	13.3471	205.238
9.854727e-05	13.3901	205.567
9.870764e-05	13.4332	205.898
9.886827e-05	13.4765	206.229
9.902916e-05	13.5199	206.56
9.919031e-05	13.5635	206.892
9.935172e-05	13.6072	207.225
9.951339e-05	13.651	207.558
9.967533e-05	13.695	207.891
9.983753e-05	13.7391	208.225
1.000000e-04	13.7834	208.56
