Wavelength(m)	n	k
# material: Graphene
# source: lab MATLAB library, optprop_Gr_Falkovsky.m (Falkovsky/Kubo model)
# conditions: Ef = 0.6 eV, mobility = 10000 cm^2/Vs, T = 300 K
# note: sheet conductivity spread over 3.4e-10 m to give a bulk index; valid only at this gating
# type: model
# range: 1.5000e-07 - 1.0000e-04 m
# converted: 2026-08-03 by tools/convert_matlab_optprop.py
1.500000e-07	1.20347	0.668785
1.502441e-07	1.20394	0.669615
1.504886e-07	1.2044	0.670445
1.507335e-07	1.20487	0.671277
1.509788e-07	1.20534	0.672109
1.512245e-07	1.2058	0.672941
1.514705e-07	1.20627	0.673775
1.517170e-07	1.20674	0.674609
1.519639e-07	1.20721	0.675444
1.522112e-07	1.20768	0.676279
1.524589e-07	1.20815	0.677115
1.527070e-07	1.20863	0.677952
1.529555e-07	1.2091	0.67879
1.532044e-07	1.20957	0.679628
1.534537e-07	1.21005	0.680467
1.537034e-07	1.21052	0.681306
1.539536e-07	1.211	0.682147
1.542041e-07	1.21148	0.682988
1.544550e-07	1.21196	0.683829
1.547064e-07	1.21243	0.684672
1.549581e-07	1.21291	0.685515
1.552103e-07	1.21339	0.686359
1.554629e-07	1.21388	0.687203
1.557158e-07	1.21436	0.688048
1.559692e-07	1.21484	0.688894
1.562230e-07	1.21532	0.68974
1.564773e-07	1.21581	0.690588
1.567319e-07	1.21629	0.691435
1.569870e-07	1.21678	0.692284
1.572424e-07	1.21727	0.693133
1.574983e-07	1.21775	0.693983
1.577546e-07	1.21824	0.694834
1.580113e-07	1.21873	0.695685
1.582684e-07	1.21922	0.696537
1.585260e-07	1.21971	0.69739
1.587840e-07	1.2202	0.698243
1.590424e-07	1.2207	0.699097
1.593012e-07	1.22119	0.699952
1.595604e-07	1.22169	0.700807
1.598200e-07	1.22218	0.701663
1.600801e-07	1.22268	0.70252
1.603406e-07	1.22317	0.703378
1.606015e-07	1.22367	0.704236
1.608629e-07	1.22417	0.705095
1.611247e-07	1.22467	0.705955
1.613869e-07	1.22517	0.706815
1.616495e-07	1.22567	0.707676
1.619125e-07	1.22617	0.708537
1.621760e-07	1.22667	0.7094
1.624399e-07	1.22718	0.710263
1.627043e-07	1.22768	0.711127
1.629690e-07	1.22818	0.711991
1.632342e-07	1.22869	0.712856
1.634999e-07	1.2292	0.713722
1.637659e-07	1.2297	0.714588
1.640324e-07	1.23021	0.715456
1.642994e-07	1.23072	0.716323
1.645667e-07	1.23123	0.717192
1.648345e-07	1.23174	0.718061
1.651028e-07	1.23225	0.718931
1.653714e-07	1.23277	0.719802
1.656405e-07	1.23328	0.720673
1.659101e-07	1.23379	0.721545
1.661801e-07	1.23431	0.722418
1.664505e-07	1.23482	0.723291
1.667214e-07	1.23534	0.724165
1.669927e-07	1.23586	0.72504
1.672644e-07	1.23638	0.725916
1.675366e-07	1.2369	0.726792
1.678092e-07	1.23742	0.727669
1.680823e-07	1.23794	0.728546
1.683558e-07	1.23846	0.729425
1.686298e-07	1.23898	0.730304
1.689042e-07	1.2395	0.731183
1.691791e-07	1.24003	0.732064
1.694544e-07	1.24055	0.732945
1.697301e-07	1.24108	0.733826
1.700063e-07	1.24161	0.734709
1.702830e-07	1.24213	0.735592
1.705601e-07	1.24266	0.736476
1.708376e-07	1.24319	0.73736
1.711156e-07	1.24372	0.738245
1.713941e-07	1.24425	0.739131
1.716730e-07	1.24478	0.740018
1.719524e-07	1.24532	0.740905
1.722322e-07	1.24585	0.741793
1.725125e-07	1.24638	0.742682
1.727932e-07	1.24692	0.743571
1.730744e-07	1.24745	0.744461
1.733560e-07	1.24799	0.745352
1.736381e-07	1.24853	0.746243
1.739207e-07	1.24907	0.747135
1.742037e-07	1.24961	0.748028
1.744872e-07	1.25015	0.748922
1.747711e-07	1.25069	0.749816
1.750555e-07	1.25123	0.750711
1.753404e-07	1.25177	0.751606
1.756257e-07	1.25232	0.752503
1.759115e-07	1.25286	0.7534
1.761978e-07	1.25341	0.754297
1.764845e-07	1.25395	0.755196
1.767717e-07	1.2545	0.756095
1.770594e-07	1.25505	0.756995
1.773475e-07	1.2556	0.757895
1.776361e-07	1.25615	0.758796
1.779252e-07	1.2567	0.759698
1.782147e-07	1.25725	0.760601
1.785047e-07	1.2578	0.761504
1.787952e-07	1.25835	0.762408
1.790862e-07	1.25891	0.763312
1.793776e-07	1.25946	0.764218
1.796695e-07	1.26002	0.765124
1.799619e-07	1.26058	0.76603
1.802547e-07	1.26113	0.766938
1.805480e-07	1.26169	0.767846
1.808418e-07	1.26225	0.768755
1.811361e-07	1.26281	0.769664
1.814309e-07	1.26337	0.770575
1.817261e-07	1.26393	0.771485
1.820219e-07	1.2645	0.772397
1.823181e-07	1.26506	0.773309
1.826148e-07	1.26562	0.774222
1.829119e-07	1.26619	0.775136
1.832096e-07	1.26676	0.77605
1.835077e-07	1.26732	0.776966
1.838063e-07	1.26789	0.777881
1.841054e-07	1.26846	0.778798
1.844050e-07	1.26903	0.779715
1.847051e-07	1.2696	0.780633
1.850057e-07	1.27017	0.781551
1.853068e-07	1.27074	0.782471
1.856083e-07	1.27132	0.783391
1.859103e-07	1.27189	0.784311
1.862129e-07	1.27247	0.785233
1.865159e-07	1.27304	0.786155
1.868194e-07	1.27362	0.787077
1.871234e-07	1.2742	0.788001
1.874279e-07	1.27478	0.788925
1.877329e-07	1.27535	0.78985
1.880384e-07	1.27594	0.790776
1.883444e-07	1.27652	0.791702
1.886509e-07	1.2771	0.792629
1.889579e-07	1.27768	0.793556
1.892654e-07	1.27827	0.794485
1.895734e-07	1.27885	0.795414
1.898819e-07	1.27944	0.796344
1.901909e-07	1.28002	0.797274
1.905004e-07	1.28061	0.798205
1.908104e-07	1.2812	0.799137
1.911209e-07	1.28179	0.80007
1.914319e-07	1.28238	0.801003
1.917434e-07	1.28297	0.801937
1.920554e-07	1.28356	0.802871
1.923680e-07	1.28415	0.803807
1.926810e-07	1.28475	0.804743
1.929946e-07	1.28534	0.805679
1.933086e-07	1.28594	0.806617
1.936232e-07	1.28653	0.807555
1.939383e-07	1.28713	0.808494
1.942539e-07	1.28773	0.809433
1.945700e-07	1.28833	0.810374
1.948866e-07	1.28893	0.811315
1.952038e-07	1.28953	0.812256
1.955214e-07	1.29013	0.813199
1.958396e-07	1.29073	0.814142
1.961583e-07	1.29134	0.815086
1.964775e-07	1.29194	0.81603
1.967972e-07	1.29255	0.816975
1.971175e-07	1.29315	0.817921
1.974382e-07	1.29376	0.818868
1.977595e-07	1.29437	0.819815
1.980813e-07	1.29498	0.820763
1.984037e-07	1.29559	0.821711
1.987265e-07	1.2962	0.822661
1.990499e-07	1.29681	0.823611
1.993738e-07	1.29742	0.824562
1.996983e-07	1.29804	0.825513
2.000232e-07	1.29865	0.826465
2.003487e-07	1.29927	0.827418
2.006748e-07	1.29988	0.828372
2.010013e-07	1.3005	0.829326
2.013284e-07	1.30112	0.830281
2.016560e-07	1.30174	0.831237
2.019842e-07	1.30236	0.832193
2.023129e-07	1.30298	0.83315
2.026421e-07	1.3036	0.834108
2.029719e-07	1.30422	0.835067
2.033022e-07	1.30485	0.836026
2.036330e-07	1.30547	0.836986
2.039644e-07	1.3061	0.837946
2.042963e-07	1.30672	0.838908
2.046287e-07	1.30735	0.83987
2.049617e-07	1.30798	0.840832
2.052953e-07	1.30861	0.841796
2.056293e-07	1.30924	0.84276
2.059640e-07	1.30987	0.843725
2.062991e-07	1.3105	0.84469
2.066348e-07	1.31113	0.845657
2.069711e-07	1.31177	0.846624
2.073079e-07	1.3124	0.847591
2.076453e-07	1.31304	0.84856
2.079832e-07	1.31367	0.849529
2.083216e-07	1.31431	0.850498
2.086606e-07	1.31495	0.851469
2.090002e-07	1.31559	0.85244
2.093403e-07	1.31623	0.853412
2.096809e-07	1.31687	0.854385
2.100221e-07	1.31751	0.855358
2.103639e-07	1.31815	0.856332
2.107062e-07	1.3188	0.857307
2.110491e-07	1.31944	0.858282
2.113926e-07	1.32009	0.859258
2.117366e-07	1.32074	0.860235
2.120811e-07	1.32138	0.861212
2.124262e-07	1.32203	0.862191
2.127719e-07	1.32268	0.86317
2.131182e-07	1.32333	0.864149
2.134650e-07	1.32398	0.86513
2.138123e-07	1.32464	0.866111
2.141603e-07	1.32529	0.867093
2.145088e-07	1.32595	0.868075
2.148579e-07	1.3266	0.869058
2.152075e-07	1.32726	0.870042
2.155577e-07	1.32791	0.871027
2.159085e-07	1.32857	0.872012
2.162598e-07	1.32923	0.872998
2.166117e-07	1.32989	0.873985
2.169642e-07	1.33055	0.874972
2.173173e-07	1.33121	0.87596
2.176709e-07	1.33188	0.876949
2.180252e-07	1.33254	0.877939
2.183800e-07	1.33321	0.878929
2.187353e-07	1.33387	0.87992
2.190913e-07	1.33454	0.880912
2.194478e-07	1.33521	0.881904
2.198049e-07	1.33587	0.882897
2.201626e-07	1.33654	0.883891
2.205209e-07	1.33721	0.884886
2.208797e-07	1.33789	0.885881
2.212392e-07	1.33856	0.886877
2.215992e-07	1.33923	0.887873
2.219598e-07	1.33991	0.888871
2.223210e-07	1.34058	0.889869
2.226828e-07	1.34126	0.890867
2.230451e-07	1.34193	0.891867
2.234081e-07	1.34261	0.892867
2.237717e-07	1.34329	0.893868
2.241358e-07	1.34397	0.89487
2.245005e-07	1.34465	0.895872
2.248659e-07	1.34533	0.896875
2.252318e-07	1.34602	0.897879
2.255983e-07	1.3467	0.898883
2.259654e-07	1.34739	0.899888
2.263331e-07	1.34807	0.900894
2.267015e-07	1.34876	0.901901
2.270704e-07	1.34945	0.902908
2.274399e-07	1.35014	0.903916
2.278100e-07	1.35083	0.904925
2.281807e-07	1.35152	0.905934
2.285520e-07	1.35221	0.906944
2.289239e-07	1.3529	0.907955
2.292965e-07	1.35359	0.908967
2.296696e-07	1.35429	0.909979
2.300434e-07	1.35499	0.910992
2.304177e-07	1.35568	0.912006
2.307927e-07	1.35638	0.91302
2.311682e-07	1.35708	0.914035
2.315444e-07	1.35778	0.915051
2.319212e-07	1.35848	0.916067
2.322986e-07	1.35918	0.917085
2.326766e-07	1.35988	0.918103
2.330553e-07	1.36059	0.919121
2.334345e-07	1.36129	0.920141
2.338144e-07	1.362	0.921161
2.341949e-07	1.3627	0.922182
2.345760e-07	1.36341	0.923203
2.349577e-07	1.36412	0.924225
2.353400e-07	1.36483	0.925248
2.357230e-07	1.36554	0.926272
2.361066e-07	1.36625	0.927296
2.364908e-07	1.36696	0.928321
2.368757e-07	1.36767	0.929347
2.372611e-07	1.36839	0.930374
2.376472e-07	1.3691	0.931401
2.380340e-07	1.36982	0.932429
2.384213e-07	1.37054	0.933457
2.388093e-07	1.37126	0.934487
2.391979e-07	1.37197	0.935517
2.395872e-07	1.3727	0.936547
2.399770e-07	1.37342	0.937579
2.403676e-07	1.37414	0.938611
2.407587e-07	1.37486	0.939644
2.411505e-07	1.37559	0.940678
2.415429e-07	1.37631	0.941712
2.419360e-07	1.37704	0.942747
2.423297e-07	1.37777	0.943783
2.427240e-07	1.37849	0.944819
2.431190e-07	1.37922	0.945857
2.435146e-07	1.37995	0.946894
2.439109e-07	1.38068	0.947933
2.443078e-07	1.38142	0.948972
2.447054e-07	1.38215	0.950012
2.451036e-07	1.38288	0.951053
2.455025e-07	1.38362	0.952095
2.459020e-07	1.38436	0.953137
2.463021e-07	1.38509	0.95418
2.467029e-07	1.38583	0.955223
2.471044e-07	1.38657	0.956268
2.475065e-07	1.38731	0.957313
2.479093e-07	1.38805	0.958358
2.483127e-07	1.3888	0.959405
2.487168e-07	1.38954	0.960452
2.491215e-07	1.39028	0.9615
2.495269e-07	1.39103	0.962549
2.499330e-07	1.39178	0.963598
2.503397e-07	1.39252	0.964648
2.507471e-07	1.39327	0.965699
2.511551e-07	1.39402	0.96675
2.515638e-07	1.39477	0.967802
2.519732e-07	1.39552	0.968855
2.523832e-07	1.39628	0.969909
2.527939e-07	1.39703	0.970963
2.532053e-07	1.39778	0.972018
2.536173e-07	1.39854	0.973074
2.540300e-07	1.3993	0.97413
2.544434e-07	1.40006	0.975188
2.548575e-07	1.40081	0.976246
2.552722e-07	1.40157	0.977304
2.556876e-07	1.40233	0.978364
2.561037e-07	1.4031	0.979424
2.565204e-07	1.40386	0.980484
2.569379e-07	1.40462	0.981546
2.573560e-07	1.40539	0.982608
2.577748e-07	1.40615	0.983671
2.581943e-07	1.40692	0.984735
2.586144e-07	1.40769	0.985799
2.590353e-07	1.40846	0.986864
2.594568e-07	1.40923	0.98793
2.598790e-07	1.41	0.988996
2.603019e-07	1.41077	0.990063
2.607255e-07	1.41155	0.991131
2.611498e-07	1.41232	0.9922
2.615748e-07	1.4131	0.993269
2.620004e-07	1.41387	0.994339
2.624268e-07	1.41465	0.99541
2.628538e-07	1.41543	0.996482
2.632816e-07	1.41621	0.997554
2.637100e-07	1.41699	0.998627
2.641391e-07	1.41777	0.9997
2.645690e-07	1.41855	1.00077
2.649995e-07	1.41934	1.00185
2.654307e-07	1.42012	1.00293
2.658627e-07	1.42091	1.004
2.662953e-07	1.4217	1.00508
2.667287e-07	1.42248	1.00616
2.671627e-07	1.42327	1.00724
2.675975e-07	1.42406	1.00832
2.680329e-07	1.42486	1.0094
2.684691e-07	1.42565	1.01048
2.689060e-07	1.42644	1.01156
2.693436e-07	1.42724	1.01264
2.697819e-07	1.42803	1.01372
2.702209e-07	1.42883	1.01481
2.706606e-07	1.42963	1.01589
2.711011e-07	1.43042	1.01698
2.715422e-07	1.43122	1.01806
2.719841e-07	1.43202	1.01915
2.724267e-07	1.43283	1.02024
2.728700e-07	1.43363	1.02132
2.733141e-07	1.43443	1.02241
2.737588e-07	1.43524	1.0235
2.742043e-07	1.43605	1.02459
2.746505e-07	1.43685	1.02568
2.750975e-07	1.43766	1.02677
2.755451e-07	1.43847	1.02787
2.759935e-07	1.43928	1.02896
2.764427e-07	1.44009	1.03005
2.768925e-07	1.44091	1.03115
2.773431e-07	1.44172	1.03224
2.777944e-07	1.44254	1.03334
2.782465e-07	1.44335	1.03443
2.786993e-07	1.44417	1.03553
2.791528e-07	1.44499	1.03663
2.796071e-07	1.44581	1.03773
2.800621e-07	1.44663	1.03883
2.805178e-07	1.44745	1.03993
2.809743e-07	1.44827	1.04103
2.814315e-07	1.44909	1.04213
2.818895e-07	1.44992	1.04323
2.823482e-07	1.45074	1.04433
2.828077e-07	1.45157	1.04544
2.832679e-07	1.4524	1.04654
2.837289e-07	1.45323	1.04765
2.841906e-07	1.45406	1.04875
2.846530e-07	1.45489	1.04986
2.851163e-07	1.45572	1.05097
2.855802e-07	1.45656	1.05208
2.860450e-07	1.45739	1.05318
2.865104e-07	1.45823	1.05429
2.869767e-07	1.45906	1.0554
2.874437e-07	1.4599	1.05651
2.879114e-07	1.46074	1.05763
2.883799e-07	1.46158	1.05874
2.888492e-07	1.46242	1.05985
2.893193e-07	1.46327	1.06096
2.897901e-07	1.46411	1.06208
2.902617e-07	1.46495	1.06319
2.907340e-07	1.4658	1.06431
2.912071e-07	1.46665	1.06543
2.916810e-07	1.46749	1.06654
2.921556e-07	1.46834	1.06766
2.926311e-07	1.46919	1.06878
2.931073e-07	1.47005	1.0699
2.935842e-07	1.4709	1.07102
2.940620e-07	1.47175	1.07214
2.945405e-07	1.47261	1.07326
2.950198e-07	1.47346	1.07438
2.954999e-07	1.47432	1.07551
2.959808e-07	1.47518	1.07663
2.964624e-07	1.47604	1.07775
2.969449e-07	1.4769	1.07888
2.974281e-07	1.47776	1.08
2.979121e-07	1.47862	1.08113
2.983969e-07	1.47949	1.08226
2.988825e-07	1.48035	1.08339
2.993688e-07	1.48122	1.08451
2.998560e-07	1.48209	1.08564
3.003440e-07	1.48295	1.08677
3.008327e-07	1.48382	1.0879
3.013223e-07	1.4847	1.08904
3.018126e-07	1.48557	1.09017
3.023037e-07	1.48644	1.0913
3.027957e-07	1.48731	1.09243
3.032884e-07	1.48819	1.09357
3.037820e-07	1.48907	1.0947
3.042763e-07	1.48994	1.09584
3.047715e-07	1.49082	1.09698
3.052674e-07	1.4917	1.09811
3.057642e-07	1.49258	1.09925
3.062617e-07	1.49347	1.10039
3.067601e-07	1.49435	1.10153
3.072593e-07	1.49524	1.10267
3.077593e-07	1.49612	1.10381
3.082601e-07	1.49701	1.10495
3.087618e-07	1.4979	1.10609
3.092642e-07	1.49879	1.10723
3.097675e-07	1.49968	1.10838
3.102716e-07	1.50057	1.10952
3.107765e-07	1.50146	1.11067
3.112822e-07	1.50236	1.11181
3.117887e-07	1.50325	1.11296
3.122961e-07	1.50415	1.11411
3.128043e-07	1.50504	1.11525
3.133133e-07	1.50594	1.1164
3.138232e-07	1.50684	1.11755
3.143339e-07	1.50775	1.1187
3.148454e-07	1.50865	1.11985
3.153578e-07	1.50955	1.121
3.158709e-07	1.51046	1.12215
3.163850e-07	1.51136	1.12331
3.168998e-07	1.51227	1.12446
3.174155e-07	1.51318	1.12561
3.179320e-07	1.51409	1.12677
3.184494e-07	1.515	1.12792
3.189676e-07	1.51591	1.12908
3.194867e-07	1.51682	1.13024
3.200066e-07	1.51774	1.13139
3.205273e-07	1.51865	1.13255
3.210489e-07	1.51957	1.13371
3.215714e-07	1.52049	1.13487
3.220946e-07	1.52141	1.13603
3.226188e-07	1.52233	1.13719
3.231438e-07	1.52325	1.13835
3.236696e-07	1.52417	1.13951
3.241964e-07	1.5251	1.14068
3.247239e-07	1.52602	1.14184
3.252523e-07	1.52695	1.143
3.257816e-07	1.52788	1.14417
3.263118e-07	1.5288	1.14534
3.268428e-07	1.52973	1.1465
3.273746e-07	1.53067	1.14767
3.279074e-07	1.5316	1.14884
3.284410e-07	1.53253	1.15001
3.289755e-07	1.53347	1.15117
3.295108e-07	1.5344	1.15234
3.300470e-07	1.53534	1.15352
3.305841e-07	1.53628	1.15469
3.311221e-07	1.53722	1.15586
3.316609e-07	1.53816	1.15703
3.322006e-07	1.5391	1.1582
3.327412e-07	1.54005	1.15938
3.332827e-07	1.54099	1.16055
3.338250e-07	1.54194	1.16173
3.343683e-07	1.54289	1.1629
3.349124e-07	1.54384	1.16408
3.354574e-07	1.54479	1.16526
3.360033e-07	1.54574	1.16644
3.365501e-07	1.54669	1.16762
3.370977e-07	1.54764	1.1688
3.376463e-07	1.5486	1.16998
3.381957e-07	1.54956	1.17116
3.387461e-07	1.55051	1.17234
3.392973e-07	1.55147	1.17352
3.398495e-07	1.55243	1.1747
3.404025e-07	1.55339	1.17589
3.409564e-07	1.55436	1.17707
3.415113e-07	1.55532	1.17826
3.420670e-07	1.55629	1.17944
3.426237e-07	1.55725	1.18063
3.431812e-07	1.55822	1.18181
3.437397e-07	1.55919	1.183
3.442990e-07	1.56016	1.18419
3.448593e-07	1.56113	1.18538
3.454205e-07	1.5621	1.18657
3.459826e-07	1.56308	1.18776
3.465456e-07	1.56405	1.18895
3.471096e-07	1.56503	1.19014
3.476744e-07	1.56601	1.19133
3.482402e-07	1.56699	1.19253
3.488069e-07	1.56797	1.19372
3.493745e-07	1.56895	1.19492
3.499430e-07	1.56993	1.19611
3.505125e-07	1.57092	1.19731
3.510829e-07	1.57191	1.1985
3.516542e-07	1.57289	1.1997
3.522264e-07	1.57388	1.2009
3.527996e-07	1.57487	1.2021
3.533737e-07	1.57586	1.2033
3.539488e-07	1.57686	1.2045
3.545248e-07	1.57785	1.2057
3.551017e-07	1.57884	1.2069
3.556795e-07	1.57984	1.2081
3.562583e-07	1.58084	1.2093
3.568381e-07	1.58184	1.2105
3.574188e-07	1.58284	1.21171
3.580004e-07	1.58384	1.21291
3.585830e-07	1.58484	1.21412
3.591665e-07	1.58585	1.21532
3.597510e-07	1.58685	1.21653
3.603364e-07	1.58786	1.21774
3.609228e-07	1.58887	1.21894
3.615101e-07	1.58988	1.22015
3.620984e-07	1.59089	1.22136
3.626876e-07	1.5919	1.22257
3.632778e-07	1.59292	1.22378
3.638690e-07	1.59393	1.22499
3.644611e-07	1.59495	1.2262
3.650542e-07	1.59597	1.22741
3.656483e-07	1.59699	1.22863
3.662433e-07	1.59801	1.22984
3.668393e-07	1.59903	1.23106
3.674362e-07	1.60005	1.23227
3.680341e-07	1.60108	1.23349
3.686330e-07	1.60211	1.2347
3.692329e-07	1.60313	1.23592
3.698338e-07	1.60416	1.23714
3.704356e-07	1.60519	1.23835
3.710384e-07	1.60623	1.23957
3.716422e-07	1.60726	1.24079
3.722470e-07	1.60829	1.24201
3.728527e-07	1.60933	1.24323
3.734595e-07	1.61037	1.24445
3.740672e-07	1.61141	1.24567
3.746759e-07	1.61245	1.2469
3.752857e-07	1.61349	1.24812
3.758964e-07	1.61453	1.24934
3.765081e-07	1.61558	1.25057
3.771207e-07	1.61662	1.25179
3.777344e-07	1.61767	1.25302
3.783491e-07	1.61872	1.25424
3.789648e-07	1.61977	1.25547
3.795815e-07	1.62082	1.2567
3.801992e-07	1.62187	1.25793
3.808179e-07	1.62293	1.25916
3.814376e-07	1.62398	1.26039
3.820583e-07	1.62504	1.26161
3.826800e-07	1.6261	1.26285
3.833028e-07	1.62716	1.26408
3.839265e-07	1.62822	1.26531
3.845513e-07	1.62928	1.26654
3.851771e-07	1.63035	1.26777
3.858039e-07	1.63142	1.26901
3.864317e-07	1.63248	1.27024
3.870605e-07	1.63355	1.27148
3.876904e-07	1.63462	1.27271
3.883213e-07	1.63569	1.27395
3.889532e-07	1.63677	1.27518
3.895861e-07	1.63784	1.27642
3.902201e-07	1.63892	1.27766
3.908551e-07	1.64	1.2789
3.914912e-07	1.64108	1.28014
3.921282e-07	1.64216	1.28138
3.927663e-07	1.64324	1.28262
3.934055e-07	1.64432	1.28386
3.940457e-07	1.64541	1.2851
3.946869e-07	1.64649	1.28634
3.953292e-07	1.64758	1.28758
3.959725e-07	1.64867	1.28883
3.966169e-07	1.64976	1.29007
3.972623e-07	1.65086	1.29131
3.979088e-07	1.65195	1.29256
3.985563e-07	1.65305	1.2938
3.992048e-07	1.65414	1.29505
3.998545e-07	1.65524	1.2963
4.005052e-07	1.65634	1.29754
4.011569e-07	1.65745	1.29879
4.018097e-07	1.65855	1.30004
4.024636e-07	1.65965	1.30129
4.031185e-07	1.66076	1.30254
4.037745e-07	1.66187	1.30379
4.044316e-07	1.66298	1.30504
4.050897e-07	1.66409	1.30629
4.057489e-07	1.6652	1.30754
4.064092e-07	1.66632	1.3088
4.070705e-07	1.66743	1.31005
4.077329e-07	1.66855	1.3113
4.083964e-07	1.66967	1.31256
4.090610e-07	1.67079	1.31381
4.097267e-07	1.67191	1.31507
4.103934e-07	1.67304	1.31632
4.110613e-07	1.67416	1.31758
4.117302e-07	1.67529	1.31883
4.124002e-07	1.67642	1.32009
4.130713e-07	1.67755	1.32135
4.137435e-07	1.67868	1.32261
4.144168e-07	1.67981	1.32387
4.150912e-07	1.68095	1.32513
4.157666e-07	1.68208	1.32639
4.164432e-07	1.68322	1.32765
4.171209e-07	1.68436	1.32891
4.177997e-07	1.6855	1.33017
4.184796e-07	1.68665	1.33143
4.191606e-07	1.68779	1.33269
4.198427e-07	1.68894	1.33396
4.205259e-07	1.69008	1.33522
4.212102e-07	1.69123	1.33648
4.218956e-07	1.69239	1.33775
4.225822e-07	1.69354	1.33901
4.232699e-07	1.69469	1.34028
4.239586e-07	1.69585	1.34155
4.246485e-07	1.69701	1.34281
4.253396e-07	1.69817	1.34408
4.260317e-07	1.69933	1.34535
4.267250e-07	1.70049	1.34662
4.274194e-07	1.70165	1.34788
4.281150e-07	1.70282	1.34915
4.288116e-07	1.70399	1.35042
4.295094e-07	1.70516	1.35169
4.302084e-07	1.70633	1.35296
4.309085e-07	1.7075	1.35424
4.316097e-07	1.70868	1.35551
4.323120e-07	1.70985	1.35678
4.330155e-07	1.71103	1.35805
4.337202e-07	1.71221	1.35933
4.344260e-07	1.71339	1.3606
4.351329e-07	1.71458	1.36187
4.358410e-07	1.71576	1.36315
4.365503e-07	1.71695	1.36442
4.372607e-07	1.71814	1.3657
4.379722e-07	1.71933	1.36697
4.386849e-07	1.72052	1.36825
4.393988e-07	1.72171	1.36953
4.401138e-07	1.72291	1.3708
4.408300e-07	1.72411	1.37208
4.415474e-07	1.72531	1.37336
4.422659e-07	1.72651	1.37464
4.429856e-07	1.72771	1.37592
4.437065e-07	1.72891	1.3772
4.444285e-07	1.73012	1.37848
4.451518e-07	1.73133	1.37976
4.458762e-07	1.73254	1.38104
4.466017e-07	1.73375	1.38232
4.473285e-07	1.73496	1.3836
4.480564e-07	1.73618	1.38488
4.487856e-07	1.7374	1.38616
4.495159e-07	1.73861	1.38745
4.502474e-07	1.73983	1.38873
4.509800e-07	1.74106	1.39001
4.517139e-07	1.74228	1.3913
4.524490e-07	1.74351	1.39258
4.531853e-07	1.74474	1.39387
4.539227e-07	1.74597	1.39515
4.546614e-07	1.7472	1.39644
4.554013e-07	1.74843	1.39772
4.561424e-07	1.74967	1.39901
4.568846e-07	1.75091	1.4003
4.576281e-07	1.75214	1.40158
4.583728e-07	1.75339	1.40287
4.591187e-07	1.75463	1.40416
4.598659e-07	1.75587	1.40545
4.606142e-07	1.75712	1.40674
4.613638e-07	1.75837	1.40803
4.621145e-07	1.75962	1.40931
4.628665e-07	1.76087	1.4106
4.636198e-07	1.76213	1.41189
4.643742e-07	1.76339	1.41318
4.651299e-07	1.76464	1.41447
4.658868e-07	1.7659	1.41577
4.666449e-07	1.76717	1.41706
4.674043e-07	1.76843	1.41835
4.681649e-07	1.7697	1.41964
4.689268e-07	1.77097	1.42093
4.696898e-07	1.77224	1.42223
4.704542e-07	1.77351	1.42352
4.712197e-07	1.77478	1.42481
4.719866e-07	1.77606	1.42611
4.727546e-07	1.77734	1.4274
4.735239e-07	1.77862	1.42869
4.742945e-07	1.7799	1.42999
4.750663e-07	1.78119	1.43128
4.758394e-07	1.78247	1.43258
4.766137e-07	1.78376	1.43387
4.773893e-07	1.78505	1.43517
4.781662e-07	1.78634	1.43646
4.789443e-07	1.78764	1.43776
4.797237e-07	1.78894	1.43906
4.805044e-07	1.79024	1.44035
4.812863e-07	1.79154	1.44165
4.820695e-07	1.79284	1.44295
4.828539e-07	1.79414	1.44424
4.836397e-07	1.79545	1.44554
4.844267e-07	1.79676	1.44684
4.852150e-07	1.79807	1.44814
4.860046e-07	1.79939	1.44943
4.867955e-07	1.8007	1.45073
4.875877e-07	1.80202	1.45203
4.883811e-07	1.80334	1.45333
4.891759e-07	1.80466	1.45463
4.899719e-07	1.80599	1.45593
4.907692e-07	1.80731	1.45723
4.915679e-07	1.80864	1.45853
4.923678e-07	1.80997	1.45983
4.931690e-07	1.81131	1.46113
4.939716e-07	1.81264	1.46243
4.947754e-07	1.81398	1.46373
4.955805e-07	1.81532	1.46503
4.963870e-07	1.81666	1.46633
4.971948e-07	1.81801	1.46763
4.980039e-07	1.81935	1.46893
4.988143e-07	1.8207	1.47023
4.996260e-07	1.82205	1.47153
5.004390e-07	1.82341	1.47283
5.012534e-07	1.82476	1.47413
5.020691e-07	1.82612	1.47544
5.028861e-07	1.82748	1.47674
5.037044e-07	1.82884	1.47804
5.045241e-07	1.83021	1.47934
5.053451e-07	1.83158	1.48064
5.061675e-07	1.83295	1.48194
5.069912e-07	1.83432	1.48325
5.078162e-07	1.83569	1.48455
5.086426e-07	1.83707	1.48585
5.094703e-07	1.83845	1.48715
5.102993e-07	1.83983	1.48846
5.111298e-07	1.84121	1.48976
5.119615e-07	1.8426	1.49106
5.127946e-07	1.84399	1.49236
5.136291e-07	1.84538	1.49366
5.144649e-07	1.84677	1.49497
5.153021e-07	1.84817	1.49627
5.161407e-07	1.84957	1.49757
5.169806e-07	1.85097	1.49887
5.178219e-07	1.85237	1.50018
5.186645e-07	1.85378	1.50148
5.195086e-07	1.85519	1.50278
5.203540e-07	1.8566	1.50408
5.212007e-07	1.85801	1.50539
5.220489e-07	1.85943	1.50669
5.228984e-07	1.86084	1.50799
5.237493e-07	1.86227	1.50929
5.246016e-07	1.86369	1.51059
5.254553e-07	1.86512	1.5119
5.263104e-07	1.86654	1.5132
5.271668e-07	1.86798	1.5145
5.280247e-07	1.86941	1.5158
5.288840e-07	1.87085	1.5171
5.297446e-07	1.87229	1.51841
5.306067e-07	1.87373	1.51971
5.314701e-07	1.87517	1.52101
5.323350e-07	1.87662	1.52231
5.332013e-07	1.87807	1.52361
5.340689e-07	1.87952	1.52491
5.349380e-07	1.88098	1.52621
5.358085e-07	1.88243	1.52751
5.366805e-07	1.88389	1.52881
5.375538e-07	1.88536	1.53011
5.384286e-07	1.88682	1.53141
5.393047e-07	1.88829	1.53271
5.401824e-07	1.88976	1.53401
5.410614e-07	1.89124	1.53531
5.419419e-07	1.89272	1.53661
5.428238e-07	1.8942	1.53791
5.437071e-07	1.89568	1.53921
5.445919e-07	1.89716	1.54051
5.454781e-07	1.89865	1.5418
5.463658e-07	1.90014	1.5431
5.472549e-07	1.90164	1.5444
5.481454e-07	1.90314	1.5457
5.490374e-07	1.90464	1.54699
5.499309e-07	1.90614	1.54829
5.508258e-07	1.90764	1.54958
5.517221e-07	1.90915	1.55088
5.526199e-07	1.91067	1.55218
5.535192e-07	1.91218	1.55347
5.544200e-07	1.9137	1.55477
5.553222e-07	1.91522	1.55606
5.562258e-07	1.91674	1.55735
5.571310e-07	1.91827	1.55865
5.580376e-07	1.9198	1.55994
5.589457e-07	1.92133	1.56123
5.598553e-07	1.92287	1.56253
5.607663e-07	1.92441	1.56382
5.616789e-07	1.92595	1.56511
5.625929e-07	1.9275	1.5664
5.635084e-07	1.92904	1.56769
5.644254e-07	1.9306	1.56898
5.653439e-07	1.93215	1.57027
5.662639e-07	1.93371	1.57156
5.671854e-07	1.93527	1.57285
5.681083e-07	1.93683	1.57413
5.690328e-07	1.9384	1.57542
5.699588e-07	1.93997	1.57671
5.708863e-07	1.94155	1.57799
5.718153e-07	1.94313	1.57928
5.727458e-07	1.94471	1.58056
5.736778e-07	1.94629	1.58185
5.746114e-07	1.94788	1.58313
5.755465e-07	1.94947	1.58442
5.764830e-07	1.95106	1.5857
5.774212e-07	1.95266	1.58698
5.783608e-07	1.95426	1.58826
5.793020e-07	1.95587	1.58954
5.802447e-07	1.95748	1.59082
5.811889e-07	1.95909	1.5921
5.821347e-07	1.9607	1.59338
5.830820e-07	1.96232	1.59466
5.840308e-07	1.96394	1.59593
5.849812e-07	1.96557	1.59721
5.859332e-07	1.9672	1.59848
5.868867e-07	1.96883	1.59976
5.878417e-07	1.97047	1.60103
5.887983e-07	1.97211	1.6023
5.897564e-07	1.97375	1.60357
5.907162e-07	1.9754	1.60485
5.916774e-07	1.97705	1.60612
5.926403e-07	1.97871	1.60738
5.936047e-07	1.98037	1.60865
5.945706e-07	1.98203	1.60992
5.955382e-07	1.98369	1.61119
5.965073e-07	1.98536	1.61245
5.974780e-07	1.98704	1.61372
5.984503e-07	1.98872	1.61498
5.994241e-07	1.9904	1.61624
6.003996e-07	1.99208	1.6175
6.013766e-07	1.99377	1.61876
6.023552e-07	1.99547	1.62002
6.033355e-07	1.99716	1.62128
6.043173e-07	1.99887	1.62254
6.053007e-07	2.00057	1.62379
6.062857e-07	2.00228	1.62505
6.072723e-07	2.004	1.6263
6.082605e-07	2.00571	1.62755
6.092503e-07	2.00744	1.6288
6.102418e-07	2.00916	1.63005
6.112348e-07	2.01089	1.6313
6.122295e-07	2.01263	1.63255
6.132258e-07	2.01437	1.6338
6.142237e-07	2.01611	1.63504
6.152232e-07	2.01786	1.63628
6.162243e-07	2.01961	1.63753
6.172271e-07	2.02136	1.63877
6.182315e-07	2.02313	1.64001
6.192376e-07	2.02489	1.64124
6.202453e-07	2.02666	1.64248
6.212546e-07	2.02843	1.64372
6.222656e-07	2.03021	1.64495
6.232782e-07	2.032	1.64618
6.242924e-07	2.03378	1.64741
6.253084e-07	2.03557	1.64864
6.263259e-07	2.03737	1.64987
6.273451e-07	2.03917	1.6511
6.283660e-07	2.04098	1.65232
6.293886e-07	2.04279	1.65354
6.304128e-07	2.04461	1.65476
6.314386e-07	2.04643	1.65598
6.324662e-07	2.04825	1.6572
6.334954e-07	2.05008	1.65842
6.345263e-07	2.05192	1.65963
6.355588e-07	2.05376	1.66084
6.365931e-07	2.0556	1.66206
6.376290e-07	2.05745	1.66326
6.386666e-07	2.05931	1.66447
6.397059e-07	2.06117	1.66568
6.407469e-07	2.06303	1.66688
6.417896e-07	2.0649	1.66808
6.428340e-07	2.06678	1.66928
6.438801e-07	2.06866	1.67048
6.449279e-07	2.07055	1.67167
6.459774e-07	2.07244	1.67287
6.470286e-07	2.07433	1.67406
6.480815e-07	2.07624	1.67525
6.491361e-07	2.07814	1.67643
6.501924e-07	2.08006	1.67762
6.512505e-07	2.08198	1.6788
6.523103e-07	2.0839	1.67998
6.533718e-07	2.08583	1.68116
6.544350e-07	2.08776	1.68234
6.555000e-07	2.08971	1.68351
6.565667e-07	2.09165	1.68468
6.576351e-07	2.09361	1.68585
6.587053e-07	2.09556	1.68702
6.597772e-07	2.09753	1.68818
6.608509e-07	2.0995	1.68934
6.619263e-07	2.10147	1.6905
6.630034e-07	2.10346	1.69166
6.640823e-07	2.10545	1.69281
6.651630e-07	2.10744	1.69396
6.662454e-07	2.10944	1.69511
6.673296e-07	2.11145	1.69625
6.684155e-07	2.11346	1.6974
6.695032e-07	2.11548	1.69854
6.705927e-07	2.11751	1.69968
6.716840e-07	2.11954	1.70081
6.727770e-07	2.12158	1.70194
6.738718e-07	2.12362	1.70307
6.749684e-07	2.12567	1.7042
6.760668e-07	2.12773	1.70532
6.771670e-07	2.1298	1.70644
6.782689e-07	2.13187	1.70755
6.793727e-07	2.13395	1.70867
6.804782e-07	2.13604	1.70978
6.815856e-07	2.13813	1.71088
6.826947e-07	2.14023	1.71199
6.838056e-07	2.14234	1.71309
6.849184e-07	2.14445	1.71418
6.860330e-07	2.14657	1.71528
6.871494e-07	2.1487	1.71637
6.882676e-07	2.15084	1.71745
6.893876e-07	2.15298	1.71854
6.905094e-07	2.15513	1.71962
6.916331e-07	2.15729	1.72069
6.927586e-07	2.15945	1.72176
6.938859e-07	2.16163	1.72283
6.950151e-07	2.16381	1.7239
6.961461e-07	2.166	1.72496
6.972789e-07	2.1682	1.72601
6.984136e-07	2.1704	1.72706
6.995501e-07	2.17261	1.72811
7.006885e-07	2.17484	1.72916
7.018287e-07	2.17707	1.7302
7.029708e-07	2.1793	1.73123
7.041148e-07	2.18155	1.73226
7.052606e-07	2.18381	1.73329
7.064082e-07	2.18607	1.73431
7.075578e-07	2.18834	1.73533
7.087092e-07	2.19062	1.73634
7.098625e-07	2.19291	1.73735
7.110176e-07	2.19521	1.73836
7.121747e-07	2.19752	1.73936
7.133336e-07	2.19983	1.74035
7.144944e-07	2.20216	1.74134
7.156571e-07	2.2045	1.74233
7.168217e-07	2.20684	1.7433
7.179882e-07	2.20919	1.74428
7.191566e-07	2.21156	1.74525
7.203268e-07	2.21393	1.74621
7.214990e-07	2.21631	1.74717
7.226731e-07	2.21871	1.74812
7.238491e-07	2.22111	1.74907
7.250271e-07	2.22352	1.75001
7.262069e-07	2.22595	1.75095
7.273887e-07	2.22838	1.75188
7.285723e-07	2.23083	1.7528
7.297579e-07	2.23328	1.75372
7.309455e-07	2.23575	1.75463
7.321350e-07	2.23822	1.75554
7.333264e-07	2.24071	1.75644
7.345197e-07	2.24321	1.75733
7.357150e-07	2.24572	1.75822
7.369122e-07	2.24824	1.7591
7.381114e-07	2.25077	1.75997
7.393125e-07	2.25331	1.76084
7.405156e-07	2.25587	1.7617
7.417206e-07	2.25844	1.76255
7.429277e-07	2.26101	1.7634
7.441366e-07	2.26361	1.76424
7.453476e-07	2.26621	1.76507
7.465605e-07	2.26883	1.76589
7.477753e-07	2.27145	1.76671
7.489922e-07	2.2741	1.76752
7.502110e-07	2.27675	1.76832
7.514319e-07	2.27942	1.76911
7.526547e-07	2.2821	1.76989
7.538795e-07	2.28479	1.77067
7.551062e-07	2.2875	1.77143
7.563350e-07	2.29022	1.77219
7.575658e-07	2.29295	1.77294
7.587986e-07	2.2957	1.77368
7.600334e-07	2.29846	1.77442
7.612702e-07	2.30124	1.77514
7.625090e-07	2.30403	1.77585
7.637498e-07	2.30684	1.77656
7.649927e-07	2.30966	1.77725
7.662376e-07	2.31249	1.77793
7.674845e-07	2.31534	1.77861
7.687334e-07	2.31821	1.77927
7.699844e-07	2.32109	1.77992
7.712374e-07	2.32399	1.78056
7.724924e-07	2.3269	1.7812
7.737495e-07	2.32983	1.78182
7.750086e-07	2.33278	1.78242
7.762698e-07	2.33574	1.78302
7.775330e-07	2.33872	1.78361
7.787983e-07	2.34172	1.78418
7.800656e-07	2.34474	1.78474
7.813350e-07	2.34777	1.78529
7.826065e-07	2.35082	1.78583
7.838800e-07	2.35389	1.78635
7.851556e-07	2.35697	1.78686
7.864333e-07	2.36008	1.78735
7.877131e-07	2.3632	1.78784
7.889949e-07	2.36634	1.7883
7.902789e-07	2.3695	1.78876
7.915649e-07	2.37268	1.7892
7.928530e-07	2.37588	1.78962
7.941432e-07	2.3791	1.79003
7.954355e-07	2.38234	1.79042
7.967299e-07	2.38561	1.7908
7.980265e-07	2.38889	1.79116
7.993251e-07	2.39219	1.79151
8.006258e-07	2.39551	1.79183
8.019287e-07	2.39886	1.79214
8.032337e-07	2.40223	1.79243
8.045408e-07	2.40562	1.79271
8.058500e-07	2.40903	1.79296
8.071614e-07	2.41246	1.7932
8.084749e-07	2.41592	1.79342
8.097905e-07	2.4194	1.79361
8.111083e-07	2.4229	1.79379
8.124282e-07	2.42643	1.79394
8.137502e-07	2.42998	1.79408
8.150745e-07	2.43356	1.79419
8.164008e-07	2.43716	1.79428
8.177294e-07	2.44079	1.79435
8.190601e-07	2.44444	1.79439
8.203929e-07	2.44812	1.79441
8.217279e-07	2.45182	1.79441
8.230651e-07	2.45555	1.79438
8.244045e-07	2.45931	1.79432
8.257461e-07	2.46309	1.79424
8.270898e-07	2.4669	1.79413
8.284357e-07	2.47074	1.794
8.297838e-07	2.47461	1.79384
8.311342e-07	2.4785	1.79364
8.324867e-07	2.48243	1.79342
8.338414e-07	2.48638	1.79317
8.351983e-07	2.49036	1.79288
8.365574e-07	2.49437	1.79257
8.379187e-07	2.49841	1.79222
8.392823e-07	2.50249	1.79184
8.406480e-07	2.50659	1.79142
8.420160e-07	2.51072	1.79097
8.433862e-07	2.51488	1.79049
8.447587e-07	2.51908	1.78996
8.461334e-07	2.5233	1.7894
8.475103e-07	2.52756	1.7888
8.488894e-07	2.53185	1.78816
8.502708e-07	2.53618	1.78748
8.516545e-07	2.54053	1.78676
8.530404e-07	2.54492	1.78599
8.544285e-07	2.54934	1.78518
8.558189e-07	2.5538	1.78433
8.572116e-07	2.55829	1.78342
8.586066e-07	2.56281	1.78248
8.600038e-07	2.56737	1.78148
8.614033e-07	2.57196	1.78043
8.628050e-07	2.57659	1.77933
8.642091e-07	2.58125	1.77818
8.656154e-07	2.58595	1.77698
8.670240e-07	2.59068	1.77572
8.684349e-07	2.59545	1.7744
8.698481e-07	2.60025	1.77302
8.712636e-07	2.60509	1.77159
8.726814e-07	2.60996	1.77009
8.741016e-07	2.61487	1.76853
8.755240e-07	2.61981	1.76691
8.769487e-07	2.62479	1.76522
8.783758e-07	2.6298	1.76346
8.798052e-07	2.63485	1.76164
8.812369e-07	2.63994	1.75974
8.826709e-07	2.64506	1.75777
8.841073e-07	2.65021	1.75572
8.855460e-07	2.6554	1.7536
8.869870e-07	2.66062	1.7514
8.884304e-07	2.66588	1.74912
8.898762e-07	2.67117	1.74676
8.913243e-07	2.67649	1.74431
8.927747e-07	2.68185	1.74177
8.942276e-07	2.68723	1.73915
8.956827e-07	2.69265	1.73643
8.971403e-07	2.6981	1.73363
8.986002e-07	2.70358	1.73072
9.000625e-07	2.70909	1.72772
9.015272e-07	2.71463	1.72462
9.029942e-07	2.72019	1.72142
9.044637e-07	2.72579	1.71811
9.059355e-07	2.7314	1.71469
9.074097e-07	2.73705	1.71117
9.088864e-07	2.74271	1.70753
9.103654e-07	2.7484	1.70378
9.118468e-07	2.75411	1.69991
9.133307e-07	2.75983	1.69592
9.148169e-07	2.76558	1.69181
9.163056e-07	2.77134	1.68758
9.177967e-07	2.77711	1.68322
9.192903e-07	2.7829	1.67872
9.207862e-07	2.78869	1.6741
9.222846e-07	2.7945	1.66934
9.237855e-07	2.80031	1.66444
9.252887e-07	2.80612	1.6594
9.267945e-07	2.81193	1.65422
9.283026e-07	2.81774	1.64889
9.298133e-07	2.82355	1.64341
9.313264e-07	2.82935	1.63778
9.328419e-07	2.83514	1.632
9.343599e-07	2.84092	1.62606
9.358804e-07	2.84668	1.61997
9.374034e-07	2.85242	1.61371
9.389288e-07	2.85814	1.60729
9.404567e-07	2.86382	1.6007
9.419871e-07	2.86948	1.59394
9.435200e-07	2.8751	1.58701
9.450554e-07	2.88069	1.57991
9.465933e-07	2.88623	1.57264
9.481337e-07	2.89172	1.56519
9.496766e-07	2.89716	1.55756
9.512220e-07	2.90254	1.54975
9.527699e-07	2.90786	1.54176
9.543204e-07	2.91311	1.53358
9.558733e-07	2.91829	1.52522
9.574288e-07	2.92339	1.51667
9.589869e-07	2.92841	1.50794
9.605474e-07	2.93334	1.49902
9.621105e-07	2.93818	1.48991
9.636762e-07	2.94291	1.4806
9.652444e-07	2.94754	1.47111
9.668151e-07	2.95206	1.46143
9.683884e-07	2.95646	1.45156
9.699643e-07	2.96073	1.4415
9.715427e-07	2.96488	1.43126
9.731237e-07	2.96888	1.42082
9.747072e-07	2.97275	1.41019
9.762934e-07	2.97646	1.39938
9.778821e-07	2.98002	1.38839
9.794734e-07	2.98341	1.37721
9.810673e-07	2.98663	1.36585
9.826638e-07	2.98968	1.35431
9.842629e-07	2.99254	1.3426
9.858646e-07	2.99522	1.33072
9.874689e-07	2.9977	1.31866
9.890758e-07	2.99997	1.30644
9.906853e-07	3.00204	1.29405
9.922975e-07	3.00389	1.28151
9.939122e-07	3.00553	1.26881
9.955296e-07	3.00693	1.25596
9.971497e-07	3.0081	1.24297
9.987723e-07	3.00903	1.22984
1.000398e-06	3.00972	1.21657
1.002026e-06	3.01016	1.20317
1.003656e-06	3.01034	1.18965
1.005289e-06	3.01027	1.17602
1.006925e-06	3.00992	1.16227
1.008564e-06	3.00931	1.14842
1.010205e-06	3.00843	1.13448
1.011849e-06	3.00726	1.12044
1.013496e-06	3.00582	1.10632
1.015145e-06	3.00409	1.09213
1.016797e-06	3.00207	1.07786
1.018451e-06	2.99976	1.06354
1.020109e-06	2.99716	1.04917
1.021769e-06	2.99427	1.03475
1.023432e-06	2.99107	1.02029
1.025097e-06	2.98758	1.00581
1.026765e-06	2.98379	0.991307
1.028436e-06	2.97969	0.976791
1.030110e-06	2.9753	0.96227
1.031786e-06	2.9706	0.947754
1.033465e-06	2.96561	0.93325
1.035147e-06	2.96031	0.918766
1.036831e-06	2.95471	0.904309
1.038518e-06	2.94882	0.889889
1.040208e-06	2.94263	0.875512
1.041901e-06	2.93614	0.861186
1.043597e-06	2.92936	0.846919
1.045295e-06	2.92229	0.832719
1.046996e-06	2.91493	0.818591
1.048700e-06	2.90729	0.804543
1.050406e-06	2.89936	0.790583
1.052116e-06	2.89116	0.776716
1.053828e-06	2.88268	0.762949
1.055543e-06	2.87394	0.749288
1.057260e-06	2.86492	0.735739
1.058981e-06	2.85565	0.722307
1.060704e-06	2.84611	0.708999
1.062430e-06	2.83633	0.695818
1.064159e-06	2.82629	0.682771
1.065891e-06	2.81602	0.669861
1.067625e-06	2.8055	0.657093
1.069363e-06	2.79475	0.644472
1.071103e-06	2.78377	0.632
1.072846e-06	2.77257	0.619681
1.074592e-06	2.76116	0.60752
1.076340e-06	2.74953	0.595517
1.078092e-06	2.73769	0.583678
1.079846e-06	2.72565	0.572003
1.081603e-06	2.71341	0.560495
1.083363e-06	2.70099	0.549156
1.085126e-06	2.68838	0.537988
1.086892e-06	2.67558	0.526992
1.088661e-06	2.66261	0.516169
1.090433e-06	2.64947	0.505521
1.092207e-06	2.63617	0.495048
1.093984e-06	2.6227	0.484751
1.095765e-06	2.60908	0.47463
1.097548e-06	2.59531	0.464686
1.099334e-06	2.58139	0.454918
1.101123e-06	2.56732	0.445326
1.102915e-06	2.55312	0.435909
1.104709e-06	2.53879	0.426669
1.106507e-06	2.52433	0.417602
1.108308e-06	2.50974	0.40871
1.110111e-06	2.49502	0.39999
1.111918e-06	2.48019	0.391442
1.113727e-06	2.46525	0.383064
1.115540e-06	2.45019	0.374855
1.117355e-06	2.43503	0.366814
1.119173e-06	2.41975	0.35894
1.120994e-06	2.40438	0.35123
1.122819e-06	2.38891	0.343682
1.124646e-06	2.37334	0.336296
1.126476e-06	2.35767	0.329068
1.128309e-06	2.34191	0.321998
1.130145e-06	2.32606	0.315084
1.131984e-06	2.31012	0.308322
1.133826e-06	2.29409	0.301712
1.135671e-06	2.27798	0.295251
1.137519e-06	2.26178	0.288937
1.139370e-06	2.2455	0.282767
1.141225e-06	2.22914	0.27674
1.143082e-06	2.21269	0.270854
1.144942e-06	2.19617	0.265105
1.146805e-06	2.17956	0.259493
1.148671e-06	2.16287	0.254015
1.150540e-06	2.14611	0.248668
1.152413e-06	2.12926	0.24345
1.154288e-06	2.11233	0.23836
1.156166e-06	2.09533	0.233394
1.158048e-06	2.07824	0.228551
1.159932e-06	2.06107	0.223829
1.161820e-06	2.04382	0.219225
1.163710e-06	2.02649	0.214738
1.165604e-06	2.00907	0.210365
1.167501e-06	1.99157	0.206104
1.169401e-06	1.97397	0.201953
1.171304e-06	1.95629	0.19791
1.173210e-06	1.93852	0.193974
1.175119e-06	1.92066	0.190142
1.177031e-06	1.9027	0.186412
1.178947e-06	1.88464	0.182783
1.180865e-06	1.86648	0.179253
1.182787e-06	1.84822	0.17582
1.184712e-06	1.82985	0.172483
1.186639e-06	1.81138	0.169239
1.188571e-06	1.79279	0.166088
1.190505e-06	1.77408	0.163027
1.192442e-06	1.75525	0.160055
1.194382e-06	1.73629	0.157172
1.196326e-06	1.71721	0.154375
1.198273e-06	1.69799	0.151663
1.200223e-06	1.67863	0.149036
1.202176e-06	1.65913	0.146491
1.204132e-06	1.63947	0.144029
1.206092e-06	1.61966	0.141647
1.208054e-06	1.59968	0.139346
1.210020e-06	1.57953	0.137125
1.211989e-06	1.5592	0.134983
1.213962e-06	1.53868	0.132919
1.215937e-06	1.51797	0.130933
1.217916e-06	1.49706	0.129025
1.219898e-06	1.47593	0.127195
1.221883e-06	1.45457	0.125442
1.223871e-06	1.43298	0.123768
1.225863e-06	1.41114	0.122173
1.227858e-06	1.38904	0.120657
1.229856e-06	1.36667	0.119221
1.231857e-06	1.344	0.117867
1.233862e-06	1.32104	0.116595
1.235870e-06	1.29774	0.115409
1.237881e-06	1.27411	0.114311
1.239895e-06	1.25012	0.113302
1.241913e-06	1.22574	0.112388
1.243934e-06	1.20095	0.111571
1.245958e-06	1.17572	0.110857
1.247986e-06	1.15003	0.110252
1.250016e-06	1.12384	0.109762
1.252051e-06	1.09711	0.109396
1.254088e-06	1.06981	0.109164
1.256129e-06	1.04188	0.109078
1.258173e-06	1.01328	0.109153
1.260220e-06	0.983954	0.109406
1.262271e-06	0.953825	0.109859
1.264325e-06	0.92282	0.110539
1.266383e-06	0.890852	0.11148
1.268443e-06	0.857818	0.112725
1.270508e-06	0.823595	0.11433
1.272575e-06	0.78804	0.116366
1.274646e-06	0.75098	0.11893
1.276720e-06	0.712206	0.122154
1.278798e-06	0.671462	0.126221
1.280879e-06	0.628436	0.131395
1.282963e-06	0.58274	0.13807
1.285051e-06	0.533911	0.146856
1.287142e-06	0.481429	0.158732
1.289237e-06	0.424863	0.175322
1.291335e-06	0.364391	0.199278
1.293436e-06	0.302232	0.234251
1.295541e-06	0.244425	0.28244
1.297649e-06	0.197988	0.340046
1.299761e-06	0.1643	0.39967
1.301876e-06	0.14024	0.456759
1.303994e-06	0.122534	0.510009
1.306116e-06	0.10899	0.559484
1.308242e-06	0.0982603	0.605613
1.310371e-06	0.0895128	0.648857
1.312503e-06	0.0822142	0.689622
1.314639e-06	0.0760096	0.728245
1.316778e-06	0.0706537	0.765003
1.318921e-06	0.065972	0.800124
1.321067e-06	0.0618363	0.833796
1.323217e-06	0.0581503	0.866175
1.325370e-06	0.0548402	0.897392
1.327527e-06	0.0518483	0.92756
1.329687e-06	0.0491285	0.956773
1.331851e-06	0.0466439	0.985113
1.334019e-06	0.0443643	1.01265
1.336189e-06	0.0422646	1.03945
1.338364e-06	0.0403239	1.06557
1.340542e-06	0.0385247	1.09106
1.342723e-06	0.0368521	1.11595
1.344908e-06	0.0352931	1.14029
1.347097e-06	0.0338368	1.16412
1.349289e-06	0.0324735	1.18746
1.351485e-06	0.031195	1.21034
1.353684e-06	0.0299937	1.23279
1.355887e-06	0.0288633	1.25483
1.358093e-06	0.027798	1.27649
1.360303e-06	0.0267926	1.29778
1.362517e-06	0.0258426	1.31873
1.364734e-06	0.0249438	1.33934
1.366955e-06	0.0240926	1.35964
1.369179e-06	0.0232856	1.37964
1.371407e-06	0.0225197	1.39936
1.373639e-06	0.0217922	1.4188
1.375874e-06	0.0211006	1.43798
1.378113e-06	0.0204426	1.4569
1.380356e-06	0.019816	1.47559
1.382602e-06	0.0192191	1.49404
1.384852e-06	0.0186498	1.51228
1.387106e-06	0.0181068	1.5303
1.389363e-06	0.0175883	1.54811
1.391624e-06	0.017093	1.56573
1.393888e-06	0.0166197	1.58315
1.396157e-06	0.0161671	1.6004
1.398429e-06	0.0157341	1.61746
1.400704e-06	0.0153196	1.63436
1.402984e-06	0.0149227	1.65109
1.405267e-06	0.0145425	1.66765
1.407554e-06	0.0141781	1.68407
1.409844e-06	0.0138287	1.70033
1.412138e-06	0.0134936	1.71645
1.414436e-06	0.013172	1.73243
1.416738e-06	0.0128634	1.74828
1.419043e-06	0.0125671	1.76399
1.421353e-06	0.0122826	1.77957
1.423666e-06	0.0120092	1.79503
1.425982e-06	0.0117465	1.81037
1.428303e-06	0.0114939	1.82559
1.430627e-06	0.0112511	1.8407
1.432955e-06	0.0110175	1.8557
1.435287e-06	0.0107929	1.87059
1.437623e-06	0.0105767	1.88538
1.439962e-06	0.0103686	1.90007
1.442305e-06	0.0101683	1.91466
1.444653e-06	0.00997544	1.92915
1.447003e-06	0.00978971	1.94355
1.449358e-06	0.0096108	1.95785
1.451717e-06	0.00943843	1.97207
1.454079e-06	0.00927235	1.9862
1.456445e-06	0.00911228	2.00025
1.458815e-06	0.00895798	2.01422
1.461189e-06	0.00880924	2.0281
1.463567e-06	0.00866581	2.04191
1.465949e-06	0.0085275	2.05564
1.468334e-06	0.0083941	2.0693
1.470724e-06	0.00826542	2.08289
1.473117e-06	0.00814128	2.0964
1.475514e-06	0.00802151	2.10985
1.477915e-06	0.00790594	2.12323
1.480320e-06	0.0077944	2.13654
1.482729e-06	0.00768676	2.14979
1.485142e-06	0.00758285	2.16297
1.487559e-06	0.00748255	2.1761
1.489980e-06	0.00738572	2.18916
1.492404e-06	0.00729223	2.20217
1.494833e-06	0.00720197	2.21512
1.497265e-06	0.00711481	2.22801
1.499702e-06	0.00703064	2.24085
1.502142e-06	0.00694936	2.25364
1.504587e-06	0.00687087	2.26637
1.507035e-06	0.00679506	2.27905
1.509488e-06	0.00672184	2.29168
1.511944e-06	0.00665112	2.30427
1.514404e-06	0.00658281	2.3168
1.516869e-06	0.00651684	2.32929
1.519337e-06	0.00645311	2.34173
1.521810e-06	0.00639156	2.35413
1.524286e-06	0.00633211	2.36649
1.526767e-06	0.00627468	2.3788
1.529251e-06	0.00621922	2.39107
1.531740e-06	0.00616565	2.4033
1.534232e-06	0.00611391	2.41548
1.536729e-06	0.00606395	2.42763
1.539230e-06	0.0060157	2.43974
1.541734e-06	0.0059691	2.45182
1.544243e-06	0.00592411	2.46385
1.546756e-06	0.00588066	2.47585
1.549273e-06	0.00583872	2.48782
1.551794e-06	0.00579823	2.49975
1.554320e-06	0.00575915	2.51164
1.556849e-06	0.00572143	2.5235
1.559382e-06	0.00568503	2.53533
1.561920e-06	0.0056499	2.54713
1.564462e-06	0.00561602	2.5589
1.567008e-06	0.00558333	2.57063
1.569558e-06	0.0055518	2.58234
1.572112e-06	0.0055214	2.59401
1.574670e-06	0.00549209	2.60566
1.577232e-06	0.00546384	2.61728
1.579799e-06	0.00543661	2.62887
1.582370e-06	0.00541038	2.64044
1.584945e-06	0.00538511	2.65197
1.587524e-06	0.00536078	2.66349
1.590107e-06	0.00533736	2.67497
1.592695e-06	0.00531482	2.68643
1.595287e-06	0.00529314	2.69787
1.597883e-06	0.00527228	2.70929
1.600483e-06	0.00525224	2.72068
1.603088e-06	0.00523297	2.73204
1.605696e-06	0.00521447	2.74339
1.608309e-06	0.00519671	2.75471
1.610926e-06	0.00517966	2.76601
1.613548e-06	0.00516331	2.77729
1.616174e-06	0.00514764	2.78855
1.618804e-06	0.00513262	2.79979
1.621438e-06	0.00511825	2.81101
1.624076e-06	0.0051045	2.82221
1.626719e-06	0.00509135	2.83339
1.629366e-06	0.00507879	2.84455
1.632018e-06	0.00506681	2.85569
1.634674e-06	0.00505538	2.86682
1.637334e-06	0.00504449	2.87793
1.639998e-06	0.00503414	2.88902
1.642667e-06	0.00502429	2.90009
1.645340e-06	0.00501494	2.91115
1.648018e-06	0.00500609	2.92219
1.650699e-06	0.0049977	2.93322
1.653386e-06	0.00498978	2.94423
1.656076e-06	0.0049823	2.95523
1.658771e-06	0.00497526	2.96621
1.661470e-06	0.00496865	2.97718
1.664174e-06	0.00496246	2.98813
1.666882e-06	0.00495667	2.99907
1.669595e-06	0.00495128	3.01
1.672312e-06	0.00494627	3.02091
1.675033e-06	0.00494163	3.03181
1.677759e-06	0.00493737	3.0427
1.680489e-06	0.00493346	3.05357
1.683224e-06	0.0049299	3.06443
1.685963e-06	0.00492668	3.07529
1.688706e-06	0.00492379	3.08613
1.691454e-06	0.00492122	3.09696
1.694207e-06	0.00491898	3.10777
1.696964e-06	0.00491704	3.11858
1.699725e-06	0.0049154	3.12938
1.702491e-06	0.00491406	3.14017
1.705262e-06	0.00491301	3.15094
1.708037e-06	0.00491224	3.16171
1.710816e-06	0.00491175	3.17247
1.713600e-06	0.00491152	3.18322
1.716389e-06	0.00491156	3.19396
1.719182e-06	0.00491185	3.20469
1.721980e-06	0.0049124	3.21542
1.724782e-06	0.00491319	3.22613
1.727589e-06	0.00491422	3.23684
1.730400e-06	0.00491549	3.24754
1.733216e-06	0.00491699	3.25823
1.736036e-06	0.00491872	3.26892
1.738861e-06	0.00492067	3.27959
1.741691e-06	0.00492283	3.29026
1.744525e-06	0.00492521	3.30093
1.747364e-06	0.0049278	3.31159
1.750207e-06	0.00493058	3.32224
1.753056e-06	0.00493357	3.33288
1.755908e-06	0.00493676	3.34352
1.758766e-06	0.00494014	3.35416
1.761628e-06	0.0049437	3.36478
1.764494e-06	0.00494745	3.37541
1.767366e-06	0.00495138	3.38603
1.770242e-06	0.00495549	3.39664
1.773123e-06	0.00495978	3.40725
1.776008e-06	0.00496424	3.41785
1.778898e-06	0.00496886	3.42845
1.781793e-06	0.00497365	3.43905
1.784692e-06	0.0049786	3.44964
1.787597e-06	0.00498372	3.46022
1.790506e-06	0.00498899	3.47081
1.793419e-06	0.00499441	3.48139
1.796338e-06	0.00499998	3.49196
1.799261e-06	0.00500571	3.50254
1.802189e-06	0.00501158	3.51311
1.805122e-06	0.0050176	3.52367
1.808059e-06	0.00502375	3.53424
1.811001e-06	0.00503005	3.5448
1.813948e-06	0.00503648	3.55536
1.816900e-06	0.00504305	3.56592
1.819857e-06	0.00504976	3.57647
1.822818e-06	0.00505659	3.58703
1.825785e-06	0.00506356	3.59758
1.828756e-06	0.00507065	3.60813
1.831732e-06	0.00507787	3.61868
1.834712e-06	0.00508521	3.62922
1.837698e-06	0.00509267	3.63977
1.840689e-06	0.00510026	3.65031
1.843684e-06	0.00510796	3.66085
1.846684e-06	0.00511578	3.6714
1.849689e-06	0.00512372	3.68194
1.852699e-06	0.00513177	3.69248
1.855714e-06	0.00513993	3.70302
1.858734e-06	0.0051482	3.71356
1.861759e-06	0.00515659	3.7241
1.864788e-06	0.00516508	3.73464
1.867823e-06	0.00517368	3.74518
1.870862e-06	0.00518239	3.75572
1.873907e-06	0.0051912	3.76626
1.876956e-06	0.00520011	3.7768
1.880011e-06	0.00520913	3.78734
1.883070e-06	0.00521825	3.79789
1.886134e-06	0.00522747	3.80843
1.889204e-06	0.00523679	3.81897
1.892278e-06	0.0052462	3.82952
1.895357e-06	0.00525572	3.84006
1.898442e-06	0.00526533	3.85061
1.901531e-06	0.00527503	3.86116
1.904625e-06	0.00528483	3.87171
1.907725e-06	0.00529472	3.88226
1.910829e-06	0.00530471	3.89281
1.913939e-06	0.00531479	3.90337
1.917053e-06	0.00532496	3.91392
1.920173e-06	0.00533521	3.92448
1.923297e-06	0.00534556	3.93504
1.926427e-06	0.005356	3.94561
1.929562e-06	0.00536652	3.95617
1.932702e-06	0.00537714	3.96674
1.935847e-06	0.00538783	3.97731
1.938997e-06	0.00539862	3.98789
1.942153e-06	0.00540949	3.99846
1.945313e-06	0.00542044	4.00904
1.948479e-06	0.00543148	4.01962
1.951650e-06	0.0054426	4.03021
1.954825e-06	0.0054538	4.04079
1.958007e-06	0.00546509	4.05138
1.961193e-06	0.00547646	4.06198
1.964384e-06	0.00548791	4.07258
1.967581e-06	0.00549944	4.08318
1.970783e-06	0.00551105	4.09378
1.973990e-06	0.00552274	4.10439
1.977202e-06	0.00553451	4.115
1.980420e-06	0.00554636	4.12562
1.983642e-06	0.00555828	4.13624
1.986870e-06	0.00557029	4.14686
1.990104e-06	0.00558237	4.15749
1.993342e-06	0.00559453	4.16813
1.996586e-06	0.00560677	4.17876
1.999835e-06	0.00561908	4.1894
2.003089e-06	0.00563147	4.20005
2.006349e-06	0.00564394	4.2107
2.009614e-06	0.00565648	4.22135
2.012884e-06	0.00566909	4.23201
2.016160e-06	0.00568178	4.24268
2.019441e-06	0.00569455	4.25335
2.022727e-06	0.00570739	4.26402
2.026018e-06	0.0057203	4.2747
2.029315e-06	0.00573329	4.28539
2.032618e-06	0.00574635	4.29608
2.035925e-06	0.00575948	4.30677
2.039238e-06	0.00577269	4.31747
2.042557e-06	0.00578597	4.32818
2.045881e-06	0.00579933	4.33889
2.049210e-06	0.00581275	4.34961
2.052545e-06	0.00582625	4.36033
2.055885e-06	0.00583982	4.37106
2.059230e-06	0.00585346	4.3818
2.062581e-06	0.00586717	4.39254
2.065938e-06	0.00588096	4.40328
2.069300e-06	0.00589481	4.41404
2.072667e-06	0.00590874	4.4248
2.076040e-06	0.00592274	4.43556
2.079418e-06	0.0059368	4.44633
2.082802e-06	0.00595094	4.45711
2.086191e-06	0.00596515	4.4679
2.089586e-06	0.00597943	4.47869
2.092987e-06	0.00599379	4.48948
2.096393e-06	0.00600821	4.50029
2.099804e-06	0.0060227	4.5111
2.103221e-06	0.00603726	4.52192
2.106644e-06	0.00605189	4.53274
2.110072e-06	0.00606659	4.54357
2.113505e-06	0.00608136	4.55441
2.116945e-06	0.00609621	4.56526
2.120390e-06	0.00611112	4.57611
2.123840e-06	0.0061261	4.58697
2.127296e-06	0.00614115	4.59784
2.130758e-06	0.00615627	4.60871
2.134225e-06	0.00617146	4.6196
2.137698e-06	0.00618671	4.63049
2.141177e-06	0.00620204	4.64139
2.144661e-06	0.00621744	4.65229
2.148151e-06	0.00623291	4.6632
2.151647e-06	0.00624844	4.67412
2.155149e-06	0.00626405	4.68505
2.158656e-06	0.00627972	4.69599
2.162168e-06	0.00629547	4.70693
2.165687e-06	0.00631128	4.71789
2.169211e-06	0.00632717	4.72885
2.172741e-06	0.00634312	4.73982
2.176277e-06	0.00635914	4.75079
2.179818e-06	0.00637523	4.76178
2.183365e-06	0.00639139	4.77277
2.186918e-06	0.00640762	4.78377
2.190477e-06	0.00642392	4.79478
2.194042e-06	0.00644029	4.8058
2.197612e-06	0.00645673	4.81683
2.201188e-06	0.00647324	4.82787
2.204770e-06	0.00648981	4.83891
2.208358e-06	0.00650646	4.84997
2.211952e-06	0.00652318	4.86103
2.215551e-06	0.00653996	4.8721
2.219157e-06	0.00655682	4.88318
2.222768e-06	0.00657375	4.89427
2.226385e-06	0.00659074	4.90537
2.230008e-06	0.00660781	4.91648
2.233637e-06	0.00662494	4.92759
2.237272e-06	0.00664215	4.93872
2.240913e-06	0.00665942	4.94985
2.244559e-06	0.00667677	4.961
2.248212e-06	0.00669419	4.97215
2.251870e-06	0.00671167	4.98332
2.255535e-06	0.00672923	4.99449
2.259205e-06	0.00674686	5.00567
2.262882e-06	0.00676456	5.01687
2.266564e-06	0.00678233	5.02807
2.270252e-06	0.00680017	5.03928
2.273947e-06	0.00681808	5.0505
2.277647e-06	0.00683606	5.06173
2.281354e-06	0.00685411	5.07298
2.285066e-06	0.00687223	5.08423
2.288784e-06	0.00689043	5.09549
2.292509e-06	0.0069087	5.10676
2.296240e-06	0.00692703	5.11804
2.299976e-06	0.00694544	5.12934
2.303719e-06	0.00696393	5.14064
2.307468e-06	0.00698248	5.15195
2.311223e-06	0.0070011	5.16327
2.314984e-06	0.0070198	5.17461
2.318751e-06	0.00703857	5.18595
2.322524e-06	0.00705741	5.19731
2.326304e-06	0.00707633	5.20867
2.330089e-06	0.00709531	5.22005
2.333881e-06	0.00711437	5.23143
2.337679e-06	0.00713351	5.24283
2.341483e-06	0.00715271	5.25424
2.345294e-06	0.00717199	5.26566
2.349110e-06	0.00719134	5.27709
2.352933e-06	0.00721077	5.28853
2.356762e-06	0.00723026	5.29998
2.360597e-06	0.00724984	5.31144
2.364438e-06	0.00726948	5.32292
2.368286e-06	0.0072892	5.3344
2.372140e-06	0.007309	5.3459
2.376000e-06	0.00732886	5.35741
2.379866e-06	0.00734881	5.36893
2.383739e-06	0.00736882	5.38046
2.387618e-06	0.00738892	5.392
2.391504e-06	0.00740908	5.40355
2.395395e-06	0.00742933	5.41512
2.399293e-06	0.00744964	5.42669
2.403198e-06	0.00747004	5.43828
2.407108e-06	0.0074905	5.44988
2.411026e-06	0.00751105	5.46149
2.414949e-06	0.00753167	5.47311
2.418879e-06	0.00755236	5.48475
2.422815e-06	0.00757313	5.4964
2.426758e-06	0.00759398	5.50805
2.430707e-06	0.00761491	5.51973
2.434662e-06	0.00763591	5.53141
2.438624e-06	0.00765699	5.5431
2.442593e-06	0.00767814	5.55481
2.446568e-06	0.00769937	5.56653
2.450549e-06	0.00772068	5.57826
2.454537e-06	0.00774207	5.59
2.458531e-06	0.00776354	5.60176
2.462532e-06	0.00778508	5.61353
2.466539e-06	0.0078067	5.62531
2.470553e-06	0.0078284	5.6371
2.474573e-06	0.00785018	5.64891
2.478600e-06	0.00787204	5.66072
2.482633e-06	0.00789397	5.67256
2.486673e-06	0.00791599	5.6844
2.490720e-06	0.00793808	5.69625
2.494773e-06	0.00796026	5.70812
2.498833e-06	0.00798251	5.72
2.502899e-06	0.00800484	5.7319
2.506972e-06	0.00802726	5.74381
2.511052e-06	0.00804975	5.75573
2.515138e-06	0.00807233	5.76766
2.519231e-06	0.00809498	5.77961
2.523330e-06	0.00811772	5.79157
2.527437e-06	0.00814054	5.80354
2.531550e-06	0.00816344	5.81552
2.535669e-06	0.00818642	5.82752
2.539795e-06	0.00820948	5.83953
2.543928e-06	0.00823262	5.85156
2.548068e-06	0.00825585	5.8636
2.552215e-06	0.00827916	5.87565
2.556368e-06	0.00830255	5.88772
2.560528e-06	0.00832602	5.89979
2.564695e-06	0.00834958	5.91189
2.568868e-06	0.00837322	5.92399
2.573048e-06	0.00839695	5.93611
2.577236e-06	0.00842076	5.94825
2.581430e-06	0.00844465	5.96039
2.585630e-06	0.00846862	5.97255
2.589838e-06	0.00849269	5.98473
2.594052e-06	0.00851683	5.99692
2.598274e-06	0.00854106	6.00912
2.602502e-06	0.00856538	6.02134
2.606737e-06	0.00858978	6.03357
2.610979e-06	0.00861426	6.04581
2.615228e-06	0.00863884	6.05807
2.619483e-06	0.00866349	6.07034
2.623746e-06	0.00868824	6.08263
2.628016e-06	0.00871307	6.09493
2.632292e-06	0.00873799	6.10724
2.636576e-06	0.00876299	6.11957
2.640866e-06	0.00878809	6.13192
2.645164e-06	0.00881326	6.14428
2.649468e-06	0.00883853	6.15665
2.653780e-06	0.00886389	6.16904
2.658098e-06	0.00888933	6.18144
2.662424e-06	0.00891486	6.19385
2.666756e-06	0.00894048	6.20629
2.671096e-06	0.00896619	6.21873
2.675443e-06	0.00899199	6.23119
2.679796e-06	0.00901788	6.24367
2.684157e-06	0.00904386	6.25616
2.688525e-06	0.00906993	6.26866
2.692900e-06	0.00909609	6.28118
2.697282e-06	0.00912234	6.29371
2.701672e-06	0.00914868	6.30626
2.706068e-06	0.00917511	6.31883
2.710472e-06	0.00920163	6.33141
2.714883e-06	0.00922825	6.344
2.719300e-06	0.00925495	6.35661
2.723726e-06	0.00928175	6.36924
2.728158e-06	0.00930864	6.38188
2.732597e-06	0.00933562	6.39453
2.737044e-06	0.0093627	6.4072
2.741498e-06	0.00938987	6.41989
2.745959e-06	0.00941713	6.43259
2.750428e-06	0.00944449	6.44531
2.754904e-06	0.00947194	6.45804
2.759387e-06	0.00949948	6.47079
2.763877e-06	0.00952712	6.48355
2.768375e-06	0.00955485	6.49633
2.772880e-06	0.00958268	6.50913
2.777392e-06	0.00961061	6.52194
2.781912e-06	0.00963863	6.53476
2.786439e-06	0.00966674	6.54761
2.790973e-06	0.00969496	6.56046
2.795515e-06	0.00972326	6.57334
2.800064e-06	0.00975167	6.58623
2.804621e-06	0.00978017	6.59913
2.809185e-06	0.00980877	6.61206
2.813756e-06	0.00983747	6.62499
2.818335e-06	0.00986627	6.63795
2.822921e-06	0.00989516	6.65092
2.827515e-06	0.00992415	6.6639
2.832116e-06	0.00995324	6.67691
2.836725e-06	0.00998243	6.68993
2.841341e-06	0.0100117	6.70296
2.845965e-06	0.0100411	6.71601
2.850596e-06	0.0100706	6.72908
2.855235e-06	0.0101002	6.74216
2.859881e-06	0.0101299	6.75526
2.864535e-06	0.0101597	6.76838
2.869196e-06	0.0101896	6.78152
2.873865e-06	0.0102196	6.79467
2.878542e-06	0.0102497	6.80783
2.883226e-06	0.0102799	6.82102
2.887918e-06	0.0103102	6.83422
2.892618e-06	0.0103406	6.84744
2.897325e-06	0.0103711	6.86067
2.902040e-06	0.0104017	6.87392
2.906762e-06	0.0104324	6.88719
2.911492e-06	0.0104632	6.90048
2.916230e-06	0.0104941	6.91378
2.920976e-06	0.0105252	6.9271
2.925729e-06	0.0105563	6.94043
2.930490e-06	0.0105875	6.95379
2.935259e-06	0.0106189	6.96716
2.940035e-06	0.0106503	6.98054
2.944820e-06	0.0106819	6.99395
2.949612e-06	0.0107135	7.00737
2.954412e-06	0.0107453	7.02081
2.959220e-06	0.0107772	7.03427
2.964035e-06	0.0108092	7.04774
2.968858e-06	0.0108412	7.06124
2.973690e-06	0.0108734	7.07474
2.978529e-06	0.0109058	7.08827
2.983376e-06	0.0109382	7.10182
2.988231e-06	0.0109707	7.11538
2.993093e-06	0.0110033	7.12896
2.997964e-06	0.0110361	7.14256
3.002843e-06	0.0110689	7.15617
3.007729e-06	0.0111019	7.16981
3.012624e-06	0.011135	7.18346
3.017526e-06	0.0111682	7.19713
3.022437e-06	0.0112015	7.21081
3.027355e-06	0.0112349	7.22452
3.032281e-06	0.0112684	7.23824
3.037216e-06	0.011302	7.25198
3.042158e-06	0.0113358	7.26574
3.047109e-06	0.0113696	7.27952
3.052067e-06	0.0114036	7.29331
3.057034e-06	0.0114377	7.30713
3.062009e-06	0.0114719	7.32096
3.066991e-06	0.0115062	7.33481
3.071982e-06	0.0115407	7.34868
3.076981e-06	0.0115752	7.36257
3.081989e-06	0.0116099	7.37647
3.087004e-06	0.0116447	7.3904
3.092027e-06	0.0116796	7.40434
3.097059e-06	0.0117146	7.4183
3.102099e-06	0.0117497	7.43228
3.107147e-06	0.011785	7.44628
3.112203e-06	0.0118203	7.4603
3.117268e-06	0.0118558	7.47433
3.122340e-06	0.0118914	7.48839
3.127421e-06	0.0119272	7.50246
3.132511e-06	0.011963	7.51656
3.137608e-06	0.011999	7.53067
3.142714e-06	0.012035	7.5448
3.147828e-06	0.0120712	7.55895
3.152951e-06	0.0121076	7.57312
3.158082e-06	0.012144	7.58731
3.163221e-06	0.0121806	7.60151
3.168368e-06	0.0122173	7.61574
3.173524e-06	0.0122541	7.62998
3.178688e-06	0.012291	7.64425
3.183861e-06	0.0123281	7.65853
3.189042e-06	0.0123653	7.67284
3.194232e-06	0.0124026	7.68716
3.199430e-06	0.01244	7.7015
3.204636e-06	0.0124776	7.71586
3.209851e-06	0.0125152	7.73024
3.215074e-06	0.0125531	7.74464
3.220306e-06	0.012591	7.75907
3.225547e-06	0.012629	7.77351
3.230796e-06	0.0126672	7.78797
3.236053e-06	0.0127055	7.80244
3.241319e-06	0.012744	7.81694
3.246594e-06	0.0127826	7.83146
3.251877e-06	0.0128213	7.846
3.257169e-06	0.0128601	7.86056
3.262469e-06	0.012899	7.87514
3.267778e-06	0.0129381	7.88974
3.273096e-06	0.0129773	7.90436
3.278422e-06	0.0130167	7.919
3.283757e-06	0.0130562	7.93366
3.289101e-06	0.0130958	7.94834
3.294453e-06	0.0131355	7.96304
3.299814e-06	0.0131754	7.97776
3.305184e-06	0.0132154	7.9925
3.310563e-06	0.0132555	8.00726
3.315950e-06	0.0132958	8.02204
3.321346e-06	0.0133362	8.03684
3.326751e-06	0.0133767	8.05166
3.332164e-06	0.0134174	8.0665
3.337587e-06	0.0134582	8.08137
3.343018e-06	0.0134991	8.09625
3.348458e-06	0.0135402	8.11116
3.353907e-06	0.0135814	8.12608
3.359365e-06	0.0136228	8.14103
3.364832e-06	0.0136643	8.15599
3.370307e-06	0.0137059	8.17098
3.375792e-06	0.0137477	8.18599
3.381285e-06	0.0137896	8.20102
3.386787e-06	0.0138316	8.21607
3.392299e-06	0.0138738	8.23114
3.397819e-06	0.0139161	8.24623
3.403348e-06	0.0139586	8.26135
3.408887e-06	0.0140012	8.27648
3.414434e-06	0.0140439	8.29164
3.419990e-06	0.0140868	8.30681
3.425556e-06	0.0141298	8.32201
3.431130e-06	0.014173	8.33723
3.436714e-06	0.0142163	8.35247
3.442306e-06	0.0142598	8.36774
3.447908e-06	0.0143034	8.38302
3.453519e-06	0.0143471	8.39832
3.459138e-06	0.014391	8.41365
3.464768e-06	0.014435	8.429
3.470406e-06	0.0144792	8.44437
3.476053e-06	0.0145235	8.45976
3.481710e-06	0.014568	8.47518
3.487376e-06	0.0146126	8.49061
3.493051e-06	0.0146574	8.50607
3.498735e-06	0.0147023	8.52155
3.504428e-06	0.0147474	8.53705
3.510131e-06	0.0147926	8.55257
3.515843e-06	0.014838	8.56812
3.521564e-06	0.0148835	8.58368
3.527295e-06	0.0149291	8.59927
3.533035e-06	0.0149749	8.61488
3.538784e-06	0.0150209	8.63052
3.544543e-06	0.015067	8.64617
3.550311e-06	0.0151133	8.66185
3.556088e-06	0.0151597	8.67755
3.561875e-06	0.0152063	8.69327
3.567672e-06	0.015253	8.70902
3.573477e-06	0.0152999	8.72478
3.579292e-06	0.0153469	8.74057
3.585117e-06	0.0153941	8.75638
3.590951e-06	0.0154415	8.77222
3.596795e-06	0.015489	8.78808
3.602648e-06	0.0155366	8.80396
3.608510e-06	0.0155845	8.81986
3.614382e-06	0.0156324	8.83578
3.620264e-06	0.0156806	8.85173
3.626155e-06	0.0157289	8.8677
3.632056e-06	0.0157773	8.8837
3.637967e-06	0.0158259	8.89971
3.643887e-06	0.0158747	8.91575
3.649816e-06	0.0159236	8.93182
3.655756e-06	0.0159727	8.9479
3.661705e-06	0.016022	8.96401
3.667663e-06	0.0160714	8.98014
3.673632e-06	0.016121	8.9963
3.679610e-06	0.0161707	9.01248
3.685598e-06	0.0162207	9.02868
3.691595e-06	0.0162707	9.04491
3.697603e-06	0.016321	9.06116
3.703620e-06	0.0163714	9.07743
3.709647e-06	0.0164219	9.09372
3.715683e-06	0.0164727	9.11004
3.721730e-06	0.0165236	9.12639
3.727786e-06	0.0165747	9.14275
3.733853e-06	0.0166259	9.15914
3.739929e-06	0.0166773	9.17556
3.746015e-06	0.0167289	9.19199
3.752111e-06	0.0167806	9.20845
3.758216e-06	0.0168326	9.22494
3.764332e-06	0.0168846	9.24145
3.770458e-06	0.0169369	9.25798
3.776594e-06	0.0169893	9.27454
3.782739e-06	0.0170419	9.29112
3.788895e-06	0.0170947	9.30773
3.795061e-06	0.0171477	9.32435
3.801236e-06	0.0172008	9.34101
3.807422e-06	0.0172541	9.35769
3.813618e-06	0.0173076	9.37439
3.819824e-06	0.0173612	9.39111
3.826040e-06	0.0174151	9.40786
3.832266e-06	0.0174691	9.42464
3.838502e-06	0.0175233	9.44144
3.844749e-06	0.0175776	9.45826
3.851005e-06	0.0176322	9.47511
3.857272e-06	0.0176869	9.49199
3.863549e-06	0.0177418	9.50888
3.869836e-06	0.0177969	9.52581
3.876133e-06	0.0178521	9.54275
3.882441e-06	0.0179076	9.55972
3.888759e-06	0.0179632	9.57672
3.895087e-06	0.018019	9.59374
3.901426e-06	0.018075	9.61079
3.907774e-06	0.0181312	9.62786
3.914133e-06	0.0181875	9.64496
3.920503e-06	0.0182441	9.66208
3.926883e-06	0.0183008	9.67923
3.933273e-06	0.0183577	9.6964
3.939674e-06	0.0184148	9.7136
3.946085e-06	0.0184721	9.73082
3.952506e-06	0.0185296	9.74807
3.958938e-06	0.0185873	9.76534
3.965380e-06	0.0186451	9.78264
3.971833e-06	0.0187032	9.79996
3.978297e-06	0.0187614	9.81731
3.984771e-06	0.0188198	9.83469
3.991255e-06	0.0188785	9.85209
3.997750e-06	0.0189373	9.86951
4.004256e-06	0.0189963	9.88697
4.010772e-06	0.0190555	9.90444
4.017298e-06	0.0191149	9.92195
4.023836e-06	0.0191745	9.93948
4.030384e-06	0.0192343	9.95703
4.036942e-06	0.0192942	9.97461
4.043512e-06	0.0193544	9.99222
4.050092e-06	0.0194148	10.0099
4.056682e-06	0.0194754	10.0275
4.063284e-06	0.0195361	10.0452
4.069896e-06	0.0195971	10.0629
4.076519e-06	0.0196583	10.0806
4.083153e-06	0.0197197	10.0984
4.089797e-06	0.0197812	10.1162
4.096453e-06	0.019843	10.134
4.103119e-06	0.019905	10.1519
4.109796e-06	0.0199672	10.1697
4.116484e-06	0.0200296	10.1876
4.123182e-06	0.0200922	10.2056
4.129892e-06	0.020155	10.2235
4.136613e-06	0.020218	10.2415
4.143344e-06	0.0202812	10.2595
4.150087e-06	0.0203446	10.2775
4.156840e-06	0.0204082	10.2956
4.163605e-06	0.0204721	10.3137
4.170380e-06	0.0205361	10.3318
4.177166e-06	0.0206004	10.3499
4.183964e-06	0.0206648	10.3681
4.190772e-06	0.0207295	10.3863
4.197592e-06	0.0207944	10.4045
4.204423e-06	0.0208595	10.4227
4.211265e-06	0.0209248	10.441
4.218118e-06	0.0209903	10.4593
4.224982e-06	0.0210561	10.4776
4.231857e-06	0.021122	10.496
4.238744e-06	0.0211882	10.5144
4.245641e-06	0.0212546	10.5328
4.252550e-06	0.0213212	10.5512
4.259471e-06	0.021388	10.5697
4.266402e-06	0.0214551	10.5882
4.273345e-06	0.0215223	10.6067
4.280299e-06	0.0215898	10.6252
4.287264e-06	0.0216575	10.6438
4.294241e-06	0.0217254	10.6624
4.301229e-06	0.0217936	10.681
4.308228e-06	0.021862	10.6997
4.315239e-06	0.0219306	10.7184
4.322261e-06	0.0219994	10.7371
4.329295e-06	0.0220684	10.7558
4.336340e-06	0.0221377	10.7746
4.343396e-06	0.0222072	10.7934
4.350464e-06	0.0222769	10.8122
4.357544e-06	0.0223469	10.8311
4.364635e-06	0.0224171	10.85
4.371738e-06	0.0224875	10.8689
4.378852e-06	0.0225582	10.8878
4.385977e-06	0.022629	10.9068
4.393115e-06	0.0227001	10.9258
4.400264e-06	0.0227715	10.9448
4.407424e-06	0.0228431	10.9639
4.414596e-06	0.0229149	10.983
4.421780e-06	0.0229869	11.0021
4.428976e-06	0.0230592	11.0212
4.436183e-06	0.0231317	11.0404
4.443402e-06	0.0232045	11.0596
4.450633e-06	0.0232775	11.0788
4.457875e-06	0.0233507	11.0981
4.465130e-06	0.0234242	11.1174
4.472396e-06	0.0234979	11.1367
4.479674e-06	0.0235718	11.156
4.486964e-06	0.023646	11.1754
4.494265e-06	0.0237205	11.1948
4.501579e-06	0.0237952	11.2142
4.508904e-06	0.0238701	11.2337
4.516241e-06	0.0239453	11.2532
4.523591e-06	0.0240207	11.2727
4.530952e-06	0.0240963	11.2923
4.538325e-06	0.0241722	11.3119
4.545710e-06	0.0242484	11.3315
4.553108e-06	0.0243248	11.3511
4.560517e-06	0.0244015	11.3708
4.567938e-06	0.0244784	11.3905
4.575372e-06	0.0245556	11.4102
4.582817e-06	0.024633	11.43
4.590275e-06	0.0247106	11.4497
4.597745e-06	0.0247886	11.4696
4.605227e-06	0.0248667	11.4894
4.612721e-06	0.0249452	11.5093
4.620227e-06	0.0250239	11.5292
4.627745e-06	0.0251028	11.5491
4.635276e-06	0.025182	11.5691
4.642819e-06	0.0252615	11.5891
4.650374e-06	0.0253412	11.6091
4.657942e-06	0.0254212	11.6292
4.665522e-06	0.0255014	11.6493
4.673114e-06	0.0255819	11.6694
4.680719e-06	0.0256627	11.6896
4.688336e-06	0.0257437	11.7098
4.695965e-06	0.025825	11.73
4.703607e-06	0.0259066	11.7502
4.711261e-06	0.0259884	11.7705
4.718928e-06	0.0260705	11.7908
4.726607e-06	0.0261529	11.8111
4.734298e-06	0.0262355	11.8315
4.742002e-06	0.0263185	11.8519
4.749719e-06	0.0264016	11.8723
4.757448e-06	0.0264851	11.8928
4.765190e-06	0.0265688	11.9133
4.772944e-06	0.0266528	11.9338
4.780712e-06	0.0267371	11.9544
4.788491e-06	0.0268216	11.975
4.796283e-06	0.0269065	11.9956
4.804088e-06	0.0269916	12.0162
4.811906e-06	0.0270769	12.0369
4.819737e-06	0.0271626	12.0576
4.827580e-06	0.0272485	12.0784
4.835436e-06	0.0273348	12.0991
4.843304e-06	0.0274213	12.1199
4.851186e-06	0.027508	12.1408
4.859080e-06	0.0275951	12.1617
4.866987e-06	0.0276825	12.1826
4.874908e-06	0.0277701	12.2035
4.882840e-06	0.027858	12.2245
4.890786e-06	0.0279462	12.2455
4.898745e-06	0.0280347	12.2665
4.906717e-06	0.0281235	12.2876
4.914702e-06	0.0282126	12.3087
4.922699e-06	0.028302	12.3298
4.930710e-06	0.0283916	12.3509
4.938734e-06	0.0284816	12.3721
4.946771e-06	0.0285718	12.3934
4.954820e-06	0.0286624	12.4146
4.962883e-06	0.0287532	12.4359
4.970960e-06	0.0288444	12.4572
4.979049e-06	0.0289358	12.4786
4.987151e-06	0.0290275	12.5
4.995267e-06	0.0291196	12.5214
5.003396e-06	0.0292119	12.5429
5.011538e-06	0.0293045	12.5644
5.019693e-06	0.0293975	12.5859
5.027861e-06	0.0294907	12.6074
5.036043e-06	0.0295842	12.629
5.044238e-06	0.0296781	12.6506
5.052447e-06	0.0297723	12.6723
5.060669e-06	0.0298667	12.694
5.068904e-06	0.0299615	12.7157
5.077153e-06	0.0300566	12.7375
5.085415e-06	0.030152	12.7593
5.093690e-06	0.0302477	12.7811
5.101979e-06	0.0303437	12.8029
5.110282e-06	0.03044	12.8248
5.118598e-06	0.0305367	12.8467
5.126927e-06	0.0306336	12.8687
5.135270e-06	0.0307309	12.8907
5.143627e-06	0.0308285	12.9127
5.151997e-06	0.0309264	12.9348
5.160381e-06	0.0310247	12.9569
5.168778e-06	0.0311232	12.979
5.177190e-06	0.0312221	13.0011
5.185614e-06	0.0313213	13.0233
5.194053e-06	0.0314208	13.0456
5.202505e-06	0.0315207	13.0678
5.210971e-06	0.0316208	13.0901
5.219451e-06	0.0317213	13.1125
5.227945e-06	0.0318222	13.1348
5.236452e-06	0.0319233	13.1572
5.244974e-06	0.0320248	13.1797
5.253509e-06	0.0321266	13.2021
5.262058e-06	0.0322288	13.2246
5.270621e-06	0.0323313	13.2472
5.279198e-06	0.0324341	13.2698
5.287788e-06	0.0325373	13.2924
5.296393e-06	0.0326407	13.315
5.305012e-06	0.0327446	13.3377
5.313645e-06	0.0328487	13.3604
5.322292e-06	0.0329533	13.3832
5.330953e-06	0.0330581	13.4059
5.339628e-06	0.0331633	13.4288
5.348317e-06	0.0332688	13.4516
5.357020e-06	0.0333747	13.4745
5.365738e-06	0.033481	13.4974
5.374470e-06	0.0335875	13.5204
5.383215e-06	0.0336944	13.5434
5.391976e-06	0.0338017	13.5664
5.400750e-06	0.0339093	13.5895
5.409539e-06	0.0340173	13.6126
5.418341e-06	0.0341256	13.6357
5.427159e-06	0.0342343	13.6589
5.435990e-06	0.0343434	13.6821
5.444836e-06	0.0344527	13.7054
5.453697e-06	0.0345625	13.7287
5.462572e-06	0.0346726	13.752
5.471461e-06	0.0347831	13.7753
5.480365e-06	0.0348939	13.7987
5.489283e-06	0.0350051	13.8222
5.498215e-06	0.0351166	13.8456
5.507163e-06	0.0352285	13.8691
5.516125e-06	0.0353408	13.8927
5.525101e-06	0.0354534	13.9162
5.534092e-06	0.0355665	13.9399
5.543098e-06	0.0356798	13.9635
5.552118e-06	0.0357936	13.9872
5.561153e-06	0.0359077	14.0109
5.570203e-06	0.0360222	14.0347
5.579267e-06	0.0361371	14.0585
5.588346e-06	0.0362523	14.0823
5.597440e-06	0.0363679	14.1062
5.606549e-06	0.0364839	14.1301
5.615672e-06	0.0366003	14.154
5.624811e-06	0.0367171	14.178
5.633964e-06	0.0368342	14.202
5.643132e-06	0.0369517	14.2261
5.652315e-06	0.0370696	14.2502
5.661513e-06	0.0371879	14.2743
5.670726e-06	0.0373066	14.2985
5.679954e-06	0.0374256	14.3227
5.689197e-06	0.0375451	14.3469
5.698455e-06	0.0376649	14.3712
5.707728e-06	0.0377851	14.3955
5.717017e-06	0.0379058	14.4199
5.726320e-06	0.0380268	14.4443
5.735638e-06	0.0381482	14.4687
5.744972e-06	0.03827	14.4932
5.754321e-06	0.0383922	14.5177
5.763685e-06	0.0385148	14.5423
5.773064e-06	0.0386378	14.5669
5.782458e-06	0.0387612	14.5915
5.791868e-06	0.038885	14.6161
5.801293e-06	0.0390092	14.6409
5.810734e-06	0.0391338	14.6656
5.820190e-06	0.0392588	14.6904
5.829661e-06	0.0393843	14.7152
5.839147e-06	0.0395101	14.74
5.848650e-06	0.0396363	14.7649
5.858167e-06	0.039763	14.7899
5.867700e-06	0.0398901	14.8149
5.877249e-06	0.0400176	14.8399
5.886813e-06	0.0401455	14.8649
5.896392e-06	0.0402738	14.89
5.905987e-06	0.0404025	14.9151
5.915598e-06	0.0405317	14.9403
5.925225e-06	0.0406613	14.9655
5.934867e-06	0.0407913	14.9908
5.944525e-06	0.0409217	15.0161
5.954198e-06	0.0410525	15.0414
5.963888e-06	0.0411838	15.0668
5.973593e-06	0.0413155	15.0922
5.983313e-06	0.0414477	15.1176
5.993050e-06	0.0415802	15.1431
6.002803e-06	0.0417132	15.1686
6.012571e-06	0.0418467	15.1942
6.022355e-06	0.0419805	15.2198
6.032155e-06	0.0421148	15.2455
6.041972e-06	0.0422496	15.2711
6.051804e-06	0.0423848	15.2969
6.061652e-06	0.0425204	15.3226
6.071516e-06	0.0426564	15.3484
6.081396e-06	0.042793	15.3743
6.091292e-06	0.0429299	15.4002
6.101205e-06	0.0430673	15.4261
6.111133e-06	0.0432052	15.4521
6.121078e-06	0.0433435	15.4781
6.131039e-06	0.0434822	15.5042
6.141016e-06	0.0436214	15.5302
6.151009e-06	0.0437611	15.5564
6.161019e-06	0.0439012	15.5826
6.171044e-06	0.0440417	15.6088
6.181087e-06	0.0441828	15.635
6.191145e-06	0.0443243	15.6613
6.201220e-06	0.0444662	15.6877
6.211311e-06	0.0446086	15.7141
6.221419e-06	0.0447515	15.7405
6.231543e-06	0.0448948	15.7669
6.241684e-06	0.0450386	15.7934
6.251841e-06	0.0451829	15.82
6.262014e-06	0.0453277	15.8466
6.272204e-06	0.0454729	15.8732
6.282411e-06	0.0456186	15.8999
6.292635e-06	0.0457648	15.9266
6.302875e-06	0.0459114	15.9534
6.313131e-06	0.0460585	15.9802
6.323405e-06	0.0462061	16.007
6.333695e-06	0.0463542	16.0339
6.344002e-06	0.0465028	16.0608
6.354325e-06	0.0466518	16.0878
6.364666e-06	0.0468014	16.1148
6.375023e-06	0.0469514	16.1418
6.385397e-06	0.0471019	16.1689
6.395788e-06	0.0472529	16.1961
6.406196e-06	0.0474044	16.2233
6.416621e-06	0.0475564	16.2505
6.427062e-06	0.0477089	16.2778
6.437521e-06	0.0478619	16.3051
6.447997e-06	0.0480154	16.3324
6.458490e-06	0.0481693	16.3598
6.469000e-06	0.0483238	16.3873
6.479527e-06	0.0484788	16.4147
6.490071e-06	0.0486343	16.4423
6.500632e-06	0.0487903	16.4698
6.511211e-06	0.0489468	16.4974
6.521806e-06	0.0491038	16.5251
6.532419e-06	0.0492614	16.5528
6.543049e-06	0.0494194	16.5805
6.553697e-06	0.049578	16.6083
6.564362e-06	0.0497371	16.6362
6.575044e-06	0.0498966	16.664
6.585744e-06	0.0500568	16.692
6.596461e-06	0.0502174	16.7199
6.607195e-06	0.0503786	16.7479
6.617947e-06	0.0505403	16.776
6.628716e-06	0.0507025	16.8041
6.639503e-06	0.0508652	16.8322
6.650308e-06	0.0510285	16.8604
6.661130e-06	0.0511923	16.8886
6.671969e-06	0.0513566	16.9169
6.682827e-06	0.0515215	16.9452
6.693702e-06	0.0516869	16.9736
6.704594e-06	0.0518529	17.002
6.715505e-06	0.0520194	17.0304
6.726433e-06	0.0521864	17.0589
6.737379e-06	0.052354	17.0875
6.748343e-06	0.0525221	17.1161
6.759324e-06	0.0526908	17.1447
6.770324e-06	0.05286	17.1734
6.781341e-06	0.0530298	17.2021
6.792376e-06	0.0532001	17.2309
6.803430e-06	0.053371	17.2597
6.814501e-06	0.0535424	17.2885
6.825590e-06	0.0537144	17.3174
6.836697e-06	0.053887	17.3464
6.847823e-06	0.0540601	17.3754
6.858966e-06	0.0542338	17.4044
6.870128e-06	0.0544081	17.4335
6.881308e-06	0.0545829	17.4627
6.892506e-06	0.0547583	17.4918
6.903722e-06	0.0549343	17.5211
6.914956e-06	0.0551108	17.5503
6.926209e-06	0.0552879	17.5797
6.937480e-06	0.0554656	17.609
6.948769e-06	0.0556439	17.6384
6.960077e-06	0.0558227	17.6679
6.971403e-06	0.0560022	17.6974
6.982748e-06	0.0561822	17.727
6.994111e-06	0.0563628	17.7566
7.005492e-06	0.056544	17.7862
7.016892e-06	0.0567258	17.8159
7.028311e-06	0.0569081	17.8456
7.039748e-06	0.0570911	17.8754
7.051204e-06	0.0572747	17.9053
7.062678e-06	0.0574588	17.9351
7.074171e-06	0.0576436	17.9651
7.085683e-06	0.057829	17.995
7.097214e-06	0.0580149	18.0251
7.108763e-06	0.0582015	18.0551
7.120331e-06	0.0583887	18.0853
7.131918e-06	0.0585765	18.1154
7.143524e-06	0.0587649	18.1456
7.155149e-06	0.0589539	18.1759
7.166792e-06	0.0591436	18.2062
7.178455e-06	0.0593338	18.2366
7.190136e-06	0.0595247	18.267
7.201837e-06	0.0597162	18.2974
7.213556e-06	0.0599083	18.3279
7.225295e-06	0.0601011	18.3585
7.237053e-06	0.0602945	18.3891
7.248830e-06	0.0604885	18.4197
7.260626e-06	0.0606831	18.4504
7.272441e-06	0.0608784	18.4812
7.284275e-06	0.0610743	18.512
7.296129e-06	0.0612708	18.5428
7.308002e-06	0.061468	18.5737
7.319894e-06	0.0616659	18.6047
7.331806e-06	0.0618643	18.6356
7.343737e-06	0.0620635	18.6667
7.355688e-06	0.0622632	18.6978
7.367657e-06	0.0624637	18.7289
7.379647e-06	0.0626647	18.7601
7.391656e-06	0.0628665	18.7913
7.403684e-06	0.0630689	18.8226
7.415732e-06	0.0632719	18.854
7.427800e-06	0.0634756	18.8853
7.439887e-06	0.06368	18.9168
7.451994e-06	0.063885	18.9483
7.464121e-06	0.0640908	18.9798
7.476267e-06	0.0642971	19.0114
7.488433e-06	0.0645042	19.043
7.500619e-06	0.0647119	19.0747
7.512825e-06	0.0649203	19.1065
7.525051e-06	0.0651294	19.1382
7.537296e-06	0.0653392	19.1701
7.549562e-06	0.0655496	19.202
7.561847e-06	0.0657608	19.2339
7.574152e-06	0.0659726	19.2659
7.586478e-06	0.0661851	19.2979
7.598823e-06	0.0663983	19.33
7.611189e-06	0.0666122	19.3622
7.623575e-06	0.0668268	19.3944
7.635980e-06	0.0670421	19.4266
7.648407e-06	0.0672581	19.4589
7.660853e-06	0.0674748	19.4913
7.673319e-06	0.0676922	19.5237
7.685806e-06	0.0679103	19.5561
7.698313e-06	0.0681291	19.5886
7.710841e-06	0.0683487	19.6212
7.723389e-06	0.0685689	19.6538
7.735957e-06	0.0687899	19.6864
7.748546e-06	0.0690116	19.7192
7.761155e-06	0.069234	19.7519
7.773785e-06	0.0694571	19.7847
7.786435e-06	0.069681	19.8176
7.799106e-06	0.0699056	19.8505
7.811797e-06	0.0701309	19.8835
7.824509e-06	0.070357	19.9165
7.837242e-06	0.0705838	19.9496
7.849996e-06	0.0708113	19.9827
7.862770e-06	0.0710396	20.0159
7.875565e-06	0.0712686	20.0491
7.888381e-06	0.0714984	20.0824
7.901218e-06	0.0717289	20.1158
7.914076e-06	0.0719602	20.1492
7.926954e-06	0.0721922	20.1826
7.939854e-06	0.072425	20.2161
7.952774e-06	0.0726585	20.2497
7.965716e-06	0.0728928	20.2833
7.978678e-06	0.0731279	20.3169
7.991662e-06	0.0733637	20.3507
8.004667e-06	0.0736003	20.3844
8.017693e-06	0.0738377	20.4182
8.030740e-06	0.0740758	20.4521
8.043809e-06	0.0743148	20.4861
8.056898e-06	0.0745544	20.52
8.070009e-06	0.0747949	20.5541
8.083142e-06	0.0750362	20.5882
8.096295e-06	0.0752782	20.6223
8.109470e-06	0.0755211	20.6565
8.122667e-06	0.0757647	20.6908
8.135885e-06	0.0760091	20.7251
8.149125e-06	0.0762543	20.7595
8.162386e-06	0.0765003	20.7939
8.175668e-06	0.0767472	20.8284
8.188973e-06	0.0769948	20.8629
8.202299e-06	0.0772432	20.8975
8.215646e-06	0.0774924	20.9321
8.229016e-06	0.0777425	20.9668
8.242407e-06	0.0779934	21.0016
8.255819e-06	0.078245	21.0364
8.269254e-06	0.0784975	21.0712
8.282711e-06	0.0787509	21.1062
8.296189e-06	0.079005	21.1411
8.309690e-06	0.07926	21.1762
8.323212e-06	0.0795158	21.2112
8.336756e-06	0.0797724	21.2464
8.350323e-06	0.0800299	21.2816
8.363911e-06	0.0802882	21.3168
8.377522e-06	0.0805474	21.3522
8.391155e-06	0.0808074	21.3875
8.404810e-06	0.0810682	21.4229
8.418487e-06	0.0813299	21.4584
8.432186e-06	0.0815925	21.494
8.445908e-06	0.0818559	21.5296
8.459652e-06	0.0821202	21.5652
8.473418e-06	0.0823853	21.6009
8.487207e-06	0.0826513	21.6367
8.501018e-06	0.0829181	21.6725
8.514852e-06	0.0831859	21.7084
8.528708e-06	0.0834545	21.7443
8.542587e-06	0.0837239	21.7803
8.556488e-06	0.0839943	21.8164
8.570412e-06	0.0842655	21.8525
8.584359e-06	0.0845376	21.8886
8.598328e-06	0.0848106	21.9249
8.612321e-06	0.0850845	21.9611
8.626335e-06	0.0853593	21.9975
8.640373e-06	0.085635	22.0339
8.654434e-06	0.0859116	22.0703
8.668517e-06	0.086189	22.1069
8.682623e-06	0.0864674	22.1434
8.696752e-06	0.0867467	22.1801
8.710905e-06	0.0870269	22.2168
8.725080e-06	0.087308	22.2535
8.739278e-06	0.0875901	22.2903
8.753500e-06	0.087873	22.3272
8.767744e-06	0.0881569	22.3641
8.782012e-06	0.0884417	22.4011
8.796303e-06	0.0887274	22.4381
8.810617e-06	0.089014	22.4752
8.824955e-06	0.0893016	22.5124
8.839316e-06	0.0895902	22.5496
8.853700e-06	0.0898796	22.5869
8.868108e-06	0.09017	22.6242
8.882539e-06	0.0904614	22.6616
8.896993e-06	0.0907537	22.6991
8.911471e-06	0.0910469	22.7366
8.925973e-06	0.0913411	22.7742
8.940498e-06	0.0916363	22.8119
8.955047e-06	0.0919324	22.8496
8.969620e-06	0.0922295	22.8873
8.984216e-06	0.0925276	22.9251
8.998836e-06	0.0928266	22.963
9.013480e-06	0.0931266	23.001
9.028147e-06	0.0934276	23.039
9.042839e-06	0.0937296	23.077
9.057554e-06	0.0940325	23.1152
9.072294e-06	0.0943365	23.1534
9.087057e-06	0.0946414	23.1916
9.101844e-06	0.0949473	23.2299
9.116656e-06	0.0952542	23.2683
9.131491e-06	0.0955621	23.3067
9.146351e-06	0.0958711	23.3452
9.161235e-06	0.096181	23.3838
9.176143e-06	0.0964919	23.4224
9.191076e-06	0.0968039	23.4611
9.206032e-06	0.0971168	23.4998
9.221013e-06	0.0974308	23.5386
9.236019e-06	0.0977458	23.5775
9.251048e-06	0.0980619	23.6164
9.266103e-06	0.0983789	23.6554
9.281181e-06	0.098697	23.6945
9.296285e-06	0.0990161	23.7336
9.311412e-06	0.0993363	23.7727
9.326565e-06	0.0996575	23.812
9.341742e-06	0.0999798	23.8513
9.356944e-06	0.100303	23.8907
9.372170e-06	0.100627	23.9301
9.387422e-06	0.100953	23.9696
9.402698e-06	0.101279	24.0091
9.417999e-06	0.101607	24.0488
9.433325e-06	0.101936	24.0884
9.448676e-06	0.102265	24.1282
9.464052e-06	0.102596	24.168
9.479452e-06	0.102928	24.2079
9.494878e-06	0.103261	24.2478
9.510329e-06	0.103595	24.2878
9.525806e-06	0.10393	24.3279
9.541307e-06	0.104266	24.368
9.556834e-06	0.104603	24.4082
9.572385e-06	0.104942	24.4485
9.587963e-06	0.105281	24.4888
9.603565e-06	0.105622	24.5292
9.619193e-06	0.105963	24.5697
9.634846e-06	0.106306	24.6102
9.650525e-06	0.10665	24.6508
9.666229e-06	0.106995	24.6914
9.681959e-06	0.107341	24.7321
9.697715e-06	0.107689	24.7729
9.713496e-06	0.108037	24.8137
9.729303e-06	0.108387	24.8547
9.745135e-06	0.108737	24.8956
9.760993e-06	0.109089	24.9367
9.776878e-06	0.109442	24.9778
9.792787e-06	0.109796	25.019
9.808723e-06	0.110151	25.0602
9.824685e-06	0.110508	25.1015
9.840673e-06	0.110866	25.1429
9.856687e-06	0.111224	25.1843
9.872726e-06	0.111584	25.2258
9.888792e-06	0.111945	25.2674
9.904884e-06	0.112308	25.309
9.921002e-06	0.112671	25.3507
9.937147e-06	0.113036	25.3925
9.953318e-06	0.113402	25.4344
9.969515e-06	0.113769	25.4763
9.985738e-06	0.114137	25.5182
1.000199e-05	0.114506	25.5603
1.001826e-05	0.114877	25.6024
1.003457e-05	0.115249	25.6446
1.005090e-05	0.115622	25.6868
1.006725e-05	0.115996	25.7291
1.008363e-05	0.116372	25.7715
1.010004e-05	0.116748	25.814
1.011648e-05	0.117126	25.8565
1.013294e-05	0.117505	25.8991
1.014943e-05	0.117886	25.9417
1.016595e-05	0.118267	25.9845
1.018249e-05	0.11865	26.0272
1.019906e-05	0.119034	26.0701
1.021566e-05	0.11942	26.113
1.023228e-05	0.119806	26.156
1.024893e-05	0.120194	26.1991
1.026561e-05	0.120584	26.2422
1.028232e-05	0.120974	26.2854
1.029905e-05	0.121366	26.3287
1.031581e-05	0.121759	26.3721
1.033259e-05	0.122153	26.4155
1.034941e-05	0.122548	26.459
1.036625e-05	0.122945	26.5025
1.038312e-05	0.123343	26.5461
1.040002e-05	0.123743	26.5898
1.041694e-05	0.124143	26.6336
1.043389e-05	0.124546	26.6774
1.045087e-05	0.124949	26.7213
1.046788e-05	0.125353	26.7653
1.048491e-05	0.125759	26.8094
1.050197e-05	0.126167	26.8535
1.051906e-05	0.126575	26.8977
1.053618e-05	0.126985	26.9419
1.055333e-05	0.127397	26.9863
1.057050e-05	0.127809	27.0307
1.058770e-05	0.128223	27.0751
1.060493e-05	0.128638	27.1197
1.062219e-05	0.129055	27.1643
1.063947e-05	0.129473	27.209
1.065679e-05	0.129893	27.2538
1.067413e-05	0.130313	27.2986
1.069150e-05	0.130735	27.3435
1.070890e-05	0.131159	27.3885
1.072632e-05	0.131584	27.4335
1.074378e-05	0.13201	27.4786
1.076126e-05	0.132438	27.5238
1.077877e-05	0.132867	27.5691
1.079632e-05	0.133297	27.6144
1.081388e-05	0.133729	27.6599
1.083148e-05	0.134162	27.7053
1.084911e-05	0.134597	27.7509
1.086676e-05	0.135033	27.7965
1.088445e-05	0.13547	27.8422
1.090216e-05	0.135909	27.888
1.091990e-05	0.13635	27.9339
1.093767e-05	0.136792	27.9798
1.095547e-05	0.137235	28.0258
1.097330e-05	0.137679	28.0719
1.099115e-05	0.138126	28.118
1.100904e-05	0.138573	28.1643
1.102695e-05	0.139022	28.2106
1.104490e-05	0.139473	28.2569
1.106287e-05	0.139925	28.3034
1.108087e-05	0.140378	28.3499
1.109891e-05	0.140833	28.3965
1.111697e-05	0.141289	28.4432
1.113506e-05	0.141747	28.4899
1.115318e-05	0.142206	28.5367
1.117133e-05	0.142667	28.5836
1.118951e-05	0.14313	28.6306
1.120772e-05	0.143594	28.6777
1.122595e-05	0.144059	28.7248
1.124422e-05	0.144526	28.772
1.126252e-05	0.144994	28.8193
1.128085e-05	0.145464	28.8666
1.129920e-05	0.145936	28.9141
1.131759e-05	0.146409	28.9616
1.133601e-05	0.146883	29.0091
1.135446e-05	0.147359	29.0568
1.137293e-05	0.147837	29.1045
1.139144e-05	0.148316	29.1523
1.140998e-05	0.148797	29.2002
1.142854e-05	0.149279	29.2482
1.144714e-05	0.149763	29.2962
1.146577e-05	0.150249	29.3444
1.148443e-05	0.150736	29.3926
1.150312e-05	0.151224	29.4408
1.152184e-05	0.151715	29.4892
1.154059e-05	0.152206	29.5376
1.155937e-05	0.1527	29.5861
1.157818e-05	0.153195	29.6347
1.159702e-05	0.153691	29.6834
1.161589e-05	0.15419	29.7321
1.163479e-05	0.15469	29.781
1.165373e-05	0.155191	29.8299
1.167269e-05	0.155694	29.8789
1.169168e-05	0.156199	29.9279
1.171071e-05	0.156706	29.9771
1.172977e-05	0.157214	30.0263
1.174886e-05	0.157723	30.0756
1.176797e-05	0.158235	30.125
1.178712e-05	0.158748	30.1744
1.180631e-05	0.159263	30.2239
1.182552e-05	0.159779	30.2736
1.184476e-05	0.160297	30.3233
1.186404e-05	0.160817	30.373
1.188334e-05	0.161338	30.4229
1.190268e-05	0.161861	30.4728
1.192205e-05	0.162386	30.5229
1.194145e-05	0.162913	30.573
1.196088e-05	0.163441	30.6231
1.198035e-05	0.163971	30.6734
1.199984e-05	0.164503	30.7237
1.201937e-05	0.165037	30.7742
1.203893e-05	0.165572	30.8247
1.205852e-05	0.166109	30.8752
1.207814e-05	0.166647	30.9259
1.209780e-05	0.167188	30.9767
1.211748e-05	0.16773	31.0275
1.213720e-05	0.168274	31.0784
1.215695e-05	0.16882	31.1294
1.217674e-05	0.169367	31.1805
1.219655e-05	0.169917	31.2316
1.221640e-05	0.170468	31.2829
1.223628e-05	0.171021	31.3342
1.225619e-05	0.171575	31.3856
1.227614e-05	0.172132	31.4371
1.229611e-05	0.17269	31.4887
1.231612e-05	0.17325	31.5403
1.233616e-05	0.173812	31.5921
1.235624e-05	0.174376	31.6439
1.237635e-05	0.174942	31.6958
1.239649e-05	0.175509	31.7478
1.241666e-05	0.176079	31.7999
1.243687e-05	0.17665	31.852
1.245710e-05	0.177223	31.9043
1.247738e-05	0.177798	31.9566
1.249768e-05	0.178375	32.009
1.251802e-05	0.178953	32.0615
1.253839e-05	0.179534	32.1141
1.255879e-05	0.180116	32.1668
1.257923e-05	0.180701	32.2195
1.259970e-05	0.181287	32.2723
1.262020e-05	0.181875	32.3253
1.264074e-05	0.182465	32.3783
1.266131e-05	0.183057	32.4314
1.268191e-05	0.183651	32.4845
1.270255e-05	0.184247	32.5378
1.272322e-05	0.184845	32.5912
1.274393e-05	0.185444	32.6446
1.276466e-05	0.186046	32.6981
1.278544e-05	0.18665	32.7517
1.280624e-05	0.187255	32.8054
1.282708e-05	0.187863	32.8592
1.284795e-05	0.188472	32.9131
1.286886e-05	0.189084	32.967
1.288980e-05	0.189697	33.0211
1.291078e-05	0.190313	33.0752
1.293179e-05	0.190931	33.1294
1.295283e-05	0.19155	33.1837
1.297391e-05	0.192172	33.2381
1.299502e-05	0.192795	33.2926
1.301617e-05	0.193421	33.3472
1.303735e-05	0.194049	33.4018
1.305857e-05	0.194678	33.4566
1.307982e-05	0.19531	33.5114
1.310110e-05	0.195944	33.5663
1.312242e-05	0.19658	33.6213
1.314378e-05	0.197218	33.6764
1.316517e-05	0.197858	33.7316
1.318659e-05	0.1985	33.7869
1.320805e-05	0.199144	33.8423
1.322954e-05	0.19979	33.8977
1.325107e-05	0.200439	33.9533
1.327263e-05	0.201089	34.0089
1.329423e-05	0.201742	34.0646
1.331586e-05	0.202397	34.1205
1.333753e-05	0.203054	34.1764
1.335924e-05	0.203713	34.2324
1.338098e-05	0.204374	34.2884
1.340275e-05	0.205037	34.3446
1.342456e-05	0.205703	34.4009
1.344641e-05	0.20637	34.4572
1.346829e-05	0.20704	34.5137
1.349021e-05	0.207712	34.5702
1.351216e-05	0.208386	34.6269
1.353415e-05	0.209063	34.6836
1.355617e-05	0.209741	34.7404
1.357823e-05	0.210422	34.7973
1.360033e-05	0.211105	34.8543
1.362246e-05	0.21179	34.9114
1.364463e-05	0.212478	34.9686
1.366683e-05	0.213168	35.0259
1.368907e-05	0.21386	35.0832
1.371135e-05	0.214554	35.1407
1.373366e-05	0.21525	35.1982
1.375601e-05	0.215949	35.2559
1.377839e-05	0.21665	35.3136
1.380082e-05	0.217354	35.3715
1.382327e-05	0.218059	35.4294
1.384577e-05	0.218767	35.4874
1.386830e-05	0.219477	35.5455
1.389087e-05	0.22019	35.6037
1.391347e-05	0.220905	35.662
1.393611e-05	0.221622	35.7204
1.395879e-05	0.222341	35.7789
1.398151e-05	0.223063	35.8375
1.400426e-05	0.223787	35.8962
1.402705e-05	0.224514	35.955
1.404987e-05	0.225243	36.0138
1.407274e-05	0.225974	36.0728
1.409564e-05	0.226708	36.1319
1.411858e-05	0.227444	36.191
1.414155e-05	0.228182	36.2503
1.416456e-05	0.228923	36.3096
1.418761e-05	0.229667	36.3691
1.421070e-05	0.230412	36.4286
1.423383e-05	0.23116	36.4882
1.425699e-05	0.231911	36.548
1.428019e-05	0.232664	36.6078
1.430343e-05	0.233419	36.6677
1.432670e-05	0.234177	36.7278
1.435002e-05	0.234938	36.7879
1.437337e-05	0.235701	36.8481
1.439676e-05	0.236466	36.9084
1.442019e-05	0.237234	36.9688
1.444365e-05	0.238004	37.0293
1.446716e-05	0.238777	37.0899
1.449070e-05	0.239553	37.1506
1.451428e-05	0.24033	37.2114
1.453790e-05	0.241111	37.2723
1.456156e-05	0.241894	37.3333
1.458525e-05	0.242679	37.3944
1.460899e-05	0.243467	37.4556
1.463276e-05	0.244258	37.5169
1.465657e-05	0.245051	37.5783
1.468042e-05	0.245847	37.6398
1.470431e-05	0.246646	37.7014
1.472824e-05	0.247447	37.7631
1.475221e-05	0.24825	37.8249
1.477622e-05	0.249056	37.8868
1.480026e-05	0.249865	37.9488
1.482435e-05	0.250677	38.0109
1.484847e-05	0.251491	38.0731
1.487263e-05	0.252308	38.1354
1.489683e-05	0.253127	38.1978
1.492108e-05	0.253949	38.2603
1.494536e-05	0.254774	38.3229
1.496968e-05	0.255602	38.3856
1.499404e-05	0.256432	38.4484
1.501844e-05	0.257265	38.5113
1.504288e-05	0.2581	38.5743
1.506736e-05	0.258938	38.6374
1.509188e-05	0.259779	38.7006
1.511643e-05	0.260623	38.7639
1.514103e-05	0.26147	38.8273
1.516567e-05	0.262319	38.8908
1.519035e-05	0.263171	38.9544
1.521507e-05	0.264026	39.0182
1.523983e-05	0.264884	39.082
1.526463e-05	0.265744	39.1459
1.528947e-05	0.266607	39.2099
1.531435e-05	0.267473	39.2741
1.533927e-05	0.268342	39.3383
1.536423e-05	0.269214	39.4027
1.538924e-05	0.270088	39.4671
1.541428e-05	0.270966	39.5317
1.543936e-05	0.271846	39.5963
1.546449e-05	0.272729	39.6611
1.548965e-05	0.273615	39.7259
1.551486e-05	0.274504	39.7909
1.554011e-05	0.275395	39.856
1.556539e-05	0.27629	39.9212
1.559072e-05	0.277188	39.9864
1.561610e-05	0.278088	40.0518
1.564151e-05	0.278991	40.1173
1.566696e-05	0.279898	40.1829
1.569246e-05	0.280807	40.2486
1.571799e-05	0.281719	40.3145
1.574357e-05	0.282634	40.3804
1.576919e-05	0.283553	40.4464
1.579485e-05	0.284474	40.5125
1.582055e-05	0.285398	40.5788
1.584630e-05	0.286325	40.6451
1.587209e-05	0.287256	40.7116
1.589791e-05	0.288189	40.7782
1.592378e-05	0.289125	40.8448
1.594970e-05	0.290064	40.9116
1.597565e-05	0.291007	40.9785
1.600165e-05	0.291952	41.0455
1.602769e-05	0.292901	41.1126
1.605377e-05	0.293852	41.1798
1.607990e-05	0.294807	41.2471
1.610606e-05	0.295765	41.3146
1.613227e-05	0.296726	41.3821
1.615852e-05	0.29769	41.4498
1.618482e-05	0.298657	41.5175
1.621116e-05	0.299628	41.5854
1.623754e-05	0.300601	41.6534
1.626396e-05	0.301578	41.7215
1.629043e-05	0.302558	41.7897
1.631694e-05	0.303541	41.858
1.634349e-05	0.304527	41.9264
1.637008e-05	0.305517	41.9949
1.639672e-05	0.30651	42.0636
1.642341e-05	0.307505	42.1323
1.645013e-05	0.308505	42.2012
1.647690e-05	0.309507	42.2702
1.650371e-05	0.310513	42.3392
1.653057e-05	0.311522	42.4084
1.655747e-05	0.312534	42.4777
1.658441e-05	0.31355	42.5472
1.661140e-05	0.314569	42.6167
1.663843e-05	0.315591	42.6864
1.666551e-05	0.316616	42.7561
1.669263e-05	0.317645	42.826
1.671979e-05	0.318677	42.896
1.674700e-05	0.319713	42.9661
1.677425e-05	0.320752	43.0363
1.680155e-05	0.321794	43.1066
1.682889e-05	0.32284	43.1771
1.685628e-05	0.323889	43.2476
1.688371e-05	0.324942	43.3183
1.691118e-05	0.325998	43.3891
1.693870e-05	0.327057	43.46
1.696627e-05	0.32812	43.531
1.699388e-05	0.329186	43.6021
1.702153e-05	0.330256	43.6734
1.704923e-05	0.331329	43.7447
1.707697e-05	0.332406	43.8162
1.710476e-05	0.333486	43.8878
1.713260e-05	0.33457	43.9595
1.716048e-05	0.335658	44.0313
1.718840e-05	0.336748	44.1033
1.721637e-05	0.337843	44.1753
1.724439e-05	0.338941	44.2475
1.727245e-05	0.340042	44.3198
1.730056e-05	0.341148	44.3922
1.732871e-05	0.342256	44.4647
1.735691e-05	0.343369	44.5374
1.738516e-05	0.344485	44.6101
1.741345e-05	0.345604	44.683
1.744178e-05	0.346728	44.756
1.747017e-05	0.347855	44.8291
1.749860e-05	0.348985	44.9023
1.752707e-05	0.350119	44.9757
1.755559e-05	0.351257	45.0491
1.758416e-05	0.352399	45.1227
1.761278e-05	0.353544	45.1964
1.764144e-05	0.354694	45.2703
1.767015e-05	0.355846	45.3442
1.769890e-05	0.357003	45.4183
1.772770e-05	0.358163	45.4925
1.775655e-05	0.359328	45.5668
1.778545e-05	0.360496	45.6412
1.781439e-05	0.361667	45.7157
1.784338e-05	0.362843	45.7904
1.787241e-05	0.364022	45.8652
1.790150e-05	0.365205	45.9401
1.793063e-05	0.366393	46.0151
1.795981e-05	0.367584	46.0903
1.798903e-05	0.368778	46.1656
1.801831e-05	0.369977	46.241
1.804763e-05	0.37118	46.3165
1.807700e-05	0.372386	46.3921
1.810641e-05	0.373597	46.4679
1.813588e-05	0.374811	46.5438
1.816539e-05	0.37603	46.6198
1.819495e-05	0.377252	46.6959
1.822456e-05	0.378478	46.7722
1.825422e-05	0.379709	46.8486
1.828392e-05	0.380943	46.9251
1.831368e-05	0.382181	47.0017
1.834348e-05	0.383424	47.0784
1.837333e-05	0.38467	47.1553
1.840323e-05	0.38592	47.2323
1.843317e-05	0.387175	47.3094
1.846317e-05	0.388434	47.3867
1.849322e-05	0.389696	47.4641
1.852331e-05	0.390963	47.5416
1.855345e-05	0.392234	47.6192
1.858364e-05	0.393509	47.6969
1.861389e-05	0.394788	47.7748
1.864418e-05	0.396072	47.8528
1.867452e-05	0.39736	47.931
1.870491e-05	0.398651	48.0092
1.873534e-05	0.399947	48.0876
1.876583e-05	0.401248	48.1661
1.879637e-05	0.402552	48.2448
1.882696e-05	0.403861	48.3235
1.885759e-05	0.405174	48.4024
1.888828e-05	0.406491	48.4814
1.891902e-05	0.407812	48.5606
1.894980e-05	0.409138	48.6399
1.898064e-05	0.410468	48.7193
1.901153e-05	0.411803	48.7988
1.904247e-05	0.413142	48.8785
1.907345e-05	0.414485	48.9583
1.910449e-05	0.415832	49.0382
1.913558e-05	0.417184	49.1182
1.916672e-05	0.418541	49.1984
1.919791e-05	0.419901	49.2787
1.922915e-05	0.421267	49.3592
1.926044e-05	0.422636	49.4397
1.929179e-05	0.42401	49.5204
1.932318e-05	0.425389	49.6013
1.935462e-05	0.426772	49.6822
1.938612e-05	0.42816	49.7633
1.941767e-05	0.429552	49.8446
1.944927e-05	0.430948	49.9259
1.948092e-05	0.432349	50.0074
1.951262e-05	0.433755	50.089
1.954437e-05	0.435165	50.1708
1.957617e-05	0.43658	50.2527
1.960803e-05	0.438	50.3347
1.963994e-05	0.439424	50.4168
1.967190e-05	0.440853	50.4991
1.970391e-05	0.442286	50.5816
1.973597e-05	0.443724	50.6641
1.976809e-05	0.445167	50.7468
1.980026e-05	0.446614	50.8296
1.983248e-05	0.448067	50.9126
1.986475e-05	0.449524	50.9957
1.989708e-05	0.450985	51.0789
1.992946e-05	0.452452	51.1622
1.996189e-05	0.453923	51.2457
1.999437e-05	0.455399	51.3294
2.002691e-05	0.45688	51.4131
2.005950e-05	0.458365	51.497
2.009214e-05	0.459856	51.5811
2.012484e-05	0.461351	51.6652
2.015759e-05	0.462851	51.7496
2.019039e-05	0.464356	51.834
2.022325e-05	0.465866	51.9186
2.025616e-05	0.467381	52.0033
2.028912e-05	0.468901	52.0882
2.032214e-05	0.470425	52.1732
2.035521e-05	0.471955	52.2583
2.038833e-05	0.47349	52.3436
2.042151e-05	0.475029	52.429
2.045474e-05	0.476574	52.5145
2.048803e-05	0.478124	52.6002
2.052137e-05	0.479679	52.686
2.055476e-05	0.481238	52.772
2.058821e-05	0.482803	52.8581
2.062171e-05	0.484373	52.9444
2.065527e-05	0.485948	53.0307
2.068888e-05	0.487529	53.1173
2.072255e-05	0.489114	53.2039
2.075627e-05	0.490705	53.2907
2.079005e-05	0.4923	53.3777
2.082388e-05	0.493901	53.4648
2.085777e-05	0.495507	53.552
2.089171e-05	0.497119	53.6394
2.092571e-05	0.498735	53.7269
2.095976e-05	0.500357	53.8145
2.099387e-05	0.501984	53.9023
2.102803e-05	0.503617	53.9903
2.106225e-05	0.505255	54.0783
2.109652e-05	0.506898	54.1666
2.113085e-05	0.508546	54.2549
2.116524e-05	0.5102	54.3434
2.119968e-05	0.511859	54.4321
2.123418e-05	0.513524	54.5209
2.126873e-05	0.515194	54.6098
2.130335e-05	0.516869	54.6989
2.133801e-05	0.51855	54.7881
2.137274e-05	0.520237	54.8775
2.140752e-05	0.521928	54.967
2.144235e-05	0.523626	55.0567
2.147725e-05	0.525329	55.1465
2.151220e-05	0.527037	55.2365
2.154720e-05	0.528751	55.3266
2.158227e-05	0.530471	55.4168
2.161739e-05	0.532196	55.5072
2.165256e-05	0.533927	55.5977
2.168780e-05	0.535663	55.6884
2.172309e-05	0.537405	55.7793
2.175844e-05	0.539153	55.8702
2.179385e-05	0.540907	55.9614
2.182932e-05	0.542666	56.0526
2.186484e-05	0.544431	56.1441
2.190042e-05	0.546201	56.2356
2.193606e-05	0.547978	56.3274
2.197175e-05	0.54976	56.4192
2.200751e-05	0.551548	56.5112
2.204332e-05	0.553342	56.6034
2.207919e-05	0.555142	56.6957
2.211512e-05	0.556947	56.7882
2.215111e-05	0.558758	56.8808
2.218716e-05	0.560576	56.9736
2.222326e-05	0.562399	57.0665
2.225943e-05	0.564228	57.1596
2.229565e-05	0.566063	57.2528
2.233193e-05	0.567904	57.3462
2.236827e-05	0.569751	57.4397
2.240467e-05	0.571604	57.5334
2.244113e-05	0.573464	57.6272
2.247765e-05	0.575329	57.7212
2.251423e-05	0.5772	57.8153
2.255086e-05	0.579077	57.9096
2.258756e-05	0.580961	58.004
2.262432e-05	0.58285	58.0986
2.266113e-05	0.584746	58.1933
2.269801e-05	0.586648	58.2882
2.273495e-05	0.588556	58.3833
2.277194e-05	0.59047	58.4785
2.280900e-05	0.592391	58.5738
2.284612e-05	0.594318	58.6694
2.288330e-05	0.596251	58.765
2.292053e-05	0.59819	58.8608
2.295783e-05	0.600136	58.9568
2.299519e-05	0.602088	59.053
2.303261e-05	0.604046	59.1493
2.307009e-05	0.606011	59.2457
2.310763e-05	0.607982	59.3423
2.314524e-05	0.60996	59.4391
2.318290e-05	0.611944	59.536
2.322063e-05	0.613934	59.6331
2.325841e-05	0.615931	59.7303
2.329626e-05	0.617934	59.8277
2.333417e-05	0.619944	59.9252
2.337214e-05	0.621961	60.0229
2.341018e-05	0.623984	60.1208
2.344827e-05	0.626014	60.2188
2.348643e-05	0.62805	60.317
2.352465e-05	0.630093	60.4153
2.356293e-05	0.632142	60.5138
2.360128e-05	0.634199	60.6125
2.363968e-05	0.636261	60.7113
2.367815e-05	0.638331	60.8103
2.371668e-05	0.640407	60.9094
2.375528e-05	0.64249	61.0087
2.379393e-05	0.64458	61.1082
2.383265e-05	0.646677	61.2078
2.387144e-05	0.648781	61.3076
2.391028e-05	0.650891	61.4076
2.394919e-05	0.653008	61.5077
2.398817e-05	0.655132	61.6079
2.402720e-05	0.657263	61.7084
2.406630e-05	0.659401	61.809
2.410546e-05	0.661546	61.9097
2.414469e-05	0.663698	62.0107
2.418398e-05	0.665857	62.1117
2.422334e-05	0.668023	62.213
2.426275e-05	0.670196	62.3144
2.430224e-05	0.672376	62.416
2.434178e-05	0.674563	62.5177
2.438140e-05	0.676758	62.6196
2.442107e-05	0.678959	62.7217
2.446081e-05	0.681168	62.824
2.450062e-05	0.683384	62.9264
2.454049e-05	0.685607	63.0289
2.458042e-05	0.687837	63.1317
2.462042e-05	0.690074	63.2346
2.466049e-05	0.692319	63.3377
2.470062e-05	0.694571	63.4409
2.474081e-05	0.696831	63.5443
2.478107e-05	0.699098	63.6479
2.482140e-05	0.701372	63.7516
2.486179e-05	0.703653	63.8555
2.490225e-05	0.705942	63.9596
2.494277e-05	0.708239	64.0639
2.498336e-05	0.710543	64.1683
2.502402e-05	0.712854	64.2729
2.506474e-05	0.715173	64.3776
2.510553e-05	0.7175	64.4826
2.514638e-05	0.719834	64.5877
2.518730e-05	0.722175	64.6929
2.522829e-05	0.724525	64.7984
2.526934e-05	0.726882	64.904
2.531046e-05	0.729246	65.0098
2.535165e-05	0.731619	65.1157
2.539291e-05	0.733999	65.2218
2.543423e-05	0.736386	65.3281
2.547562e-05	0.738782	65.4346
2.551707e-05	0.741185	65.5413
2.555860e-05	0.743596	65.6481
2.560019e-05	0.746015	65.7551
2.564185e-05	0.748442	65.8622
2.568358e-05	0.750877	65.9696
2.572537e-05	0.75332	66.0771
2.576723e-05	0.755771	66.1848
2.580916e-05	0.758229	66.2926
2.585116e-05	0.760696	66.4006
2.589323e-05	0.763171	66.5089
2.593537e-05	0.765653	66.6172
2.597757e-05	0.768144	66.7258
2.601985e-05	0.770643	66.8345
2.606219e-05	0.77315	66.9435
2.610460e-05	0.775665	67.0525
2.614708e-05	0.778189	67.1618
2.618963e-05	0.78072	67.2713
2.623225e-05	0.78326	67.3809
2.627493e-05	0.785808	67.4907
2.631769e-05	0.788365	67.6007
2.636052e-05	0.79093	67.7108
2.640341e-05	0.793503	67.8211
2.644638e-05	0.796084	67.9317
2.648942e-05	0.798674	68.0424
2.653252e-05	0.801272	68.1532
2.657570e-05	0.803879	68.2643
2.661895e-05	0.806494	68.3755
2.666226e-05	0.809118	68.4869
2.670565e-05	0.81175	68.5985
2.674911e-05	0.814391	68.7103
2.679264e-05	0.817041	68.8223
2.683624e-05	0.819699	68.9344
2.687991e-05	0.822366	69.0467
2.692365e-05	0.825041	69.1592
2.696746e-05	0.827725	69.2719
2.701135e-05	0.830418	69.3848
2.705530e-05	0.83312	69.4978
2.709933e-05	0.83583	69.6111
2.714343e-05	0.838549	69.7245
2.718760e-05	0.841278	69.8381
2.723184e-05	0.844014	69.9519
2.727616e-05	0.84676	70.0658
2.732054e-05	0.849515	70.18
2.736500e-05	0.852279	70.2943
2.740953e-05	0.855052	70.4089
2.745414e-05	0.857834	70.5236
2.749881e-05	0.860624	70.6385
2.754356e-05	0.863424	70.7536
2.758838e-05	0.866234	70.8688
2.763328e-05	0.869052	70.9843
2.767825e-05	0.871879	71.0999
2.772329e-05	0.874716	71.2158
2.776840e-05	0.877562	71.3318
2.781359e-05	0.880417	71.448
2.785885e-05	0.883281	71.5644
2.790418e-05	0.886155	71.681
2.794959e-05	0.889038	71.7978
2.799507e-05	0.89193	71.9147
2.804063e-05	0.894832	72.0319
2.808626e-05	0.897743	72.1492
2.813197e-05	0.900664	72.2668
2.817775e-05	0.903594	72.3845
2.822360e-05	0.906534	72.5024
2.826953e-05	0.909484	72.6205
2.831553e-05	0.912442	72.7388
2.836161e-05	0.915411	72.8573
2.840776e-05	0.918389	72.976
2.845399e-05	0.921377	73.0949
2.850029e-05	0.924375	73.214
2.854667e-05	0.927382	73.3332
2.859313e-05	0.9304	73.4527
2.863966e-05	0.933427	73.5723
2.868626e-05	0.936464	73.6922
2.873294e-05	0.93951	73.8122
2.877970e-05	0.942567	73.9325
2.882653e-05	0.945634	74.0529
2.887344e-05	0.94871	74.1735
2.892043e-05	0.951797	74.2943
2.896749e-05	0.954894	74.4153
2.901463e-05	0.958001	74.5366
2.906184e-05	0.961117	74.658
2.910914e-05	0.964244	74.7796
2.915651e-05	0.967382	74.9014
2.920395e-05	0.970529	75.0234
2.925148e-05	0.973687	75.1456
2.929908e-05	0.976855	75.268
2.934676e-05	0.980033	75.3906
2.939451e-05	0.983222	75.5134
2.944235e-05	0.986421	75.6364
2.949026e-05	0.98963	75.7596
2.953825e-05	0.99285	75.883
2.958631e-05	0.99608	76.0066
2.963446e-05	0.999321	76.1304
2.968268e-05	1.00257	76.2543
2.973099e-05	1.00583	76.3785
2.977937e-05	1.00911	76.5029
2.982783e-05	1.01239	76.6275
2.987637e-05	1.01568	76.7523
2.992498e-05	1.01899	76.8774
2.997368e-05	1.0223	77.0026
3.002246e-05	1.02563	77.128
3.007131e-05	1.02897	77.2536
3.012025e-05	1.03231	77.3794
3.016926e-05	1.03567	77.5054
3.021836e-05	1.03904	77.6317
3.026753e-05	1.04242	77.7581
3.031679e-05	1.04582	77.8847
3.036612e-05	1.04922	78.0116
3.041554e-05	1.05263	78.1386
3.046503e-05	1.05606	78.2659
3.051461e-05	1.05949	78.3933
3.056426e-05	1.06294	78.521
3.061400e-05	1.0664	78.6489
3.066382e-05	1.06987	78.777
3.071372e-05	1.07335	78.9052
3.076370e-05	1.07684	79.0337
3.081376e-05	1.08034	79.1624
3.086390e-05	1.08386	79.2914
3.091413e-05	1.08739	79.4205
3.096444e-05	1.09092	79.5498
3.101482e-05	1.09447	79.6794
3.106529e-05	1.09803	79.8091
3.111585e-05	1.10161	79.9391
3.116648e-05	1.10519	80.0693
3.121720e-05	1.10879	80.1996
3.126800e-05	1.1124	80.3302
3.131888e-05	1.11601	80.4611
3.136985e-05	1.11965	80.5921
3.142089e-05	1.12329	80.7233
3.147203e-05	1.12694	80.8548
3.152324e-05	1.13061	80.9864
3.157454e-05	1.13429	81.1183
3.162592e-05	1.13798	81.2504
3.167738e-05	1.14168	81.3827
3.172893e-05	1.1454	81.5152
3.178057e-05	1.14912	81.6479
3.183228e-05	1.15286	81.7809
3.188408e-05	1.15661	81.9141
3.193597e-05	1.16038	82.0474
3.198794e-05	1.16415	82.181
3.203999e-05	1.16794	82.3148
3.209213e-05	1.17174	82.4489
3.214435e-05	1.17555	82.5831
3.219666e-05	1.17938	82.7176
3.224906e-05	1.18321	82.8523
3.230154e-05	1.18706	82.9872
3.235410e-05	1.19093	83.1223
3.240675e-05	1.1948	83.2576
3.245948e-05	1.19869	83.3932
3.251231e-05	1.20259	83.529
3.256521e-05	1.2065	83.665
3.261821e-05	1.21043	83.8012
3.267129e-05	1.21437	83.9376
3.272445e-05	1.21832	84.0743
3.277771e-05	1.22228	84.2112
3.283104e-05	1.22626	84.3483
3.288447e-05	1.23025	84.4856
3.293798e-05	1.23425	84.6232
3.299158e-05	1.23827	84.7609
3.304527e-05	1.2423	84.8989
3.309905e-05	1.24634	85.0372
3.315291e-05	1.25039	85.1756
3.320686e-05	1.25446	85.3143
3.326089e-05	1.25854	85.4532
3.331502e-05	1.26264	85.5923
3.336923e-05	1.26675	85.7317
3.342354e-05	1.27087	85.8712
3.347793e-05	1.275	86.011
3.353240e-05	1.27915	86.1511
3.358697e-05	1.28331	86.2913
3.364163e-05	1.28749	86.4318
3.369637e-05	1.29168	86.5725
3.375121e-05	1.29588	86.7134
3.380613e-05	1.3001	86.8546
3.386114e-05	1.30433	86.996
3.391625e-05	1.30857	87.1376
3.397144e-05	1.31283	87.2795
3.402672e-05	1.3171	87.4216
3.408209e-05	1.32138	87.5639
3.413755e-05	1.32568	87.7064
3.419311e-05	1.33	87.8492
3.424875e-05	1.33432	87.9922
3.430448e-05	1.33867	88.1354
3.436030e-05	1.34302	88.2789
3.441622e-05	1.34739	88.4226
3.447222e-05	1.35178	88.5666
3.452832e-05	1.35617	88.7107
3.458451e-05	1.36059	88.8551
3.464079e-05	1.36501	88.9998
3.469716e-05	1.36945	89.1447
3.475362e-05	1.37391	89.2898
3.481018e-05	1.37838	89.4351
3.486682e-05	1.38287	89.5807
3.492356e-05	1.38736	89.7265
3.498039e-05	1.39188	89.8726
3.503732e-05	1.39641	90.0189
3.509433e-05	1.40095	90.1654
3.515144e-05	1.40551	90.3122
3.520864e-05	1.41008	90.4592
3.526594e-05	1.41467	90.6064
3.532333e-05	1.41927	90.7539
3.538081e-05	1.42389	90.9016
3.543839e-05	1.42852	91.0496
3.549605e-05	1.43317	91.1978
3.555382e-05	1.43783	91.3462
3.561167e-05	1.44251	91.4949
3.566962e-05	1.44721	91.6438
3.572767e-05	1.45191	91.793
3.578581e-05	1.45664	91.9424
3.584404e-05	1.46138	92.092
3.590237e-05	1.46613	92.2419
3.596080e-05	1.4709	92.3921
3.601932e-05	1.47569	92.5424
3.607793e-05	1.48049	92.6931
3.613664e-05	1.48531	92.8439
3.619545e-05	1.49014	92.995
3.625435e-05	1.49499	93.1464
3.631334e-05	1.49985	93.298
3.637244e-05	1.50473	93.4498
3.643162e-05	1.50963	93.6019
3.649091e-05	1.51454	93.7543
3.655029e-05	1.51947	93.9069
3.660977e-05	1.52441	94.0597
3.666934e-05	1.52937	94.2128
3.672902e-05	1.53435	94.3661
3.678879e-05	1.53934	94.5197
3.684865e-05	1.54435	94.6735
3.690862e-05	1.54937	94.8276
3.696868e-05	1.55441	94.9819
3.702884e-05	1.55947	95.1365
3.708909e-05	1.56455	95.2913
3.714945e-05	1.56964	95.4464
3.720990e-05	1.57474	95.6017
3.727045e-05	1.57987	95.7573
3.733110e-05	1.58501	95.9132
3.739185e-05	1.59016	96.0692
3.745270e-05	1.59534	96.2256
3.751365e-05	1.60053	96.3822
3.757469e-05	1.60573	96.539
3.763584e-05	1.61096	96.6961
3.769708e-05	1.6162	96.8535
3.775843e-05	1.62146	97.0111
3.781987e-05	1.62673	97.169
3.788142e-05	1.63203	97.3271
3.794306e-05	1.63734	97.4855
3.800481e-05	1.64266	97.6441
3.806665e-05	1.64801	97.803
3.812860e-05	1.65337	97.9622
3.819065e-05	1.65875	98.1216
3.825279e-05	1.66415	98.2813
3.831504e-05	1.66956	98.4412
3.837739e-05	1.67499	98.6014
3.843984e-05	1.68044	98.7618
3.850240e-05	1.68591	98.9225
3.856505e-05	1.6914	99.0835
3.862781e-05	1.6969	99.2447
3.869067e-05	1.70242	99.4062
3.875363e-05	1.70796	99.568
3.881669e-05	1.71352	99.73
3.887986e-05	1.71909	99.8923
3.894313e-05	1.72468	100.055
3.900650e-05	1.73029	100.218
3.906998e-05	1.73592	100.381
3.913355e-05	1.74157	100.544
3.919724e-05	1.74724	100.708
3.926102e-05	1.75292	100.871
3.932491e-05	1.75863	101.036
3.938891e-05	1.76435	101.2
3.945300e-05	1.77009	101.365
3.951721e-05	1.77585	101.53
3.958151e-05	1.78162	101.695
3.964592e-05	1.78742	101.86
3.971044e-05	1.79324	102.026
3.977506e-05	1.79907	102.192
3.983979e-05	1.80492	102.358
3.990462e-05	1.8108	102.525
3.996955e-05	1.81669	102.692
4.003460e-05	1.8226	102.859
4.009974e-05	1.82853	103.026
4.016500e-05	1.83448	103.194
4.023036e-05	1.84044	103.362
4.029583e-05	1.84643	103.53
4.036140e-05	1.85244	103.698
4.042708e-05	1.85847	103.867
4.049287e-05	1.86451	104.036
4.055876e-05	1.87058	104.205
4.062476e-05	1.87666	104.375
4.069087e-05	1.88277	104.545
4.075709e-05	1.8889	104.715
4.082341e-05	1.89504	104.885
4.088984e-05	1.90121	105.056
4.095638e-05	1.90739	105.227
4.102303e-05	1.9136	105.398
4.108979e-05	1.91982	105.569
4.115665e-05	1.92607	105.741
4.122363e-05	1.93234	105.913
4.129071e-05	1.93862	106.085
4.135790e-05	1.94493	106.258
4.142521e-05	1.95126	106.431
4.149262e-05	1.9576	106.604
4.156014e-05	1.96397	106.777
4.162777e-05	1.97036	106.951
4.169551e-05	1.97677	107.125
4.176336e-05	1.9832	107.299
4.183132e-05	1.98966	107.474
4.189940e-05	1.99613	107.649
4.196758e-05	2.00262	107.824
4.203587e-05	2.00914	107.999
4.210428e-05	2.01567	108.175
4.217279e-05	2.02223	108.351
4.224142e-05	2.02881	108.527
4.231016e-05	2.03541	108.704
4.237901e-05	2.04203	108.88
4.244798e-05	2.04868	109.058
4.251705e-05	2.05534	109.235
4.258624e-05	2.06203	109.413
4.265554e-05	2.06874	109.591
4.272495e-05	2.07547	109.769
4.279448e-05	2.08222	109.947
4.286412e-05	2.08899	110.126
4.293387e-05	2.09579	110.305
4.300374e-05	2.10261	110.485
4.307372e-05	2.10945	110.665
4.314381e-05	2.11631	110.845
4.321402e-05	2.12319	111.025
4.328434e-05	2.1301	111.205
4.335478e-05	2.13703	111.386
4.342533e-05	2.14398	111.568
4.349600e-05	2.15096	111.749
4.356678e-05	2.15795	111.931
4.363767e-05	2.16497	112.113
4.370869e-05	2.17202	112.295
4.377981e-05	2.17908	112.478
4.385106e-05	2.18617	112.661
4.392242e-05	2.19328	112.844
4.399389e-05	2.20042	113.028
4.406548e-05	2.20758	113.211
4.413719e-05	2.21476	113.396
4.420901e-05	2.22196	113.58
4.428096e-05	2.22919	113.765
4.435301e-05	2.23644	113.95
4.442519e-05	2.24372	114.135
4.449748e-05	2.25102	114.321
4.456989e-05	2.25834	114.507
4.464242e-05	2.26569	114.693
4.471507e-05	2.27306	114.879
4.478783e-05	2.28045	115.066
4.486072e-05	2.28787	115.253
4.493372e-05	2.29531	115.441
4.500684e-05	2.30278	115.629
4.508008e-05	2.31027	115.817
4.515344e-05	2.31779	116.005
4.522692e-05	2.32533	116.194
4.530051e-05	2.33289	116.383
4.537423e-05	2.34048	116.572
4.544807e-05	2.34809	116.761
4.552203e-05	2.35573	116.951
4.559611e-05	2.3634	117.142
4.567030e-05	2.37108	117.332
4.574462e-05	2.3788	117.523
4.581906e-05	2.38653	117.714
4.589363e-05	2.3943	117.905
4.596831e-05	2.40209	118.097
4.604311e-05	2.4099	118.289
4.611804e-05	2.41774	118.482
4.619309e-05	2.4256	118.674
4.626826e-05	2.43349	118.867
4.634355e-05	2.44141	119.061
4.641896e-05	2.44935	119.254
4.649450e-05	2.45732	119.448
4.657016e-05	2.46531	119.642
4.664595e-05	2.47333	119.837
4.672185e-05	2.48138	120.032
4.679788e-05	2.48945	120.227
4.687404e-05	2.49755	120.422
4.695032e-05	2.50567	120.618
4.702672e-05	2.51382	120.814
4.710324e-05	2.522	121.011
4.717990e-05	2.5302	121.208
4.725667e-05	2.53843	121.405
4.733357e-05	2.54669	121.602
4.741060e-05	2.55497	121.8
4.748775e-05	2.56328	121.998
4.756503e-05	2.57162	122.196
4.764243e-05	2.57999	122.395
4.771996e-05	2.58838	122.594
4.779761e-05	2.5968	122.793
4.787539e-05	2.60524	122.993
4.795330e-05	2.61372	123.193
4.803134e-05	2.62222	123.393
4.810950e-05	2.63075	123.594
4.818779e-05	2.63931	123.795
4.826620e-05	2.64789	123.996
4.834475e-05	2.6565	124.198
4.842342e-05	2.66514	124.4
4.850222e-05	2.67381	124.602
4.858115e-05	2.68251	124.805
4.866020e-05	2.69124	125.007
4.873939e-05	2.69999	125.211
4.881870e-05	2.70877	125.414
4.889814e-05	2.71758	125.618
4.897771e-05	2.72642	125.822
4.905742e-05	2.73529	126.027
4.913725e-05	2.74419	126.232
4.921721e-05	2.75311	126.437
4.929730e-05	2.76207	126.643
4.937752e-05	2.77105	126.849
4.945787e-05	2.78006	127.055
4.953836e-05	2.78911	127.261
4.961897e-05	2.79818	127.468
4.969972e-05	2.80728	127.675
4.978059e-05	2.81641	127.883
4.986160e-05	2.82557	128.091
4.994274e-05	2.83476	128.299
5.002401e-05	2.84398	128.508
5.010542e-05	2.85323	128.717
5.018695e-05	2.86251	128.926
5.026862e-05	2.87182	129.136
5.035042e-05	2.88116	129.345
5.043236e-05	2.89053	129.556
5.051443e-05	2.89993	129.766
5.059663e-05	2.90936	129.977
5.067897e-05	2.91883	130.189
5.076144e-05	2.92832	130.4
5.084404e-05	2.93784	130.612
5.092678e-05	2.9474	130.825
5.100965e-05	2.95698	131.037
5.109266e-05	2.9666	131.25
5.117580e-05	2.97625	131.464
5.125908e-05	2.98593	131.677
5.134250e-05	2.99564	131.891
5.142605e-05	3.00538	132.106
5.150973e-05	3.01516	132.32
5.159355e-05	3.02496	132.536
5.167751e-05	3.0348	132.751
5.176161e-05	3.04467	132.967
5.184584e-05	3.05457	133.183
5.193021e-05	3.06451	133.399
5.201471e-05	3.07447	133.616
5.209936e-05	3.08447	133.833
5.218414e-05	3.0945	134.051
5.226906e-05	3.10457	134.269
5.235411e-05	3.11466	134.487
5.243931e-05	3.12479	134.706
5.252464e-05	3.13496	134.925
5.261012e-05	3.14515	135.144
5.269573e-05	3.15538	135.364
5.278148e-05	3.16564	135.584
5.286737e-05	3.17594	135.804
5.295341e-05	3.18626	136.025
5.303958e-05	3.19663	136.246
5.312589e-05	3.20702	136.467
5.321234e-05	3.21745	136.689
5.329893e-05	3.22791	136.911
5.338567e-05	3.23841	137.134
5.347254e-05	3.24894	137.357
5.355956e-05	3.25951	137.58
5.364671e-05	3.27011	137.803
5.373401e-05	3.28074	138.027
5.382145e-05	3.29141	138.252
5.390904e-05	3.30211	138.476
5.399676e-05	3.31285	138.701
5.408463e-05	3.32363	138.927
5.417265e-05	3.33443	139.153
5.426080e-05	3.34528	139.379
5.434910e-05	3.35616	139.605
5.443754e-05	3.36707	139.832
5.452613e-05	3.37802	140.059
5.461486e-05	3.389	140.287
5.470373e-05	3.40002	140.515
5.479275e-05	3.41108	140.743
5.488192e-05	3.42217	140.972
5.497123e-05	3.4333	141.201
5.506068e-05	3.44446	141.431
5.515028e-05	3.45567	141.661
5.524003e-05	3.4669	141.891
5.532992e-05	3.47818	142.121
5.541996e-05	3.48949	142.352
5.551014e-05	3.50083	142.584
5.560048e-05	3.51222	142.815
5.569095e-05	3.52364	143.047
5.578158e-05	3.53509	143.28
5.587235e-05	3.54659	143.513
5.596327e-05	3.55812	143.746
5.605434e-05	3.56969	143.979
5.614556e-05	3.5813	144.213
5.623693e-05	3.59294	144.448
5.632844e-05	3.60463	144.682
5.642010e-05	3.61635	144.918
5.651192e-05	3.62811	145.153
5.660388e-05	3.6399	145.389
5.669599e-05	3.65174	145.625
5.678825e-05	3.66361	145.862
5.688066e-05	3.67552	146.099
5.697323e-05	3.68747	146.336
5.706594e-05	3.69946	146.574
5.715880e-05	3.71149	146.812
5.725182e-05	3.72356	147.051
5.734498e-05	3.73567	147.289
5.743830e-05	3.74781	147.529
5.753177e-05	3.76	147.768
5.762539e-05	3.77222	148.009
5.771917e-05	3.78449	148.249
5.781309e-05	3.79679	148.49
5.790717e-05	3.80914	148.731
5.800140e-05	3.82152	148.973
5.809579e-05	3.83395	149.215
5.819033e-05	3.84641	149.457
5.828502e-05	3.85892	149.7
5.837987e-05	3.87146	149.943
5.847487e-05	3.88405	150.187
5.857003e-05	3.89668	150.431
5.866534e-05	3.90935	150.675
5.876080e-05	3.92206	150.92
5.885643e-05	3.93481	151.165
5.895220e-05	3.9476	151.411
5.904814e-05	3.96044	151.657
5.914423e-05	3.97331	151.903
5.924047e-05	3.98623	152.15
5.933687e-05	3.99919	152.397
5.943343e-05	4.01219	152.645
5.953015e-05	4.02523	152.893
5.962702e-05	4.03832	153.141
5.972405e-05	4.05145	153.39
5.982124e-05	4.06462	153.639
5.991859e-05	4.07783	153.889
6.001609e-05	4.09109	154.139
6.011376e-05	4.10439	154.389
6.021158e-05	4.11773	154.64
6.030956e-05	4.13112	154.891
6.040771e-05	4.14455	155.143
6.050601e-05	4.15802	155.395
6.060447e-05	4.17154	155.647
6.070309e-05	4.1851	155.9
6.080187e-05	4.19871	156.153
6.090082e-05	4.21236	156.407
6.099992e-05	4.22605	156.661
6.109919e-05	4.23979	156.915
6.119861e-05	4.25357	157.17
6.129820e-05	4.2674	157.425
6.139795e-05	4.28127	157.681
6.149786e-05	4.29519	157.937
6.159794e-05	4.30915	158.194
6.169818e-05	4.32316	158.451
6.179858e-05	4.33721	158.708
6.189915e-05	4.35131	158.966
6.199987e-05	4.36545	159.224
6.210077e-05	4.37964	159.482
6.220182e-05	4.39388	159.742
6.230304e-05	4.40816	160.001
6.240443e-05	4.42249	160.261
6.250598e-05	4.43687	160.521
6.260770e-05	4.45129	160.782
6.270958e-05	4.46576	161.043
6.281163e-05	4.48027	161.304
6.291384e-05	4.49484	161.566
6.301622e-05	4.50945	161.829
6.311877e-05	4.52411	162.092
6.322148e-05	4.53881	162.355
6.332436e-05	4.55356	162.619
6.342741e-05	4.56836	162.883
6.353062e-05	4.58321	163.147
6.363401e-05	4.59811	163.412
6.373756e-05	4.61306	163.677
6.384128e-05	4.62805	163.943
6.394517e-05	4.64309	164.209
6.404923e-05	4.65818	164.476
6.415345e-05	4.67332	164.743
6.425785e-05	4.68851	165.011
6.436242e-05	4.70375	165.279
6.446715e-05	4.71904	165.547
6.457206e-05	4.73438	165.816
6.467714e-05	4.74976	166.085
6.478239e-05	4.7652	166.355
6.488781e-05	4.78069	166.625
6.499340e-05	4.79623	166.895
6.509916e-05	4.81181	167.166
6.520510e-05	4.82745	167.438
6.531121e-05	4.84314	167.71
6.541749e-05	4.85888	167.982
6.552394e-05	4.87467	168.255
6.563057e-05	4.89051	168.528
6.573737e-05	4.90641	168.802
6.584435e-05	4.92235	169.076
6.595150e-05	4.93835	169.35
6.605882e-05	4.9544	169.625
6.616632e-05	4.9705	169.901
6.627399e-05	4.98665	170.176
6.638184e-05	5.00286	170.453
6.648986e-05	5.01912	170.729
6.659806e-05	5.03543	171.007
6.670643e-05	5.05179	171.284
6.681499e-05	5.06821	171.562
6.692371e-05	5.08468	171.841
6.703262e-05	5.1012	172.12
6.714170e-05	5.11778	172.399
6.725096e-05	5.13441	172.679
6.736040e-05	5.1511	172.96
6.747001e-05	5.16783	173.24
6.757981e-05	5.18463	173.522
6.768978e-05	5.20148	173.803
6.779993e-05	5.21838	174.085
6.791026e-05	5.23533	174.368
6.802077e-05	5.25235	174.651
6.813146e-05	5.26941	174.935
6.824233e-05	5.28654	175.219
6.835339e-05	5.30371	175.503
6.846462e-05	5.32095	175.788
6.857603e-05	5.33824	176.073
6.868762e-05	5.35558	176.359
6.879940e-05	5.37299	176.645
6.891136e-05	5.39044	176.932
6.902350e-05	5.40796	177.219
6.913582e-05	5.42553	177.507
6.924832e-05	5.44316	177.795
6.936101e-05	5.46085	178.084
6.947388e-05	5.47859	178.373
6.958694e-05	5.49639	178.662
6.970018e-05	5.51425	178.952
6.981360e-05	5.53216	179.243
6.992721e-05	5.55014	179.534
7.004100e-05	5.56817	179.825
7.015498e-05	5.58626	180.117
7.026914e-05	5.60441	180.409
7.038349e-05	5.62262	180.702
7.049802e-05	5.64089	180.995
7.061275e-05	5.65922	181.289
7.072765e-05	5.6776	181.583
7.084275e-05	5.69605	181.878
7.095803e-05	5.71455	182.173
7.107350e-05	5.73312	182.469
7.118916e-05	5.75175	182.765
7.130501e-05	5.77043	183.061
7.142104e-05	5.78918	183.358
7.153727e-05	5.80799	183.656
7.165368e-05	5.82685	183.954
7.177028e-05	5.84578	184.253
7.188707e-05	5.86477	184.552
7.200405e-05	5.88383	184.851
7.212123e-05	5.90294	185.151
7.223859e-05	5.92212	185.451
7.235614e-05	5.94136	185.752
7.247389e-05	5.96066	186.054
7.259183e-05	5.98002	186.356
7.270995e-05	5.99945	186.658
7.282828e-05	6.01893	186.961
7.294679e-05	6.03849	187.264
7.306550e-05	6.0581	187.568
7.318439e-05	6.07778	187.873
7.330349e-05	6.09752	188.177
7.342277e-05	6.11733	188.483
7.354226e-05	6.1372	188.789
7.366193e-05	6.15714	189.095
7.378180e-05	6.17714	189.402
7.390187e-05	6.1972	189.709
7.402213e-05	6.21733	190.017
7.414258e-05	6.23753	190.325
7.426324e-05	6.25779	190.634
7.438408e-05	6.27811	190.943
7.450513e-05	6.2985	191.253
7.462637e-05	6.31896	191.563
7.474781e-05	6.33949	191.874
7.486945e-05	6.36008	192.185
7.499128e-05	6.38073	192.497
7.511332e-05	6.40146	192.809
7.523555e-05	6.42225	193.122
7.535798e-05	6.44311	193.435
7.548061e-05	6.46403	193.749
7.560344e-05	6.48503	194.064
7.572647e-05	6.50609	194.378
7.584970e-05	6.52722	194.694
7.597313e-05	6.54842	195.009
7.609676e-05	6.56969	195.326
7.622059e-05	6.59102	195.643
7.634463e-05	6.61243	195.96
7.646886e-05	6.6339	196.278
7.659330e-05	6.65545	196.596
7.671794e-05	6.67706	196.915
7.684279e-05	6.69875	197.235
7.696783e-05	6.7205	197.554
7.709308e-05	6.74233	197.875
7.721854e-05	6.76422	198.196
7.734419e-05	6.78619	198.517
7.747006e-05	6.80822	198.839
7.759612e-05	6.83033	199.162
7.772239e-05	6.85251	199.485
7.784887e-05	6.87477	199.808
7.797556e-05	6.89709	200.132
7.810245e-05	6.91949	200.457
7.822954e-05	6.94196	200.782
7.835685e-05	6.9645	201.108
7.848436e-05	6.98711	201.434
7.861207e-05	7.0098	201.761
7.874000e-05	7.03256	202.088
7.886813e-05	7.0554	202.415
7.899647e-05	7.07831	202.744
7.912503e-05	7.10129	203.073
7.925379e-05	7.12435	203.402
7.938276e-05	7.14748	203.732
7.951194e-05	7.17069	204.062
7.964133e-05	7.19397	204.393
7.977093e-05	7.21733	204.724
7.990074e-05	7.24076	205.056
8.003076e-05	7.26427	205.389
8.016099e-05	7.28785	205.722
8.029144e-05	7.31152	206.055
8.042210e-05	7.33525	206.39
8.055297e-05	7.35907	206.724
8.068405e-05	7.38296	207.059
8.081535e-05	7.40693	207.395
8.094686e-05	7.43098	207.731
8.107859e-05	7.4551	208.068
8.121053e-05	7.4793	208.406
8.134268e-05	7.50359	208.743
8.147505e-05	7.52795	209.082
8.160763e-05	7.55238	209.421
8.174043e-05	7.5769	209.76
8.187345e-05	7.6015	210.1
8.200668e-05	7.62618	210.441
8.214013e-05	7.65093	210.782
8.227380e-05	7.67577	211.124
8.240768e-05	7.70069	211.466
8.254179e-05	7.72568	211.809
8.267611e-05	7.75076	212.152
8.281065e-05	7.77592	212.496
8.294540e-05	7.80116	212.841
8.308038e-05	7.82649	213.186
8.321558e-05	7.85189	213.531
8.335099e-05	7.87738	213.878
8.348663e-05	7.90295	214.224
8.362249e-05	7.9286	214.571
8.375857e-05	7.95433	214.919
8.389487e-05	7.98015	215.268
8.403139e-05	8.00605	215.617
8.416814e-05	8.03204	215.966
8.430510e-05	8.05811	216.316
8.444229e-05	8.08426	216.667
8.457971e-05	8.1105	217.018
8.471734e-05	8.13682	217.37
8.485520e-05	8.16323	217.722
8.499329e-05	8.18973	218.075
8.513160e-05	8.21631	218.428
8.527013e-05	8.24297	218.782
8.540889e-05	8.26972	219.137
8.554788e-05	8.29656	219.492
8.568709e-05	8.32349	219.848
8.582653e-05	8.3505	220.204
8.596619e-05	8.3776	220.561
8.610609e-05	8.40479	220.918
8.624621e-05	8.43206	221.276
8.638656e-05	8.45942	221.635
8.652713e-05	8.48688	221.994
8.666794e-05	8.51442	222.354
8.680897e-05	8.54205	222.714
8.695024e-05	8.56977	223.075
8.709173e-05	8.59757	223.436
8.723346e-05	8.62547	223.798
8.737541e-05	8.65346	224.161
8.751760e-05	8.68154	224.524
8.766002e-05	8.70971	224.888
8.780267e-05	8.73797	225.252
8.794555e-05	8.76632	225.617
8.808866e-05	8.79477	225.983
8.823201e-05	8.8233	226.349
8.837559e-05	8.85193	226.716
8.851940e-05	8.88065	227.083
8.866345e-05	8.90947	227.451
8.880773e-05	8.93837	227.819
8.895225e-05	8.96737	228.188
8.909700e-05	8.99647	228.558
8.924199e-05	9.02566	228.928
8.938721e-05	9.05494	229.299
8.953267e-05	9.08432	229.671
8.967837e-05	9.11379	230.043
8.982430e-05	9.14335	230.415
8.997047e-05	9.17302	230.789
9.011688e-05	9.20278	231.163
9.026353e-05	9.23263	231.537
9.041042e-05	9.26258	231.912
9.055754e-05	9.29263	232.288
9.070491e-05	9.32277	232.664
9.085251e-05	9.35302	233.041
9.100035e-05	9.38336	233.418
9.114844e-05	9.4138	233.796
9.129677e-05	9.44433	234.175
9.144533e-05	9.47497	234.554
9.159414e-05	9.5057	234.934
9.174319e-05	9.53653	235.315
9.189249e-05	9.56747	235.696
9.204202e-05	9.5985	236.077
9.219180e-05	9.62963	236.46
9.234183e-05	9.66087	236.843
9.249210e-05	9.6922	237.226
9.264261e-05	9.72364	237.61
9.279337e-05	9.75518	237.995
9.294437e-05	9.78682	238.381
9.309562e-05	9.81856	238.767
9.324711e-05	9.8504	239.153
9.339885e-05	9.88235	239.54
9.355084e-05	9.9144	239.928
9.370308e-05	9.94655	240.317
9.385556e-05	9.97881	240.706
9.400829e-05	10.0112	241.096
9.416127e-05	10.0436	241.486
9.431450e-05	10.0762	241.877
9.446798e-05	10.1089	242.269
9.462171e-05	10.1417	242.661
9.477568e-05	10.1746	243.054
9.492991e-05	10.2075	243.447
9.508439e-05	10.2406	243.841
9.523912e-05	10.2739	244.236
9.539411e-05	10.3072	244.632
9.554934e-05	10.3406	245.028
9.570483e-05	10.3741	245.424
9.586057e-05	10.4078	245.822
9.601656e-05	10.4415	246.219
9.617281e-05	10.4754	246.618
9.632931e-05	10.5093	247.017
9.648607e-05	10.5434	247.417
9.664308e-05	10.5776	247.818
9.680035e-05	10.6119	248.219
9.695787e-05	10.6463	248.62
9.711565e-05	10.6808	249.023
9.727369e-05	10.7154	249.426
9.743198e-05	10.7502	249.83
9.759053e-05	10.785	250.234
9.774934e-05	10.82	250.639
9.790841e-05	10.8551	251.045
9.806774e-05	10.8903	251.451
9.822732e-05	10.9256	251.858
9.838717e-05	10.961	252.265
9.854727e-05	10.9965	252.674
9.870764e-05	11.0322	253.083
9.886827e-05	11.0679	253.492
9.902916e-05	11.1038	253.902
9.919031e-05	11.1398	254.313
9.935172e-05	11.1759	254.725
9.951339e-05	11.2121	255.137
9.967533e-05	11.2485	255.55
9.983753e-05	11.2849	255.963
1.000000e-04	11.3215	256.377
