Wavelength(m)	n	k
# material: Graphene
# source: lab MATLAB library, optprop_Gr_Falkovsky.m (Falkovsky/Kubo model)
# conditions: Ef = 0.2 eV, mobility = 10000 cm^2/Vs, T = 300 K
# note: sheet conductivity spread over 3.4e-10 m to give a bulk index; valid only at this gating
# type: model
# range: 1.5000e-07 - 1.0000e-04 m
# converted: 2026-08-03 by tools/convert_matlab_optprop.py
1.500000e-07	1.20315	0.668967
1.502441e-07	1.20361	0.669798
1.504886e-07	1.20407	0.67063
1.507335e-07	1.20454	0.671463
1.509788e-07	1.205	0.672296
1.512245e-07	1.20547	0.67313
1.514705e-07	1.20593	0.673965
1.517170e-07	1.2064	0.6748
1.519639e-07	1.20687	0.675636
1.522112e-07	1.20734	0.676473
1.524589e-07	1.20781	0.67731
1.527070e-07	1.20828	0.678148
1.529555e-07	1.20875	0.678987
1.532044e-07	1.20922	0.679827
1.534537e-07	1.20969	0.680667
1.537034e-07	1.21017	0.681508
1.539536e-07	1.21064	0.682349
1.542041e-07	1.21112	0.683192
1.544550e-07	1.21159	0.684035
1.547064e-07	1.21207	0.684879
1.549581e-07	1.21255	0.685723
1.552103e-07	1.21302	0.686568
1.554629e-07	1.2135	0.687414
1.557158e-07	1.21398	0.68826
1.559692e-07	1.21446	0.689108
1.562230e-07	1.21495	0.689955
1.564773e-07	1.21543	0.690804
1.567319e-07	1.21591	0.691653
1.569870e-07	1.21639	0.692503
1.572424e-07	1.21688	0.693354
1.574983e-07	1.21736	0.694205
1.577546e-07	1.21785	0.695057
1.580113e-07	1.21834	0.69591
1.582684e-07	1.21883	0.696764
1.585260e-07	1.21931	0.697618
1.587840e-07	1.2198	0.698473
1.590424e-07	1.22029	0.699328
1.593012e-07	1.22079	0.700185
1.595604e-07	1.22128	0.701042
1.598200e-07	1.22177	0.701899
1.600801e-07	1.22226	0.702758
1.603406e-07	1.22276	0.703617
1.606015e-07	1.22325	0.704477
1.608629e-07	1.22375	0.705337
1.611247e-07	1.22425	0.706198
1.613869e-07	1.22474	0.70706
1.616495e-07	1.22524	0.707923
1.619125e-07	1.22574	0.708786
1.621760e-07	1.22624	0.70965
1.624399e-07	1.22674	0.710515
1.627043e-07	1.22724	0.71138
1.629690e-07	1.22774	0.712246
1.632342e-07	1.22825	0.713113
1.634999e-07	1.22875	0.71398
1.637659e-07	1.22926	0.714849
1.640324e-07	1.22976	0.715717
1.642994e-07	1.23027	0.716587
1.645667e-07	1.23078	0.717457
1.648345e-07	1.23128	0.718328
1.651028e-07	1.23179	0.7192
1.653714e-07	1.2323	0.720072
1.656405e-07	1.23281	0.720946
1.659101e-07	1.23333	0.721819
1.661801e-07	1.23384	0.722694
1.664505e-07	1.23435	0.723569
1.667214e-07	1.23486	0.724445
1.669927e-07	1.23538	0.725322
1.672644e-07	1.23589	0.726199
1.675366e-07	1.23641	0.727077
1.678092e-07	1.23693	0.727956
1.680823e-07	1.23745	0.728835
1.683558e-07	1.23796	0.729715
1.686298e-07	1.23848	0.730596
1.689042e-07	1.239	0.731478
1.691791e-07	1.23953	0.73236
1.694544e-07	1.24005	0.733243
1.697301e-07	1.24057	0.734127
1.700063e-07	1.24109	0.735011
1.702830e-07	1.24162	0.735896
1.705601e-07	1.24214	0.736782
1.708376e-07	1.24267	0.737668
1.711156e-07	1.2432	0.738556
1.713941e-07	1.24373	0.739444
1.716730e-07	1.24425	0.740332
1.719524e-07	1.24478	0.741221
1.722322e-07	1.24531	0.742111
1.725125e-07	1.24585	0.743002
1.727932e-07	1.24638	0.743894
1.730744e-07	1.24691	0.744786
1.733560e-07	1.24744	0.745679
1.736381e-07	1.24798	0.746572
1.739207e-07	1.24851	0.747466
1.742037e-07	1.24905	0.748361
1.744872e-07	1.24959	0.749257
1.747711e-07	1.25013	0.750154
1.750555e-07	1.25066	0.751051
1.753404e-07	1.2512	0.751948
1.756257e-07	1.25174	0.752847
1.759115e-07	1.25229	0.753746
1.761978e-07	1.25283	0.754646
1.764845e-07	1.25337	0.755547
1.767717e-07	1.25391	0.756448
1.770594e-07	1.25446	0.75735
1.773475e-07	1.255	0.758253
1.776361e-07	1.25555	0.759156
1.779252e-07	1.2561	0.760061
1.782147e-07	1.25665	0.760966
1.785047e-07	1.25719	0.761871
1.787952e-07	1.25774	0.762777
1.790862e-07	1.25829	0.763685
1.793776e-07	1.25885	0.764592
1.796695e-07	1.2594	0.765501
1.799619e-07	1.25995	0.76641
1.802547e-07	1.26051	0.76732
1.805480e-07	1.26106	0.76823
1.808418e-07	1.26162	0.769142
1.811361e-07	1.26217	0.770054
1.814309e-07	1.26273	0.770966
1.817261e-07	1.26329	0.77188
1.820219e-07	1.26385	0.772794
1.823181e-07	1.26441	0.773709
1.826148e-07	1.26497	0.774625
1.829119e-07	1.26553	0.775541
1.832096e-07	1.26609	0.776458
1.835077e-07	1.26665	0.777376
1.838063e-07	1.26722	0.778294
1.841054e-07	1.26778	0.779213
1.844050e-07	1.26835	0.780133
1.847051e-07	1.26892	0.781054
1.850057e-07	1.26948	0.781975
1.853068e-07	1.27005	0.782897
1.856083e-07	1.27062	0.78382
1.859103e-07	1.27119	0.784743
1.862129e-07	1.27176	0.785667
1.865159e-07	1.27233	0.786592
1.868194e-07	1.27291	0.787518
1.871234e-07	1.27348	0.788444
1.874279e-07	1.27406	0.789371
1.877329e-07	1.27463	0.790299
1.880384e-07	1.27521	0.791227
1.883444e-07	1.27578	0.792156
1.886509e-07	1.27636	0.793086
1.889579e-07	1.27694	0.794017
1.892654e-07	1.27752	0.794948
1.895734e-07	1.2781	0.79588
1.898819e-07	1.27868	0.796813
1.901909e-07	1.27926	0.797746
1.905004e-07	1.27985	0.798681
1.908104e-07	1.28043	0.799616
1.911209e-07	1.28102	0.800551
1.914319e-07	1.2816	0.801488
1.917434e-07	1.28219	0.802425
1.920554e-07	1.28278	0.803362
1.923680e-07	1.28336	0.804301
1.926810e-07	1.28395	0.80524
1.929946e-07	1.28454	0.80618
1.933086e-07	1.28513	0.807121
1.936232e-07	1.28573	0.808062
1.939383e-07	1.28632	0.809004
1.942539e-07	1.28691	0.809947
1.945700e-07	1.28751	0.810891
1.948866e-07	1.2881	0.811835
1.952038e-07	1.2887	0.81278
1.955214e-07	1.28929	0.813726
1.958396e-07	1.28989	0.814672
1.961583e-07	1.29049	0.815619
1.964775e-07	1.29109	0.816567
1.967972e-07	1.29169	0.817516
1.971175e-07	1.29229	0.818465
1.974382e-07	1.29289	0.819415
1.977595e-07	1.2935	0.820366
1.980813e-07	1.2941	0.821318
1.984037e-07	1.29471	0.82227
1.987265e-07	1.29531	0.823223
1.990499e-07	1.29592	0.824176
1.993738e-07	1.29653	0.825131
1.996983e-07	1.29714	0.826086
2.000232e-07	1.29774	0.827042
2.003487e-07	1.29835	0.827998
2.006748e-07	1.29897	0.828956
2.010013e-07	1.29958	0.829914
2.013284e-07	1.30019	0.830873
2.016560e-07	1.3008	0.831832
2.019842e-07	1.30142	0.832792
2.023129e-07	1.30203	0.833753
2.026421e-07	1.30265	0.834715
2.029719e-07	1.30327	0.835677
2.033022e-07	1.30389	0.83664
2.036330e-07	1.30451	0.837604
2.039644e-07	1.30513	0.838569
2.042963e-07	1.30575	0.839534
2.046287e-07	1.30637	0.8405
2.049617e-07	1.30699	0.841467
2.052953e-07	1.30761	0.842434
2.056293e-07	1.30824	0.843403
2.059640e-07	1.30886	0.844372
2.062991e-07	1.30949	0.845341
2.066348e-07	1.31012	0.846312
2.069711e-07	1.31074	0.847283
2.073079e-07	1.31137	0.848255
2.076453e-07	1.312	0.849227
2.079832e-07	1.31263	0.850201
2.083216e-07	1.31327	0.851175
2.086606e-07	1.3139	0.85215
2.090002e-07	1.31453	0.853125
2.093403e-07	1.31517	0.854101
2.096809e-07	1.3158	0.855078
2.100221e-07	1.31644	0.856056
2.103639e-07	1.31707	0.857035
2.107062e-07	1.31771	0.858014
2.110491e-07	1.31835	0.858994
2.113926e-07	1.31899	0.859974
2.117366e-07	1.31963	0.860956
2.120811e-07	1.32027	0.861938
2.124262e-07	1.32091	0.862921
2.127719e-07	1.32156	0.863905
2.131182e-07	1.3222	0.864889
2.134650e-07	1.32285	0.865874
2.138123e-07	1.32349	0.86686
2.141603e-07	1.32414	0.867846
2.145088e-07	1.32479	0.868834
2.148579e-07	1.32544	0.869822
2.152075e-07	1.32609	0.87081
2.155577e-07	1.32674	0.8718
2.159085e-07	1.32739	0.87279
2.162598e-07	1.32804	0.873781
2.166117e-07	1.32869	0.874773
2.169642e-07	1.32935	0.875765
2.173173e-07	1.33	0.876759
2.176709e-07	1.33066	0.877753
2.180252e-07	1.33131	0.878747
2.183800e-07	1.33197	0.879743
2.187353e-07	1.33263	0.880739
2.190913e-07	1.33329	0.881736
2.194478e-07	1.33395	0.882733
2.198049e-07	1.33461	0.883732
2.201626e-07	1.33527	0.884731
2.205209e-07	1.33594	0.885731
2.208797e-07	1.3366	0.886731
2.212392e-07	1.33727	0.887733
2.215992e-07	1.33793	0.888735
2.219598e-07	1.3386	0.889738
2.223210e-07	1.33927	0.890741
2.226828e-07	1.33994	0.891745
2.230451e-07	1.34061	0.892751
2.234081e-07	1.34128	0.893756
2.237717e-07	1.34195	0.894763
2.241358e-07	1.34262	0.89577
2.245005e-07	1.34329	0.896778
2.248659e-07	1.34397	0.897787
2.252318e-07	1.34464	0.898797
2.255983e-07	1.34532	0.899807
2.259654e-07	1.346	0.900818
2.263331e-07	1.34667	0.90183
2.267015e-07	1.34735	0.902842
2.270704e-07	1.34803	0.903855
2.274399e-07	1.34871	0.904869
2.278100e-07	1.3494	0.905884
2.281807e-07	1.35008	0.9069
2.285520e-07	1.35076	0.907916
2.289239e-07	1.35145	0.908933
2.292965e-07	1.35213	0.909951
2.296696e-07	1.35282	0.910969
2.300434e-07	1.3535	0.911989
2.304177e-07	1.35419	0.913009
2.307927e-07	1.35488	0.914029
2.311682e-07	1.35557	0.915051
2.315444e-07	1.35626	0.916073
2.319212e-07	1.35695	0.917096
2.322986e-07	1.35765	0.91812
2.326766e-07	1.35834	0.919144
2.330553e-07	1.35904	0.92017
2.334345e-07	1.35973	0.921196
2.338144e-07	1.36043	0.922222
2.341949e-07	1.36112	0.92325
2.345760e-07	1.36182	0.924278
2.349577e-07	1.36252	0.925307
2.353400e-07	1.36322	0.926337
2.357230e-07	1.36392	0.927368
2.361066e-07	1.36463	0.928399
2.364908e-07	1.36533	0.929431
2.368757e-07	1.36603	0.930464
2.372611e-07	1.36674	0.931497
2.376472e-07	1.36744	0.932532
2.380340e-07	1.36815	0.933567
2.384213e-07	1.36886	0.934603
2.388093e-07	1.36957	0.935639
2.391979e-07	1.37028	0.936677
2.395872e-07	1.37099	0.937715
2.399770e-07	1.3717	0.938754
2.403676e-07	1.37241	0.939793
2.407587e-07	1.37312	0.940834
2.411505e-07	1.37384	0.941875
2.415429e-07	1.37455	0.942917
2.419360e-07	1.37527	0.943959
2.423297e-07	1.37599	0.945003
2.427240e-07	1.3767	0.946047
2.431190e-07	1.37742	0.947092
2.435146e-07	1.37814	0.948138
2.439109e-07	1.37886	0.949184
2.443078e-07	1.37959	0.950231
2.447054e-07	1.38031	0.951279
2.451036e-07	1.38103	0.952328
2.455025e-07	1.38176	0.953378
2.459020e-07	1.38248	0.954428
2.463021e-07	1.38321	0.955479
2.467029e-07	1.38394	0.956531
2.471044e-07	1.38467	0.957584
2.475065e-07	1.3854	0.958637
2.479093e-07	1.38613	0.959691
2.483127e-07	1.38686	0.960746
2.487168e-07	1.38759	0.961802
2.491215e-07	1.38832	0.962858
2.495269e-07	1.38906	0.963915
2.499330e-07	1.38979	0.964973
2.503397e-07	1.39053	0.966032
2.507471e-07	1.39127	0.967091
2.511551e-07	1.392	0.968152
2.515638e-07	1.39274	0.969213
2.519732e-07	1.39348	0.970274
2.523832e-07	1.39422	0.971337
2.527939e-07	1.39497	0.9724
2.532053e-07	1.39571	0.973464
2.536173e-07	1.39645	0.974529
2.540300e-07	1.3972	0.975595
2.544434e-07	1.39794	0.976661
2.548575e-07	1.39869	0.977729
2.552722e-07	1.39944	0.978797
2.556876e-07	1.40019	0.979865
2.561037e-07	1.40093	0.980935
2.565204e-07	1.40169	0.982005
2.569379e-07	1.40244	0.983076
2.573560e-07	1.40319	0.984148
2.577748e-07	1.40394	0.985221
2.581943e-07	1.4047	0.986294
2.586144e-07	1.40545	0.987368
2.590353e-07	1.40621	0.988443
2.594568e-07	1.40697	0.989519
2.598790e-07	1.40772	0.990596
2.603019e-07	1.40848	0.991673
2.607255e-07	1.40924	0.992751
2.611498e-07	1.41001	0.99383
2.615748e-07	1.41077	0.994909
2.620004e-07	1.41153	0.99599
2.624268e-07	1.41229	0.997071
2.628538e-07	1.41306	0.998153
2.632816e-07	1.41383	0.999236
2.637100e-07	1.41459	1.00032
2.641391e-07	1.41536	1.0014
2.645690e-07	1.41613	1.00249
2.649995e-07	1.4169	1.00357
2.654307e-07	1.41767	1.00466
2.658627e-07	1.41844	1.00575
2.662953e-07	1.41921	1.00684
2.667287e-07	1.41999	1.00793
2.671627e-07	1.42076	1.00902
2.675975e-07	1.42154	1.01011
2.680329e-07	1.42232	1.0112
2.684691e-07	1.42309	1.01229
2.689060e-07	1.42387	1.01338
2.693436e-07	1.42465	1.01448
2.697819e-07	1.42543	1.01557
2.702209e-07	1.42621	1.01667
2.706606e-07	1.427	1.01776
2.711011e-07	1.42778	1.01886
2.715422e-07	1.42857	1.01996
2.719841e-07	1.42935	1.02105
2.724267e-07	1.43014	1.02215
2.728700e-07	1.43092	1.02325
2.733141e-07	1.43171	1.02435
2.737588e-07	1.4325	1.02546
2.742043e-07	1.43329	1.02656
2.746505e-07	1.43408	1.02766
2.750975e-07	1.43488	1.02877
2.755451e-07	1.43567	1.02987
2.759935e-07	1.43647	1.03098
2.764427e-07	1.43726	1.03208
2.768925e-07	1.43806	1.03319
2.773431e-07	1.43885	1.0343
2.777944e-07	1.43965	1.03541
2.782465e-07	1.44045	1.03652
2.786993e-07	1.44125	1.03763
2.791528e-07	1.44205	1.03874
2.796071e-07	1.44286	1.03985
2.800621e-07	1.44366	1.04096
2.805178e-07	1.44446	1.04208
2.809743e-07	1.44527	1.04319
2.814315e-07	1.44608	1.0443
2.818895e-07	1.44688	1.04542
2.823482e-07	1.44769	1.04654
2.828077e-07	1.4485	1.04765
2.832679e-07	1.44931	1.04877
2.837289e-07	1.45012	1.04989
2.841906e-07	1.45093	1.05101
2.846530e-07	1.45175	1.05213
2.851163e-07	1.45256	1.05325
2.855802e-07	1.45338	1.05438
2.860450e-07	1.45419	1.0555
2.865104e-07	1.45501	1.05662
2.869767e-07	1.45583	1.05775
2.874437e-07	1.45665	1.05887
2.879114e-07	1.45747	1.06
2.883799e-07	1.45829	1.06113
2.888492e-07	1.45911	1.06226
2.893193e-07	1.45994	1.06338
2.897901e-07	1.46076	1.06451
2.902617e-07	1.46159	1.06564
2.907340e-07	1.46241	1.06677
2.912071e-07	1.46324	1.06791
2.916810e-07	1.46407	1.06904
2.921556e-07	1.4649	1.07017
2.926311e-07	1.46573	1.07131
2.931073e-07	1.46656	1.07244
2.935842e-07	1.46739	1.07358
2.940620e-07	1.46823	1.07472
2.945405e-07	1.46906	1.07585
2.950198e-07	1.46989	1.07699
2.954999e-07	1.47073	1.07813
2.959808e-07	1.47157	1.07927
2.964624e-07	1.47241	1.08041
2.969449e-07	1.47325	1.08155
2.974281e-07	1.47409	1.0827
2.979121e-07	1.47493	1.08384
2.983969e-07	1.47577	1.08498
2.988825e-07	1.47661	1.08613
2.993688e-07	1.47746	1.08727
2.998560e-07	1.4783	1.08842
3.003440e-07	1.47915	1.08957
3.008327e-07	1.48	1.09072
3.013223e-07	1.48085	1.09187
3.018126e-07	1.4817	1.09302
3.023037e-07	1.48255	1.09417
3.027957e-07	1.4834	1.09532
3.032884e-07	1.48425	1.09647
3.037820e-07	1.48511	1.09762
3.042763e-07	1.48596	1.09878
3.047715e-07	1.48682	1.09993
3.052674e-07	1.48767	1.10109
3.057642e-07	1.48853	1.10224
3.062617e-07	1.48939	1.1034
3.067601e-07	1.49025	1.10456
3.072593e-07	1.49111	1.10572
3.077593e-07	1.49197	1.10688
3.082601e-07	1.49284	1.10804
3.087618e-07	1.4937	1.1092
3.092642e-07	1.49456	1.11036
3.097675e-07	1.49543	1.11152
3.102716e-07	1.4963	1.11269
3.107765e-07	1.49717	1.11385
3.112822e-07	1.49804	1.11502
3.117887e-07	1.49891	1.11618
3.122961e-07	1.49978	1.11735
3.128043e-07	1.50065	1.11852
3.133133e-07	1.50152	1.11969
3.138232e-07	1.5024	1.12086
3.143339e-07	1.50327	1.12203
3.148454e-07	1.50415	1.1232
3.153578e-07	1.50503	1.12437
3.158709e-07	1.5059	1.12555
3.163850e-07	1.50678	1.12672
3.168998e-07	1.50766	1.12789
3.174155e-07	1.50855	1.12907
3.179320e-07	1.50943	1.13025
3.184494e-07	1.51031	1.13142
3.189676e-07	1.5112	1.1326
3.194867e-07	1.51208	1.13378
3.200066e-07	1.51297	1.13496
3.205273e-07	1.51386	1.13614
3.210489e-07	1.51475	1.13732
3.215714e-07	1.51564	1.1385
3.220946e-07	1.51653	1.13969
3.226188e-07	1.51742	1.14087
3.231438e-07	1.51831	1.14205
3.236696e-07	1.5192	1.14324
3.241964e-07	1.5201	1.14443
3.247239e-07	1.521	1.14561
3.252523e-07	1.52189	1.1468
3.257816e-07	1.52279	1.14799
3.263118e-07	1.52369	1.14918
3.268428e-07	1.52459	1.15037
3.273746e-07	1.52549	1.15156
3.279074e-07	1.52639	1.15275
3.284410e-07	1.5273	1.15395
3.289755e-07	1.5282	1.15514
3.295108e-07	1.52911	1.15634
3.300470e-07	1.53002	1.15753
3.305841e-07	1.53092	1.15873
3.311221e-07	1.53183	1.15993
3.316609e-07	1.53274	1.16112
3.322006e-07	1.53365	1.16232
3.327412e-07	1.53456	1.16352
3.332827e-07	1.53548	1.16472
3.338250e-07	1.53639	1.16592
3.343683e-07	1.53731	1.16713
3.349124e-07	1.53822	1.16833
3.354574e-07	1.53914	1.16953
3.360033e-07	1.54006	1.17074
3.365501e-07	1.54098	1.17194
3.370977e-07	1.5419	1.17315
3.376463e-07	1.54282	1.17436
3.381957e-07	1.54374	1.17557
3.387461e-07	1.54466	1.17678
3.392973e-07	1.54559	1.17799
3.398495e-07	1.54651	1.1792
3.404025e-07	1.54744	1.18041
3.409564e-07	1.54837	1.18162
3.415113e-07	1.5493	1.18284
3.420670e-07	1.55023	1.18405
3.426237e-07	1.55116	1.18527
3.431812e-07	1.55209	1.18648
3.437397e-07	1.55302	1.1877
3.442990e-07	1.55396	1.18892
3.448593e-07	1.55489	1.19013
3.454205e-07	1.55583	1.19135
3.459826e-07	1.55677	1.19257
3.465456e-07	1.55771	1.1938
3.471096e-07	1.55865	1.19502
3.476744e-07	1.55959	1.19624
3.482402e-07	1.56053	1.19747
3.488069e-07	1.56147	1.19869
3.493745e-07	1.56241	1.19992
3.499430e-07	1.56336	1.20114
3.505125e-07	1.56431	1.20237
3.510829e-07	1.56525	1.2036
3.516542e-07	1.5662	1.20483
3.522264e-07	1.56715	1.20606
3.527996e-07	1.5681	1.20729
3.533737e-07	1.56905	1.20852
3.539488e-07	1.57	1.20975
3.545248e-07	1.57096	1.21098
3.551017e-07	1.57191	1.21222
3.556795e-07	1.57287	1.21345
3.562583e-07	1.57382	1.21469
3.568381e-07	1.57478	1.21593
3.574188e-07	1.57574	1.21717
3.580004e-07	1.5767	1.2184
3.585830e-07	1.57766	1.21964
3.591665e-07	1.57862	1.22088
3.597510e-07	1.57959	1.22212
3.603364e-07	1.58055	1.22337
3.609228e-07	1.58152	1.22461
3.615101e-07	1.58248	1.22585
3.620984e-07	1.58345	1.2271
3.626876e-07	1.58442	1.22834
3.632778e-07	1.58539	1.22959
3.638690e-07	1.58636	1.23084
3.644611e-07	1.58733	1.23209
3.650542e-07	1.58831	1.23334
3.656483e-07	1.58928	1.23459
3.662433e-07	1.59026	1.23584
3.668393e-07	1.59123	1.23709
3.674362e-07	1.59221	1.23834
3.680341e-07	1.59319	1.23959
3.686330e-07	1.59417	1.24085
3.692329e-07	1.59515	1.2421
3.698338e-07	1.59613	1.24336
3.704356e-07	1.59711	1.24462
3.710384e-07	1.5981	1.24588
3.716422e-07	1.59908	1.24714
3.722470e-07	1.60007	1.2484
3.728527e-07	1.60106	1.24966
3.734595e-07	1.60205	1.25092
3.740672e-07	1.60303	1.25218
3.746759e-07	1.60403	1.25344
3.752857e-07	1.60502	1.25471
3.758964e-07	1.60601	1.25597
3.765081e-07	1.607	1.25724
3.771207e-07	1.608	1.25851
3.777344e-07	1.609	1.25977
3.783491e-07	1.60999	1.26104
3.789648e-07	1.61099	1.26231
3.795815e-07	1.61199	1.26358
3.801992e-07	1.61299	1.26485
3.808179e-07	1.61399	1.26613
3.814376e-07	1.615	1.2674
3.820583e-07	1.616	1.26867
3.826800e-07	1.617	1.26995
3.833028e-07	1.61801	1.27122
3.839265e-07	1.61902	1.2725
3.845513e-07	1.62003	1.27378
3.851771e-07	1.62104	1.27506
3.858039e-07	1.62205	1.27634
3.864317e-07	1.62306	1.27762
3.870605e-07	1.62407	1.2789
3.876904e-07	1.62509	1.28018
3.883213e-07	1.6261	1.28146
3.889532e-07	1.62712	1.28275
3.895861e-07	1.62813	1.28403
3.902201e-07	1.62915	1.28532
3.908551e-07	1.63017	1.28661
3.914912e-07	1.63119	1.28789
3.921282e-07	1.63221	1.28918
3.927663e-07	1.63324	1.29047
3.934055e-07	1.63426	1.29176
3.940457e-07	1.63529	1.29305
3.946869e-07	1.63631	1.29434
3.953292e-07	1.63734	1.29564
3.959725e-07	1.63837	1.29693
3.966169e-07	1.6394	1.29823
3.972623e-07	1.64043	1.29952
3.979088e-07	1.64146	1.30082
3.985563e-07	1.64249	1.30212
3.992048e-07	1.64353	1.30342
3.998545e-07	1.64456	1.30472
4.005052e-07	1.6456	1.30602
4.011569e-07	1.64664	1.30732
4.018097e-07	1.64768	1.30862
4.024636e-07	1.64872	1.30992
4.031185e-07	1.64976	1.31123
4.037745e-07	1.6508	1.31253
4.044316e-07	1.65184	1.31384
4.050897e-07	1.65289	1.31514
4.057489e-07	1.65393	1.31645
4.064092e-07	1.65498	1.31776
4.070705e-07	1.65603	1.31907
4.077329e-07	1.65708	1.32038
4.083964e-07	1.65813	1.32169
4.090610e-07	1.65918	1.323
4.097267e-07	1.66023	1.32432
4.103934e-07	1.66128	1.32563
4.110613e-07	1.66234	1.32695
4.117302e-07	1.6634	1.32826
4.124002e-07	1.66445	1.32958
4.130713e-07	1.66551	1.3309
4.137435e-07	1.66657	1.33222
4.144168e-07	1.66763	1.33354
4.150912e-07	1.66869	1.33486
4.157666e-07	1.66975	1.33618
4.164432e-07	1.67082	1.3375
4.171209e-07	1.67188	1.33883
4.177997e-07	1.67295	1.34015
4.184796e-07	1.67402	1.34148
4.191606e-07	1.67509	1.3428
4.198427e-07	1.67615	1.34413
4.205259e-07	1.67723	1.34546
4.212102e-07	1.6783	1.34679
4.218956e-07	1.67937	1.34812
4.225822e-07	1.68044	1.34945
4.232699e-07	1.68152	1.35078
4.239586e-07	1.6826	1.35211
4.246485e-07	1.68367	1.35345
4.253396e-07	1.68475	1.35478
4.260317e-07	1.68583	1.35612
4.267250e-07	1.68691	1.35745
4.274194e-07	1.688	1.35879
4.281150e-07	1.68908	1.36013
4.288116e-07	1.69017	1.36147
4.295094e-07	1.69125	1.36281
4.302084e-07	1.69234	1.36415
4.309085e-07	1.69343	1.36549
4.316097e-07	1.69452	1.36684
4.323120e-07	1.69561	1.36818
4.330155e-07	1.6967	1.36953
4.337202e-07	1.69779	1.37087
4.344260e-07	1.69889	1.37222
4.351329e-07	1.69998	1.37357
4.358410e-07	1.70108	1.37492
4.365503e-07	1.70217	1.37627
4.372607e-07	1.70327	1.37762
4.379722e-07	1.70437	1.37897
4.386849e-07	1.70547	1.38032
4.393988e-07	1.70658	1.38167
4.401138e-07	1.70768	1.38303
4.408300e-07	1.70878	1.38438
4.415474e-07	1.70989	1.38574
4.422659e-07	1.711	1.3871
4.429856e-07	1.71211	1.38846
4.437065e-07	1.71321	1.38982
4.444285e-07	1.71432	1.39118
4.451518e-07	1.71544	1.39254
4.458762e-07	1.71655	1.3939
4.466017e-07	1.71766	1.39526
4.473285e-07	1.71878	1.39663
4.480564e-07	1.7199	1.39799
4.487856e-07	1.72101	1.39936
4.495159e-07	1.72213	1.40073
4.502474e-07	1.72325	1.40209
4.509800e-07	1.72437	1.40346
4.517139e-07	1.7255	1.40483
4.524490e-07	1.72662	1.4062
4.531853e-07	1.72774	1.40758
4.539227e-07	1.72887	1.40895
4.546614e-07	1.73	1.41032
4.554013e-07	1.73112	1.4117
4.561424e-07	1.73225	1.41307
4.568846e-07	1.73339	1.41445
4.576281e-07	1.73452	1.41583
4.583728e-07	1.73565	1.41721
4.591187e-07	1.73678	1.41859
4.598659e-07	1.73792	1.41997
4.606142e-07	1.73906	1.42135
4.613638e-07	1.74019	1.42273
4.621145e-07	1.74133	1.42411
4.628665e-07	1.74247	1.4255
4.636198e-07	1.74362	1.42688
4.643742e-07	1.74476	1.42827
4.651299e-07	1.7459	1.42966
4.658868e-07	1.74705	1.43105
4.666449e-07	1.74819	1.43244
4.674043e-07	1.74934	1.43383
4.681649e-07	1.75049	1.43522
4.689268e-07	1.75164	1.43661
4.696898e-07	1.75279	1.438
4.704542e-07	1.75394	1.4394
4.712197e-07	1.7551	1.44079
4.719866e-07	1.75625	1.44219
4.727546e-07	1.75741	1.44359
4.735239e-07	1.75857	1.44499
4.742945e-07	1.75972	1.44638
4.750663e-07	1.76088	1.44778
4.758394e-07	1.76204	1.44919
4.766137e-07	1.76321	1.45059
4.773893e-07	1.76437	1.45199
4.781662e-07	1.76553	1.4534
4.789443e-07	1.7667	1.4548
4.797237e-07	1.76787	1.45621
4.805044e-07	1.76903	1.45761
4.812863e-07	1.7702	1.45902
4.820695e-07	1.77137	1.46043
4.828539e-07	1.77255	1.46184
4.836397e-07	1.77372	1.46325
4.844267e-07	1.77489	1.46466
4.852150e-07	1.77607	1.46608
4.860046e-07	1.77725	1.46749
4.867955e-07	1.77842	1.46891
4.875877e-07	1.7796	1.47032
4.883811e-07	1.78078	1.47174
4.891759e-07	1.78197	1.47316
4.899719e-07	1.78315	1.47458
4.907692e-07	1.78433	1.476
4.915679e-07	1.78552	1.47742
4.923678e-07	1.78671	1.47884
4.931690e-07	1.78789	1.48026
4.939716e-07	1.78908	1.48169
4.947754e-07	1.79027	1.48311
4.955805e-07	1.79146	1.48454
4.963870e-07	1.79266	1.48596
4.971948e-07	1.79385	1.48739
4.980039e-07	1.79505	1.48882
4.988143e-07	1.79624	1.49025
4.996260e-07	1.79744	1.49168
5.004390e-07	1.79864	1.49311
5.012534e-07	1.79984	1.49455
5.020691e-07	1.80104	1.49598
5.028861e-07	1.80224	1.49742
5.037044e-07	1.80345	1.49885
5.045241e-07	1.80465	1.50029
5.053451e-07	1.80586	1.50173
5.061675e-07	1.80707	1.50317
5.069912e-07	1.80828	1.50461
5.078162e-07	1.80949	1.50605
5.086426e-07	1.8107	1.50749
5.094703e-07	1.81191	1.50893
5.102993e-07	1.81313	1.51038
5.111298e-07	1.81434	1.51182
5.119615e-07	1.81556	1.51327
5.127946e-07	1.81678	1.51472
5.136291e-07	1.81799	1.51616
5.144649e-07	1.81921	1.51761
5.153021e-07	1.82044	1.51906
5.161407e-07	1.82166	1.52052
5.169806e-07	1.82288	1.52197
5.178219e-07	1.82411	1.52342
5.186645e-07	1.82534	1.52488
5.195086e-07	1.82656	1.52633
5.203540e-07	1.82779	1.52779
5.212007e-07	1.82902	1.52924
5.220489e-07	1.83025	1.5307
5.228984e-07	1.83149	1.53216
5.237493e-07	1.83272	1.53362
5.246016e-07	1.83396	1.53508
5.254553e-07	1.83519	1.53655
5.263104e-07	1.83643	1.53801
5.271668e-07	1.83767	1.53948
5.280247e-07	1.83891	1.54094
5.288840e-07	1.84015	1.54241
5.297446e-07	1.8414	1.54388
5.306067e-07	1.84264	1.54534
5.314701e-07	1.84389	1.54681
5.323350e-07	1.84513	1.54828
5.332013e-07	1.84638	1.54976
5.340689e-07	1.84763	1.55123
5.349380e-07	1.84888	1.5527
5.358085e-07	1.85014	1.55418
5.366805e-07	1.85139	1.55565
5.375538e-07	1.85264	1.55713
5.384286e-07	1.8539	1.55861
5.393047e-07	1.85516	1.56009
5.401824e-07	1.85642	1.56157
5.410614e-07	1.85768	1.56305
5.419419e-07	1.85894	1.56453
5.428238e-07	1.8602	1.56601
5.437071e-07	1.86146	1.5675
5.445919e-07	1.86273	1.56898
5.454781e-07	1.86399	1.57047
5.463658e-07	1.86526	1.57196
5.472549e-07	1.86653	1.57345
5.481454e-07	1.8678	1.57494
5.490374e-07	1.86907	1.57643
5.499309e-07	1.87035	1.57792
5.508258e-07	1.87162	1.57941
5.517221e-07	1.8729	1.5809
5.526199e-07	1.87417	1.5824
5.535192e-07	1.87545	1.58389
5.544200e-07	1.87673	1.58539
5.553222e-07	1.87801	1.58689
5.562258e-07	1.87929	1.58839
5.571310e-07	1.88058	1.58989
5.580376e-07	1.88186	1.59139
5.589457e-07	1.88315	1.59289
5.598553e-07	1.88443	1.59439
5.607663e-07	1.88572	1.5959
5.616789e-07	1.88701	1.5974
5.625929e-07	1.8883	1.59891
5.635084e-07	1.8896	1.60042
5.644254e-07	1.89089	1.60193
5.653439e-07	1.89219	1.60344
5.662639e-07	1.89348	1.60495
5.671854e-07	1.89478	1.60646
5.681083e-07	1.89608	1.60797
5.690328e-07	1.89738	1.60948
5.699588e-07	1.89868	1.611
5.708863e-07	1.89998	1.61251
5.718153e-07	1.90129	1.61403
5.727458e-07	1.9026	1.61555
5.736778e-07	1.9039	1.61707
5.746114e-07	1.90521	1.61859
5.755465e-07	1.90652	1.62011
5.764830e-07	1.90783	1.62163
5.774212e-07	1.90914	1.62315
5.783608e-07	1.91046	1.62468
5.793020e-07	1.91177	1.6262
5.802447e-07	1.91309	1.62773
5.811889e-07	1.91441	1.62926
5.821347e-07	1.91573	1.63079
5.830820e-07	1.91705	1.63232
5.840308e-07	1.91837	1.63385
5.849812e-07	1.91969	1.63538
5.859332e-07	1.92102	1.63691
5.868867e-07	1.92234	1.63844
5.878417e-07	1.92367	1.63998
5.887983e-07	1.925	1.64152
5.897564e-07	1.92633	1.64305
5.907162e-07	1.92766	1.64459
5.916774e-07	1.92899	1.64613
5.926403e-07	1.93033	1.64767
5.936047e-07	1.93166	1.64921
5.945706e-07	1.933	1.65075
5.955382e-07	1.93434	1.6523
5.965073e-07	1.93568	1.65384
5.974780e-07	1.93702	1.65539
5.984503e-07	1.93836	1.65694
5.994241e-07	1.9397	1.65848
6.003996e-07	1.94105	1.66003
6.013766e-07	1.94239	1.66158
6.023552e-07	1.94374	1.66313
6.033355e-07	1.94509	1.66469
6.043173e-07	1.94644	1.66624
6.053007e-07	1.94779	1.66779
6.062857e-07	1.94914	1.66935
6.072723e-07	1.9505	1.67091
6.082605e-07	1.95185	1.67246
6.092503e-07	1.95321	1.67402
6.102418e-07	1.95457	1.67558
6.112348e-07	1.95593	1.67714
6.122295e-07	1.95729	1.6787
6.132258e-07	1.95865	1.68027
6.142237e-07	1.96002	1.68183
6.152232e-07	1.96138	1.6834
6.162243e-07	1.96275	1.68496
6.172271e-07	1.96412	1.68653
6.182315e-07	1.96549	1.6881
6.192376e-07	1.96686	1.68967
6.202453e-07	1.96823	1.69124
6.212546e-07	1.96961	1.69281
6.222656e-07	1.97098	1.69438
6.232782e-07	1.97236	1.69596
6.242924e-07	1.97374	1.69753
6.253084e-07	1.97511	1.69911
6.263259e-07	1.9765	1.70069
6.273451e-07	1.97788	1.70226
6.283660e-07	1.97926	1.70384
6.293886e-07	1.98065	1.70542
6.304128e-07	1.98203	1.70701
6.314386e-07	1.98342	1.70859
6.324662e-07	1.98481	1.71017
6.334954e-07	1.9862	1.71176
6.345263e-07	1.98759	1.71334
6.355588e-07	1.98898	1.71493
6.365931e-07	1.99038	1.71652
6.376290e-07	1.99178	1.71811
6.386666e-07	1.99317	1.7197
6.397059e-07	1.99457	1.72129
6.407469e-07	1.99597	1.72288
6.417896e-07	1.99737	1.72448
6.428340e-07	1.99878	1.72607
6.438801e-07	2.00018	1.72767
6.449279e-07	2.00159	1.72927
6.459774e-07	2.003	1.73086
6.470286e-07	2.0044	1.73246
6.480815e-07	2.00582	1.73406
6.491361e-07	2.00723	1.73566
6.501924e-07	2.00864	1.73727
6.512505e-07	2.01005	1.73887
6.523103e-07	2.01147	1.74048
6.533718e-07	2.01289	1.74208
6.544350e-07	2.01431	1.74369
6.555000e-07	2.01573	1.7453
6.565667e-07	2.01715	1.74691
6.576351e-07	2.01857	1.74852
6.587053e-07	2.02	1.75013
6.597772e-07	2.02142	1.75174
6.608509e-07	2.02285	1.75335
6.619263e-07	2.02428	1.75497
6.630034e-07	2.02571	1.75659
6.640823e-07	2.02714	1.7582
6.651630e-07	2.02858	1.75982
6.662454e-07	2.03001	1.76144
6.673296e-07	2.03145	1.76306
6.684155e-07	2.03288	1.76468
6.695032e-07	2.03432	1.76631
6.705927e-07	2.03576	1.76793
6.716840e-07	2.03721	1.76955
6.727770e-07	2.03865	1.77118
6.738718e-07	2.04009	1.77281
6.749684e-07	2.04154	1.77444
6.760668e-07	2.04299	1.77606
6.771670e-07	2.04444	1.7777
6.782689e-07	2.04589	1.77933
6.793727e-07	2.04734	1.78096
6.804782e-07	2.04879	1.78259
6.815856e-07	2.05025	1.78423
6.826947e-07	2.05171	1.78587
6.838056e-07	2.05316	1.7875
6.849184e-07	2.05462	1.78914
6.860330e-07	2.05608	1.79078
6.871494e-07	2.05755	1.79242
6.882676e-07	2.05901	1.79406
6.893876e-07	2.06048	1.79571
6.905094e-07	2.06194	1.79735
6.916331e-07	2.06341	1.799
6.927586e-07	2.06488	1.80064
6.938859e-07	2.06635	1.80229
6.950151e-07	2.06783	1.80394
6.961461e-07	2.0693	1.80559
6.972789e-07	2.07078	1.80724
6.984136e-07	2.07225	1.80889
6.995501e-07	2.07373	1.81054
7.006885e-07	2.07521	1.8122
7.018287e-07	2.07669	1.81385
7.029708e-07	2.07818	1.81551
7.041148e-07	2.07966	1.81717
7.052606e-07	2.08115	1.81883
7.064082e-07	2.08264	1.82049
7.075578e-07	2.08413	1.82215
7.087092e-07	2.08562	1.82381
7.098625e-07	2.08711	1.82547
7.110176e-07	2.0886	1.82714
7.121747e-07	2.0901	1.8288
7.133336e-07	2.0916	1.83047
7.144944e-07	2.09309	1.83214
7.156571e-07	2.09459	1.83381
7.168217e-07	2.09609	1.83548
7.179882e-07	2.0976	1.83715
7.191566e-07	2.0991	1.83882
7.203268e-07	2.10061	1.84049
7.214990e-07	2.10212	1.84217
7.226731e-07	2.10362	1.84384
7.238491e-07	2.10513	1.84552
7.250271e-07	2.10665	1.8472
7.262069e-07	2.10816	1.84888
7.273887e-07	2.10968	1.85056
7.285723e-07	2.11119	1.85224
7.297579e-07	2.11271	1.85392
7.309455e-07	2.11423	1.85561
7.321350e-07	2.11575	1.85729
7.333264e-07	2.11727	1.85898
7.345197e-07	2.1188	1.86067
7.357150e-07	2.12032	1.86235
7.369122e-07	2.12185	1.86404
7.381114e-07	2.12338	1.86573
7.393125e-07	2.12491	1.86743
7.405156e-07	2.12644	1.86912
7.417206e-07	2.12798	1.87081
7.429277e-07	2.12951	1.87251
7.441366e-07	2.13105	1.87421
7.453476e-07	2.13259	1.8759
7.465605e-07	2.13413	1.8776
7.477753e-07	2.13567	1.8793
7.489922e-07	2.13721	1.881
7.502110e-07	2.13876	1.8827
7.514319e-07	2.1403	1.88441
7.526547e-07	2.14185	1.88611
7.538795e-07	2.1434	1.88782
7.551062e-07	2.14495	1.88953
7.563350e-07	2.1465	1.89123
7.575658e-07	2.14806	1.89294
7.587986e-07	2.14961	1.89465
7.600334e-07	2.15117	1.89636
7.612702e-07	2.15273	1.89808
7.625090e-07	2.15429	1.89979
7.637498e-07	2.15585	1.90151
7.649927e-07	2.15741	1.90322
7.662376e-07	2.15898	1.90494
7.674845e-07	2.16054	1.90666
7.687334e-07	2.16211	1.90838
7.699844e-07	2.16368	1.9101
7.712374e-07	2.16525	1.91182
7.724924e-07	2.16683	1.91354
7.737495e-07	2.1684	1.91527
7.750086e-07	2.16998	1.91699
7.762698e-07	2.17156	1.91872
7.775330e-07	2.17314	1.92045
7.787983e-07	2.17472	1.92217
7.800656e-07	2.1763	1.9239
7.813350e-07	2.17788	1.92564
7.826065e-07	2.17947	1.92737
7.838800e-07	2.18106	1.9291
7.851556e-07	2.18265	1.93084
7.864333e-07	2.18424	1.93257
7.877131e-07	2.18583	1.93431
7.889949e-07	2.18742	1.93605
7.902789e-07	2.18902	1.93779
7.915649e-07	2.19062	1.93953
7.928530e-07	2.19221	1.94127
7.941432e-07	2.19381	1.94301
7.954355e-07	2.19542	1.94475
7.967299e-07	2.19702	1.9465
7.980265e-07	2.19863	1.94824
7.993251e-07	2.20023	1.94999
8.006258e-07	2.20184	1.95174
8.019287e-07	2.20345	1.95349
8.032337e-07	2.20506	1.95524
8.045408e-07	2.20668	1.95699
8.058500e-07	2.20829	1.95875
8.071614e-07	2.20991	1.9605
8.084749e-07	2.21153	1.96226
8.097905e-07	2.21315	1.96401
8.111083e-07	2.21477	1.96577
8.124282e-07	2.21639	1.96753
8.137502e-07	2.21802	1.96929
8.150745e-07	2.21965	1.97105
8.164008e-07	2.22127	1.97281
8.177294e-07	2.2229	1.97458
8.190601e-07	2.22454	1.97634
8.203929e-07	2.22617	1.97811
8.217279e-07	2.22781	1.97987
8.230651e-07	2.22944	1.98164
8.244045e-07	2.23108	1.98341
8.257461e-07	2.23272	1.98518
8.270898e-07	2.23436	1.98695
8.284357e-07	2.23601	1.98873
8.297838e-07	2.23765	1.9905
8.311342e-07	2.2393	1.99228
8.324867e-07	2.24095	1.99405
8.338414e-07	2.2426	1.99583
8.351983e-07	2.24425	1.99761
8.365574e-07	2.2459	1.99939
8.379187e-07	2.24756	2.00117
8.392823e-07	2.24922	2.00295
8.406480e-07	2.25088	2.00473
8.420160e-07	2.25254	2.00652
8.433862e-07	2.2542	2.0083
8.447587e-07	2.25586	2.01009
8.461334e-07	2.25753	2.01188
8.475103e-07	2.2592	2.01367
8.488894e-07	2.26087	2.01546
8.502708e-07	2.26254	2.01725
8.516545e-07	2.26421	2.01904
8.530404e-07	2.26588	2.02084
8.544285e-07	2.26756	2.02263
8.558189e-07	2.26924	2.02443
8.572116e-07	2.27092	2.02622
8.586066e-07	2.2726	2.02802
8.600038e-07	2.27428	2.02982
8.614033e-07	2.27597	2.03162
8.628050e-07	2.27765	2.03343
8.642091e-07	2.27934	2.03523
8.656154e-07	2.28103	2.03703
8.670240e-07	2.28272	2.03884
8.684349e-07	2.28442	2.04064
8.698481e-07	2.28611	2.04245
8.712636e-07	2.28781	2.04426
8.726814e-07	2.28951	2.04607
8.741016e-07	2.29121	2.04788
8.755240e-07	2.29291	2.04969
8.769487e-07	2.29462	2.05151
8.783758e-07	2.29632	2.05332
8.798052e-07	2.29803	2.05514
8.812369e-07	2.29974	2.05696
8.826709e-07	2.30145	2.05877
8.841073e-07	2.30316	2.06059
8.855460e-07	2.30488	2.06241
8.869870e-07	2.30659	2.06423
8.884304e-07	2.30831	2.06606
8.898762e-07	2.31003	2.06788
8.913243e-07	2.31176	2.06971
8.927747e-07	2.31348	2.07153
8.942276e-07	2.31521	2.07336
8.956827e-07	2.31693	2.07519
8.971403e-07	2.31866	2.07702
8.986002e-07	2.32039	2.07885
9.000625e-07	2.32213	2.08068
9.015272e-07	2.32386	2.08251
9.029942e-07	2.3256	2.08435
9.044637e-07	2.32734	2.08618
9.059355e-07	2.32908	2.08802
9.074097e-07	2.33082	2.08986
9.088864e-07	2.33256	2.0917
9.103654e-07	2.33431	2.09354
9.118468e-07	2.33606	2.09538
9.133307e-07	2.3378	2.09722
9.148169e-07	2.33956	2.09906
9.163056e-07	2.34131	2.10091
9.177967e-07	2.34306	2.10275
9.192903e-07	2.34482	2.1046
9.207862e-07	2.34658	2.10645
9.222846e-07	2.34834	2.1083
9.237855e-07	2.3501	2.11015
9.252887e-07	2.35187	2.112
9.267945e-07	2.35363	2.11385
9.283026e-07	2.3554	2.11571
9.298133e-07	2.35717	2.11756
9.313264e-07	2.35894	2.11942
9.328419e-07	2.36072	2.12128
9.343599e-07	2.36249	2.12313
9.358804e-07	2.36427	2.12499
9.374034e-07	2.36605	2.12685
9.389288e-07	2.36783	2.12872
9.404567e-07	2.36961	2.13058
9.419871e-07	2.3714	2.13244
9.435200e-07	2.37319	2.13431
9.450554e-07	2.37497	2.13617
9.465933e-07	2.37676	2.13804
9.481337e-07	2.37856	2.13991
9.496766e-07	2.38035	2.14178
9.512220e-07	2.38215	2.14365
9.527699e-07	2.38395	2.14552
9.543204e-07	2.38575	2.1474
9.558733e-07	2.38755	2.14927
9.574288e-07	2.38935	2.15115
9.589869e-07	2.39116	2.15302
9.605474e-07	2.39297	2.1549
9.621105e-07	2.39478	2.15678
9.636762e-07	2.39659	2.15866
9.652444e-07	2.3984	2.16054
9.668151e-07	2.40022	2.16242
9.683884e-07	2.40204	2.16431
9.699643e-07	2.40386	2.16619
9.715427e-07	2.40568	2.16808
9.731237e-07	2.4075	2.16996
9.747072e-07	2.40933	2.17185
9.762934e-07	2.41116	2.17374
9.778821e-07	2.41299	2.17563
9.794734e-07	2.41482	2.17752
9.810673e-07	2.41665	2.17941
9.826638e-07	2.41849	2.18131
9.842629e-07	2.42033	2.1832
9.858646e-07	2.42217	2.1851
9.874689e-07	2.42401	2.18699
9.890758e-07	2.42585	2.18889
9.906853e-07	2.4277	2.19079
9.922975e-07	2.42954	2.19269
9.939122e-07	2.43139	2.19459
9.955296e-07	2.43325	2.19649
9.971497e-07	2.4351	2.1984
9.987723e-07	2.43695	2.2003
1.000398e-06	2.43881	2.20221
1.002026e-06	2.44067	2.20411
1.003656e-06	2.44253	2.20602
1.005289e-06	2.4444	2.20793
1.006925e-06	2.44626	2.20984
1.008564e-06	2.44813	2.21175
1.010205e-06	2.45	2.21366
1.011849e-06	2.45187	2.21558
1.013496e-06	2.45375	2.21749
1.015145e-06	2.45563	2.21941
1.016797e-06	2.4575	2.22132
1.018451e-06	2.45938	2.22324
1.020109e-06	2.46127	2.22516
1.021769e-06	2.46315	2.22708
1.023432e-06	2.46504	2.229
1.025097e-06	2.46693	2.23092
1.026765e-06	2.46882	2.23284
1.028436e-06	2.47071	2.23477
1.030110e-06	2.47261	2.23669
1.031786e-06	2.4745	2.23862
1.033465e-06	2.4764	2.24055
1.035147e-06	2.4783	2.24248
1.036831e-06	2.48021	2.2444
1.038518e-06	2.48211	2.24634
1.040208e-06	2.48402	2.24827
1.041901e-06	2.48593	2.2502
1.043597e-06	2.48784	2.25213
1.045295e-06	2.48976	2.25407
1.046996e-06	2.49167	2.256
1.048700e-06	2.49359	2.25794
1.050406e-06	2.49551	2.25988
1.052116e-06	2.49744	2.26182
1.053828e-06	2.49936	2.26376
1.055543e-06	2.50129	2.2657
1.057260e-06	2.50322	2.26764
1.058981e-06	2.50515	2.26959
1.060704e-06	2.50708	2.27153
1.062430e-06	2.50902	2.27347
1.064159e-06	2.51096	2.27542
1.065891e-06	2.5129	2.27737
1.067625e-06	2.51484	2.27932
1.069363e-06	2.51679	2.28127
1.071103e-06	2.51873	2.28322
1.072846e-06	2.52068	2.28517
1.074592e-06	2.52263	2.28712
1.076340e-06	2.52459	2.28907
1.078092e-06	2.52654	2.29103
1.079846e-06	2.5285	2.29299
1.081603e-06	2.53046	2.29494
1.083363e-06	2.53242	2.2969
1.085126e-06	2.53439	2.29886
1.086892e-06	2.53636	2.30082
1.088661e-06	2.53833	2.30278
1.090433e-06	2.5403	2.30474
1.092207e-06	2.54227	2.3067
1.093984e-06	2.54425	2.30867
1.095765e-06	2.54623	2.31063
1.097548e-06	2.54821	2.3126
1.099334e-06	2.55019	2.31456
1.101123e-06	2.55218	2.31653
1.102915e-06	2.55417	2.3185
1.104709e-06	2.55616	2.32047
1.106507e-06	2.55815	2.32244
1.108308e-06	2.56014	2.32441
1.110111e-06	2.56214	2.32639
1.111918e-06	2.56414	2.32836
1.113727e-06	2.56614	2.33033
1.115540e-06	2.56815	2.33231
1.117355e-06	2.57015	2.33429
1.119173e-06	2.57216	2.33626
1.120994e-06	2.57417	2.33824
1.122819e-06	2.57619	2.34022
1.124646e-06	2.5782	2.3422
1.126476e-06	2.58022	2.34418
1.128309e-06	2.58224	2.34617
1.130145e-06	2.58426	2.34815
1.131984e-06	2.58629	2.35013
1.133826e-06	2.58832	2.35212
1.135671e-06	2.59035	2.3541
1.137519e-06	2.59238	2.35609
1.139370e-06	2.59442	2.35808
1.141225e-06	2.59646	2.36007
1.143082e-06	2.5985	2.36206
1.144942e-06	2.60054	2.36405
1.146805e-06	2.60258	2.36604
1.148671e-06	2.60463	2.36803
1.150540e-06	2.60668	2.37003
1.152413e-06	2.60873	2.37202
1.154288e-06	2.61079	2.37402
1.156166e-06	2.61285	2.37601
1.158048e-06	2.61491	2.37801
1.159932e-06	2.61697	2.38001
1.161820e-06	2.61903	2.38201
1.163710e-06	2.6211	2.38401
1.165604e-06	2.62317	2.38601
1.167501e-06	2.62524	2.38801
1.169401e-06	2.62732	2.39001
1.171304e-06	2.6294	2.39201
1.173210e-06	2.63148	2.39402
1.175119e-06	2.63356	2.39602
1.177031e-06	2.63565	2.39803
1.178947e-06	2.63773	2.40004
1.180865e-06	2.63982	2.40204
1.182787e-06	2.64192	2.40405
1.184712e-06	2.64401	2.40606
1.186639e-06	2.64611	2.40807
1.188571e-06	2.64821	2.41008
1.190505e-06	2.65032	2.41209
1.192442e-06	2.65242	2.41411
1.194382e-06	2.65453	2.41612
1.196326e-06	2.65664	2.41813
1.198273e-06	2.65876	2.42015
1.200223e-06	2.66087	2.42216
1.202176e-06	2.66299	2.42418
1.204132e-06	2.66511	2.4262
1.206092e-06	2.66724	2.42822
1.208054e-06	2.66937	2.43023
1.210020e-06	2.6715	2.43225
1.211989e-06	2.67363	2.43427
1.213962e-06	2.67576	2.4363
1.215937e-06	2.6779	2.43832
1.217916e-06	2.68004	2.44034
1.219898e-06	2.68219	2.44236
1.221883e-06	2.68433	2.44439
1.223871e-06	2.68648	2.44641
1.225863e-06	2.68864	2.44844
1.227858e-06	2.69079	2.45047
1.229856e-06	2.69295	2.45249
1.231857e-06	2.69511	2.45452
1.233862e-06	2.69727	2.45655
1.235870e-06	2.69944	2.45858
1.237881e-06	2.70161	2.46061
1.239895e-06	2.70378	2.46264
1.241913e-06	2.70595	2.46467
1.243934e-06	2.70813	2.4667
1.245958e-06	2.71031	2.46873
1.247986e-06	2.71249	2.47077
1.250016e-06	2.71468	2.4728
1.252051e-06	2.71687	2.47484
1.254088e-06	2.71906	2.47687
1.256129e-06	2.72125	2.47891
1.258173e-06	2.72345	2.48094
1.260220e-06	2.72565	2.48298
1.262271e-06	2.72785	2.48502
1.264325e-06	2.73006	2.48706
1.266383e-06	2.73227	2.4891
1.268443e-06	2.73448	2.49114
1.270508e-06	2.7367	2.49318
1.272575e-06	2.73891	2.49522
1.274646e-06	2.74114	2.49726
1.276720e-06	2.74336	2.4993
1.278798e-06	2.74559	2.50134
1.280879e-06	2.74782	2.50339
1.282963e-06	2.75005	2.50543
1.285051e-06	2.75229	2.50748
1.287142e-06	2.75452	2.50952
1.289237e-06	2.75677	2.51157
1.291335e-06	2.75901	2.51361
1.293436e-06	2.76126	2.51566
1.295541e-06	2.76351	2.5177
1.297649e-06	2.76577	2.51975
1.299761e-06	2.76802	2.5218
1.301876e-06	2.77028	2.52385
1.303994e-06	2.77255	2.5259
1.306116e-06	2.77482	2.52795
1.308242e-06	2.77709	2.53
1.310371e-06	2.77936	2.53205
1.312503e-06	2.78164	2.5341
1.314639e-06	2.78392	2.53615
1.316778e-06	2.7862	2.5382
1.318921e-06	2.78848	2.54025
1.321067e-06	2.79077	2.5423
1.323217e-06	2.79307	2.54435
1.325370e-06	2.79536	2.54641
1.327527e-06	2.79766	2.54846
1.329687e-06	2.79996	2.55051
1.331851e-06	2.80227	2.55257
1.334019e-06	2.80458	2.55462
1.336189e-06	2.80689	2.55668
1.338364e-06	2.80921	2.55873
1.340542e-06	2.81153	2.56079
1.342723e-06	2.81385	2.56284
1.344908e-06	2.81617	2.5649
1.347097e-06	2.8185	2.56695
1.349289e-06	2.82084	2.56901
1.351485e-06	2.82317	2.57107
1.353684e-06	2.82551	2.57312
1.355887e-06	2.82785	2.57518
1.358093e-06	2.8302	2.57724
1.360303e-06	2.83255	2.5793
1.362517e-06	2.8349	2.58135
1.364734e-06	2.83726	2.58341
1.366955e-06	2.83962	2.58547
1.369179e-06	2.84198	2.58753
1.371407e-06	2.84435	2.58959
1.373639e-06	2.84672	2.59164
1.375874e-06	2.84909	2.5937
1.378113e-06	2.85147	2.59576
1.380356e-06	2.85385	2.59782
1.382602e-06	2.85624	2.59988
1.384852e-06	2.85863	2.60194
1.387106e-06	2.86102	2.604
1.389363e-06	2.86341	2.60606
1.391624e-06	2.86581	2.60811
1.393888e-06	2.86822	2.61017
1.396157e-06	2.87062	2.61223
1.398429e-06	2.87303	2.61429
1.400704e-06	2.87545	2.61635
1.402984e-06	2.87786	2.61841
1.405267e-06	2.88029	2.62047
1.407554e-06	2.88271	2.62253
1.409844e-06	2.88514	2.62458
1.412138e-06	2.88757	2.62664
1.414436e-06	2.89001	2.6287
1.416738e-06	2.89245	2.63076
1.419043e-06	2.8949	2.63282
1.421353e-06	2.89734	2.63487
1.423666e-06	2.8998	2.63693
1.425982e-06	2.90225	2.63899
1.428303e-06	2.90471	2.64105
1.430627e-06	2.90718	2.6431
1.432955e-06	2.90964	2.64516
1.435287e-06	2.91212	2.64722
1.437623e-06	2.91459	2.64927
1.439962e-06	2.91707	2.65133
1.442305e-06	2.91955	2.65338
1.444653e-06	2.92204	2.65544
1.447003e-06	2.92453	2.65749
1.449358e-06	2.92703	2.65955
1.451717e-06	2.92953	2.6616
1.454079e-06	2.93203	2.66365
1.456445e-06	2.93454	2.66571
1.458815e-06	2.93705	2.66776
1.461189e-06	2.93957	2.66981
1.463567e-06	2.94209	2.67186
1.465949e-06	2.94462	2.67391
1.468334e-06	2.94714	2.67596
1.470724e-06	2.94968	2.67801
1.473117e-06	2.95221	2.68006
1.475514e-06	2.95476	2.68211
1.477915e-06	2.9573	2.68416
1.480320e-06	2.95985	2.68621
1.482729e-06	2.96241	2.68825
1.485142e-06	2.96497	2.6903
1.487559e-06	2.96753	2.69234
1.489980e-06	2.9701	2.69439
1.492404e-06	2.97267	2.69643
1.494833e-06	2.97524	2.69847
1.497265e-06	2.97783	2.70052
1.499702e-06	2.98041	2.70256
1.502142e-06	2.983	2.7046
1.504587e-06	2.98559	2.70664
1.507035e-06	2.98819	2.70868
1.509488e-06	2.9908	2.71071
1.511944e-06	2.9934	2.71275
1.514404e-06	2.99602	2.71478
1.516869e-06	2.99863	2.71682
1.519337e-06	3.00125	2.71885
1.521810e-06	3.00388	2.72088
1.524286e-06	3.00651	2.72291
1.526767e-06	3.00915	2.72494
1.529251e-06	3.01179	2.72697
1.531740e-06	3.01443	2.729
1.534232e-06	3.01708	2.73103
1.536729e-06	3.01974	2.73305
1.539230e-06	3.0224	2.73508
1.541734e-06	3.02506	2.7371
1.544243e-06	3.02773	2.73912
1.546756e-06	3.0304	2.74114
1.549273e-06	3.03308	2.74316
1.551794e-06	3.03576	2.74517
1.554320e-06	3.03845	2.74719
1.556849e-06	3.04115	2.7492
1.559382e-06	3.04384	2.75121
1.561920e-06	3.04655	2.75322
1.564462e-06	3.04926	2.75523
1.567008e-06	3.05197	2.75724
1.569558e-06	3.05469	2.75924
1.572112e-06	3.05741	2.76125
1.574670e-06	3.06014	2.76325
1.577232e-06	3.06287	2.76525
1.579799e-06	3.06561	2.76725
1.582370e-06	3.06836	2.76924
1.584945e-06	3.07111	2.77124
1.587524e-06	3.07386	2.77323
1.590107e-06	3.07662	2.77522
1.592695e-06	3.07938	2.77721
1.595287e-06	3.08215	2.7792
1.597883e-06	3.08493	2.78118
1.600483e-06	3.08771	2.78316
1.603088e-06	3.0905	2.78514
1.605696e-06	3.09329	2.78712
1.608309e-06	3.09608	2.78909
1.610926e-06	3.09889	2.79107
1.613548e-06	3.10169	2.79304
1.616174e-06	3.10451	2.79501
1.618804e-06	3.10733	2.79697
1.621438e-06	3.11015	2.79893
1.624076e-06	3.11298	2.8009
1.626719e-06	3.11582	2.80285
1.629366e-06	3.11866	2.80481
1.632018e-06	3.1215	2.80676
1.634674e-06	3.12436	2.80871
1.637334e-06	3.12721	2.81066
1.639998e-06	3.13008	2.8126
1.642667e-06	3.13295	2.81454
1.645340e-06	3.13582	2.81648
1.648018e-06	3.1387	2.81842
1.650699e-06	3.14159	2.82035
1.653386e-06	3.14448	2.82228
1.656076e-06	3.14738	2.8242
1.658771e-06	3.15028	2.82613
1.661470e-06	3.15319	2.82805
1.664174e-06	3.15611	2.82996
1.666882e-06	3.15903	2.83187
1.669595e-06	3.16196	2.83378
1.672312e-06	3.16489	2.83569
1.675033e-06	3.16783	2.83759
1.677759e-06	3.17078	2.83949
1.680489e-06	3.17373	2.84139
1.683224e-06	3.17669	2.84328
1.685963e-06	3.17965	2.84516
1.688706e-06	3.18263	2.84705
1.691454e-06	3.1856	2.84893
1.694207e-06	3.18858	2.8508
1.696964e-06	3.19157	2.85267
1.699725e-06	3.19457	2.85454
1.702491e-06	3.19757	2.8564
1.705262e-06	3.20058	2.85826
1.708037e-06	3.20359	2.86012
1.710816e-06	3.20661	2.86197
1.713600e-06	3.20964	2.86381
1.716389e-06	3.21267	2.86566
1.719182e-06	3.21571	2.86749
1.721980e-06	3.21876	2.86932
1.724782e-06	3.22181	2.87115
1.727589e-06	3.22487	2.87297
1.730400e-06	3.22793	2.87479
1.733216e-06	3.23101	2.8766
1.736036e-06	3.23408	2.87841
1.738861e-06	3.23717	2.88021
1.741691e-06	3.24026	2.88201
1.744525e-06	3.24336	2.8838
1.747364e-06	3.24646	2.88559
1.750207e-06	3.24957	2.88737
1.753056e-06	3.25269	2.88915
1.755908e-06	3.25582	2.89092
1.758766e-06	3.25895	2.89268
1.761628e-06	3.26209	2.89444
1.764494e-06	3.26523	2.89619
1.767366e-06	3.26838	2.89794
1.770242e-06	3.27154	2.89968
1.773123e-06	3.27471	2.90142
1.776008e-06	3.27788	2.90314
1.778898e-06	3.28106	2.90487
1.781793e-06	3.28424	2.90658
1.784692e-06	3.28744	2.90829
1.787597e-06	3.29064	2.91
1.790506e-06	3.29384	2.91169
1.793419e-06	3.29706	2.91338
1.796338e-06	3.30028	2.91506
1.799261e-06	3.3035	2.91674
1.802189e-06	3.30674	2.91841
1.805122e-06	3.30998	2.92007
1.808059e-06	3.31323	2.92172
1.811001e-06	3.31648	2.92337
1.813948e-06	3.31975	2.92501
1.816900e-06	3.32302	2.92664
1.819857e-06	3.32629	2.92827
1.822818e-06	3.32958	2.92988
1.825785e-06	3.33287	2.93149
1.828756e-06	3.33617	2.93309
1.831732e-06	3.33947	2.93468
1.834712e-06	3.34278	2.93627
1.837698e-06	3.3461	2.93784
1.840689e-06	3.34943	2.93941
1.843684e-06	3.35276	2.94097
1.846684e-06	3.3561	2.94252
1.849689e-06	3.35945	2.94406
1.852699e-06	3.36281	2.94559
1.855714e-06	3.36617	2.94712
1.858734e-06	3.36954	2.94863
1.861759e-06	3.37292	2.95014
1.864788e-06	3.3763	2.95163
1.867823e-06	3.37969	2.95312
1.870862e-06	3.38309	2.95459
1.873907e-06	3.3865	2.95606
1.876956e-06	3.38991	2.95752
1.880011e-06	3.39333	2.95897
1.883070e-06	3.39676	2.9604
1.886134e-06	3.40019	2.96183
1.889204e-06	3.40364	2.96324
1.892278e-06	3.40709	2.96465
1.895357e-06	3.41054	2.96604
1.898442e-06	3.41401	2.96743
1.901531e-06	3.41748	2.9688
1.904625e-06	3.42095	2.97016
1.907725e-06	3.42444	2.97151
1.910829e-06	3.42793	2.97285
1.913939e-06	3.43143	2.97418
1.917053e-06	3.43494	2.9755
1.920173e-06	3.43845	2.9768
1.923297e-06	3.44197	2.97809
1.926427e-06	3.4455	2.97937
1.929562e-06	3.44904	2.98064
1.932702e-06	3.45258	2.98189
1.935847e-06	3.45613	2.98314
1.938997e-06	3.45969	2.98437
1.942153e-06	3.46325	2.98558
1.945313e-06	3.46682	2.98679
1.948479e-06	3.4704	2.98798
1.951650e-06	3.47398	2.98916
1.954825e-06	3.47757	2.99032
1.958007e-06	3.48117	2.99147
1.961193e-06	3.48478	2.99261
1.964384e-06	3.48839	2.99373
1.967581e-06	3.49201	2.99484
1.970783e-06	3.49564	2.99593
1.973990e-06	3.49927	2.99701
1.977202e-06	3.50291	2.99807
1.980420e-06	3.50655	2.99912
1.983642e-06	3.51021	3.00015
1.986870e-06	3.51387	3.00117
1.990104e-06	3.51753	3.00218
1.993342e-06	3.5212	3.00317
1.996586e-06	3.52488	3.00414
1.999835e-06	3.52857	3.00509
2.003089e-06	3.53226	3.00603
2.006349e-06	3.53596	3.00696
2.009614e-06	3.53966	3.00786
2.012884e-06	3.54337	3.00875
2.016160e-06	3.54709	3.00963
2.019441e-06	3.55081	3.01048
2.022727e-06	3.55454	3.01132
2.026018e-06	3.55827	3.01214
2.029315e-06	3.56202	3.01295
2.032618e-06	3.56576	3.01373
2.035925e-06	3.56951	3.0145
2.039238e-06	3.57327	3.01525
2.042557e-06	3.57704	3.01598
2.045881e-06	3.5808	3.01669
2.049210e-06	3.58458	3.01739
2.052545e-06	3.58836	3.01806
2.055885e-06	3.59214	3.01872
2.059230e-06	3.59593	3.01935
2.062581e-06	3.59973	3.01997
2.065938e-06	3.60353	3.02056
2.069300e-06	3.60734	3.02114
2.072667e-06	3.61115	3.02169
2.076040e-06	3.61496	3.02223
2.079418e-06	3.61878	3.02274
2.082802e-06	3.62261	3.02323
2.086191e-06	3.62643	3.02371
2.089586e-06	3.63027	3.02416
2.092987e-06	3.6341	3.02458
2.096393e-06	3.63795	3.02499
2.099804e-06	3.64179	3.02538
2.103221e-06	3.64564	3.02574
2.106644e-06	3.64949	3.02608
2.110072e-06	3.65335	3.02639
2.113505e-06	3.65721	3.02669
2.116945e-06	3.66107	3.02696
2.120390e-06	3.66494	3.02721
2.123840e-06	3.66881	3.02743
2.127296e-06	3.67268	3.02763
2.130758e-06	3.67656	3.02781
2.134225e-06	3.68043	3.02796
2.137698e-06	3.68432	3.02808
2.141177e-06	3.6882	3.02818
2.144661e-06	3.69208	3.02826
2.148151e-06	3.69597	3.02831
2.151647e-06	3.69986	3.02834
2.155149e-06	3.70375	3.02834
2.158656e-06	3.70764	3.02831
2.162168e-06	3.71153	3.02826
2.165687e-06	3.71543	3.02818
2.169211e-06	3.71932	3.02807
2.172741e-06	3.72322	3.02794
2.176277e-06	3.72711	3.02778
2.179818e-06	3.73101	3.0276
2.183365e-06	3.73491	3.02738
2.186918e-06	3.7388	3.02714
2.190477e-06	3.7427	3.02687
2.194042e-06	3.7466	3.02657
2.197612e-06	3.75049	3.02624
2.201188e-06	3.75438	3.02588
2.204770e-06	3.75828	3.0255
2.208358e-06	3.76217	3.02508
2.211952e-06	3.76606	3.02463
2.215551e-06	3.76995	3.02416
2.219157e-06	3.77383	3.02365
2.222768e-06	3.77772	3.02312
2.226385e-06	3.7816	3.02255
2.230008e-06	3.78548	3.02196
2.233637e-06	3.78935	3.02133
2.237272e-06	3.79322	3.02067
2.240913e-06	3.79709	3.01998
2.244559e-06	3.80096	3.01926
2.248212e-06	3.80482	3.0185
2.251870e-06	3.80867	3.01771
2.255535e-06	3.81252	3.0169
2.259205e-06	3.81637	3.01604
2.262882e-06	3.82021	3.01516
2.266564e-06	3.82404	3.01424
2.270252e-06	3.82787	3.01329
2.273947e-06	3.83169	3.0123
2.277647e-06	3.83551	3.01128
2.281354e-06	3.83932	3.01023
2.285066e-06	3.84312	3.00914
2.288784e-06	3.84691	3.00802
2.292509e-06	3.8507	3.00686
2.296240e-06	3.85448	3.00567
2.299976e-06	3.85825	3.00444
2.303719e-06	3.86201	3.00318
2.307468e-06	3.86576	3.00188
2.311223e-06	3.8695	3.00055
2.314984e-06	3.87323	2.99918
2.318751e-06	3.87695	2.99777
2.322524e-06	3.88066	2.99633
2.326304e-06	3.88436	2.99485
2.330089e-06	3.88805	2.99333
2.333881e-06	3.89172	2.99177
2.337679e-06	3.89538	2.99018
2.341483e-06	3.89903	2.98855
2.345294e-06	3.90267	2.98689
2.349110e-06	3.90629	2.98518
2.352933e-06	3.9099	2.98344
2.356762e-06	3.9135	2.98166
2.360597e-06	3.91708	2.97984
2.364438e-06	3.92064	2.97798
2.368286e-06	3.92419	2.97608
2.372140e-06	3.92773	2.97414
2.376000e-06	3.93124	2.97217
2.379866e-06	3.93474	2.97015
2.383739e-06	3.93822	2.9681
2.387618e-06	3.94169	2.966
2.391504e-06	3.94513	2.96387
2.395395e-06	3.94856	2.96169
2.399293e-06	3.95196	2.95948
2.403198e-06	3.95535	2.95722
2.407108e-06	3.95872	2.95493
2.411026e-06	3.96206	2.95259
2.414949e-06	3.96539	2.95021
2.418879e-06	3.96869	2.9478
2.422815e-06	3.97197	2.94534
2.426758e-06	3.97523	2.94284
2.430707e-06	3.97846	2.9403
2.434662e-06	3.98167	2.93771
2.438624e-06	3.98486	2.93509
2.442593e-06	3.98802	2.93242
2.446568e-06	3.99115	2.92971
2.450549e-06	3.99426	2.92697
2.454537e-06	3.99734	2.92417
2.458531e-06	4.00039	2.92134
2.462532e-06	4.00342	2.91847
2.466539e-06	4.00642	2.91555
2.470553e-06	4.00939	2.91259
2.474573e-06	4.01233	2.90959
2.478600e-06	4.01524	2.90654
2.482633e-06	4.01812	2.90346
2.486673e-06	4.02097	2.90033
2.490720e-06	4.02378	2.89716
2.494773e-06	4.02657	2.89395
2.498833e-06	4.02932	2.89069
2.502899e-06	4.03203	2.88739
2.506972e-06	4.03472	2.88405
2.511052e-06	4.03737	2.88067
2.515138e-06	4.03998	2.87725
2.519231e-06	4.04256	2.87378
2.523330e-06	4.0451	2.87027
2.527437e-06	4.0476	2.86672
2.531550e-06	4.05006	2.86312
2.535669e-06	4.05249	2.85949
2.539795e-06	4.05488	2.85581
2.543928e-06	4.05722	2.85209
2.548068e-06	4.05953	2.84832
2.552215e-06	4.0618	2.84452
2.556368e-06	4.06402	2.84067
2.560528e-06	4.0662	2.83678
2.564695e-06	4.06834	2.83285
2.568868e-06	4.07044	2.82888
2.573048e-06	4.07249	2.82487
2.577236e-06	4.0745	2.82081
2.581430e-06	4.07646	2.81671
2.585630e-06	4.07837	2.81258
2.589838e-06	4.08024	2.8084
2.594052e-06	4.08206	2.80418
2.598274e-06	4.08383	2.79992
2.602502e-06	4.08555	2.79562
2.606737e-06	4.08723	2.79128
2.610979e-06	4.08885	2.78689
2.615228e-06	4.09042	2.78247
2.619483e-06	4.09194	2.77801
2.623746e-06	4.09341	2.77351
2.628016e-06	4.09483	2.76897
2.632292e-06	4.09619	2.76439
2.636576e-06	4.0975	2.75977
2.640866e-06	4.09875	2.75512
2.645164e-06	4.09995	2.75042
2.649468e-06	4.10109	2.74569
2.653780e-06	4.10217	2.74092
2.658098e-06	4.1032	2.73611
2.662424e-06	4.10417	2.73126
2.666756e-06	4.10507	2.72638
2.671096e-06	4.10592	2.72146
2.675443e-06	4.10671	2.7165
2.679796e-06	4.10744	2.71151
2.684157e-06	4.10811	2.70649
2.688525e-06	4.10871	2.70142
2.692900e-06	4.10925	2.69632
2.697282e-06	4.10973	2.69119
2.701672e-06	4.11014	2.68602
2.706068e-06	4.11049	2.68082
2.710472e-06	4.11078	2.67559
2.714883e-06	4.11099	2.67032
2.719300e-06	4.11114	2.66502
2.723726e-06	4.11122	2.65969
2.728158e-06	4.11124	2.65433
2.732597e-06	4.11118	2.64893
2.737044e-06	4.11106	2.6435
2.741498e-06	4.11087	2.63805
2.745959e-06	4.1106	2.63256
2.750428e-06	4.11026	2.62704
2.754904e-06	4.10985	2.62149
2.759387e-06	4.10937	2.61592
2.763877e-06	4.10882	2.61032
2.768375e-06	4.10819	2.60468
2.772880e-06	4.10749	2.59903
2.777392e-06	4.10671	2.59334
2.781912e-06	4.10586	2.58763
2.786439e-06	4.10492	2.58189
2.790973e-06	4.10392	2.57613
2.795515e-06	4.10283	2.57034
2.800064e-06	4.10167	2.56453
2.804621e-06	4.10043	2.5587
2.809185e-06	4.09911	2.55284
2.813756e-06	4.09771	2.54696
2.818335e-06	4.09623	2.54106
2.822921e-06	4.09466	2.53514
2.827515e-06	4.09302	2.52919
2.832116e-06	4.09129	2.52323
2.836725e-06	4.08948	2.51725
2.841341e-06	4.08759	2.51125
2.845965e-06	4.08561	2.50523
2.850596e-06	4.08355	2.49919
2.855235e-06	4.08141	2.49314
2.859881e-06	4.07918	2.48706
2.864535e-06	4.07686	2.48098
2.869196e-06	4.07446	2.47488
2.873865e-06	4.07197	2.46876
2.878542e-06	4.06939	2.46263
2.883226e-06	4.06672	2.45649
2.887918e-06	4.06397	2.45034
2.892618e-06	4.06113	2.44417
2.897325e-06	4.05819	2.43799
2.902040e-06	4.05517	2.43181
2.906762e-06	4.05206	2.42561
2.911492e-06	4.04885	2.41941
2.916230e-06	4.04556	2.41319
2.920976e-06	4.04217	2.40697
2.925729e-06	4.03869	2.40074
2.930490e-06	4.03512	2.39451
2.935259e-06	4.03145	2.38827
2.940035e-06	4.02769	2.38203
2.944820e-06	4.02384	2.37578
2.949612e-06	4.01989	2.36953
2.954412e-06	4.01585	2.36328
2.959220e-06	4.01171	2.35702
2.964035e-06	4.00748	2.35077
2.968858e-06	4.00315	2.34451
2.973690e-06	3.99872	2.33826
2.978529e-06	3.9942	2.332
2.983376e-06	3.98958	2.32575
2.988231e-06	3.98486	2.31951
2.993093e-06	3.98004	2.31326
2.997964e-06	3.97513	2.30702
3.002843e-06	3.97011	2.30079
3.007729e-06	3.965	2.29456
3.012624e-06	3.95979	2.28834
3.017526e-06	3.95447	2.28213
3.022437e-06	3.94906	2.27592
3.027355e-06	3.94355	2.26972
3.032281e-06	3.93793	2.26354
3.037216e-06	3.93222	2.25736
3.042158e-06	3.9264	2.2512
3.047109e-06	3.92048	2.24505
3.052067e-06	3.91446	2.23891
3.057034e-06	3.90834	2.23279
3.062009e-06	3.90211	2.22668
3.066991e-06	3.89578	2.22059
3.071982e-06	3.88935	2.21451
3.076981e-06	3.88281	2.20846
3.081989e-06	3.87617	2.20242
3.087004e-06	3.86942	2.1964
3.092027e-06	3.86257	2.19039
3.097059e-06	3.85562	2.18441
3.102099e-06	3.84855	2.17846
3.107147e-06	3.84139	2.17252
3.112203e-06	3.83412	2.16661
3.117268e-06	3.82674	2.16072
3.122340e-06	3.81925	2.15485
3.127421e-06	3.81166	2.14902
3.132511e-06	3.80396	2.1432
3.137608e-06	3.79616	2.13742
3.142714e-06	3.78824	2.13166
3.147828e-06	3.78022	2.12594
3.152951e-06	3.7721	2.12024
3.158082e-06	3.76386	2.11458
3.163221e-06	3.75551	2.10895
3.168368e-06	3.74706	2.10335
3.173524e-06	3.73849	2.09778
3.178688e-06	3.72982	2.09225
3.183861e-06	3.72104	2.08675
3.189042e-06	3.71215	2.08129
3.194232e-06	3.70314	2.07587
3.199430e-06	3.69403	2.07049
3.204636e-06	3.68481	2.06514
3.209851e-06	3.67547	2.05984
3.215074e-06	3.66602	2.05457
3.220306e-06	3.65647	2.04935
3.225547e-06	3.6468	2.04417
3.230796e-06	3.63702	2.03904
3.236053e-06	3.62712	2.03395
3.241319e-06	3.61712	2.0289
3.246594e-06	3.607	2.0239
3.251877e-06	3.59677	2.01895
3.257169e-06	3.58642	2.01405
3.262469e-06	3.57596	2.0092
3.267778e-06	3.56539	2.0044
3.273096e-06	3.5547	1.99965
3.278422e-06	3.5439	1.99495
3.283757e-06	3.53298	1.99031
3.289101e-06	3.52195	1.98572
3.294453e-06	3.51081	1.98119
3.299814e-06	3.49954	1.97672
3.305184e-06	3.48817	1.9723
3.310563e-06	3.47667	1.96794
3.315950e-06	3.46506	1.96365
3.321346e-06	3.45333	1.95941
3.326751e-06	3.44149	1.95524
3.332164e-06	3.42953	1.95113
3.337587e-06	3.41745	1.94709
3.343018e-06	3.40525	1.94311
3.348458e-06	3.39293	1.9392
3.353907e-06	3.3805	1.93535
3.359365e-06	3.36795	1.93158
3.364832e-06	3.35527	1.92788
3.370307e-06	3.34248	1.92425
3.375792e-06	3.32957	1.92069
3.381285e-06	3.31654	1.91721
3.386787e-06	3.30339	1.91381
3.392299e-06	3.29011	1.91048
3.397819e-06	3.27672	1.90723
3.403348e-06	3.2632	1.90406
3.408887e-06	3.24956	1.90098
3.414434e-06	3.2358	1.89797
3.419990e-06	3.22192	1.89506
3.425556e-06	3.20792	1.89223
3.431130e-06	3.19379	1.88948
3.436714e-06	3.17954	1.88683
3.442306e-06	3.16517	1.88426
3.447908e-06	3.15067	1.88179
3.453519e-06	3.13604	1.87942
3.459138e-06	3.1213	1.87714
3.464768e-06	3.10643	1.87496
3.470406e-06	3.09143	1.87288
3.476053e-06	3.07631	1.8709
3.481710e-06	3.06106	1.86902
3.487376e-06	3.04569	1.86725
3.493051e-06	3.03019	1.86558
3.498735e-06	3.01456	1.86403
3.504428e-06	2.99881	1.86259
3.510131e-06	2.98293	1.86126
3.515843e-06	2.96692	1.86004
3.521564e-06	2.95079	1.85895
3.527295e-06	2.93453	1.85797
3.533035e-06	2.91814	1.85712
3.538784e-06	2.90163	1.85639
3.544543e-06	2.88499	1.85579
3.550311e-06	2.86822	1.85532
3.556088e-06	2.85132	1.85498
3.561875e-06	2.8343	1.85477
3.567672e-06	2.81715	1.85471
3.573477e-06	2.79987	1.85478
3.579292e-06	2.78247	1.855
3.585117e-06	2.76494	1.85536
3.590951e-06	2.74728	1.85587
3.596795e-06	2.7295	1.85653
3.602648e-06	2.71159	1.85735
3.608510e-06	2.69355	1.85832
3.614382e-06	2.67539	1.85946
3.620264e-06	2.65711	1.86076
3.626155e-06	2.63871	1.86222
3.632056e-06	2.62018	1.86386
3.637967e-06	2.60153	1.86567
3.643887e-06	2.58276	1.86766
3.649816e-06	2.56386	1.86983
3.655756e-06	2.54485	1.87219
3.661705e-06	2.52573	1.87473
3.667663e-06	2.50649	1.87747
3.673632e-06	2.48713	1.8804
3.679610e-06	2.46766	1.88353
3.685598e-06	2.44808	1.88687
3.691595e-06	2.42839	1.89042
3.697603e-06	2.40859	1.89417
3.703620e-06	2.38869	1.89814
3.709647e-06	2.36868	1.90234
3.715683e-06	2.34858	1.90675
3.721730e-06	2.32838	1.9114
3.727786e-06	2.30808	1.91628
3.733853e-06	2.2877	1.92139
3.739929e-06	2.26722	1.92674
3.746015e-06	2.24666	1.93234
3.752111e-06	2.22602	1.93819
3.758216e-06	2.20531	1.94429
3.764332e-06	2.18452	1.95065
3.770458e-06	2.16367	1.95727
3.776594e-06	2.14275	1.96415
3.782739e-06	2.12177	1.97131
3.788895e-06	2.10074	1.97873
3.795061e-06	2.07967	1.98643
3.801236e-06	2.05855	1.99441
3.807422e-06	2.03739	2.00268
3.813618e-06	2.01621	2.01123
3.819824e-06	1.995	2.02006
3.826040e-06	1.97377	2.02919
3.832266e-06	1.95253	2.03862
3.838502e-06	1.93129	2.04834
3.844749e-06	1.91006	2.05836
3.851005e-06	1.88883	2.06867
3.857272e-06	1.86762	2.07929
3.863549e-06	1.84644	2.09022
3.869836e-06	1.8253	2.10144
3.876133e-06	1.80419	2.11297
3.882441e-06	1.78314	2.12481
3.888759e-06	1.76214	2.13694
3.895087e-06	1.74121	2.14938
3.901426e-06	1.72036	2.16213
3.907774e-06	1.69959	2.17517
3.914133e-06	1.67891	2.18851
3.920503e-06	1.65833	2.20215
3.926883e-06	1.63786	2.21608
3.933273e-06	1.6175	2.2303
3.939674e-06	1.59727	2.24481
3.946085e-06	1.57717	2.2596
3.952506e-06	1.55721	2.27467
3.958938e-06	1.53739	2.29002
3.965380e-06	1.51773	2.30563
3.971833e-06	1.49823	2.32151
3.978297e-06	1.47889	2.33765
3.984771e-06	1.45973	2.35405
3.991255e-06	1.44075	2.37069
3.997750e-06	1.42196	2.38757
4.004256e-06	1.40335	2.40468
4.010772e-06	1.38494	2.42202
4.017298e-06	1.36673	2.43958
4.023836e-06	1.34872	2.45736
4.030384e-06	1.33092	2.47534
4.036942e-06	1.31334	2.49352
4.043512e-06	1.29596	2.51189
4.050092e-06	1.27881	2.53044
4.056682e-06	1.26187	2.54917
4.063284e-06	1.24516	2.56807
4.069896e-06	1.22867	2.58713
4.076519e-06	1.21241	2.60635
4.083153e-06	1.19637	2.62571
4.089797e-06	1.18055	2.64521
4.096453e-06	1.16497	2.66485
4.103119e-06	1.14961	2.68461
4.109796e-06	1.13448	2.70449
4.116484e-06	1.11957	2.72448
4.123182e-06	1.10489	2.74458
4.129892e-06	1.09043	2.76477
4.136613e-06	1.0762	2.78506
4.143344e-06	1.06219	2.80544
4.150087e-06	1.0484	2.8259
4.156840e-06	1.03483	2.84643
4.163605e-06	1.02147	2.86703
4.170380e-06	1.00833	2.8877
4.177166e-06	0.995401	2.90842
4.183964e-06	0.982682	2.9292
4.190772e-06	0.970171	2.95003
4.197592e-06	0.957865	2.97091
4.204423e-06	0.945762	2.99182
4.211265e-06	0.933858	3.01277
4.218118e-06	0.922151	3.03376
4.224982e-06	0.910639	3.05477
4.231857e-06	0.899318	3.07581
4.238744e-06	0.888186	3.09687
4.245641e-06	0.877239	3.11795
4.252550e-06	0.866475	3.13905
4.259471e-06	0.855891	3.16015
4.266402e-06	0.845484	3.18127
4.273345e-06	0.835251	3.20239
4.280299e-06	0.825189	3.22352
4.287264e-06	0.815295	3.24465
4.294241e-06	0.805566	3.26578
4.301229e-06	0.796	3.28691
4.308228e-06	0.786593	3.30803
4.315239e-06	0.777342	3.32914
4.322261e-06	0.768246	3.35025
4.329295e-06	0.7593	3.37135
4.336340e-06	0.750503	3.39243
4.343396e-06	0.741851	3.41351
4.350464e-06	0.733342	3.43456
4.357544e-06	0.724974	3.45561
4.364635e-06	0.716742	3.47663
4.371738e-06	0.708646	3.49764
4.378852e-06	0.700683	3.51863
4.385977e-06	0.692849	3.5396
4.393115e-06	0.685143	3.56054
4.400264e-06	0.677562	3.58147
4.407424e-06	0.670104	3.60237
4.414596e-06	0.662766	3.62325
4.421780e-06	0.655546	3.6441
4.428976e-06	0.648443	3.66493
4.436183e-06	0.641453	3.68574
4.443402e-06	0.634574	3.70652
4.450633e-06	0.627805	3.72727
4.457875e-06	0.621144	3.748
4.465130e-06	0.614587	3.7687
4.472396e-06	0.608135	3.78937
4.479674e-06	0.601783	3.81001
4.486964e-06	0.595531	3.83063
4.494265e-06	0.589377	3.85122
4.501579e-06	0.583319	3.87178
4.508904e-06	0.577354	3.89231
4.516241e-06	0.571482	3.91281
4.523591e-06	0.5657	3.93329
4.530952e-06	0.560007	3.95373
4.538325e-06	0.554402	3.97415
4.545710e-06	0.548882	3.99454
4.553108e-06	0.543446	4.0149
4.560517e-06	0.538092	4.03523
4.567938e-06	0.53282	4.05553
4.575372e-06	0.527627	4.0758
4.582817e-06	0.522511	4.09604
4.590275e-06	0.517473	4.11626
4.597745e-06	0.51251	4.13644
4.605227e-06	0.50762	4.1566
4.612721e-06	0.502804	4.17673
4.620227e-06	0.498058	4.19683
4.627745e-06	0.493382	4.21691
4.635276e-06	0.488775	4.23695
4.642819e-06	0.484236	4.25697
4.650374e-06	0.479763	4.27696
4.657942e-06	0.475355	4.29692
4.665522e-06	0.471011	4.31685
4.673114e-06	0.46673	4.33676
4.680719e-06	0.462511	4.35664
4.688336e-06	0.458352	4.3765
4.695965e-06	0.454253	4.39633
4.703607e-06	0.450213	4.41613
4.711261e-06	0.44623	4.4359
4.718928e-06	0.442304	4.45565
4.726607e-06	0.438434	4.47538
4.734298e-06	0.434619	4.49508
4.742002e-06	0.430857	4.51475
4.749719e-06	0.427148	4.5344
4.757448e-06	0.423491	4.55403
4.765190e-06	0.419886	4.57363
4.772944e-06	0.41633	4.59321
4.780712e-06	0.412824	4.61276
4.788491e-06	0.409367	4.63229
4.796283e-06	0.405958	4.6518
4.804088e-06	0.402596	4.67128
4.811906e-06	0.39928	4.69075
4.819737e-06	0.396009	4.71019
4.827580e-06	0.392784	4.7296
4.835436e-06	0.389603	4.749
4.843304e-06	0.386465	4.76837
4.851186e-06	0.383369	4.78773
4.859080e-06	0.380316	4.80706
4.866987e-06	0.377304	4.82637
4.874908e-06	0.374333	4.84566
4.882840e-06	0.371402	4.86494
4.890786e-06	0.36851	4.88419
4.898745e-06	0.365657	4.90342
4.906717e-06	0.362842	4.92263
4.914702e-06	0.360065	4.94183
4.922699e-06	0.357325	4.961
4.930710e-06	0.354622	4.98016
4.938734e-06	0.351954	4.9993
4.946771e-06	0.349322	5.01842
4.954820e-06	0.346725	5.03752
4.962883e-06	0.344162	5.05661
4.970960e-06	0.341633	5.07568
4.979049e-06	0.339137	5.09473
4.987151e-06	0.336673	5.11377
4.995267e-06	0.334243	5.13279
5.003396e-06	0.331844	5.1518
5.011538e-06	0.329476	5.17079
5.019693e-06	0.327139	5.18976
5.027861e-06	0.324833	5.20872
5.036043e-06	0.322556	5.22766
5.044238e-06	0.32031	5.24659
5.052447e-06	0.318092	5.26551
5.060669e-06	0.315903	5.28441
5.068904e-06	0.313743	5.3033
5.077153e-06	0.31161	5.32217
5.085415e-06	0.309505	5.34103
5.093690e-06	0.307426	5.35988
5.101979e-06	0.305375	5.37872
5.110282e-06	0.30335	5.39754
5.118598e-06	0.301351	5.41635
5.126927e-06	0.299378	5.43515
5.135270e-06	0.297429	5.45394
5.143627e-06	0.295506	5.47272
5.151997e-06	0.293607	5.49148
5.160381e-06	0.291733	5.51024
5.168778e-06	0.289882	5.52898
5.177190e-06	0.288055	5.54772
5.185614e-06	0.286251	5.56644
5.194053e-06	0.28447	5.58516
5.202505e-06	0.282712	5.60386
5.210971e-06	0.280976	5.62255
5.219451e-06	0.279262	5.64124
5.227945e-06	0.277569	5.65992
5.236452e-06	0.275898	5.67859
5.244974e-06	0.274249	5.69725
5.253509e-06	0.27262	5.7159
5.262058e-06	0.271011	5.73454
5.270621e-06	0.269423	5.75318
5.279198e-06	0.267855	5.77181
5.287788e-06	0.266307	5.79043
5.296393e-06	0.264778	5.80904
5.305012e-06	0.263269	5.82765
5.313645e-06	0.261779	5.84625
5.322292e-06	0.260307	5.86485
5.330953e-06	0.258854	5.88343
5.339628e-06	0.257419	5.90202
5.348317e-06	0.256002	5.92059
5.357020e-06	0.254603	5.93917
5.365738e-06	0.253222	5.95773
5.374470e-06	0.251858	5.97629
5.383215e-06	0.250511	5.99485
5.391976e-06	0.249181	6.0134
5.400750e-06	0.247868	6.03195
5.409539e-06	0.246572	6.05049
5.418341e-06	0.245291	6.06903
5.427159e-06	0.244027	6.08757
5.435990e-06	0.242779	6.1061
5.444836e-06	0.241546	6.12463
5.453697e-06	0.240329	6.14316
5.462572e-06	0.239128	6.16168
5.471461e-06	0.237941	6.1802
5.480365e-06	0.23677	6.19871
5.489283e-06	0.235613	6.21723
5.498215e-06	0.234471	6.23574
5.507163e-06	0.233343	6.25425
5.516125e-06	0.23223	6.27276
5.525101e-06	0.231131	6.29127
5.534092e-06	0.230045	6.30978
5.543098e-06	0.228974	6.32828
5.552118e-06	0.227916	6.34678
5.561153e-06	0.226871	6.36529
5.570203e-06	0.22584	6.38379
5.579267e-06	0.224822	6.40229
5.588346e-06	0.223817	6.42079
5.597440e-06	0.222825	6.4393
5.606549e-06	0.221845	6.4578
5.615672e-06	0.220878	6.4763
5.624811e-06	0.219923	6.4948
5.633964e-06	0.218981	6.51331
5.643132e-06	0.218051	6.53181
5.652315e-06	0.217132	6.55031
5.661513e-06	0.216226	6.56882
5.670726e-06	0.215331	6.58733
5.679954e-06	0.214448	6.60584
5.689197e-06	0.213576	6.62435
5.698455e-06	0.212716	6.64286
5.707728e-06	0.211866	6.66137
5.717017e-06	0.211028	6.67989
5.726320e-06	0.210201	6.69841
5.735638e-06	0.209384	6.71693
5.744972e-06	0.208579	6.73546
5.754321e-06	0.207784	6.75398
5.763685e-06	0.206999	6.77251
5.773064e-06	0.206225	6.79105
5.782458e-06	0.205461	6.80958
5.791868e-06	0.204707	6.82812
5.801293e-06	0.203963	6.84667
5.810734e-06	0.203229	6.86522
5.820190e-06	0.202505	6.88377
5.829661e-06	0.201791	6.90232
5.839147e-06	0.201086	6.92088
5.848650e-06	0.200391	6.93945
5.858167e-06	0.199705	6.95802
5.867700e-06	0.199029	6.97659
5.877249e-06	0.198361	6.99517
5.886813e-06	0.197703	7.01376
5.896392e-06	0.197054	7.03235
5.905987e-06	0.196414	7.05094
5.915598e-06	0.195782	7.06954
5.925225e-06	0.19516	7.08815
5.934867e-06	0.194546	7.10676
5.944525e-06	0.193941	7.12537
5.954198e-06	0.193344	7.144
5.963888e-06	0.192755	7.16263
5.973593e-06	0.192175	7.18126
5.983313e-06	0.191603	7.19991
5.993050e-06	0.19104	7.21856
6.002803e-06	0.190484	7.23721
6.012571e-06	0.189937	7.25588
6.022355e-06	0.189397	7.27455
6.032155e-06	0.188865	7.29323
6.041972e-06	0.188341	7.31191
6.051804e-06	0.187825	7.3306
6.061652e-06	0.187316	7.3493
6.071516e-06	0.186815	7.36801
6.081396e-06	0.186321	7.38673
6.091292e-06	0.185834	7.40545
6.101205e-06	0.185355	7.42418
6.111133e-06	0.184884	7.44292
6.121078e-06	0.184419	7.46167
6.131039e-06	0.183962	7.48043
6.141016e-06	0.183511	7.4992
6.151009e-06	0.183068	7.51797
6.161019e-06	0.182631	7.53676
6.171044e-06	0.182202	7.55555
6.181087e-06	0.181779	7.57435
6.191145e-06	0.181363	7.59316
6.201220e-06	0.180954	7.61198
6.211311e-06	0.180551	7.63082
6.221419e-06	0.180155	7.64966
6.231543e-06	0.179765	7.66851
6.241684e-06	0.179382	7.68737
6.251841e-06	0.179005	7.70624
6.262014e-06	0.178634	7.72512
6.272204e-06	0.17827	7.74401
6.282411e-06	0.177912	7.76291
6.292635e-06	0.17756	7.78183
6.302875e-06	0.177214	7.80075
6.313131e-06	0.176874	7.81968
6.323405e-06	0.176541	7.83863
6.333695e-06	0.176213	7.85758
6.344002e-06	0.175891	7.87655
6.354325e-06	0.175575	7.89553
6.364666e-06	0.175265	7.91452
6.375023e-06	0.17496	7.93352
6.385397e-06	0.174661	7.95254
6.395788e-06	0.174368	7.97156
6.406196e-06	0.174081	7.9906
6.416621e-06	0.173799	8.00965
6.427062e-06	0.173522	8.02871
6.437521e-06	0.173251	8.04778
6.447997e-06	0.172986	8.06687
6.458490e-06	0.172725	8.08597
6.469000e-06	0.172471	8.10508
6.479527e-06	0.172221	8.1242
6.490071e-06	0.171977	8.14334
6.500632e-06	0.171738	8.16249
6.511211e-06	0.171504	8.18165
6.521806e-06	0.171275	8.20083
6.532419e-06	0.171051	8.22002
6.543049e-06	0.170833	8.23922
6.553697e-06	0.170619	8.25844
6.564362e-06	0.17041	8.27767
6.575044e-06	0.170207	8.29691
6.585744e-06	0.170008	8.31617
6.596461e-06	0.169814	8.33544
6.607195e-06	0.169625	8.35473
6.617947e-06	0.16944	8.37403
6.628716e-06	0.16926	8.39334
6.639503e-06	0.169086	8.41267
6.650308e-06	0.168915	8.43201
6.661130e-06	0.16875	8.45137
6.671969e-06	0.168589	8.47074
6.682827e-06	0.168432	8.49013
6.693702e-06	0.16828	8.50953
6.704594e-06	0.168133	8.52894
6.715505e-06	0.16799	8.54838
6.726433e-06	0.167852	8.56782
6.737379e-06	0.167718	8.58728
6.748343e-06	0.167588	8.60676
6.759324e-06	0.167463	8.62626
6.770324e-06	0.167342	8.64576
6.781341e-06	0.167225	8.66529
6.792376e-06	0.167113	8.68483
6.803430e-06	0.167005	8.70438
6.814501e-06	0.166901	8.72396
6.825590e-06	0.166801	8.74355
6.836697e-06	0.166705	8.76315
6.847823e-06	0.166614	8.78277
6.858966e-06	0.166527	8.80241
6.870128e-06	0.166443	8.82206
6.881308e-06	0.166364	8.84173
6.892506e-06	0.166289	8.86142
6.903722e-06	0.166217	8.88112
6.914956e-06	0.16615	8.90084
6.926209e-06	0.166087	8.92058
6.937480e-06	0.166027	8.94034
6.948769e-06	0.165972	8.96011
6.960077e-06	0.16592	8.9799
6.971403e-06	0.165872	8.9997
6.982748e-06	0.165828	9.01953
6.994111e-06	0.165788	9.03937
7.005492e-06	0.165751	9.05923
7.016892e-06	0.165719	9.07911
7.028311e-06	0.16569	9.099
7.039748e-06	0.165664	9.11891
7.051204e-06	0.165643	9.13885
7.062678e-06	0.165625	9.15879
7.074171e-06	0.165611	9.17876
7.085683e-06	0.1656	9.19875
7.097214e-06	0.165593	9.21875
7.108763e-06	0.165589	9.23877
7.120331e-06	0.165589	9.25882
7.131918e-06	0.165593	9.27888
7.143524e-06	0.1656	9.29895
7.155149e-06	0.165611	9.31905
7.166792e-06	0.165625	9.33917
7.178455e-06	0.165642	9.3593
7.190136e-06	0.165663	9.37946
7.201837e-06	0.165688	9.39963
7.213556e-06	0.165716	9.41983
7.225295e-06	0.165747	9.44004
7.237053e-06	0.165782	9.46027
7.248830e-06	0.16582	9.48052
7.260626e-06	0.165861	9.50079
7.272441e-06	0.165905	9.52109
7.284275e-06	0.165953	9.5414
7.296129e-06	0.166005	9.56173
7.308002e-06	0.166059	9.58208
7.319894e-06	0.166117	9.60245
7.331806e-06	0.166178	9.62284
7.343737e-06	0.166242	9.64325
7.355688e-06	0.166309	9.66369
7.367657e-06	0.16638	9.68414
7.379647e-06	0.166454	9.70461
7.391656e-06	0.166531	9.72511
7.403684e-06	0.166611	9.74562
7.415732e-06	0.166694	9.76616
7.427800e-06	0.166781	9.78671
7.439887e-06	0.16687	9.80729
7.451994e-06	0.166963	9.82789
7.464121e-06	0.167058	9.84851
7.476267e-06	0.167157	9.86915
7.488433e-06	0.167259	9.88981
7.500619e-06	0.167364	9.91049
7.512825e-06	0.167471	9.9312
7.525051e-06	0.167582	9.95193
7.537296e-06	0.167696	9.97267
7.549562e-06	0.167813	9.99344
7.561847e-06	0.167933	10.0142
7.574152e-06	0.168056	10.0351
7.586478e-06	0.168181	10.0559
7.598823e-06	0.16831	10.0767
7.611189e-06	0.168442	10.0976
7.623575e-06	0.168576	10.1185
7.635980e-06	0.168714	10.1395
7.648407e-06	0.168854	10.1604
7.660853e-06	0.168997	10.1814
7.673319e-06	0.169143	10.2024
7.685806e-06	0.169292	10.2234
7.698313e-06	0.169444	10.2444
7.710841e-06	0.169599	10.2655
7.723389e-06	0.169756	10.2866
7.735957e-06	0.169917	10.3077
7.748546e-06	0.17008	10.3288
7.761155e-06	0.170246	10.3499
7.773785e-06	0.170415	10.3711
7.786435e-06	0.170586	10.3923
7.799106e-06	0.170761	10.4135
7.811797e-06	0.170938	10.4348
7.824509e-06	0.171118	10.4561
7.837242e-06	0.1713	10.4774
7.849996e-06	0.171486	10.4987
7.862770e-06	0.171674	10.52
7.875565e-06	0.171865	10.5414
7.888381e-06	0.172059	10.5628
7.901218e-06	0.172255	10.5842
7.914076e-06	0.172454	10.6056
7.926954e-06	0.172656	10.6271
7.939854e-06	0.17286	10.6486
7.952774e-06	0.173067	10.6701
7.965716e-06	0.173277	10.6916
7.978678e-06	0.173489	10.7132
7.991662e-06	0.173704	10.7348
8.004667e-06	0.173922	10.7564
8.017693e-06	0.174143	10.778
8.030740e-06	0.174366	10.7997
8.043809e-06	0.174591	10.8213
8.056898e-06	0.17482	10.8431
8.070009e-06	0.175051	10.8648
8.083142e-06	0.175284	10.8865
8.096295e-06	0.17552	10.9083
8.109470e-06	0.175759	10.9301
8.122667e-06	0.176	10.952
8.135885e-06	0.176244	10.9738
8.149125e-06	0.176491	10.9957
8.162386e-06	0.17674	11.0176
8.175668e-06	0.176992	11.0396
8.188973e-06	0.177246	11.0615
8.202299e-06	0.177503	11.0835
8.215646e-06	0.177762	11.1055
8.229016e-06	0.178024	11.1276
8.242407e-06	0.178289	11.1497
8.255819e-06	0.178556	11.1717
8.269254e-06	0.178826	11.1939
8.282711e-06	0.179098	11.216
8.296189e-06	0.179373	11.2382
8.309690e-06	0.17965	11.2604
8.323212e-06	0.17993	11.2826
8.336756e-06	0.180212	11.3049
8.350323e-06	0.180497	11.3271
8.363911e-06	0.180784	11.3494
8.377522e-06	0.181074	11.3718
8.391155e-06	0.181366	11.3941
8.404810e-06	0.181661	11.4165
8.418487e-06	0.181958	11.4389
8.432186e-06	0.182258	11.4614
8.445908e-06	0.18256	11.4839
8.459652e-06	0.182865	11.5064
8.473418e-06	0.183172	11.5289
8.487207e-06	0.183482	11.5514
8.501018e-06	0.183794	11.574
8.514852e-06	0.184109	11.5966
8.528708e-06	0.184426	11.6192
8.542587e-06	0.184746	11.6419
8.556488e-06	0.185068	11.6646
8.570412e-06	0.185393	11.6873
8.584359e-06	0.18572	11.7101
8.598328e-06	0.186049	11.7328
8.612321e-06	0.186381	11.7556
8.626335e-06	0.186716	11.7785
8.640373e-06	0.187053	11.8013
8.654434e-06	0.187392	11.8242
8.668517e-06	0.187734	11.8471
8.682623e-06	0.188078	11.8701
8.696752e-06	0.188425	11.8931
8.710905e-06	0.188774	11.9161
8.725080e-06	0.189125	11.9391
8.739278e-06	0.189479	11.9622
8.753500e-06	0.189836	11.9852
8.767744e-06	0.190195	12.0084
8.782012e-06	0.190556	12.0315
8.796303e-06	0.19092	12.0547
8.810617e-06	0.191286	12.0779
8.824955e-06	0.191655	12.1011
8.839316e-06	0.192026	12.1244
8.853700e-06	0.192399	12.1477
8.868108e-06	0.192775	12.171
8.882539e-06	0.193154	12.1944
8.896993e-06	0.193535	12.2177
8.911471e-06	0.193918	12.2412
8.925973e-06	0.194303	12.2646
8.940498e-06	0.194692	12.2881
8.955047e-06	0.195082	12.3116
8.969620e-06	0.195475	12.3351
8.984216e-06	0.19587	12.3587
8.998836e-06	0.196268	12.3823
9.013480e-06	0.196668	12.4059
9.028147e-06	0.197071	12.4296
9.042839e-06	0.197476	12.4532
9.057554e-06	0.197884	12.477
9.072294e-06	0.198293	12.5007
9.087057e-06	0.198706	12.5245
9.101844e-06	0.199121	12.5483
9.116656e-06	0.199538	12.5721
9.131491e-06	0.199957	12.596
9.146351e-06	0.200379	12.6199
9.161235e-06	0.200804	12.6438
9.176143e-06	0.201231	12.6678
9.191076e-06	0.20166	12.6918
9.206032e-06	0.202092	12.7158
9.221013e-06	0.202526	12.7399
9.236019e-06	0.202963	12.764
9.251048e-06	0.203402	12.7881
9.266103e-06	0.203843	12.8122
9.281181e-06	0.204287	12.8364
9.296285e-06	0.204734	12.8606
9.311412e-06	0.205182	12.8849
9.326565e-06	0.205634	12.9092
9.341742e-06	0.206087	12.9335
9.356944e-06	0.206543	12.9578
9.372170e-06	0.207002	12.9822
9.387422e-06	0.207463	13.0066
9.402698e-06	0.207926	13.031
9.417999e-06	0.208392	13.0555
9.433325e-06	0.208861	13.08
9.448676e-06	0.209331	13.1046
9.464052e-06	0.209805	13.1291
9.479452e-06	0.21028	13.1537
9.494878e-06	0.210758	13.1784
9.510329e-06	0.211239	13.203
9.525806e-06	0.211722	13.2277
9.541307e-06	0.212208	13.2525
9.556834e-06	0.212696	13.2773
9.572385e-06	0.213186	13.3021
9.587963e-06	0.213679	13.3269
9.603565e-06	0.214174	13.3518
9.619193e-06	0.214672	13.3767
9.634846e-06	0.215172	13.4016
9.650525e-06	0.215675	13.4266
9.666229e-06	0.21618	13.4516
9.681959e-06	0.216688	13.4766
9.697715e-06	0.217198	13.5017
9.713496e-06	0.217711	13.5268
9.729303e-06	0.218226	13.5519
9.745135e-06	0.218744	13.5771
9.760993e-06	0.219264	13.6023
9.776878e-06	0.219787	13.6275
9.792787e-06	0.220312	13.6528
9.808723e-06	0.220839	13.6781
9.824685e-06	0.22137	13.7035
9.840673e-06	0.221902	13.7288
9.856687e-06	0.222437	13.7543
9.872726e-06	0.222975	13.7797
9.888792e-06	0.223515	13.8052
9.904884e-06	0.224058	13.8307
9.921002e-06	0.224603	13.8562
9.937147e-06	0.225151	13.8818
9.953318e-06	0.225701	13.9075
9.969515e-06	0.226254	13.9331
9.985738e-06	0.226809	13.9588
1.000199e-05	0.227367	13.9845
1.001826e-05	0.227928	14.0103
1.003457e-05	0.228491	14.0361
1.005090e-05	0.229056	14.0619
1.006725e-05	0.229624	14.0878
1.008363e-05	0.230195	14.1137
1.010004e-05	0.230768	14.1396
1.011648e-05	0.231344	14.1656
1.013294e-05	0.231922	14.1916
1.014943e-05	0.232503	14.2177
1.016595e-05	0.233087	14.2438
1.018249e-05	0.233673	14.2699
1.019906e-05	0.234261	14.296
1.021566e-05	0.234853	14.3222
1.023228e-05	0.235446	14.3484
1.024893e-05	0.236043	14.3747
1.026561e-05	0.236642	14.401
1.028232e-05	0.237243	14.4274
1.029905e-05	0.237848	14.4537
1.031581e-05	0.238455	14.4801
1.033259e-05	0.239064	14.5066
1.034941e-05	0.239676	14.5331
1.036625e-05	0.240291	14.5596
1.038312e-05	0.240908	14.5861
1.040002e-05	0.241528	14.6127
1.041694e-05	0.242151	14.6394
1.043389e-05	0.242776	14.666
1.045087e-05	0.243404	14.6928
1.046788e-05	0.244034	14.7195
1.048491e-05	0.244668	14.7463
1.050197e-05	0.245304	14.7731
1.051906e-05	0.245942	14.8
1.053618e-05	0.246583	14.8269
1.055333e-05	0.247227	14.8538
1.057050e-05	0.247874	14.8808
1.058770e-05	0.248523	14.9078
1.060493e-05	0.249175	14.9348
1.062219e-05	0.24983	14.9619
1.063947e-05	0.250487	14.989
1.065679e-05	0.251147	15.0162
1.067413e-05	0.25181	15.0434
1.069150e-05	0.252475	15.0706
1.070890e-05	0.253144	15.0979
1.072632e-05	0.253815	15.1252
1.074378e-05	0.254488	15.1526
1.076126e-05	0.255165	15.18
1.077877e-05	0.255844	15.2074
1.079632e-05	0.256526	15.2349
1.081388e-05	0.257211	15.2624
1.083148e-05	0.257898	15.2899
1.084911e-05	0.258588	15.3175
1.086676e-05	0.259281	15.3451
1.088445e-05	0.259977	15.3728
1.090216e-05	0.260676	15.4005
1.091990e-05	0.261377	15.4283
1.093767e-05	0.262081	15.456
1.095547e-05	0.262788	15.4839
1.097330e-05	0.263498	15.5117
1.099115e-05	0.264211	15.5396
1.100904e-05	0.264926	15.5676
1.102695e-05	0.265644	15.5956
1.104490e-05	0.266366	15.6236
1.106287e-05	0.26709	15.6516
1.108087e-05	0.267816	15.6798
1.109891e-05	0.268546	15.7079
1.111697e-05	0.269278	15.7361
1.113506e-05	0.270014	15.7643
1.115318e-05	0.270752	15.7926
1.117133e-05	0.271493	15.8209
1.118951e-05	0.272237	15.8492
1.120772e-05	0.272984	15.8776
1.122595e-05	0.273734	15.906
1.124422e-05	0.274487	15.9345
1.126252e-05	0.275242	15.963
1.128085e-05	0.276001	15.9916
1.129920e-05	0.276762	16.0202
1.131759e-05	0.277527	16.0488
1.133601e-05	0.278294	16.0775
1.135446e-05	0.279064	16.1062
1.137293e-05	0.279837	16.1349
1.139144e-05	0.280614	16.1637
1.140998e-05	0.281393	16.1926
1.142854e-05	0.282175	16.2215
1.144714e-05	0.28296	16.2504
1.146577e-05	0.283748	16.2794
1.148443e-05	0.284539	16.3084
1.150312e-05	0.285333	16.3374
1.152184e-05	0.286131	16.3665
1.154059e-05	0.286931	16.3956
1.155937e-05	0.287734	16.4248
1.157818e-05	0.28854	16.454
1.159702e-05	0.289349	16.4833
1.161589e-05	0.290162	16.5126
1.163479e-05	0.290977	16.5419
1.165373e-05	0.291795	16.5713
1.167269e-05	0.292617	16.6008
1.169168e-05	0.293441	16.6302
1.171071e-05	0.294269	16.6598
1.172977e-05	0.2951	16.6893
1.174886e-05	0.295934	16.7189
1.176797e-05	0.296771	16.7486
1.178712e-05	0.297611	16.7783
1.180631e-05	0.298454	16.808
1.182552e-05	0.2993	16.8378
1.184476e-05	0.30015	16.8676
1.186404e-05	0.301002	16.8975
1.188334e-05	0.301858	16.9274
1.190268e-05	0.302717	16.9573
1.192205e-05	0.303579	16.9873
1.194145e-05	0.304444	17.0174
1.196088e-05	0.305313	17.0474
1.198035e-05	0.306184	17.0776
1.199984e-05	0.307059	17.1077
1.201937e-05	0.307937	17.138
1.203893e-05	0.308819	17.1682
1.205852e-05	0.309703	17.1985
1.207814e-05	0.310591	17.2289
1.209780e-05	0.311482	17.2593
1.211748e-05	0.312376	17.2897
1.213720e-05	0.313274	17.3202
1.215695e-05	0.314174	17.3507
1.217674e-05	0.315079	17.3813
1.219655e-05	0.315986	17.4119
1.221640e-05	0.316897	17.4426
1.223628e-05	0.317811	17.4733
1.225619e-05	0.318728	17.504
1.227614e-05	0.319649	17.5348
1.229611e-05	0.320573	17.5657
1.231612e-05	0.3215	17.5966
1.233616e-05	0.322431	17.6275
1.235624e-05	0.323365	17.6585
1.237635e-05	0.324302	17.6895
1.239649e-05	0.325243	17.7206
1.241666e-05	0.326187	17.7517
1.243687e-05	0.327134	17.7829
1.245710e-05	0.328085	17.8141
1.247738e-05	0.32904	17.8453
1.249768e-05	0.329998	17.8766
1.251802e-05	0.330959	17.908
1.253839e-05	0.331924	17.9394
1.255879e-05	0.332892	17.9708
1.257923e-05	0.333863	18.0023
1.259970e-05	0.334838	18.0338
1.262020e-05	0.335817	18.0654
1.264074e-05	0.336799	18.0971
1.266131e-05	0.337785	18.1287
1.268191e-05	0.338774	18.1605
1.270255e-05	0.339766	18.1922
1.272322e-05	0.340762	18.224
1.274393e-05	0.341762	18.2559
1.276466e-05	0.342765	18.2878
1.278544e-05	0.343772	18.3198
1.280624e-05	0.344782	18.3518
1.282708e-05	0.345796	18.3839
1.284795e-05	0.346814	18.416
1.286886e-05	0.347835	18.4481
1.288980e-05	0.34886	18.4803
1.291078e-05	0.349888	18.5126
1.293179e-05	0.35092	18.5449
1.295283e-05	0.351956	18.5772
1.297391e-05	0.352995	18.6096
1.299502e-05	0.354038	18.642
1.301617e-05	0.355085	18.6745
1.303735e-05	0.356135	18.7071
1.305857e-05	0.357189	18.7396
1.307982e-05	0.358247	18.7723
1.310110e-05	0.359308	18.805
1.312242e-05	0.360373	18.8377
1.314378e-05	0.361442	18.8705
1.316517e-05	0.362515	18.9033
1.318659e-05	0.363591	18.9362
1.320805e-05	0.364671	18.9691
1.322954e-05	0.365755	19.0021
1.325107e-05	0.366843	19.0351
1.327263e-05	0.367934	19.0682
1.329423e-05	0.36903	19.1013
1.331586e-05	0.370129	19.1345
1.333753e-05	0.371232	19.1677
1.335924e-05	0.372339	19.201
1.338098e-05	0.373449	19.2343
1.340275e-05	0.374564	19.2677
1.342456e-05	0.375683	19.3011
1.344641e-05	0.376805	19.3346
1.346829e-05	0.377931	19.3681
1.349021e-05	0.379061	19.4017
1.351216e-05	0.380195	19.4353
1.353415e-05	0.381333	19.469
1.355617e-05	0.382475	19.5028
1.357823e-05	0.383621	19.5365
1.360033e-05	0.384771	19.5704
1.362246e-05	0.385925	19.6043
1.364463e-05	0.387083	19.6382
1.366683e-05	0.388245	19.6722
1.368907e-05	0.38941	19.7062
1.371135e-05	0.39058	19.7403
1.373366e-05	0.391754	19.7744
1.375601e-05	0.392932	19.8086
1.377839e-05	0.394114	19.8429
1.380082e-05	0.395301	19.8772
1.382327e-05	0.396491	19.9115
1.384577e-05	0.397685	19.9459
1.386830e-05	0.398884	19.9804
1.389087e-05	0.400086	20.0149
1.391347e-05	0.401293	20.0494
1.393611e-05	0.402504	20.084
1.395879e-05	0.403719	20.1187
1.398151e-05	0.404938	20.1534
1.400426e-05	0.406161	20.1881
1.402705e-05	0.407389	20.223
1.404987e-05	0.408621	20.2578
1.407274e-05	0.409857	20.2928
1.409564e-05	0.411097	20.3277
1.411858e-05	0.412341	20.3628
1.414155e-05	0.41359	20.3978
1.416456e-05	0.414843	20.433
1.418761e-05	0.416101	20.4682
1.421070e-05	0.417362	20.5034
1.423383e-05	0.418628	20.5387
1.425699e-05	0.419898	20.574
1.428019e-05	0.421173	20.6094
1.430343e-05	0.422452	20.6449
1.432670e-05	0.423735	20.6804
1.435002e-05	0.425023	20.716
1.437337e-05	0.426315	20.7516
1.439676e-05	0.427612	20.7873
1.442019e-05	0.428913	20.823
1.444365e-05	0.430218	20.8588
1.446716e-05	0.431528	20.8946
1.449070e-05	0.432842	20.9305
1.451428e-05	0.434161	20.9664
1.453790e-05	0.435484	21.0024
1.456156e-05	0.436812	21.0385
1.458525e-05	0.438144	21.0746
1.460899e-05	0.439481	21.1108
1.463276e-05	0.440822	21.147
1.465657e-05	0.442168	21.1832
1.468042e-05	0.443518	21.2196
1.470431e-05	0.444873	21.256
1.472824e-05	0.446233	21.2924
1.475221e-05	0.447597	21.3289
1.477622e-05	0.448966	21.3654
1.480026e-05	0.450339	21.402
1.482435e-05	0.451717	21.4387
1.484847e-05	0.4531	21.4754
1.487263e-05	0.454488	21.5122
1.489683e-05	0.45588	21.549
1.492108e-05	0.457277	21.5859
1.494536e-05	0.458678	21.6229
1.496968e-05	0.460085	21.6599
1.499404e-05	0.461496	21.6969
1.501844e-05	0.462912	21.734
1.504288e-05	0.464332	21.7712
1.506736e-05	0.465758	21.8084
1.509188e-05	0.467188	21.8457
1.511643e-05	0.468623	21.8831
1.514103e-05	0.470063	21.9205
1.516567e-05	0.471508	21.9579
1.519035e-05	0.472957	21.9954
1.521507e-05	0.474412	22.033
1.523983e-05	0.475871	22.0706
1.526463e-05	0.477335	22.1083
1.528947e-05	0.478805	22.1461
1.531435e-05	0.480279	22.1839
1.533927e-05	0.481758	22.2217
1.536423e-05	0.483242	22.2596
1.538924e-05	0.484731	22.2976
1.541428e-05	0.486226	22.3356
1.543936e-05	0.487725	22.3737
1.546449e-05	0.489229	22.4119
1.548965e-05	0.490738	22.4501
1.551486e-05	0.492252	22.4884
1.554011e-05	0.493772	22.5267
1.556539e-05	0.495296	22.5651
1.559072e-05	0.496826	22.6035
1.561610e-05	0.498361	22.642
1.564151e-05	0.499901	22.6806
1.566696e-05	0.501446	22.7192
1.569246e-05	0.502996	22.7579
1.571799e-05	0.504551	22.7966
1.574357e-05	0.506112	22.8354
1.576919e-05	0.507678	22.8743
1.579485e-05	0.509249	22.9132
1.582055e-05	0.510826	22.9522
1.584630e-05	0.512407	22.9912
1.587209e-05	0.513994	23.0303
1.589791e-05	0.515587	23.0695
1.592378e-05	0.517184	23.1087
1.594970e-05	0.518787	23.148
1.597565e-05	0.520395	23.1874
1.600165e-05	0.522009	23.2268
1.602769e-05	0.523628	23.2662
1.605377e-05	0.525253	23.3057
1.607990e-05	0.526883	23.3453
1.610606e-05	0.528518	23.385
1.613227e-05	0.530159	23.4247
1.615852e-05	0.531805	23.4645
1.618482e-05	0.533457	23.5043
1.621116e-05	0.535114	23.5442
1.623754e-05	0.536777	23.5841
1.626396e-05	0.538445	23.6241
1.629043e-05	0.540119	23.6642
1.631694e-05	0.541799	23.7044
1.634349e-05	0.543484	23.7446
1.637008e-05	0.545175	23.7848
1.639672e-05	0.546871	23.8252
1.642341e-05	0.548573	23.8655
1.645013e-05	0.550281	23.906
1.647690e-05	0.551994	23.9465
1.650371e-05	0.553713	23.9871
1.653057e-05	0.555438	24.0277
1.655747e-05	0.557169	24.0684
1.658441e-05	0.558905	24.1092
1.661140e-05	0.560647	24.15
1.663843e-05	0.562395	24.1909
1.666551e-05	0.564149	24.2319
1.669263e-05	0.565908	24.2729
1.671979e-05	0.567674	24.3139
1.674700e-05	0.569445	24.3551
1.677425e-05	0.571222	24.3963
1.680155e-05	0.573005	24.4376
1.682889e-05	0.574794	24.4789
1.685628e-05	0.576589	24.5203
1.688371e-05	0.57839	24.5618
1.691118e-05	0.580197	24.6033
1.693870e-05	0.582009	24.6449
1.696627e-05	0.583828	24.6865
1.699388e-05	0.585653	24.7283
1.702153e-05	0.587484	24.7701
1.704923e-05	0.589321	24.8119
1.707697e-05	0.591164	24.8538
1.710476e-05	0.593014	24.8958
1.713260e-05	0.594869	24.9378
1.716048e-05	0.59673	24.98
1.718840e-05	0.598598	25.0221
1.721637e-05	0.600472	25.0644
1.724439e-05	0.602352	25.1067
1.727245e-05	0.604238	25.1491
1.730056e-05	0.606131	25.1915
1.732871e-05	0.60803	25.234
1.735691e-05	0.609935	25.2766
1.738516e-05	0.611846	25.3192
1.741345e-05	0.613764	25.3619
1.744178e-05	0.615688	25.4047
1.747017e-05	0.617619	25.4475
1.749860e-05	0.619556	25.4904
1.752707e-05	0.621499	25.5334
1.755559e-05	0.623449	25.5764
1.758416e-05	0.625405	25.6195
1.761278e-05	0.627367	25.6627
1.764144e-05	0.629336	25.7059
1.767015e-05	0.631312	25.7493
1.769890e-05	0.633294	25.7926
1.772770e-05	0.635283	25.8361
1.775655e-05	0.637278	25.8796
1.778545e-05	0.63928	25.9231
1.781439e-05	0.641289	25.9668
1.784338e-05	0.643304	26.0105
1.787241e-05	0.645325	26.0543
1.790150e-05	0.647354	26.0981
1.793063e-05	0.649389	26.142
1.795981e-05	0.651431	26.186
1.798903e-05	0.65348	26.2301
1.801831e-05	0.655535	26.2742
1.804763e-05	0.657597	26.3184
1.807700e-05	0.659666	26.3627
1.810641e-05	0.661742	26.407
1.813588e-05	0.663825	26.4514
1.816539e-05	0.665914	26.4958
1.819495e-05	0.66801	26.5404
1.822456e-05	0.670114	26.585
1.825422e-05	0.672224	26.6297
1.828392e-05	0.674341	26.6744
1.831368e-05	0.676465	26.7192
1.834348e-05	0.678597	26.7641
1.837333e-05	0.680735	26.8091
1.840323e-05	0.68288	26.8541
1.843317e-05	0.685032	26.8992
1.846317e-05	0.687192	26.9443
1.849322e-05	0.689358	26.9896
1.852331e-05	0.691532	27.0349
1.855345e-05	0.693713	27.0803
1.858364e-05	0.695901	27.1257
1.861389e-05	0.698096	27.1712
1.864418e-05	0.700299	27.2168
1.867452e-05	0.702508	27.2625
1.870491e-05	0.704725	27.3082
1.873534e-05	0.70695	27.354
1.876583e-05	0.709181	27.3999
1.879637e-05	0.71142	27.4458
1.882696e-05	0.713666	27.4919
1.885759e-05	0.71592	27.5379
1.888828e-05	0.718181	27.5841
1.891902e-05	0.72045	27.6303
1.894980e-05	0.722726	27.6767
1.898064e-05	0.725009	27.723
1.901153e-05	0.7273	27.7695
1.904247e-05	0.729599	27.816
1.907345e-05	0.731905	27.8626
1.910449e-05	0.734219	27.9093
1.913558e-05	0.73654	27.956
1.916672e-05	0.738869	28.0028
1.919791e-05	0.741205	28.0497
1.922915e-05	0.74355	28.0967
1.926044e-05	0.745902	28.1437
1.929179e-05	0.748261	28.1908
1.932318e-05	0.750629	28.238
1.935462e-05	0.753004	28.2853
1.938612e-05	0.755387	28.3326
1.941767e-05	0.757778	28.38
1.944927e-05	0.760176	28.4275
1.948092e-05	0.762583	28.4751
1.951262e-05	0.764997	28.5227
1.954437e-05	0.76742	28.5704
1.957617e-05	0.76985	28.6182
1.960803e-05	0.772288	28.666
1.963994e-05	0.774735	28.714
1.967190e-05	0.777189	28.762
1.970391e-05	0.779651	28.81
1.973597e-05	0.782122	28.8582
1.976809e-05	0.784601	28.9064
1.980026e-05	0.787087	28.9547
1.983248e-05	0.789582	29.0031
1.986475e-05	0.792085	29.0516
1.989708e-05	0.794596	29.1001
1.992946e-05	0.797116	29.1487
1.996189e-05	0.799644	29.1974
1.999437e-05	0.80218	29.2462
2.002691e-05	0.804724	29.295
2.005950e-05	0.807277	29.3439
2.009214e-05	0.809838	29.3929
2.012484e-05	0.812407	29.442
2.015759e-05	0.814985	29.4911
2.019039e-05	0.817572	29.5404
2.022325e-05	0.820166	29.5897
2.025616e-05	0.82277	29.639
2.028912e-05	0.825382	29.6885
2.032214e-05	0.828002	29.738
2.035521e-05	0.830631	29.7876
2.038833e-05	0.833269	29.8373
2.042151e-05	0.835915	29.8871
2.045474e-05	0.83857	29.9369
2.048803e-05	0.841233	29.9869
2.052137e-05	0.843906	30.0369
2.055476e-05	0.846587	30.0869
2.058821e-05	0.849276	30.1371
2.062171e-05	0.851975	30.1873
2.065527e-05	0.854683	30.2377
2.068888e-05	0.857399	30.2881
2.072255e-05	0.860124	30.3385
2.075627e-05	0.862858	30.3891
2.079005e-05	0.865602	30.4397
2.082388e-05	0.868354	30.4904
2.085777e-05	0.871115	30.5412
2.089171e-05	0.873885	30.5921
2.092571e-05	0.876664	30.6431
2.095976e-05	0.879452	30.6941
2.099387e-05	0.88225	30.7452
2.102803e-05	0.885056	30.7964
2.106225e-05	0.887872	30.8477
2.109652e-05	0.890697	30.899
2.113085e-05	0.893531	30.9505
2.116524e-05	0.896375	31.002
2.119968e-05	0.899227	31.0536
2.123418e-05	0.902089	31.1053
2.126873e-05	0.904961	31.157
2.130335e-05	0.907842	31.2089
2.133801e-05	0.910732	31.2608
2.137274e-05	0.913632	31.3128
2.140752e-05	0.916541	31.3649
2.144235e-05	0.91946	31.417
2.147725e-05	0.922388	31.4693
2.151220e-05	0.925326	31.5216
2.154720e-05	0.928273	31.574
2.158227e-05	0.93123	31.6265
2.161739e-05	0.934197	31.6791
2.165256e-05	0.937173	31.7318
2.168780e-05	0.940159	31.7845
2.172309e-05	0.943155	31.8374
2.175844e-05	0.946161	31.8903
2.179385e-05	0.949176	31.9433
2.182932e-05	0.952201	31.9964
2.186484e-05	0.955237	32.0495
2.190042e-05	0.958282	32.1028
2.193606e-05	0.961337	32.1561
2.197175e-05	0.964402	32.2095
2.200751e-05	0.967477	32.263
2.204332e-05	0.970562	32.3166
2.207919e-05	0.973657	32.3703
2.211512e-05	0.976762	32.424
2.215111e-05	0.979878	32.4779
2.218716e-05	0.983003	32.5318
2.222326e-05	0.986139	32.5858
2.225943e-05	0.989285	32.6399
2.229565e-05	0.992441	32.6941
2.233193e-05	0.995608	32.7483
2.236827e-05	0.998785	32.8027
2.240467e-05	1.00197	32.8571
2.244113e-05	1.00517	32.9116
2.247765e-05	1.00838	32.9662
2.251423e-05	1.0116	33.0209
2.255086e-05	1.01483	33.0757
2.258756e-05	1.01806	33.1306
2.262432e-05	1.02131	33.1855
2.266113e-05	1.02458	33.2406
2.269801e-05	1.02785	33.2957
2.273495e-05	1.03113	33.3509
2.277194e-05	1.03442	33.4062
2.280900e-05	1.03773	33.4616
2.284612e-05	1.04104	33.5171
2.288330e-05	1.04436	33.5726
2.292053e-05	1.0477	33.6283
2.295783e-05	1.05105	33.684
2.299519e-05	1.05441	33.7398
2.303261e-05	1.05777	33.7957
2.307009e-05	1.06115	33.8517
2.310763e-05	1.06454	33.9078
2.314524e-05	1.06795	33.964
2.318290e-05	1.07136	34.0203
2.322063e-05	1.07478	34.0766
2.325841e-05	1.07822	34.1331
2.329626e-05	1.08166	34.1896
2.333417e-05	1.08512	34.2462
2.337214e-05	1.08859	34.3029
2.341018e-05	1.09207	34.3597
2.344827e-05	1.09556	34.4166
2.348643e-05	1.09906	34.4736
2.352465e-05	1.10258	34.5307
2.356293e-05	1.1061	34.5878
2.360128e-05	1.10964	34.6451
2.363968e-05	1.11319	34.7024
2.367815e-05	1.11675	34.7599
2.371668e-05	1.12032	34.8174
2.375528e-05	1.12391	34.875
2.379393e-05	1.1275	34.9327
2.383265e-05	1.13111	34.9905
2.387144e-05	1.13473	35.0484
2.391028e-05	1.13836	35.1064
2.394919e-05	1.142	35.1645
2.398817e-05	1.14565	35.2226
2.402720e-05	1.14932	35.2809
2.406630e-05	1.153	35.3392
2.410546e-05	1.15669	35.3977
2.414469e-05	1.16039	35.4562
2.418398e-05	1.1641	35.5148
2.422334e-05	1.16783	35.5735
2.426275e-05	1.17157	35.6323
2.430224e-05	1.17532	35.6912
2.434178e-05	1.17908	35.7502
2.438140e-05	1.18285	35.8093
2.442107e-05	1.18664	35.8685
2.446081e-05	1.19044	35.9278
2.450062e-05	1.19425	35.9871
2.454049e-05	1.19808	36.0466
2.458042e-05	1.20191	36.1062
2.462042e-05	1.20576	36.1658
2.466049e-05	1.20962	36.2256
2.470062e-05	1.2135	36.2854
2.474081e-05	1.21738	36.3453
2.478107e-05	1.22128	36.4054
2.482140e-05	1.2252	36.4655
2.486179e-05	1.22912	36.5257
2.490225e-05	1.23306	36.586
2.494277e-05	1.23701	36.6464
2.498336e-05	1.24097	36.7069
2.502402e-05	1.24495	36.7675
2.506474e-05	1.24894	36.8282
2.510553e-05	1.25294	36.889
2.514638e-05	1.25695	36.9499
2.518730e-05	1.26098	37.0109
2.522829e-05	1.26502	37.072
2.526934e-05	1.26908	37.1332
2.531046e-05	1.27314	37.1944
2.535165e-05	1.27722	37.2558
2.539291e-05	1.28132	37.3173
2.543423e-05	1.28543	37.3789
2.547562e-05	1.28955	37.4405
2.551707e-05	1.29368	37.5023
2.555860e-05	1.29783	37.5641
2.560019e-05	1.30199	37.6261
2.564185e-05	1.30616	37.6881
2.568358e-05	1.31035	37.7503
2.572537e-05	1.31455	37.8126
2.576723e-05	1.31877	37.8749
2.580916e-05	1.323	37.9374
2.585116e-05	1.32724	37.9999
2.589323e-05	1.3315	38.0625
2.593537e-05	1.33577	38.1253
2.597757e-05	1.34005	38.1881
2.601985e-05	1.34435	38.2511
2.606219e-05	1.34866	38.3141
2.610460e-05	1.35299	38.3773
2.614708e-05	1.35733	38.4405
2.618963e-05	1.36168	38.5039
2.623225e-05	1.36605	38.5673
2.627493e-05	1.37043	38.6308
2.631769e-05	1.37483	38.6945
2.636052e-05	1.37924	38.7582
2.640341e-05	1.38367	38.8221
2.644638e-05	1.38811	38.886
2.648942e-05	1.39256	38.9501
2.653252e-05	1.39703	39.0142
2.657570e-05	1.40151	39.0785
2.661895e-05	1.40601	39.1428
2.666226e-05	1.41052	39.2073
2.670565e-05	1.41505	39.2719
2.674911e-05	1.41959	39.3365
2.679264e-05	1.42415	39.4013
2.683624e-05	1.42872	39.4661
2.687991e-05	1.4333	39.5311
2.692365e-05	1.43791	39.5962
2.696746e-05	1.44252	39.6613
2.701135e-05	1.44715	39.7266
2.705530e-05	1.4518	39.792
2.709933e-05	1.45646	39.8575
2.714343e-05	1.46113	39.9231
2.718760e-05	1.46583	39.9888
2.723184e-05	1.47053	40.0546
2.727616e-05	1.47525	40.1205
2.732054e-05	1.47999	40.1865
2.736500e-05	1.48474	40.2526
2.740953e-05	1.48951	40.3188
2.745414e-05	1.4943	40.3851
2.749881e-05	1.49909	40.4515
2.754356e-05	1.50391	40.5181
2.758838e-05	1.50874	40.5847
2.763328e-05	1.51358	40.6514
2.767825e-05	1.51845	40.7183
2.772329e-05	1.52332	40.7852
2.776840e-05	1.52822	40.8523
2.781359e-05	1.53312	40.9194
2.785885e-05	1.53805	40.9867
2.790418e-05	1.54299	41.0541
2.794959e-05	1.54795	41.1216
2.799507e-05	1.55292	41.1892
2.804063e-05	1.55791	41.2569
2.808626e-05	1.56291	41.3247
2.813197e-05	1.56794	41.3926
2.817775e-05	1.57297	41.4606
2.822360e-05	1.57803	41.5287
2.826953e-05	1.5831	41.5969
2.831553e-05	1.58819	41.6653
2.836161e-05	1.59329	41.7337
2.840776e-05	1.59841	41.8023
2.845399e-05	1.60355	41.871
2.850029e-05	1.6087	41.9397
2.854667e-05	1.61387	42.0086
2.859313e-05	1.61905	42.0776
2.863966e-05	1.62426	42.1467
2.868626e-05	1.62948	42.2159
2.873294e-05	1.63472	42.2853
2.877970e-05	1.63997	42.3547
2.882653e-05	1.64524	42.4242
2.887344e-05	1.65053	42.4939
2.892043e-05	1.65583	42.5636
2.896749e-05	1.66116	42.6335
2.901463e-05	1.6665	42.7035
2.906184e-05	1.67185	42.7736
2.910914e-05	1.67723	42.8438
2.915651e-05	1.68262	42.9141
2.920395e-05	1.68803	42.9845
2.925148e-05	1.69346	43.0551
2.929908e-05	1.6989	43.1257
2.934676e-05	1.70436	43.1965
2.939451e-05	1.70984	43.2674
2.944235e-05	1.71534	43.3384
2.949026e-05	1.72086	43.4095
2.953825e-05	1.72639	43.4807
2.958631e-05	1.73194	43.552
2.963446e-05	1.73751	43.6234
2.968268e-05	1.7431	43.695
2.973099e-05	1.7487	43.7667
2.977937e-05	1.75433	43.8384
2.982783e-05	1.75997	43.9103
2.987637e-05	1.76563	43.9823
2.992498e-05	1.77131	44.0545
2.997368e-05	1.777	44.1267
3.002246e-05	1.78272	44.199
3.007131e-05	1.78845	44.2715
3.012025e-05	1.7942	44.3441
3.016926e-05	1.79998	44.4168
3.021836e-05	1.80576	44.4896
3.026753e-05	1.81157	44.5625
3.031679e-05	1.8174	44.6355
3.036612e-05	1.82325	44.7087
3.041554e-05	1.82911	44.782
3.046503e-05	1.83499	44.8554
3.051461e-05	1.8409	44.9289
3.056426e-05	1.84682	45.0025
3.061400e-05	1.85276	45.0762
3.066382e-05	1.85872	45.1501
3.071372e-05	1.8647	45.224
3.076370e-05	1.8707	45.2981
3.081376e-05	1.87672	45.3723
3.086390e-05	1.88276	45.4467
3.091413e-05	1.88881	45.5211
3.096444e-05	1.89489	45.5956
3.101482e-05	1.90099	45.6703
3.106529e-05	1.9071	45.7451
3.111585e-05	1.91324	45.82
3.116648e-05	1.9194	45.8951
3.121720e-05	1.92557	45.9702
3.126800e-05	1.93177	46.0455
3.131888e-05	1.93798	46.1209
3.136985e-05	1.94422	46.1964
3.142089e-05	1.95048	46.272
3.147203e-05	1.95675	46.3478
3.152324e-05	1.96305	46.4236
3.157454e-05	1.96937	46.4996
3.162592e-05	1.9757	46.5757
3.167738e-05	1.98206	46.6519
3.172893e-05	1.98844	46.7283
3.178057e-05	1.99484	46.8048
3.183228e-05	2.00126	46.8813
3.188408e-05	2.0077	46.9581
3.193597e-05	2.01416	47.0349
3.198794e-05	2.02064	47.1118
3.203999e-05	2.02715	47.1889
3.209213e-05	2.03367	47.2661
3.214435e-05	2.04022	47.3434
3.219666e-05	2.04678	47.4209
3.224906e-05	2.05337	47.4985
3.230154e-05	2.05998	47.5761
3.235410e-05	2.06661	47.654
3.240675e-05	2.07326	47.7319
3.245948e-05	2.07994	47.8099
3.251231e-05	2.08663	47.8881
3.256521e-05	2.09335	47.9664
3.261821e-05	2.10009	48.0449
3.267129e-05	2.10685	48.1234
3.272445e-05	2.11363	48.2021
3.277771e-05	2.12043	48.2809
3.283104e-05	2.12726	48.3598
3.288447e-05	2.13411	48.4389
3.293798e-05	2.14098	48.5181
3.299158e-05	2.14787	48.5974
3.304527e-05	2.15478	48.6768
3.309905e-05	2.16172	48.7563
3.315291e-05	2.16868	48.836
3.320686e-05	2.17566	48.9158
3.326089e-05	2.18266	48.9958
3.331502e-05	2.18969	49.0758
3.336923e-05	2.19674	49.156
3.342354e-05	2.20381	49.2363
3.347793e-05	2.21091	49.3168
3.353240e-05	2.21803	49.3973
3.358697e-05	2.22517	49.478
3.364163e-05	2.23233	49.5588
3.369637e-05	2.23952	49.6398
3.375121e-05	2.24673	49.7209
3.380613e-05	2.25396	49.8021
3.386114e-05	2.26122	49.8834
3.391625e-05	2.2685	49.9649
3.397144e-05	2.27581	50.0465
3.402672e-05	2.28313	50.1282
3.408209e-05	2.29048	50.21
3.413755e-05	2.29786	50.292
3.419311e-05	2.30526	50.3741
3.424875e-05	2.31268	50.4564
3.430448e-05	2.32013	50.5387
3.436030e-05	2.3276	50.6212
3.441622e-05	2.33509	50.7039
3.447222e-05	2.34261	50.7866
3.452832e-05	2.35016	50.8695
3.458451e-05	2.35772	50.9525
3.464079e-05	2.36532	51.0357
3.469716e-05	2.37293	51.119
3.475362e-05	2.38057	51.2024
3.481018e-05	2.38824	51.286
3.486682e-05	2.39593	51.3696
3.492356e-05	2.40364	51.4535
3.498039e-05	2.41138	51.5374
3.503732e-05	2.41915	51.6215
3.509433e-05	2.42694	51.7057
3.515144e-05	2.43476	51.79
3.520864e-05	2.4426	51.8745
3.526594e-05	2.45046	51.9591
3.532333e-05	2.45835	52.0439
3.538081e-05	2.46627	52.1288
3.543839e-05	2.47421	52.2138
3.549605e-05	2.48218	52.2989
3.555382e-05	2.49017	52.3842
3.561167e-05	2.49819	52.4696
3.566962e-05	2.50624	52.5552
3.572767e-05	2.51431	52.6409
3.578581e-05	2.52241	52.7267
3.584404e-05	2.53053	52.8127
3.590237e-05	2.53868	52.8987
3.596080e-05	2.54685	52.985
3.601932e-05	2.55506	53.0713
3.607793e-05	2.56328	53.1579
3.613664e-05	2.57154	53.2445
3.619545e-05	2.57982	53.3313
3.625435e-05	2.58813	53.4182
3.631334e-05	2.59646	53.5052
3.637244e-05	2.60483	53.5924
3.643162e-05	2.61321	53.6798
3.649091e-05	2.62163	53.7672
3.655029e-05	2.63007	53.8548
3.660977e-05	2.63854	53.9426
3.666934e-05	2.64704	54.0305
3.672902e-05	2.65557	54.1185
3.678879e-05	2.66412	54.2066
3.684865e-05	2.6727	54.2949
3.690862e-05	2.68131	54.3834
3.696868e-05	2.68994	54.4719
3.702884e-05	2.6986	54.5607
3.708909e-05	2.70729	54.6495
3.714945e-05	2.71601	54.7385
3.720990e-05	2.72476	54.8277
3.727045e-05	2.73354	54.9169
3.733110e-05	2.74234	55.0064
3.739185e-05	2.75117	55.0959
3.745270e-05	2.76003	55.1856
3.751365e-05	2.76892	55.2755
3.757469e-05	2.77784	55.3654
3.763584e-05	2.78678	55.4556
3.769708e-05	2.79576	55.5458
3.775843e-05	2.80476	55.6363
3.781987e-05	2.8138	55.7268
3.788142e-05	2.82286	55.8175
3.794306e-05	2.83195	55.9084
3.800481e-05	2.84107	55.9993
3.806665e-05	2.85022	56.0905
3.812860e-05	2.8594	56.1817
3.819065e-05	2.86861	56.2732
3.825279e-05	2.87784	56.3647
3.831504e-05	2.88711	56.4564
3.837739e-05	2.89641	56.5483
3.843984e-05	2.90574	56.6403
3.850240e-05	2.9151	56.7324
3.856505e-05	2.92448	56.8247
3.862781e-05	2.9339	56.9171
3.869067e-05	2.94335	57.0097
3.875363e-05	2.95283	57.1024
3.881669e-05	2.96234	57.1953
3.887986e-05	2.97188	57.2883
3.894313e-05	2.98145	57.3815
3.900650e-05	2.99105	57.4748
3.906998e-05	3.00068	57.5682
3.913355e-05	3.01035	57.6618
3.919724e-05	3.02004	57.7556
3.926102e-05	3.02977	57.8495
3.932491e-05	3.03952	57.9435
3.938891e-05	3.04931	58.0377
3.945300e-05	3.05913	58.1321
3.951721e-05	3.06898	58.2266
3.958151e-05	3.07886	58.3212
3.964592e-05	3.08878	58.416
3.971044e-05	3.09873	58.5109
3.977506e-05	3.1087	58.606
3.983979e-05	3.11871	58.7013
3.990462e-05	3.12876	58.7966
3.996955e-05	3.13883	58.8922
4.003460e-05	3.14894	58.9879
4.009974e-05	3.15908	59.0837
4.016500e-05	3.16925	59.1797
4.023036e-05	3.17946	59.2759
4.029583e-05	3.1897	59.3721
4.036140e-05	3.19997	59.4686
4.042708e-05	3.21027	59.5652
4.049287e-05	3.22061	59.6619
4.055876e-05	3.23098	59.7588
4.062476e-05	3.24138	59.8559
4.069087e-05	3.25182	59.9531
4.075709e-05	3.26229	60.0505
4.082341e-05	3.27279	60.148
4.088984e-05	3.28333	60.2456
4.095638e-05	3.2939	60.3435
4.102303e-05	3.30451	60.4414
4.108979e-05	3.31515	60.5396
4.115665e-05	3.32582	60.6379
4.122363e-05	3.33653	60.7363
4.129071e-05	3.34727	60.8349
4.135790e-05	3.35805	60.9336
4.142521e-05	3.36886	61.0325
4.149262e-05	3.37971	61.1316
4.156014e-05	3.39059	61.2308
4.162777e-05	3.4015	61.3302
4.169551e-05	3.41245	61.4297
4.176336e-05	3.42344	61.5294
4.183132e-05	3.43446	61.6292
4.189940e-05	3.44552	61.7292
4.196758e-05	3.45661	61.8294
4.203587e-05	3.46774	61.9297
4.210428e-05	3.4789	62.0302
4.217279e-05	3.4901	62.1308
4.224142e-05	3.50134	62.2316
4.231016e-05	3.51261	62.3325
4.237901e-05	3.52392	62.4336
4.244798e-05	3.53526	62.5349
4.251705e-05	3.54664	62.6363
4.258624e-05	3.55806	62.7379
4.265554e-05	3.56951	62.8396
4.272495e-05	3.581	62.9415
4.279448e-05	3.59253	63.0436
4.286412e-05	3.60409	63.1458
4.293387e-05	3.61569	63.2482
4.300374e-05	3.62733	63.3507
4.307372e-05	3.63901	63.4534
4.314381e-05	3.65072	63.5563
4.321402e-05	3.66247	63.6593
4.328434e-05	3.67426	63.7625
4.335478e-05	3.68608	63.8659
4.342533e-05	3.69795	63.9694
4.349600e-05	3.70985	64.0731
4.356678e-05	3.72179	64.1769
4.363767e-05	3.73377	64.2809
4.370869e-05	3.74578	64.3851
4.377981e-05	3.75784	64.4894
4.385106e-05	3.76993	64.5939
4.392242e-05	3.78207	64.6985
4.399389e-05	3.79424	64.8034
4.406548e-05	3.80645	64.9083
4.413719e-05	3.8187	65.0135
4.420901e-05	3.83099	65.1188
4.428096e-05	3.84332	65.2243
4.435301e-05	3.85568	65.3299
4.442519e-05	3.86809	65.4357
4.449748e-05	3.88054	65.5417
4.456989e-05	3.89302	65.6479
4.464242e-05	3.90555	65.7542
4.471507e-05	3.91812	65.8606
4.478783e-05	3.93073	65.9673
4.486072e-05	3.94337	66.0741
4.493372e-05	3.95606	66.1811
4.500684e-05	3.96879	66.2882
4.508008e-05	3.98156	66.3955
4.515344e-05	3.99437	66.503
4.522692e-05	4.00722	66.6106
4.530051e-05	4.02011	66.7185
4.537423e-05	4.03305	66.8265
4.544807e-05	4.04602	66.9346
4.552203e-05	4.05904	67.0429
4.559611e-05	4.0721	67.1514
4.567030e-05	4.0852	67.2601
4.574462e-05	4.09834	67.3689
4.581906e-05	4.11152	67.4779
4.589363e-05	4.12475	67.5871
4.596831e-05	4.13802	67.6965
4.604311e-05	4.15133	67.806
4.611804e-05	4.16468	67.9157
4.619309e-05	4.17808	68.0255
4.626826e-05	4.19152	68.1355
4.634355e-05	4.205	68.2458
4.641896e-05	4.21853	68.3561
4.649450e-05	4.2321	68.4667
4.657016e-05	4.24571	68.5774
4.664595e-05	4.25936	68.6883
4.672185e-05	4.27306	68.7994
4.679788e-05	4.28681	68.9106
4.687404e-05	4.30059	69.022
4.695032e-05	4.31442	69.1336
4.702672e-05	4.3283	69.2454
4.710324e-05	4.34222	69.3573
4.717990e-05	4.35618	69.4694
4.725667e-05	4.37019	69.5817
4.733357e-05	4.38424	69.6942
4.741060e-05	4.39834	69.8068
4.748775e-05	4.41248	69.9197
4.756503e-05	4.42667	70.0327
4.764243e-05	4.44091	70.1458
4.771996e-05	4.45519	70.2592
4.779761e-05	4.46951	70.3727
4.787539e-05	4.48388	70.4864
4.795330e-05	4.4983	70.6003
4.803134e-05	4.51276	70.7143
4.810950e-05	4.52727	70.8286
4.818779e-05	4.54182	70.943
4.826620e-05	4.55643	71.0576
4.834475e-05	4.57107	71.1723
4.842342e-05	4.58577	71.2873
4.850222e-05	4.60051	71.4024
4.858115e-05	4.6153	71.5177
4.866020e-05	4.63014	71.6332
4.873939e-05	4.64502	71.7489
4.881870e-05	4.65995	71.8647
4.889814e-05	4.67493	71.9808
4.897771e-05	4.68995	72.097
4.905742e-05	4.70503	72.2134
4.913725e-05	4.72015	72.3299
4.921721e-05	4.73532	72.4467
4.929730e-05	4.75054	72.5636
4.937752e-05	4.76581	72.6808
4.945787e-05	4.78112	72.7981
4.953836e-05	4.79649	72.9155
4.961897e-05	4.8119	73.0332
4.969972e-05	4.82737	73.1511
4.978059e-05	4.84288	73.2691
4.986160e-05	4.85844	73.3873
4.994274e-05	4.87405	73.5057
5.002401e-05	4.88971	73.6243
5.010542e-05	4.90543	73.7431
5.018695e-05	4.92119	73.862
5.026862e-05	4.937	73.9812
5.035042e-05	4.95286	74.1005
5.043236e-05	4.96877	74.22
5.051443e-05	4.98474	74.3397
5.059663e-05	5.00075	74.4596
5.067897e-05	5.01682	74.5797
5.076144e-05	5.03293	74.6999
5.084404e-05	5.0491	74.8204
5.092678e-05	5.06532	74.941
5.100965e-05	5.08159	75.0618
5.109266e-05	5.09791	75.1829
5.117580e-05	5.11429	75.304
5.125908e-05	5.13071	75.4254
5.134250e-05	5.14719	75.547
5.142605e-05	5.16373	75.6688
5.150973e-05	5.18031	75.7907
5.159355e-05	5.19695	75.9129
5.167751e-05	5.21364	76.0352
5.176161e-05	5.23038	76.1577
5.184584e-05	5.24718	76.2804
5.193021e-05	5.26403	76.4033
5.201471e-05	5.28093	76.5264
5.209936e-05	5.29789	76.6497
5.218414e-05	5.3149	76.7732
5.226906e-05	5.33196	76.8968
5.235411e-05	5.34908	77.0207
5.243931e-05	5.36626	77.1448
5.252464e-05	5.38349	77.269
5.261012e-05	5.40077	77.3934
5.269573e-05	5.41811	77.5181
5.278148e-05	5.4355	77.6429
5.286737e-05	5.45295	77.7679
5.295341e-05	5.47045	77.8931
5.303958e-05	5.48801	78.0185
5.312589e-05	5.50563	78.1441
5.321234e-05	5.5233	78.2699
5.329893e-05	5.54103	78.3959
5.338567e-05	5.55881	78.5221
5.347254e-05	5.57666	78.6485
5.355956e-05	5.59455	78.775
5.364671e-05	5.61251	78.9018
5.373401e-05	5.63052	79.0288
5.382145e-05	5.64859	79.1559
5.390904e-05	5.66671	79.2833
5.399676e-05	5.6849	79.4109
5.408463e-05	5.70314	79.5386
5.417265e-05	5.72144	79.6666
5.426080e-05	5.7398	79.7947
5.434910e-05	5.75821	79.9231
5.443754e-05	5.77669	80.0516
5.452613e-05	5.79522	80.1804
5.461486e-05	5.81381	80.3093
5.470373e-05	5.83246	80.4385
5.479275e-05	5.85117	80.5678
5.488192e-05	5.86994	80.6973
5.497123e-05	5.88877	80.8271
5.506068e-05	5.90766	80.957
5.515028e-05	5.92661	81.0872
5.524003e-05	5.94561	81.2175
5.532992e-05	5.96468	81.3481
5.541996e-05	5.98381	81.4788
5.551014e-05	6.003	81.6098
5.560048e-05	6.02225	81.7409
5.569095e-05	6.04157	81.8723
5.578158e-05	6.06094	82.0039
5.587235e-05	6.08037	82.1356
5.596327e-05	6.09987	82.2676
5.605434e-05	6.11943	82.3998
5.614556e-05	6.13905	82.5321
5.623693e-05	6.15873	82.6647
5.632844e-05	6.17848	82.7975
5.642010e-05	6.19828	82.9305
5.651192e-05	6.21815	83.0637
5.660388e-05	6.23809	83.1971
5.669599e-05	6.25808	83.3307
5.678825e-05	6.27814	83.4645
5.688066e-05	6.29826	83.5985
5.697323e-05	6.31845	83.7327
5.706594e-05	6.3387	83.8672
5.715880e-05	6.35902	84.0018
5.725182e-05	6.37939	84.1366
5.734498e-05	6.39984	84.2717
5.743830e-05	6.42035	84.4069
5.753177e-05	6.44092	84.5424
5.762539e-05	6.46156	84.6781
5.771917e-05	6.48226	84.814
5.781309e-05	6.50303	84.9501
5.790717e-05	6.52387	85.0864
5.800140e-05	6.54477	85.2229
5.809579e-05	6.56573	85.3596
5.819033e-05	6.58677	85.4965
5.828502e-05	6.60787	85.6337
5.837987e-05	6.62903	85.771
5.847487e-05	6.65027	85.9086
5.857003e-05	6.67157	86.0464
5.866534e-05	6.69294	86.1844
5.876080e-05	6.71437	86.3226
5.885643e-05	6.73587	86.461
5.895220e-05	6.75745	86.5996
5.904814e-05	6.77909	86.7384
5.914423e-05	6.80079	86.8775
5.924047e-05	6.82257	87.0167
5.933687e-05	6.84442	87.1562
5.943343e-05	6.86633	87.2959
5.953015e-05	6.88831	87.4358
5.962702e-05	6.91037	87.5759
5.972405e-05	6.93249	87.7163
5.982124e-05	6.95468	87.8568
5.991859e-05	6.97694	87.9976
6.001609e-05	6.99928	88.1386
6.011376e-05	7.02168	88.2798
6.021158e-05	7.04415	88.4212
6.030956e-05	7.0667	88.5628
6.040771e-05	7.08931	88.7047
6.050601e-05	7.112	88.8467
6.060447e-05	7.13476	88.989
6.070309e-05	7.15759	89.1315
6.080187e-05	7.18049	89.2742
6.090082e-05	7.20347	89.4172
6.099992e-05	7.22652	89.5603
6.109919e-05	7.24964	89.7037
6.119861e-05	7.27283	89.8473
6.129820e-05	7.2961	89.9911
6.139795e-05	7.31944	90.1351
6.149786e-05	7.34285	90.2794
6.159794e-05	7.36634	90.4239
6.169818e-05	7.3899	90.5686
6.179858e-05	7.41353	90.7135
6.189915e-05	7.43724	90.8586
6.199987e-05	7.46103	91.004
6.210077e-05	7.48489	91.1496
6.220182e-05	7.50882	91.2954
6.230304e-05	7.53283	91.4414
6.240443e-05	7.55692	91.5876
6.250598e-05	7.58108	91.7341
6.260770e-05	7.60532	91.8808
6.270958e-05	7.62963	92.0277
6.281163e-05	7.65402	92.1749
6.291384e-05	7.67849	92.3222
6.301622e-05	7.70303	92.4698
6.311877e-05	7.72766	92.6176
6.322148e-05	7.75235	92.7657
6.332436e-05	7.77713	92.9139
6.342741e-05	7.80199	93.0624
6.353062e-05	7.82692	93.2112
6.363401e-05	7.85193	93.3601
6.373756e-05	7.87702	93.5093
6.384128e-05	7.90219	93.6587
6.394517e-05	7.92744	93.8083
6.404923e-05	7.95276	93.9581
6.415345e-05	7.97817	94.1082
6.425785e-05	8.00366	94.2585
6.436242e-05	8.02922	94.4091
6.446715e-05	8.05487	94.5598
6.457206e-05	8.0806	94.7108
6.467714e-05	8.10641	94.8621
6.478239e-05	8.1323	95.0135
6.488781e-05	8.15827	95.1652
6.499340e-05	8.18432	95.3171
6.509916e-05	8.21046	95.4693
6.520510e-05	8.23667	95.6217
6.531121e-05	8.26297	95.7743
6.541749e-05	8.28935	95.9271
6.552394e-05	8.31582	96.0802
6.563057e-05	8.34236	96.2335
6.573737e-05	8.36899	96.387
6.584435e-05	8.39571	96.5408
6.595150e-05	8.42251	96.6948
6.605882e-05	8.44939	96.849
6.616632e-05	8.47635	97.0035
6.627399e-05	8.50341	97.1582
6.638184e-05	8.53054	97.3131
6.648986e-05	8.55776	97.4683
6.659806e-05	8.58507	97.6237
6.670643e-05	8.61246	97.7794
6.681499e-05	8.63994	97.9352
6.692371e-05	8.6675	98.0914
6.703262e-05	8.69515	98.2477
6.714170e-05	8.72289	98.4043
6.725096e-05	8.75071	98.5611
6.736040e-05	8.77862	98.7182
6.747001e-05	8.80662	98.8755
6.757981e-05	8.8347	99.033
6.768978e-05	8.86288	99.1908
6.779993e-05	8.89114	99.3488
6.791026e-05	8.91949	99.507
6.802077e-05	8.94793	99.6655
6.813146e-05	8.97646	99.8243
6.824233e-05	9.00507	99.9832
6.835339e-05	9.03378	100.142
6.846462e-05	9.06258	100.302
6.857603e-05	9.09146	100.462
6.868762e-05	9.12044	100.621
6.879940e-05	9.14951	100.782
6.891136e-05	9.17867	100.942
6.902350e-05	9.20792	101.103
6.913582e-05	9.23726	101.264
6.924832e-05	9.26669	101.425
6.936101e-05	9.29621	101.586
6.947388e-05	9.32583	101.748
6.958694e-05	9.35554	101.91
6.970018e-05	9.38534	102.072
6.981360e-05	9.41524	102.234
6.992721e-05	9.44523	102.397
7.004100e-05	9.47531	102.56
7.015498e-05	9.50549	102.723
7.026914e-05	9.53576	102.886
7.038349e-05	9.56612	103.05
7.049802e-05	9.59658	103.213
7.061275e-05	9.62714	103.377
7.072765e-05	9.65779	103.542
7.084275e-05	9.68853	103.706
7.095803e-05	9.71937	103.871
7.107350e-05	9.75031	104.036
7.118916e-05	9.78134	104.201
7.130501e-05	9.81248	104.367
7.142104e-05	9.8437	104.533
7.153727e-05	9.87503	104.699
7.165368e-05	9.90645	104.865
7.177028e-05	9.93797	105.032
7.188707e-05	9.96959	105.198
7.200405e-05	10.0013	105.365
7.212123e-05	10.0331	105.533
7.223859e-05	10.065	105.7
7.235614e-05	10.0971	105.868
7.247389e-05	10.1292	106.036
7.259183e-05	10.1614	106.204
7.270995e-05	10.1937	106.373
7.282828e-05	10.2261	106.542
7.294679e-05	10.2586	106.711
7.306550e-05	10.2912	106.88
7.318439e-05	10.324	107.05
7.330349e-05	10.3568	107.22
7.342277e-05	10.3897	107.39
7.354226e-05	10.4227	107.56
7.366193e-05	10.4559	107.73
7.378180e-05	10.4891	107.901
7.390187e-05	10.5224	108.072
7.402213e-05	10.5559	108.244
7.414258e-05	10.5894	108.415
7.426324e-05	10.623	108.587
7.438408e-05	10.6568	108.759
7.450513e-05	10.6907	108.932
7.462637e-05	10.7246	109.104
7.474781e-05	10.7587	109.277
7.486945e-05	10.7928	109.45
7.499128e-05	10.8271	109.624
7.511332e-05	10.8615	109.797
7.523555e-05	10.896	109.971
7.535798e-05	10.9306	110.145
7.548061e-05	10.9653	110.32
7.560344e-05	11.0001	110.494
7.572647e-05	11.035	110.669
7.584970e-05	11.0701	110.844
7.597313e-05	11.1052	111.02
7.609676e-05	11.1404	111.196
7.622059e-05	11.1758	111.372
7.634463e-05	11.2113	111.548
7.646886e-05	11.2468	111.724
7.659330e-05	11.2825	111.901
7.671794e-05	11.3183	112.078
7.684279e-05	11.3542	112.255
7.696783e-05	11.3902	112.433
7.709308e-05	11.4264	112.611
7.721854e-05	11.4626	112.789
7.734419e-05	11.499	112.967
7.747006e-05	11.5354	113.146
7.759612e-05	11.572	113.325
7.772239e-05	11.6087	113.504
7.784887e-05	11.6455	113.683
7.797556e-05	11.6824	113.863
7.810245e-05	11.7194	114.043
7.822954e-05	11.7566	114.223
7.835685e-05	11.7938	114.403
7.848436e-05	11.8312	114.584
7.861207e-05	11.8687	114.765
7.874000e-05	11.9063	114.946
7.886813e-05	11.944	115.128
7.899647e-05	11.9819	115.31
7.912503e-05	12.0198	115.492
7.925379e-05	12.0579	115.674
7.938276e-05	12.0961	115.857
7.951194e-05	12.1344	116.039
7.964133e-05	12.1728	116.222
7.977093e-05	12.2114	116.406
7.990074e-05	12.25	116.59
8.003076e-05	12.2888	116.773
8.016099e-05	12.3277	116.958
8.029144e-05	12.3668	117.142
8.042210e-05	12.4059	117.327
8.055297e-05	12.4452	117.512
8.068405e-05	12.4845	117.697
8.081535e-05	12.5241	117.883
8.094686e-05	12.5637	118.069
8.107859e-05	12.6034	118.255
8.121053e-05	12.6433	118.441
8.134268e-05	12.6833	118.628
8.147505e-05	12.7234	118.815
8.160763e-05	12.7637	119.002
8.174043e-05	12.804	119.189
8.187345e-05	12.8445	119.377
8.200668e-05	12.8851	119.565
8.214013e-05	12.9259	119.753
8.227380e-05	12.9667	119.942
8.240768e-05	13.0077	120.131
8.254179e-05	13.0488	120.32
8.267611e-05	13.0901	120.509
8.281065e-05	13.1314	120.699
8.294540e-05	13.1729	120.889
8.308038e-05	13.2146	121.079
8.321558e-05	13.2563	121.27
8.335099e-05	13.2982	121.46
8.348663e-05	13.3402	121.651
8.362249e-05	13.3823	121.843
8.375857e-05	13.4246	122.034
8.389487e-05	13.467	122.226
8.403139e-05	13.5095	122.418
8.416814e-05	13.5522	122.611
8.430510e-05	13.595	122.804
8.444229e-05	13.6379	122.997
8.457971e-05	13.6809	123.19
8.471734e-05	13.7241	123.383
8.485520e-05	13.7674	123.577
8.499329e-05	13.8109	123.771
8.513160e-05	13.8544	123.966
8.527013e-05	13.8981	124.161
8.540889e-05	13.942	124.356
8.554788e-05	13.986	124.551
8.568709e-05	14.0301	124.746
8.582653e-05	14.0743	124.942
8.596619e-05	14.1187	125.138
8.610609e-05	14.1632	125.335
8.624621e-05	14.2079	125.531
8.638656e-05	14.2527	125.728
8.652713e-05	14.2976	125.926
8.666794e-05	14.3427	126.123
8.680897e-05	14.3879	126.321
8.695024e-05	14.4332	126.519
8.709173e-05	14.4787	126.717
8.723346e-05	14.5243	126.916
8.737541e-05	14.5701	127.115
8.751760e-05	14.616	127.314
8.766002e-05	14.662	127.514
8.780267e-05	14.7082	127.714
8.794555e-05	14.7545	127.914
8.808866e-05	14.801	128.114
8.823201e-05	14.8476	128.315
8.837559e-05	14.8943	128.516
8.851940e-05	14.9412	128.717
8.866345e-05	14.9882	128.919
8.880773e-05	15.0354	129.12
8.895225e-05	15.0827	129.323
8.909700e-05	15.1302	129.525
8.924199e-05	15.1778	129.728
8.938721e-05	15.2255	129.931
8.953267e-05	15.2734	130.134
8.967837e-05	15.3215	130.338
8.982430e-05	15.3696	130.541
8.997047e-05	15.418	130.746
9.011688e-05	15.4665	130.95
9.026353e-05	15.5151	131.155
9.041042e-05	15.5639	131.36
9.055754e-05	15.6128	131.565
9.070491e-05	15.6618	131.771
9.085251e-05	15.7111	131.977
9.100035e-05	15.7604	132.183
9.114844e-05	15.81	132.389
9.129677e-05	15.8596	132.596
9.144533e-05	15.9094	132.803
9.159414e-05	15.9594	133.011
9.174319e-05	16.0095	133.218
9.189249e-05	16.0598	133.426
9.204202e-05	16.1102	133.635
9.219180e-05	16.1608	133.843
9.234183e-05	16.2115	134.052
9.249210e-05	16.2624	134.261
9.264261e-05	16.3135	134.471
9.279337e-05	16.3647	134.681
9.294437e-05	16.416	134.891
9.309562e-05	16.4675	135.101
9.324711e-05	16.5192	135.312
9.339885e-05	16.571	135.523
9.355084e-05	16.623	135.734
9.370308e-05	16.6751	135.945
9.385556e-05	16.7274	136.157
9.400829e-05	16.7798	136.369
9.416127e-05	16.8324	136.582
9.431450e-05	16.8852	136.795
9.446798e-05	16.9381	137.008
9.462171e-05	16.9912	137.221
9.477568e-05	17.0444	137.435
9.492991e-05	17.0978	137.649
9.508439e-05	17.1514	137.863
9.523912e-05	17.2051	138.078
9.539411e-05	17.259	138.292
9.554934e-05	17.3131	138.508
9.570483e-05	17.3673	138.723
9.586057e-05	17.4217	138.939
9.601656e-05	17.4762	139.155
9.617281e-05	17.5309	139.371
9.632931e-05	17.5858	139.588
9.648607e-05	17.6408	139.805
9.664308e-05	17.696	140.022
9.680035e-05	17.7514	140.24
9.695787e-05	17.8069	140.458
9.711565e-05	17.8626	140.676
9.727369e-05	17.9185	140.895
9.743198e-05	17.9745	141.113
9.759053e-05	18.0307	141.333
9.774934e-05	18.0871	141.552
9.790841e-05	18.1436	141.772
9.806774e-05	18.2003	141.992
9.822732e-05	18.2572	142.212
9.838717e-05	18.3142	142.433
9.854727e-05	18.3715	142.654
9.870764e-05	18.4289	142.875
9.886827e-05	18.4864	143.097
9.902916e-05	18.5442	143.319
9.919031e-05	18.6021	143.541
9.935172e-05	18.6601	143.763
9.951339e-05	18.7184	143.986
9.967533e-05	18.7768	144.209
9.983753e-05	18.8354	144.433
1.000000e-04	18.8942	144.656
