Wavelength(m)	n	k
# material: Ti
# source: Material_data set, optprop_Ti.m
# model: Brendel-Bormann oscillators, sampled onto this grid
# type: model
# range: 1.5000e-07 - 1.0000e-04 m
# converted: 2026-08-03 by tools/convert_matlab_optprop.py
1.500000e-07	0.216229	0.256304
1.502441e-07	0.213633	0.260711
1.504886e-07	0.211105	0.265147
1.507335e-07	0.208646	0.269608
1.509788e-07	0.206256	0.274091
1.512245e-07	0.203933	0.278594
1.514705e-07	0.201678	0.283113
1.517170e-07	0.19949	0.287645
1.519639e-07	0.197367	0.292188
1.522112e-07	0.195308	0.296739
1.524589e-07	0.193313	0.301296
1.527070e-07	0.19138	0.305856
1.529555e-07	0.189507	0.310418
1.532044e-07	0.187694	0.31498
1.534537e-07	0.185938	0.319539
1.537034e-07	0.184239	0.324094
1.539536e-07	0.182594	0.328644
1.542041e-07	0.181003	0.333187
1.544550e-07	0.179462	0.337722
1.547064e-07	0.177972	0.342248
1.549581e-07	0.176531	0.346764
1.552103e-07	0.175136	0.351269
1.554629e-07	0.173787	0.355762
1.557158e-07	0.172481	0.360243
1.559692e-07	0.171219	0.36471
1.562230e-07	0.169997	0.369164
1.564773e-07	0.168815	0.373604
1.567319e-07	0.167671	0.378029
1.569870e-07	0.166565	0.382439
1.572424e-07	0.165494	0.386834
1.574983e-07	0.164459	0.391213
1.577546e-07	0.163456	0.395577
1.580113e-07	0.162486	0.399925
1.582684e-07	0.161547	0.404257
1.585260e-07	0.160639	0.408574
1.587840e-07	0.159759	0.412874
1.590424e-07	0.158908	0.417159
1.593012e-07	0.158084	0.421427
1.595604e-07	0.157287	0.42568
1.598200e-07	0.156514	0.429917
1.600801e-07	0.155767	0.434138
1.603406e-07	0.155043	0.438343
1.606015e-07	0.154342	0.442533
1.608629e-07	0.153664	0.446708
1.611247e-07	0.153007	0.450867
1.613869e-07	0.152371	0.455011
1.616495e-07	0.151756	0.45914
1.619125e-07	0.15116	0.463254
1.621760e-07	0.150583	0.467354
1.624399e-07	0.150024	0.471439
1.627043e-07	0.149483	0.47551
1.629690e-07	0.14896	0.479567
1.632342e-07	0.148453	0.483611
1.634999e-07	0.147962	0.48764
1.637659e-07	0.147488	0.491656
1.640324e-07	0.147028	0.495659
1.642994e-07	0.146584	0.499648
1.645667e-07	0.146154	0.503625
1.648345e-07	0.145738	0.507589
1.651028e-07	0.145336	0.511541
1.653714e-07	0.144947	0.51548
1.656405e-07	0.144571	0.519407
1.659101e-07	0.144207	0.523323
1.661801e-07	0.143856	0.527226
1.664505e-07	0.143516	0.531119
1.667214e-07	0.143189	0.534999
1.669927e-07	0.142872	0.538869
1.672644e-07	0.142566	0.542728
1.675366e-07	0.142271	0.546576
1.678092e-07	0.141987	0.550414
1.680823e-07	0.141713	0.554241
1.683558e-07	0.141448	0.558059
1.686298e-07	0.141193	0.561866
1.689042e-07	0.140948	0.565663
1.691791e-07	0.140712	0.569451
1.694544e-07	0.140485	0.57323
1.697301e-07	0.140267	0.576999
1.700063e-07	0.140057	0.580759
1.702830e-07	0.139855	0.58451
1.705601e-07	0.139662	0.588253
1.708376e-07	0.139477	0.591986
1.711156e-07	0.1393	0.595712
1.713941e-07	0.13913	0.599429
1.716730e-07	0.138968	0.603138
1.719524e-07	0.138813	0.606839
1.722322e-07	0.138665	0.610532
1.725125e-07	0.138524	0.614218
1.727932e-07	0.13839	0.617896
1.730744e-07	0.138263	0.621567
1.733560e-07	0.138143	0.625231
1.736381e-07	0.138029	0.628887
1.739207e-07	0.137921	0.632537
1.742037e-07	0.137819	0.63618
1.744872e-07	0.137724	0.639816
1.747711e-07	0.137635	0.643446
1.750555e-07	0.137551	0.647069
1.753404e-07	0.137473	0.650686
1.756257e-07	0.137401	0.654297
1.759115e-07	0.137334	0.657902
1.761978e-07	0.137273	0.661501
1.764845e-07	0.137217	0.665095
1.767717e-07	0.137167	0.668682
1.770594e-07	0.137121	0.672265
1.773475e-07	0.137081	0.675841
1.776361e-07	0.137045	0.679413
1.779252e-07	0.137015	0.682979
1.782147e-07	0.136989	0.686541
1.785047e-07	0.136968	0.690097
1.787952e-07	0.136952	0.693649
1.790862e-07	0.13694	0.697196
1.793776e-07	0.136933	0.700738
1.796695e-07	0.13693	0.704276
1.799619e-07	0.136932	0.70781
1.802547e-07	0.136938	0.711339
1.805480e-07	0.136948	0.714864
1.808418e-07	0.136963	0.718384
1.811361e-07	0.136981	0.721901
1.814309e-07	0.137004	0.725414
1.817261e-07	0.137031	0.728923
1.820219e-07	0.137061	0.732429
1.823181e-07	0.137096	0.735931
1.826148e-07	0.137134	0.739429
1.829119e-07	0.137176	0.742924
1.832096e-07	0.137222	0.746415
1.835077e-07	0.137272	0.749903
1.838063e-07	0.137325	0.753388
1.841054e-07	0.137382	0.75687
1.844050e-07	0.137442	0.760349
1.847051e-07	0.137506	0.763825
1.850057e-07	0.137573	0.767299
1.853068e-07	0.137644	0.770769
1.856083e-07	0.137718	0.774237
1.859103e-07	0.137796	0.777702
1.862129e-07	0.137877	0.781165
1.865159e-07	0.137961	0.784625
1.868194e-07	0.138048	0.788083
1.871234e-07	0.138139	0.791538
1.874279e-07	0.138233	0.794991
1.877329e-07	0.13833	0.798443
1.880384e-07	0.13843	0.801892
1.883444e-07	0.138533	0.805339
1.886509e-07	0.138639	0.808784
1.889579e-07	0.138748	0.812227
1.892654e-07	0.13886	0.815669
1.895734e-07	0.138975	0.819109
1.898819e-07	0.139093	0.822547
1.901909e-07	0.139214	0.825983
1.905004e-07	0.139337	0.829419
1.908104e-07	0.139464	0.832852
1.911209e-07	0.139593	0.836284
1.914319e-07	0.139725	0.839715
1.917434e-07	0.13986	0.843145
1.920554e-07	0.139998	0.846574
1.923680e-07	0.140138	0.850001
1.926810e-07	0.140281	0.853427
1.929946e-07	0.140427	0.856853
1.933086e-07	0.140575	0.860277
1.936232e-07	0.140726	0.863701
1.939383e-07	0.14088	0.867123
1.942539e-07	0.141036	0.870545
1.945700e-07	0.141195	0.873966
1.948866e-07	0.141356	0.877387
1.952038e-07	0.14152	0.880807
1.955214e-07	0.141686	0.884226
1.958396e-07	0.141855	0.887645
1.961583e-07	0.142026	0.891064
1.964775e-07	0.1422	0.894482
1.967972e-07	0.142376	0.8979
1.971175e-07	0.142555	0.901318
1.974382e-07	0.142736	0.904735
1.977595e-07	0.142919	0.908152
1.980813e-07	0.143105	0.91157
1.984037e-07	0.143293	0.914987
1.987265e-07	0.143484	0.918404
1.990499e-07	0.143677	0.921821
1.993738e-07	0.143872	0.925239
1.996983e-07	0.14407	0.928656
2.000232e-07	0.14427	0.932074
2.003487e-07	0.144472	0.935492
2.006748e-07	0.144676	0.93891
2.010013e-07	0.144883	0.942329
2.013284e-07	0.145092	0.945748
2.016560e-07	0.145303	0.949168
2.019842e-07	0.145517	0.952588
2.023129e-07	0.145732	0.956009
2.026421e-07	0.14595	0.95943
2.029719e-07	0.14617	0.962852
2.033022e-07	0.146393	0.966275
2.036330e-07	0.146617	0.969699
2.039644e-07	0.146844	0.973123
2.042963e-07	0.147073	0.976548
2.046287e-07	0.147304	0.979974
2.049617e-07	0.147537	0.983401
2.052953e-07	0.147772	0.986829
2.056293e-07	0.148009	0.990258
2.059640e-07	0.148249	0.993688
2.062991e-07	0.148491	0.99712
2.066348e-07	0.148734	1.00055
2.069711e-07	0.14898	1.00399
2.073079e-07	0.149228	1.00742
2.076453e-07	0.149478	1.01086
2.079832e-07	0.14973	1.01429
2.083216e-07	0.149985	1.01773
2.086606e-07	0.150241	1.02117
2.090002e-07	0.150499	1.02462
2.093403e-07	0.15076	1.02806
2.096809e-07	0.151022	1.03151
2.100221e-07	0.151287	1.03495
2.103639e-07	0.151553	1.0384
2.107062e-07	0.151822	1.04185
2.110491e-07	0.152093	1.0453
2.113926e-07	0.152365	1.04876
2.117366e-07	0.15264	1.05221
2.120811e-07	0.152917	1.05567
2.124262e-07	0.153196	1.05913
2.127719e-07	0.153476	1.06259
2.131182e-07	0.153759	1.06605
2.134650e-07	0.154044	1.06952
2.138123e-07	0.154331	1.07299
2.141603e-07	0.15462	1.07646
2.145088e-07	0.15491	1.07993
2.148579e-07	0.155203	1.0834
2.152075e-07	0.155498	1.08688
2.155577e-07	0.155795	1.09036
2.159085e-07	0.156094	1.09384
2.162598e-07	0.156394	1.09732
2.166117e-07	0.156697	1.10081
2.169642e-07	0.157002	1.10429
2.173173e-07	0.157308	1.10778
2.176709e-07	0.157617	1.11128
2.180252e-07	0.157928	1.11477
2.183800e-07	0.15824	1.11827
2.187353e-07	0.158555	1.12177
2.190913e-07	0.158872	1.12528
2.194478e-07	0.15919	1.12878
2.198049e-07	0.159511	1.13229
2.201626e-07	0.159833	1.13581
2.205209e-07	0.160158	1.13932
2.208797e-07	0.160484	1.14284
2.212392e-07	0.160812	1.14636
2.215992e-07	0.161143	1.14989
2.219598e-07	0.161475	1.15341
2.223210e-07	0.161809	1.15694
2.226828e-07	0.162145	1.16048
2.230451e-07	0.162484	1.16401
2.234081e-07	0.162824	1.16755
2.237717e-07	0.163166	1.1711
2.241358e-07	0.16351	1.17464
2.245005e-07	0.163856	1.17819
2.248659e-07	0.164204	1.18175
2.252318e-07	0.164554	1.1853
2.255983e-07	0.164906	1.18886
2.259654e-07	0.16526	1.19243
2.263331e-07	0.165616	1.19599
2.267015e-07	0.165974	1.19956
2.270704e-07	0.166334	1.20314
2.274399e-07	0.166695	1.20672
2.278100e-07	0.167059	1.2103
2.281807e-07	0.167425	1.21389
2.285520e-07	0.167793	1.21748
2.289239e-07	0.168162	1.22107
2.292965e-07	0.168534	1.22467
2.296696e-07	0.168908	1.22827
2.300434e-07	0.169283	1.23187
2.304177e-07	0.169661	1.23548
2.307927e-07	0.170041	1.2391
2.311682e-07	0.170422	1.24271
2.315444e-07	0.170806	1.24634
2.319212e-07	0.171192	1.24996
2.322986e-07	0.171579	1.25359
2.326766e-07	0.171969	1.25723
2.330553e-07	0.17236	1.26087
2.334345e-07	0.172754	1.26451
2.338144e-07	0.17315	1.26816
2.341949e-07	0.173548	1.27181
2.345760e-07	0.173947	1.27547
2.349577e-07	0.174349	1.27913
2.353400e-07	0.174753	1.2828
2.357230e-07	0.175159	1.28647
2.361066e-07	0.175566	1.29014
2.364908e-07	0.175976	1.29382
2.368757e-07	0.176388	1.29751
2.372611e-07	0.176802	1.3012
2.376472e-07	0.177218	1.3049
2.380340e-07	0.177636	1.3086
2.384213e-07	0.178057	1.3123
2.388093e-07	0.178479	1.31601
2.391979e-07	0.178903	1.31973
2.395872e-07	0.17933	1.32345
2.399770e-07	0.179758	1.32718
2.403676e-07	0.180189	1.33091
2.407587e-07	0.180622	1.33465
2.411505e-07	0.181057	1.33839
2.415429e-07	0.181494	1.34214
2.419360e-07	0.181933	1.34589
2.423297e-07	0.182374	1.34965
2.427240e-07	0.182817	1.35342
2.431190e-07	0.183263	1.35719
2.435146e-07	0.183711	1.36096
2.439109e-07	0.184161	1.36474
2.443078e-07	0.184613	1.36853
2.447054e-07	0.185067	1.37233
2.451036e-07	0.185523	1.37613
2.455025e-07	0.185982	1.37993
2.459020e-07	0.186443	1.38375
2.463021e-07	0.186906	1.38757
2.467029e-07	0.187372	1.39139
2.471044e-07	0.187839	1.39522
2.475065e-07	0.188309	1.39906
2.479093e-07	0.188782	1.4029
2.483127e-07	0.189256	1.40676
2.487168e-07	0.189733	1.41061
2.491215e-07	0.190212	1.41448
2.495269e-07	0.190694	1.41835
2.499330e-07	0.191177	1.42223
2.503397e-07	0.191664	1.42611
2.507471e-07	0.192152	1.43
2.511551e-07	0.192643	1.4339
2.515638e-07	0.193137	1.43781
2.519732e-07	0.193633	1.44172
2.523832e-07	0.194131	1.44564
2.527939e-07	0.194632	1.44957
2.532053e-07	0.195135	1.4535
2.536173e-07	0.195641	1.45744
2.540300e-07	0.19615	1.46139
2.544434e-07	0.196661	1.46535
2.548575e-07	0.197174	1.46932
2.552722e-07	0.197691	1.47329
2.556876e-07	0.19821	1.47727
2.561037e-07	0.198731	1.48126
2.565204e-07	0.199255	1.48526
2.569379e-07	0.199782	1.48926
2.573560e-07	0.200312	1.49327
2.577748e-07	0.200845	1.4973
2.581943e-07	0.20138	1.50133
2.586144e-07	0.201918	1.50536
2.590353e-07	0.20246	1.50941
2.594568e-07	0.203004	1.51347
2.598790e-07	0.203551	1.51753
2.603019e-07	0.204101	1.5216
2.607255e-07	0.204654	1.52569
2.611498e-07	0.20521	1.52978
2.615748e-07	0.205769	1.53388
2.620004e-07	0.206332	1.53799
2.624268e-07	0.206897	1.54211
2.628538e-07	0.207466	1.54624
2.632816e-07	0.208038	1.55037
2.637100e-07	0.208614	1.55452
2.641391e-07	0.209193	1.55868
2.645690e-07	0.209776	1.56284
2.649995e-07	0.210362	1.56702
2.654307e-07	0.210951	1.57121
2.658627e-07	0.211545	1.57541
2.662953e-07	0.212141	1.57961
2.667287e-07	0.212742	1.58383
2.671627e-07	0.213347	1.58806
2.675975e-07	0.213955	1.5923
2.680329e-07	0.214568	1.59655
2.684691e-07	0.215184	1.60081
2.689060e-07	0.215805	1.60508
2.693436e-07	0.21643	1.60936
2.697819e-07	0.217059	1.61365
2.702209e-07	0.217692	1.61796
2.706606e-07	0.21833	1.62227
2.711011e-07	0.218972	1.6266
2.715422e-07	0.219619	1.63094
2.719841e-07	0.220271	1.63529
2.724267e-07	0.220927	1.63965
2.728700e-07	0.221589	1.64403
2.733141e-07	0.222255	1.64841
2.737588e-07	0.222927	1.65281
2.742043e-07	0.223604	1.65722
2.746505e-07	0.224286	1.66165
2.750975e-07	0.224973	1.66608
2.755451e-07	0.225666	1.67053
2.759935e-07	0.226365	1.67499
2.764427e-07	0.227069	1.67946
2.768925e-07	0.22778	1.68395
2.773431e-07	0.228496	1.68845
2.777944e-07	0.229219	1.69296
2.782465e-07	0.229948	1.69749
2.786993e-07	0.230683	1.70203
2.791528e-07	0.231425	1.70658
2.796071e-07	0.232174	1.71115
2.800621e-07	0.23293	1.71573
2.805178e-07	0.233693	1.72033
2.809743e-07	0.234463	1.72494
2.814315e-07	0.23524	1.72956
2.818895e-07	0.236025	1.7342
2.823482e-07	0.236817	1.73885
2.828077e-07	0.237617	1.74352
2.832679e-07	0.238426	1.7482
2.837289e-07	0.239243	1.75289
2.841906e-07	0.240068	1.7576
2.846530e-07	0.240901	1.76233
2.851163e-07	0.241744	1.76707
2.855802e-07	0.242595	1.77183
2.860450e-07	0.243456	1.7766
2.865104e-07	0.244326	1.78138
2.869767e-07	0.245205	1.78618
2.874437e-07	0.246095	1.791
2.879114e-07	0.246994	1.79583
2.883799e-07	0.247904	1.80068
2.888492e-07	0.248824	1.80555
2.893193e-07	0.249755	1.81043
2.897901e-07	0.250697	1.81532
2.902617e-07	0.25165	1.82024
2.907340e-07	0.252614	1.82517
2.912071e-07	0.25359	1.83011
2.916810e-07	0.254578	1.83507
2.921556e-07	0.255579	1.84005
2.926311e-07	0.256591	1.84504
2.931073e-07	0.257616	1.85005
2.935842e-07	0.258654	1.85508
2.940620e-07	0.259706	1.86012
2.945405e-07	0.260771	1.86518
2.950198e-07	0.261849	1.87026
2.954999e-07	0.262942	1.87535
2.959808e-07	0.264049	1.88046
2.964624e-07	0.265171	1.88559
2.969449e-07	0.266307	1.89073
2.974281e-07	0.267459	1.89589
2.979121e-07	0.268626	1.90107
2.983969e-07	0.269809	1.90627
2.988825e-07	0.271008	1.91148
2.993688e-07	0.272224	1.91671
2.998560e-07	0.273456	1.92195
3.003440e-07	0.274705	1.92721
3.008327e-07	0.275972	1.93249
3.013223e-07	0.277256	1.93779
3.018126e-07	0.278558	1.9431
3.023037e-07	0.279879	1.94843
3.027957e-07	0.281218	1.95377
3.032884e-07	0.282576	1.95914
3.037820e-07	0.283953	1.96452
3.042763e-07	0.285351	1.96991
3.047715e-07	0.286768	1.97533
3.052674e-07	0.288205	1.98075
3.057642e-07	0.289663	1.9862
3.062617e-07	0.291142	1.99166
3.067601e-07	0.292642	1.99714
3.072593e-07	0.294164	2.00264
3.077593e-07	0.295708	2.00815
3.082601e-07	0.297274	2.01367
3.087618e-07	0.298863	2.01921
3.092642e-07	0.300476	2.02477
3.097675e-07	0.302111	2.03035
3.102716e-07	0.30377	2.03593
3.107765e-07	0.305454	2.04154
3.112822e-07	0.307161	2.04716
3.117887e-07	0.308894	2.05279
3.122961e-07	0.310652	2.05844
3.128043e-07	0.312435	2.06411
3.133133e-07	0.314244	2.06979
3.138232e-07	0.316079	2.07548
3.143339e-07	0.317941	2.08118
3.148454e-07	0.31983	2.08691
3.153578e-07	0.321746	2.09264
3.158709e-07	0.323689	2.09839
3.163850e-07	0.325661	2.10415
3.168998e-07	0.32766	2.10992
3.174155e-07	0.329688	2.11571
3.179320e-07	0.331746	2.12151
3.184494e-07	0.333832	2.12732
3.189676e-07	0.335948	2.13314
3.194867e-07	0.338094	2.13898
3.200066e-07	0.34027	2.14483
3.205273e-07	0.342476	2.15068
3.210489e-07	0.344714	2.15655
3.215714e-07	0.346982	2.16243
3.220946e-07	0.349282	2.16832
3.226188e-07	0.351614	2.17422
3.231438e-07	0.353978	2.18013
3.236696e-07	0.356375	2.18605
3.241964e-07	0.358804	2.19198
3.247239e-07	0.361266	2.19791
3.252523e-07	0.363761	2.20386
3.257816e-07	0.36629	2.20981
3.263118e-07	0.368852	2.21577
3.268428e-07	0.371449	2.22174
3.273746e-07	0.37408	2.22771
3.279074e-07	0.376745	2.23369
3.284410e-07	0.379446	2.23967
3.289755e-07	0.382181	2.24566
3.295108e-07	0.384952	2.25166
3.300470e-07	0.387759	2.25766
3.305841e-07	0.390601	2.26367
3.311221e-07	0.393479	2.26968
3.316609e-07	0.396393	2.27569
3.322006e-07	0.399344	2.28171
3.327412e-07	0.402332	2.28772
3.332827e-07	0.405356	2.29374
3.338250e-07	0.408417	2.29977
3.343683e-07	0.411516	2.30579
3.349124e-07	0.414651	2.31181
3.354574e-07	0.417825	2.31784
3.360033e-07	0.421036	2.32386
3.365501e-07	0.424284	2.32989
3.370977e-07	0.427571	2.33591
3.376463e-07	0.430896	2.34193
3.381957e-07	0.434259	2.34795
3.387461e-07	0.43766	2.35396
3.392973e-07	0.4411	2.35998
3.398495e-07	0.444578	2.36599
3.404025e-07	0.448095	2.37199
3.409564e-07	0.451651	2.37799
3.415113e-07	0.455245	2.38399
3.420670e-07	0.458878	2.38998
3.426237e-07	0.46255	2.39596
3.431812e-07	0.466261	2.40194
3.437397e-07	0.470011	2.40791
3.442990e-07	0.4738	2.41387
3.448593e-07	0.477627	2.41982
3.454205e-07	0.481494	2.42577
3.459826e-07	0.4854	2.4317
3.465456e-07	0.489345	2.43763
3.471096e-07	0.493329	2.44355
3.476744e-07	0.497351	2.44945
3.482402e-07	0.501413	2.45534
3.488069e-07	0.505513	2.46122
3.493745e-07	0.509652	2.46709
3.499430e-07	0.51383	2.47295
3.505125e-07	0.518047	2.47879
3.510829e-07	0.522302	2.48462
3.516542e-07	0.526596	2.49043
3.522264e-07	0.530928	2.49623
3.527996e-07	0.535298	2.50201
3.533737e-07	0.539706	2.50778
3.539488e-07	0.544152	2.51353
3.545248e-07	0.548636	2.51926
3.551017e-07	0.553158	2.52498
3.556795e-07	0.557718	2.53067
3.562583e-07	0.562314	2.53635
3.568381e-07	0.566948	2.54201
3.574188e-07	0.571619	2.54765
3.580004e-07	0.576326	2.55326
3.585830e-07	0.581071	2.55886
3.591665e-07	0.585851	2.56444
3.597510e-07	0.590668	2.56999
3.603364e-07	0.595521	2.57552
3.609228e-07	0.600409	2.58103
3.615101e-07	0.605332	2.58652
3.620984e-07	0.610291	2.59198
3.626876e-07	0.615285	2.59741
3.632778e-07	0.620313	2.60283
3.638690e-07	0.625376	2.60821
3.644611e-07	0.630472	2.61357
3.650542e-07	0.635603	2.61891
3.656483e-07	0.640767	2.62421
3.662433e-07	0.645963	2.62949
3.668393e-07	0.651193	2.63475
3.674362e-07	0.656455	2.63997
3.680341e-07	0.661749	2.64517
3.686330e-07	0.667075	2.65033
3.692329e-07	0.672432	2.65547
3.698338e-07	0.67782	2.66058
3.704356e-07	0.683239	2.66566
3.710384e-07	0.688688	2.6707
3.716422e-07	0.694167	2.67572
3.722470e-07	0.699676	2.6807
3.728527e-07	0.705213	2.68565
3.734595e-07	0.710779	2.69057
3.740672e-07	0.716374	2.69546
3.746759e-07	0.721996	2.70031
3.752857e-07	0.727645	2.70513
3.758964e-07	0.733322	2.70992
3.765081e-07	0.739025	2.71467
3.771207e-07	0.744754	2.71939
3.777344e-07	0.750509	2.72407
3.783491e-07	0.756289	2.72872
3.789648e-07	0.762094	2.73333
3.795815e-07	0.767923	2.73791
3.801992e-07	0.773776	2.74245
3.808179e-07	0.779652	2.74695
3.814376e-07	0.785551	2.75142
3.820583e-07	0.791472	2.75585
3.826800e-07	0.797415	2.76024
3.833028e-07	0.80338	2.7646
3.839265e-07	0.809365	2.76891
3.845513e-07	0.81537	2.77319
3.851771e-07	0.821396	2.77743
3.858039e-07	0.82744	2.78163
3.864317e-07	0.833504	2.7858
3.870605e-07	0.839586	2.78992
3.876904e-07	0.845685	2.794
3.883213e-07	0.851802	2.79805
3.889532e-07	0.857936	2.80205
3.895861e-07	0.864085	2.80602
3.902201e-07	0.870251	2.80994
3.908551e-07	0.876431	2.81383
3.914912e-07	0.882626	2.81767
3.921282e-07	0.888835	2.82147
3.927663e-07	0.895057	2.82524
3.934055e-07	0.901293	2.82896
3.940457e-07	0.907541	2.83264
3.946869e-07	0.9138	2.83628
3.953292e-07	0.920071	2.83988
3.959725e-07	0.926353	2.84344
3.966169e-07	0.932644	2.84695
3.972623e-07	0.938946	2.85042
3.979088e-07	0.945256	2.85386
3.985563e-07	0.951575	2.85725
3.992048e-07	0.957902	2.8606
3.998545e-07	0.964236	2.8639
4.005052e-07	0.970577	2.86717
4.011569e-07	0.976925	2.87039
4.018097e-07	0.983278	2.87357
4.024636e-07	0.989636	2.87671
4.031185e-07	0.995999	2.87981
4.037745e-07	1.00237	2.88287
4.044316e-07	1.00874	2.88588
4.050897e-07	1.01511	2.88885
4.057489e-07	1.02149	2.89178
4.064092e-07	1.02786	2.89467
4.070705e-07	1.03424	2.89752
4.077329e-07	1.04062	2.90032
4.083964e-07	1.047	2.90308
4.090610e-07	1.05338	2.90581
4.097267e-07	1.05976	2.90849
4.103934e-07	1.06614	2.91112
4.110613e-07	1.07251	2.91372
4.117302e-07	1.07888	2.91628
4.124002e-07	1.08525	2.91879
4.130713e-07	1.09162	2.92126
4.137435e-07	1.09798	2.9237
4.144168e-07	1.10434	2.92609
4.150912e-07	1.11069	2.92844
4.157666e-07	1.11704	2.93075
4.164432e-07	1.12338	2.93302
4.171209e-07	1.12971	2.93525
4.177997e-07	1.13604	2.93744
4.184796e-07	1.14235	2.93959
4.191606e-07	1.14866	2.9417
4.198427e-07	1.15496	2.94377
4.205259e-07	1.16126	2.9458
4.212102e-07	1.16754	2.94779
4.218956e-07	1.17381	2.94975
4.225822e-07	1.18007	2.95166
4.232699e-07	1.18632	2.95354
4.239586e-07	1.19256	2.95538
4.246485e-07	1.19878	2.95718
4.253396e-07	1.205	2.95894
4.260317e-07	1.2112	2.96067
4.267250e-07	1.21738	2.96236
4.274194e-07	1.22356	2.96401
4.281150e-07	1.22972	2.96562
4.288116e-07	1.23586	2.9672
4.295094e-07	1.24199	2.96875
4.302084e-07	1.2481	2.97025
4.309085e-07	1.25419	2.97172
4.316097e-07	1.26027	2.97316
4.323120e-07	1.26633	2.97456
4.330155e-07	1.27238	2.97593
4.337202e-07	1.2784	2.97726
4.344260e-07	1.28441	2.97856
4.351329e-07	1.2904	2.97983
4.358410e-07	1.29637	2.98106
4.365503e-07	1.30232	2.98226
4.372607e-07	1.30825	2.98343
4.379722e-07	1.31416	2.98456
4.386849e-07	1.32005	2.98566
4.393988e-07	1.32592	2.98674
4.401138e-07	1.33177	2.98778
4.408300e-07	1.3376	2.98879
4.415474e-07	1.3434	2.98977
4.422659e-07	1.34918	2.99072
4.429856e-07	1.35494	2.99164
4.437065e-07	1.36068	2.99253
4.444285e-07	1.36639	2.99339
4.451518e-07	1.37208	2.99422
4.458762e-07	1.37774	2.99503
4.466017e-07	1.38338	2.99581
4.473285e-07	1.389	2.99656
4.480564e-07	1.39459	2.99728
4.487856e-07	1.40015	2.99798
4.495159e-07	1.40569	2.99865
4.502474e-07	1.41121	2.9993
4.509800e-07	1.4167	2.99992
4.517139e-07	1.42216	3.00052
4.524490e-07	1.4276	3.00109
4.531853e-07	1.43301	3.00164
4.539227e-07	1.43839	3.00216
4.546614e-07	1.44374	3.00266
4.554013e-07	1.44907	3.00314
4.561424e-07	1.45437	3.0036
4.568846e-07	1.45965	3.00404
4.576281e-07	1.46489	3.00445
4.583728e-07	1.47011	3.00485
4.591187e-07	1.4753	3.00522
4.598659e-07	1.48046	3.00557
4.606142e-07	1.48559	3.00591
4.613638e-07	1.49069	3.00622
4.621145e-07	1.49576	3.00652
4.628665e-07	1.50081	3.0068
4.636198e-07	1.50582	3.00706
4.643742e-07	1.51081	3.0073
4.651299e-07	1.51576	3.00753
4.658868e-07	1.52069	3.00774
4.666449e-07	1.52559	3.00794
4.674043e-07	1.53045	3.00812
4.681649e-07	1.53529	3.00828
4.689268e-07	1.5401	3.00843
4.696898e-07	1.54487	3.00857
4.704542e-07	1.54962	3.00869
4.712197e-07	1.55433	3.0088
4.719866e-07	1.55902	3.0089
4.727546e-07	1.56367	3.00898
4.735239e-07	1.5683	3.00906
4.742945e-07	1.57289	3.00912
4.750663e-07	1.57745	3.00917
4.758394e-07	1.58199	3.00921
4.766137e-07	1.58649	3.00924
4.773893e-07	1.59096	3.00926
4.781662e-07	1.5954	3.00927
4.789443e-07	1.59981	3.00928
4.797237e-07	1.60419	3.00927
4.805044e-07	1.60853	3.00926
4.812863e-07	1.61285	3.00924
4.820695e-07	1.61714	3.00922
4.828539e-07	1.62139	3.00918
4.836397e-07	1.62562	3.00914
4.844267e-07	1.62981	3.0091
4.852150e-07	1.63398	3.00905
4.860046e-07	1.63811	3.009
4.867955e-07	1.64221	3.00894
4.875877e-07	1.64629	3.00888
4.883811e-07	1.65033	3.00882
4.891759e-07	1.65434	3.00875
4.899719e-07	1.65832	3.00868
4.907692e-07	1.66228	3.00861
4.915679e-07	1.6662	3.00853
4.923678e-07	1.67009	3.00846
4.931690e-07	1.67395	3.00838
4.939716e-07	1.67778	3.00831
4.947754e-07	1.68159	3.00823
4.955805e-07	1.68536	3.00815
4.963870e-07	1.6891	3.00808
4.971948e-07	1.69282	3.00801
4.980039e-07	1.6965	3.00793
4.988143e-07	1.70016	3.00786
4.996260e-07	1.70379	3.0078
5.004390e-07	1.70739	3.00773
5.012534e-07	1.71096	3.00767
5.020691e-07	1.7145	3.00761
5.028861e-07	1.71801	3.00756
5.037044e-07	1.7215	3.00751
5.045241e-07	1.72496	3.00746
5.053451e-07	1.72839	3.00742
5.061675e-07	1.73179	3.00739
5.069912e-07	1.73517	3.00736
5.078162e-07	1.73852	3.00733
5.086426e-07	1.74184	3.00732
5.094703e-07	1.74513	3.00731
5.102993e-07	1.7484	3.0073
5.111298e-07	1.75164	3.00731
5.119615e-07	1.75486	3.00732
5.127946e-07	1.75805	3.00734
5.136291e-07	1.76121	3.00737
5.144649e-07	1.76435	3.00741
5.153021e-07	1.76746	3.00745
5.161407e-07	1.77055	3.00751
5.169806e-07	1.77362	3.00757
5.178219e-07	1.77666	3.00765
5.186645e-07	1.77967	3.00773
5.195086e-07	1.78266	3.00783
5.203540e-07	1.78563	3.00794
5.212007e-07	1.78857	3.00806
5.220489e-07	1.79149	3.00818
5.228984e-07	1.79439	3.00833
5.237493e-07	1.79727	3.00848
5.246016e-07	1.80012	3.00864
5.254553e-07	1.80295	3.00882
5.263104e-07	1.80575	3.00901
5.271668e-07	1.80854	3.00921
5.280247e-07	1.81131	3.00943
5.288840e-07	1.81405	3.00966
5.297446e-07	1.81677	3.0099
5.306067e-07	1.81947	3.01016
5.314701e-07	1.82215	3.01043
5.323350e-07	1.82482	3.01072
5.332013e-07	1.82746	3.01102
5.340689e-07	1.83008	3.01133
5.349380e-07	1.83268	3.01166
5.358085e-07	1.83527	3.01201
5.366805e-07	1.83783	3.01237
5.375538e-07	1.84038	3.01274
5.384286e-07	1.84291	3.01314
5.393047e-07	1.84542	3.01354
5.401824e-07	1.84792	3.01397
5.410614e-07	1.85039	3.01441
5.419419e-07	1.85285	3.01486
5.428238e-07	1.8553	3.01533
5.437071e-07	1.85772	3.01582
5.445919e-07	1.86013	3.01633
5.454781e-07	1.86253	3.01685
5.463658e-07	1.86491	3.01739
5.472549e-07	1.86728	3.01795
5.481454e-07	1.86963	3.01853
5.490374e-07	1.87196	3.01912
5.499309e-07	1.87428	3.01973
5.508258e-07	1.87659	3.02036
5.517221e-07	1.87889	3.021
5.526199e-07	1.88117	3.02166
5.535192e-07	1.88344	3.02235
5.544200e-07	1.88569	3.02305
5.553222e-07	1.88794	3.02376
5.562258e-07	1.89017	3.0245
5.571310e-07	1.89239	3.02525
5.580376e-07	1.8946	3.02603
5.589457e-07	1.89679	3.02682
5.598553e-07	1.89898	3.02763
5.607663e-07	1.90116	3.02846
5.616789e-07	1.90332	3.02931
5.625929e-07	1.90548	3.03017
5.635084e-07	1.90763	3.03106
5.644254e-07	1.90976	3.03196
5.653439e-07	1.91189	3.03289
5.662639e-07	1.91401	3.03383
5.671854e-07	1.91612	3.03479
5.681083e-07	1.91823	3.03577
5.690328e-07	1.92032	3.03677
5.699588e-07	1.92241	3.03779
5.708863e-07	1.92449	3.03882
5.718153e-07	1.92657	3.03988
5.727458e-07	1.92864	3.04096
5.736778e-07	1.9307	3.04205
5.746114e-07	1.93275	3.04316
5.755465e-07	1.9348	3.0443
5.764830e-07	1.93684	3.04545
5.774212e-07	1.93888	3.04662
5.783608e-07	1.94092	3.04781
5.793020e-07	1.94295	3.04902
5.802447e-07	1.94497	3.05024
5.811889e-07	1.94699	3.05149
5.821347e-07	1.94901	3.05276
5.830820e-07	1.95102	3.05404
5.840308e-07	1.95303	3.05534
5.849812e-07	1.95504	3.05666
5.859332e-07	1.95705	3.058
5.868867e-07	1.95905	3.05936
5.878417e-07	1.96105	3.06074
5.887983e-07	1.96304	3.06214
5.897564e-07	1.96504	3.06355
5.907162e-07	1.96704	3.06499
5.916774e-07	1.96903	3.06644
5.926403e-07	1.97102	3.06791
5.936047e-07	1.97301	3.06939
5.945706e-07	1.975	3.0709
5.955382e-07	1.977	3.07243
5.965073e-07	1.97899	3.07397
5.974780e-07	1.98098	3.07553
5.984503e-07	1.98297	3.0771
5.994241e-07	1.98496	3.0787
6.003996e-07	1.98696	3.08031
6.013766e-07	1.98895	3.08194
6.023552e-07	1.99095	3.08359
6.033355e-07	1.99295	3.08526
6.043173e-07	1.99494	3.08694
6.053007e-07	1.99695	3.08864
6.062857e-07	1.99895	3.09035
6.072723e-07	2.00096	3.09209
6.082605e-07	2.00297	3.09384
6.092503e-07	2.00498	3.0956
6.102418e-07	2.00699	3.09739
6.112348e-07	2.00901	3.09919
6.122295e-07	2.01103	3.101
6.132258e-07	2.01306	3.10283
6.142237e-07	2.01509	3.10468
6.152232e-07	2.01712	3.10654
6.162243e-07	2.01916	3.10842
6.172271e-07	2.0212	3.11032
6.182315e-07	2.02324	3.11223
6.192376e-07	2.0253	3.11416
6.202453e-07	2.02735	3.1161
6.212546e-07	2.02941	3.11805
6.222656e-07	2.03148	3.12002
6.232782e-07	2.03355	3.12201
6.242924e-07	2.03563	3.12401
6.253084e-07	2.03771	3.12602
6.263259e-07	2.0398	3.12805
6.273451e-07	2.04189	3.1301
6.283660e-07	2.04399	3.13216
6.293886e-07	2.0461	3.13423
6.304128e-07	2.04821	3.13631
6.314386e-07	2.05033	3.13841
6.324662e-07	2.05246	3.14052
6.334954e-07	2.0546	3.14265
6.345263e-07	2.05674	3.14479
6.355588e-07	2.05888	3.14694
6.365931e-07	2.06104	3.1491
6.376290e-07	2.0632	3.15128
6.386666e-07	2.06537	3.15347
6.397059e-07	2.06755	3.15567
6.407469e-07	2.06973	3.15789
6.417896e-07	2.07193	3.16012
6.428340e-07	2.07413	3.16235
6.438801e-07	2.07634	3.16461
6.449279e-07	2.07855	3.16687
6.459774e-07	2.08078	3.16914
6.470286e-07	2.08301	3.17143
6.480815e-07	2.08525	3.17372
6.491361e-07	2.0875	3.17603
6.501924e-07	2.08976	3.17835
6.512505e-07	2.09203	3.18067
6.523103e-07	2.09431	3.18301
6.533718e-07	2.09659	3.18536
6.544350e-07	2.09889	3.18772
6.555000e-07	2.10119	3.19009
6.565667e-07	2.1035	3.19247
6.576351e-07	2.10582	3.19486
6.587053e-07	2.10815	3.19726
6.597772e-07	2.11049	3.19967
6.608509e-07	2.11284	3.20208
6.619263e-07	2.1152	3.20451
6.630034e-07	2.11757	3.20695
6.640823e-07	2.11994	3.20939
6.651630e-07	2.12233	3.21184
6.662454e-07	2.12473	3.2143
6.673296e-07	2.12713	3.21677
6.684155e-07	2.12955	3.21925
6.695032e-07	2.13197	3.22174
6.705927e-07	2.13441	3.22423
6.716840e-07	2.13685	3.22673
6.727770e-07	2.13931	3.22924
6.738718e-07	2.14177	3.23175
6.749684e-07	2.14425	3.23428
6.760668e-07	2.14673	3.23681
6.771670e-07	2.14923	3.23934
6.782689e-07	2.15173	3.24189
6.793727e-07	2.15424	3.24444
6.804782e-07	2.15677	3.247
6.815856e-07	2.1593	3.24956
6.826947e-07	2.16185	3.25213
6.838056e-07	2.1644	3.2547
6.849184e-07	2.16697	3.25729
6.860330e-07	2.16954	3.25987
6.871494e-07	2.17212	3.26247
6.882676e-07	2.17472	3.26506
6.893876e-07	2.17732	3.26767
6.905094e-07	2.17994	3.27028
6.916331e-07	2.18256	3.27289
6.927586e-07	2.1852	3.27551
6.938859e-07	2.18784	3.27813
6.950151e-07	2.1905	3.28076
6.961461e-07	2.19316	3.28339
6.972789e-07	2.19584	3.28603
6.984136e-07	2.19852	3.28867
6.995501e-07	2.20122	3.29132
7.006885e-07	2.20392	3.29396
7.018287e-07	2.20664	3.29662
7.029708e-07	2.20937	3.29927
7.041148e-07	2.2121	3.30193
7.052606e-07	2.21485	3.3046
7.064082e-07	2.2176	3.30727
7.075578e-07	2.22037	3.30994
7.087092e-07	2.22314	3.31261
7.098625e-07	2.22593	3.31529
7.110176e-07	2.22872	3.31796
7.121747e-07	2.23153	3.32065
7.133336e-07	2.23434	3.32333
7.144944e-07	2.23717	3.32602
7.156571e-07	2.24	3.32871
7.168217e-07	2.24285	3.3314
7.179882e-07	2.2457	3.33409
7.191566e-07	2.24856	3.33679
7.203268e-07	2.25144	3.33948
7.214990e-07	2.25432	3.34218
7.226731e-07	2.25721	3.34488
7.238491e-07	2.26011	3.34759
7.250271e-07	2.26303	3.35029
7.262069e-07	2.26595	3.353
7.273887e-07	2.26888	3.3557
7.285723e-07	2.27182	3.35841
7.297579e-07	2.27476	3.36112
7.309455e-07	2.27772	3.36383
7.321350e-07	2.28069	3.36654
7.333264e-07	2.28367	3.36925
7.345197e-07	2.28665	3.37196
7.357150e-07	2.28965	3.37468
7.369122e-07	2.29265	3.37739
7.381114e-07	2.29566	3.3801
7.393125e-07	2.29869	3.38282
7.405156e-07	2.30172	3.38553
7.417206e-07	2.30476	3.38824
7.429277e-07	2.30781	3.39096
7.441366e-07	2.31086	3.39367
7.453476e-07	2.31393	3.39638
7.465605e-07	2.317	3.3991
7.477753e-07	2.32009	3.40181
7.489922e-07	2.32318	3.40452
7.502110e-07	2.32628	3.40723
7.514319e-07	2.32939	3.40994
7.526547e-07	2.3325	3.41266
7.538795e-07	2.33563	3.41537
7.551062e-07	2.33876	3.41807
7.563350e-07	2.3419	3.42078
7.575658e-07	2.34505	3.42349
7.587986e-07	2.34821	3.4262
7.600334e-07	2.35138	3.4289
7.612702e-07	2.35455	3.4316
7.625090e-07	2.35773	3.43431
7.637498e-07	2.36092	3.43701
7.649927e-07	2.36412	3.43971
7.662376e-07	2.36733	3.44241
7.674845e-07	2.37054	3.4451
7.687334e-07	2.37376	3.4478
7.699844e-07	2.37699	3.45049
7.712374e-07	2.38022	3.45318
7.724924e-07	2.38347	3.45587
7.737495e-07	2.38672	3.45856
7.750086e-07	2.38997	3.46124
7.762698e-07	2.39324	3.46393
7.775330e-07	2.39651	3.46661
7.787983e-07	2.39979	3.46929
7.800656e-07	2.40307	3.47197
7.813350e-07	2.40637	3.47464
7.826065e-07	2.40967	3.47732
7.838800e-07	2.41297	3.47999
7.851556e-07	2.41629	3.48266
7.864333e-07	2.41961	3.48532
7.877131e-07	2.42294	3.48798
7.889949e-07	2.42627	3.49065
7.902789e-07	2.42961	3.4933
7.915649e-07	2.43296	3.49596
7.928530e-07	2.43631	3.49861
7.941432e-07	2.43967	3.50126
7.954355e-07	2.44303	3.50391
7.967299e-07	2.4464	3.50656
7.980265e-07	2.44978	3.5092
7.993251e-07	2.45317	3.51184
8.006258e-07	2.45656	3.51447
8.019287e-07	2.45995	3.51711
8.032337e-07	2.46335	3.51974
8.045408e-07	2.46676	3.52236
8.058500e-07	2.47017	3.52499
8.071614e-07	2.47359	3.52761
8.084749e-07	2.47702	3.53023
8.097905e-07	2.48045	3.53284
8.111083e-07	2.48388	3.53545
8.124282e-07	2.48732	3.53806
8.137502e-07	2.49077	3.54067
8.150745e-07	2.49422	3.54327
8.164008e-07	2.49768	3.54587
8.177294e-07	2.50114	3.54846
8.190601e-07	2.50461	3.55106
8.203929e-07	2.50808	3.55364
8.217279e-07	2.51155	3.55623
8.230651e-07	2.51504	3.55881
8.244045e-07	2.51852	3.56139
8.257461e-07	2.52201	3.56396
8.270898e-07	2.52551	3.56653
8.284357e-07	2.52901	3.5691
8.297838e-07	2.53252	3.57166
8.311342e-07	2.53603	3.57422
8.324867e-07	2.53954	3.57678
8.338414e-07	2.54306	3.57933
8.351983e-07	2.54658	3.58188
8.365574e-07	2.55011	3.58443
8.379187e-07	2.55364	3.58697
8.392823e-07	2.55717	3.58951
8.406480e-07	2.56071	3.59204
8.420160e-07	2.56426	3.59457
8.433862e-07	2.5678	3.5971
8.447587e-07	2.57136	3.59962
8.461334e-07	2.57491	3.60214
8.475103e-07	2.57847	3.60466
8.488894e-07	2.58203	3.60717
8.502708e-07	2.5856	3.60968
8.516545e-07	2.58917	3.61218
8.530404e-07	2.59274	3.61468
8.544285e-07	2.59632	3.61718
8.558189e-07	2.5999	3.61967
8.572116e-07	2.60348	3.62216
8.586066e-07	2.60707	3.62464
8.600038e-07	2.61066	3.62712
8.614033e-07	2.61425	3.6296
8.628050e-07	2.61785	3.63207
8.642091e-07	2.62145	3.63454
8.656154e-07	2.62505	3.63701
8.670240e-07	2.62865	3.63947
8.684349e-07	2.63226	3.64193
8.698481e-07	2.63587	3.64438
8.712636e-07	2.63949	3.64683
8.726814e-07	2.6431	3.64928
8.741016e-07	2.64672	3.65172
8.755240e-07	2.65034	3.65416
8.769487e-07	2.65397	3.65659
8.783758e-07	2.65759	3.65902
8.798052e-07	2.66122	3.66144
8.812369e-07	2.66485	3.66387
8.826709e-07	2.66849	3.66628
8.841073e-07	2.67212	3.6687
8.855460e-07	2.67576	3.67111
8.869870e-07	2.6794	3.67351
8.884304e-07	2.68304	3.67592
8.898762e-07	2.68669	3.67832
8.913243e-07	2.69033	3.68071
8.927747e-07	2.69398	3.6831
8.942276e-07	2.69763	3.68549
8.956827e-07	2.70128	3.68787
8.971403e-07	2.70494	3.69025
8.986002e-07	2.70859	3.69262
9.000625e-07	2.71225	3.69499
9.015272e-07	2.71591	3.69736
9.029942e-07	2.71957	3.69972
9.044637e-07	2.72323	3.70208
9.059355e-07	2.72689	3.70444
9.074097e-07	2.73055	3.70679
9.088864e-07	2.73422	3.70914
9.103654e-07	2.73789	3.71148
9.118468e-07	2.74156	3.71382
9.133307e-07	2.74522	3.71616
9.148169e-07	2.7489	3.71849
9.163056e-07	2.75257	3.72082
9.177967e-07	2.75624	3.72315
9.192903e-07	2.75991	3.72547
9.207862e-07	2.76359	3.72778
9.222846e-07	2.76726	3.7301
9.237855e-07	2.77094	3.73241
9.252887e-07	2.77462	3.73471
9.267945e-07	2.7783	3.73702
9.283026e-07	2.78198	3.73931
9.298133e-07	2.78566	3.74161
9.313264e-07	2.78934	3.7439
9.328419e-07	2.79302	3.74619
9.343599e-07	2.7967	3.74847
9.358804e-07	2.80038	3.75075
9.374034e-07	2.80406	3.75303
9.389288e-07	2.80775	3.7553
9.404567e-07	2.81143	3.75757
9.419871e-07	2.81511	3.75984
9.435200e-07	2.8188	3.7621
9.450554e-07	2.82248	3.76436
9.465933e-07	2.82616	3.76661
9.481337e-07	2.82985	3.76886
9.496766e-07	2.83353	3.77111
9.512220e-07	2.83722	3.77336
9.527699e-07	2.8409	3.7756
9.543204e-07	2.84459	3.77784
9.558733e-07	2.84827	3.78007
9.574288e-07	2.85196	3.7823
9.589869e-07	2.85564	3.78453
9.605474e-07	2.85933	3.78675
9.621105e-07	2.86301	3.78897
9.636762e-07	2.86669	3.79119
9.652444e-07	2.87038	3.7934
9.668151e-07	2.87406	3.79562
9.683884e-07	2.87774	3.79782
9.699643e-07	2.88143	3.80003
9.715427e-07	2.88511	3.80223
9.731237e-07	2.88879	3.80442
9.747072e-07	2.89247	3.80662
9.762934e-07	2.89615	3.80881
9.778821e-07	2.89983	3.811
9.794734e-07	2.90351	3.81318
9.810673e-07	2.90719	3.81536
9.826638e-07	2.91087	3.81754
9.842629e-07	2.91455	3.81972
9.858646e-07	2.91822	3.82189
9.874689e-07	2.9219	3.82406
9.890758e-07	2.92557	3.82623
9.906853e-07	2.92925	3.82839
9.922975e-07	2.93292	3.83055
9.939122e-07	2.93659	3.83271
9.955296e-07	2.94026	3.83486
9.971497e-07	2.94393	3.83701
9.987723e-07	2.9476	3.83916
1.000398e-06	2.95127	3.8413
1.002026e-06	2.95494	3.84345
1.003656e-06	2.9586	3.84559
1.005289e-06	2.96227	3.84772
1.006925e-06	2.96593	3.84986
1.008564e-06	2.96959	3.85199
1.010205e-06	2.97325	3.85412
1.011849e-06	2.97691	3.85624
1.013496e-06	2.98057	3.85837
1.015145e-06	2.98423	3.86049
1.016797e-06	2.98789	3.8626
1.018451e-06	2.99154	3.86472
1.020109e-06	2.99519	3.86683
1.021769e-06	2.99884	3.86894
1.023432e-06	3.00249	3.87105
1.025097e-06	3.00614	3.87315
1.026765e-06	3.00979	3.87525
1.028436e-06	3.01343	3.87735
1.030110e-06	3.01708	3.87945
1.031786e-06	3.02072	3.88155
1.033465e-06	3.02436	3.88364
1.035147e-06	3.028	3.88573
1.036831e-06	3.03163	3.88781
1.038518e-06	3.03527	3.8899
1.040208e-06	3.0389	3.89198
1.041901e-06	3.04253	3.89406
1.043597e-06	3.04616	3.89614
1.045295e-06	3.04979	3.89822
1.046996e-06	3.05342	3.90029
1.048700e-06	3.05704	3.90236
1.050406e-06	3.06066	3.90443
1.052116e-06	3.06428	3.90649
1.053828e-06	3.0679	3.90856
1.055543e-06	3.07152	3.91062
1.057260e-06	3.07513	3.91268
1.058981e-06	3.07874	3.91474
1.060704e-06	3.08235	3.9168
1.062430e-06	3.08596	3.91885
1.064159e-06	3.08956	3.9209
1.065891e-06	3.09317	3.92295
1.067625e-06	3.09677	3.925
1.069363e-06	3.10036	3.92705
1.071103e-06	3.10396	3.92909
1.072846e-06	3.10756	3.93113
1.074592e-06	3.11115	3.93317
1.076340e-06	3.11474	3.93521
1.078092e-06	3.11832	3.93725
1.079846e-06	3.12191	3.93928
1.081603e-06	3.12549	3.94132
1.083363e-06	3.12907	3.94335
1.085126e-06	3.13265	3.94538
1.086892e-06	3.13622	3.94741
1.088661e-06	3.1398	3.94943
1.090433e-06	3.14337	3.95146
1.092207e-06	3.14693	3.95348
1.093984e-06	3.1505	3.9555
1.095765e-06	3.15406	3.95752
1.097548e-06	3.15762	3.95954
1.099334e-06	3.16118	3.96156
1.101123e-06	3.16473	3.96357
1.102915e-06	3.16828	3.96559
1.104709e-06	3.17183	3.9676
1.106507e-06	3.17538	3.96961
1.108308e-06	3.17892	3.97162
1.110111e-06	3.18246	3.97363
1.111918e-06	3.186	3.97564
1.113727e-06	3.18954	3.97764
1.115540e-06	3.19307	3.97965
1.117355e-06	3.1966	3.98165
1.119173e-06	3.20013	3.98365
1.120994e-06	3.20365	3.98565
1.122819e-06	3.20717	3.98765
1.124646e-06	3.21069	3.98965
1.126476e-06	3.21421	3.99165
1.128309e-06	3.21772	3.99364
1.130145e-06	3.22123	3.99564
1.131984e-06	3.22474	3.99763
1.133826e-06	3.22824	3.99962
1.135671e-06	3.23174	4.00162
1.137519e-06	3.23524	4.00361
1.139370e-06	3.23873	4.0056
1.141225e-06	3.24222	4.00759
1.143082e-06	3.24571	4.00957
1.144942e-06	3.2492	4.01156
1.146805e-06	3.25268	4.01355
1.148671e-06	3.25616	4.01553
1.150540e-06	3.25963	4.01752
1.152413e-06	3.26311	4.0195
1.154288e-06	3.26658	4.02148
1.156166e-06	3.27004	4.02347
1.158048e-06	3.27351	4.02545
1.159932e-06	3.27697	4.02743
1.161820e-06	3.28042	4.02941
1.163710e-06	3.28388	4.03139
1.165604e-06	3.28733	4.03337
1.167501e-06	3.29077	4.03535
1.169401e-06	3.29422	4.03732
1.171304e-06	3.29766	4.0393
1.173210e-06	3.3011	4.04128
1.175119e-06	3.30453	4.04325
1.177031e-06	3.30796	4.04523
1.178947e-06	3.31139	4.04721
1.180865e-06	3.31481	4.04918
1.182787e-06	3.31823	4.05116
1.184712e-06	3.32165	4.05313
1.186639e-06	3.32506	4.0551
1.188571e-06	3.32847	4.05708
1.190505e-06	3.33188	4.05905
1.192442e-06	3.33528	4.06102
1.194382e-06	3.33868	4.063
1.196326e-06	3.34208	4.06497
1.198273e-06	3.34547	4.06694
1.200223e-06	3.34886	4.06892
1.202176e-06	3.35224	4.07089
1.204132e-06	3.35562	4.07286
1.206092e-06	3.359	4.07483
1.208054e-06	3.36238	4.0768
1.210020e-06	3.36575	4.07878
1.211989e-06	3.36911	4.08075
1.213962e-06	3.37248	4.08272
1.215937e-06	3.37584	4.08469
1.217916e-06	3.37919	4.08666
1.219898e-06	3.38255	4.08864
1.221883e-06	3.3859	4.09061
1.223871e-06	3.38924	4.09258
1.225863e-06	3.39258	4.09455
1.227858e-06	3.39592	4.09653
1.229856e-06	3.39926	4.0985
1.231857e-06	3.40259	4.10047
1.233862e-06	3.40591	4.10245
1.235870e-06	3.40924	4.10442
1.237881e-06	3.41255	4.10639
1.239895e-06	3.41587	4.10837
1.241913e-06	3.41918	4.11034
1.243934e-06	3.42249	4.11232
1.245958e-06	3.42579	4.11429
1.247986e-06	3.42909	4.11627
1.250016e-06	3.43239	4.11825
1.252051e-06	3.43568	4.12022
1.254088e-06	3.43897	4.1222
1.256129e-06	3.44225	4.12418
1.258173e-06	3.44553	4.12616
1.260220e-06	3.44881	4.12814
1.262271e-06	3.45208	4.13012
1.264325e-06	3.45535	4.1321
1.266383e-06	3.45862	4.13408
1.268443e-06	3.46188	4.13606
1.270508e-06	3.46513	4.13804
1.272575e-06	3.46839	4.14003
1.274646e-06	3.47164	4.14201
1.276720e-06	3.47488	4.144
1.278798e-06	3.47812	4.14598
1.280879e-06	3.48136	4.14797
1.282963e-06	3.48459	4.14996
1.285051e-06	3.48782	4.15194
1.287142e-06	3.49105	4.15393
1.289237e-06	3.49427	4.15592
1.291335e-06	3.49748	4.15792
1.293436e-06	3.50069	4.15991
1.295541e-06	3.5039	4.1619
1.297649e-06	3.50711	4.16389
1.299761e-06	3.51031	4.16589
1.301876e-06	3.5135	4.16789
1.303994e-06	3.5167	4.16988
1.306116e-06	3.51988	4.17188
1.308242e-06	3.52307	4.17388
1.310371e-06	3.52625	4.17588
1.312503e-06	3.52942	4.17788
1.314639e-06	3.53259	4.17989
1.316778e-06	3.53576	4.18189
1.318921e-06	3.53892	4.1839
1.321067e-06	3.54208	4.18591
1.323217e-06	3.54523	4.18791
1.325370e-06	3.54838	4.18992
1.327527e-06	3.55153	4.19194
1.329687e-06	3.55467	4.19395
1.331851e-06	3.55781	4.19596
1.334019e-06	3.56094	4.19798
1.336189e-06	3.56407	4.19999
1.338364e-06	3.56719	4.20201
1.340542e-06	3.57031	4.20403
1.342723e-06	3.57343	4.20605
1.344908e-06	3.57654	4.20808
1.347097e-06	3.57965	4.2101
1.349289e-06	3.58275	4.21213
1.351485e-06	3.58585	4.21416
1.353684e-06	3.58894	4.21619
1.355887e-06	3.59203	4.21822
1.358093e-06	3.59512	4.22025
1.360303e-06	3.5982	4.22229
1.362517e-06	3.60127	4.22432
1.364734e-06	3.60435	4.22636
1.366955e-06	3.60741	4.2284
1.369179e-06	3.61048	4.23044
1.371407e-06	3.61354	4.23249
1.373639e-06	3.61659	4.23453
1.375874e-06	3.61964	4.23658
1.378113e-06	3.62269	4.23863
1.380356e-06	3.62573	4.24068
1.382602e-06	3.62876	4.24273
1.384852e-06	3.6318	4.24479
1.387106e-06	3.63482	4.24685
1.389363e-06	3.63785	4.24891
1.391624e-06	3.64086	4.25097
1.393888e-06	3.64388	4.25303
1.396157e-06	3.64689	4.2551
1.398429e-06	3.64989	4.25717
1.400704e-06	3.65289	4.25924
1.402984e-06	3.65589	4.26131
1.405267e-06	3.65888	4.26338
1.407554e-06	3.66187	4.26546
1.409844e-06	3.66485	4.26754
1.412138e-06	3.66783	4.26962
1.414436e-06	3.6708	4.27171
1.416738e-06	3.67377	4.27379
1.419043e-06	3.67673	4.27588
1.421353e-06	3.67969	4.27797
1.423666e-06	3.68264	4.28007
1.425982e-06	3.68559	4.28216
1.428303e-06	3.68854	4.28426
1.430627e-06	3.69148	4.28636
1.432955e-06	3.69442	4.28846
1.435287e-06	3.69735	4.29057
1.437623e-06	3.70027	4.29268
1.439962e-06	3.7032	4.29479
1.442305e-06	3.70611	4.2969
1.444653e-06	3.70903	4.29902
1.447003e-06	3.71193	4.30114
1.449358e-06	3.71484	4.30326
1.451717e-06	3.71774	4.30538
1.454079e-06	3.72063	4.30751
1.456445e-06	3.72352	4.30964
1.458815e-06	3.7264	4.31177
1.461189e-06	3.72928	4.31391
1.463567e-06	3.73216	4.31605
1.465949e-06	3.73503	4.31819
1.468334e-06	3.73789	4.32033
1.470724e-06	3.74075	4.32248
1.473117e-06	3.74361	4.32463
1.475514e-06	3.74646	4.32678
1.477915e-06	3.7493	4.32894
1.480320e-06	3.75215	4.3311
1.482729e-06	3.75498	4.33326
1.485142e-06	3.75781	4.33542
1.487559e-06	3.76064	4.33759
1.489980e-06	3.76346	4.33976
1.492404e-06	3.76628	4.34194
1.494833e-06	3.76909	4.34411
1.497265e-06	3.7719	4.34629
1.499702e-06	3.7747	4.34848
1.502142e-06	3.7775	4.35066
1.504587e-06	3.78029	4.35285
1.507035e-06	3.78308	4.35505
1.509488e-06	3.78586	4.35724
1.511944e-06	3.78864	4.35944
1.514404e-06	3.79141	4.36165
1.516869e-06	3.79418	4.36386
1.519337e-06	3.79694	4.36607
1.521810e-06	3.7997	4.36828
1.524286e-06	3.80246	4.3705
1.526767e-06	3.8052	4.37272
1.529251e-06	3.80795	4.37494
1.531740e-06	3.81069	4.37717
1.534232e-06	3.81342	4.3794
1.536729e-06	3.81615	4.38163
1.539230e-06	3.81887	4.38387
1.541734e-06	3.82159	4.38611
1.544243e-06	3.8243	4.38836
1.546756e-06	3.82701	4.39061
1.549273e-06	3.82972	4.39286
1.551794e-06	3.83241	4.39512
1.554320e-06	3.83511	4.39738
1.556849e-06	3.8378	4.39964
1.559382e-06	3.84048	4.40191
1.561920e-06	3.84316	4.40418
1.564462e-06	3.84583	4.40646
1.567008e-06	3.8485	4.40874
1.569558e-06	3.85116	4.41102
1.572112e-06	3.85382	4.41331
1.574670e-06	3.85647	4.4156
1.577232e-06	3.85912	4.4179
1.579799e-06	3.86176	4.4202
1.582370e-06	3.8644	4.4225
1.584945e-06	3.86703	4.42481
1.587524e-06	3.86966	4.42712
1.590107e-06	3.87228	4.42943
1.592695e-06	3.8749	4.43175
1.595287e-06	3.87751	4.43408
1.597883e-06	3.88012	4.4364
1.600483e-06	3.88272	4.43874
1.603088e-06	3.88532	4.44107
1.605696e-06	3.88791	4.44341
1.608309e-06	3.8905	4.44576
1.610926e-06	3.89308	4.44811
1.613548e-06	3.89565	4.45046
1.616174e-06	3.89822	4.45282
1.618804e-06	3.90079	4.45518
1.621438e-06	3.90335	4.45755
1.624076e-06	3.9059	4.45992
1.626719e-06	3.90845	4.4623
1.629366e-06	3.911	4.46468
1.632018e-06	3.91354	4.46706
1.634674e-06	3.91607	4.46945
1.637334e-06	3.9186	4.47184
1.639998e-06	3.92112	4.47424
1.642667e-06	3.92364	4.47665
1.645340e-06	3.92616	4.47905
1.648018e-06	3.92866	4.48147
1.650699e-06	3.93117	4.48388
1.653386e-06	3.93366	4.4863
1.656076e-06	3.93615	4.48873
1.658771e-06	3.93864	4.49116
1.661470e-06	3.94112	4.4936
1.664174e-06	3.9436	4.49604
1.666882e-06	3.94607	4.49849
1.669595e-06	3.94853	4.50094
1.672312e-06	3.95099	4.50339
1.675033e-06	3.95345	4.50585
1.677759e-06	3.9559	4.50832
1.680489e-06	3.95834	4.51079
1.683224e-06	3.96078	4.51326
1.685963e-06	3.96321	4.51574
1.688706e-06	3.96564	4.51823
1.691454e-06	3.96806	4.52072
1.694207e-06	3.97048	4.52322
1.696964e-06	3.97289	4.52572
1.699725e-06	3.9753	4.52822
1.702491e-06	3.9777	4.53074
1.705262e-06	3.9801	4.53325
1.708037e-06	3.98249	4.53577
1.710816e-06	3.98487	4.5383
1.713600e-06	3.98725	4.54083
1.716389e-06	3.98962	4.54337
1.719182e-06	3.99199	4.54591
1.721980e-06	3.99435	4.54846
1.724782e-06	3.99671	4.55102
1.727589e-06	3.99906	4.55358
1.730400e-06	4.00141	4.55614
1.733216e-06	4.00375	4.55871
1.736036e-06	4.00609	4.56129
1.738861e-06	4.00842	4.56387
1.741691e-06	4.01074	4.56646
1.744525e-06	4.01306	4.56905
1.747364e-06	4.01537	4.57165
1.750207e-06	4.01768	4.57425
1.753056e-06	4.01998	4.57686
1.755908e-06	4.02228	4.57948
1.758766e-06	4.02457	4.5821
1.761628e-06	4.02686	4.58473
1.764494e-06	4.02914	4.58736
1.767366e-06	4.03141	4.59
1.770242e-06	4.03368	4.59264
1.773123e-06	4.03594	4.5953
1.776008e-06	4.0382	4.59795
1.778898e-06	4.04045	4.60061
1.781793e-06	4.0427	4.60328
1.784692e-06	4.04494	4.60596
1.787597e-06	4.04718	4.60864
1.790506e-06	4.04941	4.61133
1.793419e-06	4.05163	4.61402
1.796338e-06	4.05385	4.61672
1.799261e-06	4.05606	4.61942
1.802189e-06	4.05827	4.62213
1.805122e-06	4.06047	4.62485
1.808059e-06	4.06267	4.62758
1.811001e-06	4.06486	4.63031
1.813948e-06	4.06705	4.63304
1.816900e-06	4.06923	4.63578
1.819857e-06	4.0714	4.63853
1.822818e-06	4.07357	4.64129
1.825785e-06	4.07573	4.64405
1.828756e-06	4.07789	4.64682
1.831732e-06	4.08004	4.6496
1.834712e-06	4.08218	4.65238
1.837698e-06	4.08432	4.65516
1.840689e-06	4.08646	4.65796
1.843684e-06	4.08858	4.66076
1.846684e-06	4.09071	4.66357
1.849689e-06	4.09282	4.66638
1.852699e-06	4.09493	4.6692
1.855714e-06	4.09704	4.67203
1.858734e-06	4.09914	4.67487
1.861759e-06	4.10123	4.67771
1.864788e-06	4.10332	4.68056
1.867823e-06	4.1054	4.68341
1.870862e-06	4.10748	4.68628
1.873907e-06	4.10955	4.68914
1.876956e-06	4.11162	4.69202
1.880011e-06	4.11368	4.6949
1.883070e-06	4.11573	4.69779
1.886134e-06	4.11778	4.70069
1.889204e-06	4.11982	4.7036
1.892278e-06	4.12185	4.70651
1.895357e-06	4.12389	4.70943
1.898442e-06	4.12591	4.71235
1.901531e-06	4.12793	4.71528
1.904625e-06	4.12994	4.71822
1.907725e-06	4.13195	4.72117
1.910829e-06	4.13395	4.72413
1.913939e-06	4.13595	4.72709
1.917053e-06	4.13794	4.73006
1.920173e-06	4.13992	4.73303
1.923297e-06	4.1419	4.73602
1.926427e-06	4.14387	4.73901
1.929562e-06	4.14584	4.74201
1.932702e-06	4.1478	4.74502
1.935847e-06	4.14975	4.74803
1.938997e-06	4.1517	4.75105
1.942153e-06	4.15364	4.75408
1.945313e-06	4.15558	4.75712
1.948479e-06	4.15751	4.76016
1.951650e-06	4.15944	4.76322
1.954825e-06	4.16135	4.76628
1.958007e-06	4.16327	4.76934
1.961193e-06	4.16518	4.77242
1.964384e-06	4.16708	4.7755
1.967581e-06	4.16897	4.7786
1.970783e-06	4.17086	4.7817
1.973990e-06	4.17275	4.7848
1.977202e-06	4.17462	4.78792
1.980420e-06	4.1765	4.79104
1.983642e-06	4.17836	4.79417
1.986870e-06	4.18022	4.79731
1.990104e-06	4.18208	4.80046
1.993342e-06	4.18393	4.80362
1.996586e-06	4.18577	4.80678
1.999835e-06	4.1876	4.80995
2.003089e-06	4.18943	4.81313
2.006349e-06	4.19126	4.81632
2.009614e-06	4.19308	4.81952
2.012884e-06	4.19489	4.82273
2.016160e-06	4.1967	4.82594
2.019441e-06	4.1985	4.82916
2.022727e-06	4.20029	4.83239
2.026018e-06	4.20208	4.83563
2.029315e-06	4.20386	4.83888
2.032618e-06	4.20564	4.84214
2.035925e-06	4.20741	4.8454
2.039238e-06	4.20918	4.84868
2.042557e-06	4.21094	4.85196
2.045881e-06	4.21269	4.85525
2.049210e-06	4.21444	4.85855
2.052545e-06	4.21618	4.86186
2.055885e-06	4.21791	4.86518
2.059230e-06	4.21964	4.8685
2.062581e-06	4.22136	4.87184
2.065938e-06	4.22308	4.87518
2.069300e-06	4.22479	4.87853
2.072667e-06	4.2265	4.8819
2.076040e-06	4.22819	4.88527
2.079418e-06	4.22989	4.88865
2.082802e-06	4.23157	4.89204
2.086191e-06	4.23325	4.89544
2.089586e-06	4.23493	4.89884
2.092987e-06	4.2366	4.90226
2.096393e-06	4.23826	4.90569
2.099804e-06	4.23992	4.90912
2.103221e-06	4.24157	4.91257
2.106644e-06	4.24321	4.91602
2.110072e-06	4.24485	4.91948
2.113505e-06	4.24648	4.92296
2.116945e-06	4.24811	4.92644
2.120390e-06	4.24973	4.92993
2.123840e-06	4.25134	4.93343
2.127296e-06	4.25295	4.93694
2.130758e-06	4.25455	4.94047
2.134225e-06	4.25615	4.944
2.137698e-06	4.25774	4.94754
2.141177e-06	4.25932	4.95109
2.144661e-06	4.2609	4.95465
2.148151e-06	4.26247	4.95821
2.151647e-06	4.26404	4.96179
2.155149e-06	4.2656	4.96538
2.158656e-06	4.26715	4.96898
2.162168e-06	4.2687	4.97259
2.165687e-06	4.27024	4.97621
2.169211e-06	4.27178	4.97984
2.172741e-06	4.27331	4.98348
2.176277e-06	4.27483	4.98713
2.179818e-06	4.27635	4.99079
2.183365e-06	4.27786	4.99446
2.186918e-06	4.27936	4.99814
2.190477e-06	4.28086	5.00183
2.194042e-06	4.28236	5.00553
2.197612e-06	4.28384	5.00924
2.201188e-06	4.28532	5.01296
2.204770e-06	4.2868	5.01669
2.208358e-06	4.28827	5.02043
2.211952e-06	4.28973	5.02419
2.215551e-06	4.29119	5.02795
2.219157e-06	4.29264	5.03172
2.222768e-06	4.29408	5.03551
2.226385e-06	4.29552	5.0393
2.230008e-06	4.29695	5.04311
2.233637e-06	4.29838	5.04693
2.237272e-06	4.2998	5.05075
2.240913e-06	4.30121	5.05459
2.244559e-06	4.30262	5.05844
2.248212e-06	4.30402	5.0623
2.251870e-06	4.30542	5.06617
2.255535e-06	4.30681	5.07005
2.259205e-06	4.30819	5.07395
2.262882e-06	4.30957	5.07785
2.266564e-06	4.31094	5.08177
2.270252e-06	4.3123	5.08569
2.273947e-06	4.31366	5.08963
2.277647e-06	4.31502	5.09358
2.281354e-06	4.31637	5.09754
2.285066e-06	4.31771	5.10151
2.288784e-06	4.31904	5.10549
2.292509e-06	4.32037	5.10949
2.296240e-06	4.32169	5.11349
2.299976e-06	4.32301	5.11751
2.303719e-06	4.32432	5.12154
2.307468e-06	4.32563	5.12558
2.311223e-06	4.32693	5.12963
2.314984e-06	4.32822	5.1337
2.318751e-06	4.32951	5.13777
2.322524e-06	4.33079	5.14186
2.326304e-06	4.33206	5.14596
2.330089e-06	4.33333	5.15007
2.333881e-06	4.33459	5.15419
2.337679e-06	4.33585	5.15833
2.341483e-06	4.3371	5.16247
2.345294e-06	4.33835	5.16663
2.349110e-06	4.33958	5.1708
2.352933e-06	4.34082	5.17498
2.356762e-06	4.34204	5.17918
2.360597e-06	4.34326	5.18339
2.364438e-06	4.34448	5.18761
2.368286e-06	4.34569	5.19184
2.372140e-06	4.34689	5.19608
2.376000e-06	4.34809	5.20034
2.379866e-06	4.34928	5.20461
2.383739e-06	4.35046	5.20889
2.387618e-06	4.35164	5.21318
2.391504e-06	4.35282	5.21749
2.395395e-06	4.35398	5.2218
2.399293e-06	4.35514	5.22614
2.403198e-06	4.3563	5.23048
2.407108e-06	4.35745	5.23484
2.411026e-06	4.35859	5.23921
2.414949e-06	4.35973	5.24359
2.418879e-06	4.36086	5.24798
2.422815e-06	4.36199	5.25239
2.426758e-06	4.36311	5.25681
2.430707e-06	4.36422	5.26125
2.434662e-06	4.36533	5.26569
2.438624e-06	4.36643	5.27015
2.442593e-06	4.36752	5.27463
2.446568e-06	4.36861	5.27911
2.450549e-06	4.3697	5.28361
2.454537e-06	4.37078	5.28812
2.458531e-06	4.37185	5.29265
2.462532e-06	4.37292	5.29719
2.466539e-06	4.37398	5.30174
2.470553e-06	4.37503	5.30631
2.474573e-06	4.37608	5.31089
2.478600e-06	4.37712	5.31548
2.482633e-06	4.37816	5.32009
2.486673e-06	4.37919	5.32471
2.490720e-06	4.38022	5.32934
2.494773e-06	4.38124	5.33399
2.498833e-06	4.38225	5.33865
2.502899e-06	4.38326	5.34333
2.506972e-06	4.38427	5.34801
2.511052e-06	4.38526	5.35272
2.515138e-06	4.38625	5.35743
2.519231e-06	4.38724	5.36217
2.523330e-06	4.38822	5.36691
2.527437e-06	4.38919	5.37167
2.531550e-06	4.39016	5.37644
2.535669e-06	4.39113	5.38123
2.539795e-06	4.39208	5.38603
2.543928e-06	4.39303	5.39085
2.548068e-06	4.39398	5.39568
2.552215e-06	4.39492	5.40052
2.556368e-06	4.39585	5.40538
2.560528e-06	4.39678	5.41025
2.564695e-06	4.39771	5.41514
2.568868e-06	4.39862	5.42004
2.573048e-06	4.39954	5.42496
2.577236e-06	4.40044	5.42989
2.581430e-06	4.40134	5.43484
2.585630e-06	4.40224	5.4398
2.589838e-06	4.40313	5.44478
2.594052e-06	4.40401	5.44977
2.598274e-06	4.40489	5.45477
2.602502e-06	4.40576	5.45979
2.606737e-06	4.40663	5.46483
2.610979e-06	4.40749	5.46988
2.615228e-06	4.40835	5.47495
2.619483e-06	4.4092	5.48003
2.623746e-06	4.41005	5.48512
2.628016e-06	4.41089	5.49023
2.632292e-06	4.41172	5.49536
2.636576e-06	4.41255	5.5005
2.640866e-06	4.41337	5.50566
2.645164e-06	4.41419	5.51083
2.649468e-06	4.415	5.51602
2.653780e-06	4.41581	5.52122
2.658098e-06	4.41661	5.52644
2.662424e-06	4.41741	5.53168
2.666756e-06	4.4182	5.53693
2.671096e-06	4.41899	5.54219
2.675443e-06	4.41977	5.54748
2.679796e-06	4.42055	5.55277
2.684157e-06	4.42132	5.55809
2.688525e-06	4.42208	5.56342
2.692900e-06	4.42284	5.56876
2.697282e-06	4.4236	5.57413
2.701672e-06	4.42435	5.5795
2.706068e-06	4.42509	5.5849
2.710472e-06	4.42583	5.59031
2.714883e-06	4.42656	5.59573
2.719300e-06	4.42729	5.60117
2.723726e-06	4.42802	5.60663
2.728158e-06	4.42874	5.61211
2.732597e-06	4.42945	5.6176
2.737044e-06	4.43016	5.62311
2.741498e-06	4.43086	5.62863
2.745959e-06	4.43156	5.63417
2.750428e-06	4.43225	5.63973
2.754904e-06	4.43294	5.64531
2.759387e-06	4.43363	5.6509
2.763877e-06	4.4343	5.6565
2.768375e-06	4.43498	5.66213
2.772880e-06	4.43565	5.66777
2.777392e-06	4.43631	5.67343
2.781912e-06	4.43697	5.6791
2.786439e-06	4.43762	5.6848
2.790973e-06	4.43827	5.69051
2.795515e-06	4.43892	5.69623
2.800064e-06	4.43956	5.70198
2.804621e-06	4.44019	5.70774
2.809185e-06	4.44082	5.71351
2.813756e-06	4.44145	5.71931
2.818335e-06	4.44207	5.72512
2.822921e-06	4.44268	5.73095
2.827515e-06	4.44329	5.7368
2.832116e-06	4.4439	5.74267
2.836725e-06	4.4445	5.74855
2.841341e-06	4.4451	5.75445
2.845965e-06	4.44569	5.76037
2.850596e-06	4.44628	5.7663
2.855235e-06	4.44686	5.77226
2.859881e-06	4.44744	5.77823
2.864535e-06	4.44802	5.78422
2.869196e-06	4.44859	5.79022
2.873865e-06	4.44915	5.79625
2.878542e-06	4.44971	5.80229
2.883226e-06	4.45027	5.80835
2.887918e-06	4.45082	5.81443
2.892618e-06	4.45137	5.82053
2.897325e-06	4.45191	5.82665
2.902040e-06	4.45245	5.83278
2.906762e-06	4.45299	5.83893
2.911492e-06	4.45352	5.8451
2.916230e-06	4.45404	5.85129
2.920976e-06	4.45456	5.8575
2.925729e-06	4.45508	5.86373
2.930490e-06	4.4556	5.86997
2.935259e-06	4.45611	5.87623
2.940035e-06	4.45661	5.88252
2.944820e-06	4.45711	5.88882
2.949612e-06	4.45761	5.89514
2.954412e-06	4.4581	5.90148
2.959220e-06	4.45859	5.90783
2.964035e-06	4.45908	5.91421
2.968858e-06	4.45956	5.9206
2.973690e-06	4.46004	5.92702
2.978529e-06	4.46051	5.93345
2.983376e-06	4.46098	5.9399
2.988231e-06	4.46144	5.94638
2.993093e-06	4.46191	5.95287
2.997964e-06	4.46236	5.95938
3.002843e-06	4.46282	5.96591
3.007729e-06	4.46327	5.97246
3.012624e-06	4.46371	5.97902
3.017526e-06	4.46416	5.98561
3.022437e-06	4.4646	5.99222
3.027355e-06	4.46503	5.99885
3.032281e-06	4.46546	6.00549
3.037216e-06	4.46589	6.01216
3.042158e-06	4.46632	6.01885
3.047109e-06	4.46674	6.02555
3.052067e-06	4.46716	6.03228
3.057034e-06	4.46757	6.03902
3.062009e-06	4.46798	6.04579
3.066991e-06	4.46839	6.05257
3.071982e-06	4.4688	6.05938
3.076981e-06	4.4692	6.06621
3.081989e-06	4.46959	6.07305
3.087004e-06	4.46999	6.07992
3.092027e-06	4.47038	6.0868
3.097059e-06	4.47077	6.09371
3.102099e-06	4.47115	6.10064
3.107147e-06	4.47153	6.10758
3.112203e-06	4.47191	6.11455
3.117268e-06	4.47229	6.12154
3.122340e-06	4.47266	6.12855
3.127421e-06	4.47303	6.13558
3.132511e-06	4.4734	6.14263
3.137608e-06	4.47376	6.1497
3.142714e-06	4.47412	6.15679
3.147828e-06	4.47448	6.1639
3.152951e-06	4.47483	6.17104
3.158082e-06	4.47519	6.17819
3.163221e-06	4.47554	6.18537
3.168368e-06	4.47588	6.19256
3.173524e-06	4.47623	6.19978
3.178688e-06	4.47657	6.20702
3.183861e-06	4.47691	6.21428
3.189042e-06	4.47724	6.22156
3.194232e-06	4.47758	6.22886
3.199430e-06	4.47791	6.23618
3.204636e-06	4.47824	6.24353
3.209851e-06	4.47856	6.25089
3.215074e-06	4.47889	6.25828
3.220306e-06	4.47921	6.26569
3.225547e-06	4.47953	6.27312
3.230796e-06	4.47984	6.28057
3.236053e-06	4.48016	6.28804
3.241319e-06	4.48047	6.29554
3.246594e-06	4.48078	6.30306
3.251877e-06	4.48109	6.31059
3.257169e-06	4.48139	6.31815
3.262469e-06	4.4817	6.32574
3.267778e-06	4.482	6.33334
3.273096e-06	4.4823	6.34097
3.278422e-06	4.4826	6.34862
3.283757e-06	4.48289	6.35629
3.289101e-06	4.48319	6.36398
3.294453e-06	4.48348	6.37169
3.299814e-06	4.48377	6.37943
3.305184e-06	4.48406	6.38719
3.310563e-06	4.48434	6.39497
3.315950e-06	4.48463	6.40277
3.321346e-06	4.48491	6.4106
3.326751e-06	4.4852	6.41845
3.332164e-06	4.48548	6.42632
3.337587e-06	4.48575	6.43421
3.343018e-06	4.48603	6.44213
3.348458e-06	4.48631	6.45007
3.353907e-06	4.48658	6.45803
3.359365e-06	4.48686	6.46601
3.364832e-06	4.48713	6.47402
3.370307e-06	4.4874	6.48205
3.375792e-06	4.48767	6.4901
3.381285e-06	4.48794	6.49818
3.386787e-06	4.48821	6.50628
3.392299e-06	4.48847	6.5144
3.397819e-06	4.48874	6.52255
3.403348e-06	4.489	6.53071
3.408887e-06	4.48926	6.5389
3.414434e-06	4.48953	6.54712
3.419990e-06	4.48979	6.55536
3.425556e-06	4.49005	6.56362
3.431130e-06	4.49031	6.5719
3.436714e-06	4.49057	6.58021
3.442306e-06	4.49083	6.58854
3.447908e-06	4.49108	6.59689
3.453519e-06	4.49134	6.60527
3.459138e-06	4.4916	6.61367
3.464768e-06	4.49185	6.6221
3.470406e-06	4.49211	6.63054
3.476053e-06	4.49237	6.63902
3.481710e-06	4.49262	6.64751
3.487376e-06	4.49288	6.65603
3.493051e-06	4.49313	6.66458
3.498735e-06	4.49338	6.67314
3.504428e-06	4.49364	6.68173
3.510131e-06	4.49389	6.69035
3.515843e-06	4.49415	6.69899
3.521564e-06	4.4944	6.70765
3.527295e-06	4.49465	6.71634
3.533035e-06	4.49491	6.72505
3.538784e-06	4.49516	6.73379
3.544543e-06	4.49542	6.74255
3.550311e-06	4.49567	6.75133
3.556088e-06	4.49593	6.76014
3.561875e-06	4.49618	6.76897
3.567672e-06	4.49644	6.77783
3.573477e-06	4.49669	6.78671
3.579292e-06	4.49695	6.79562
3.585117e-06	4.4972	6.80455
3.590951e-06	4.49746	6.8135
3.596795e-06	4.49772	6.82248
3.602648e-06	4.49798	6.83148
3.608510e-06	4.49824	6.84051
3.614382e-06	4.4985	6.84957
3.620264e-06	4.49876	6.85864
3.626155e-06	4.49902	6.86775
3.632056e-06	4.49928	6.87688
3.637967e-06	4.49954	6.88603
3.643887e-06	4.49981	6.89521
3.649816e-06	4.50007	6.90441
3.655756e-06	4.50034	6.91364
3.661705e-06	4.50061	6.92289
3.667663e-06	4.50088	6.93217
3.673632e-06	4.50115	6.94147
3.679610e-06	4.50142	6.9508
3.685598e-06	4.50169	6.96015
3.691595e-06	4.50197	6.96953
3.697603e-06	4.50224	6.97893
3.703620e-06	4.50252	6.98836
3.709647e-06	4.5028	6.99781
3.715683e-06	4.50308	7.00729
3.721730e-06	4.50336	7.0168
3.727786e-06	4.50365	7.02633
3.733853e-06	4.50393	7.03589
3.739929e-06	4.50422	7.04547
3.746015e-06	4.50451	7.05507
3.752111e-06	4.5048	7.06471
3.758216e-06	4.50509	7.07436
3.764332e-06	4.50539	7.08405
3.770458e-06	4.50569	7.09376
3.776594e-06	4.50598	7.10349
3.782739e-06	4.50629	7.11325
3.788895e-06	4.50659	7.12304
3.795061e-06	4.5069	7.13285
3.801236e-06	4.50721	7.14269
3.807422e-06	4.50752	7.15256
3.813618e-06	4.50783	7.16245
3.819824e-06	4.50815	7.17237
3.826040e-06	4.50847	7.18231
3.832266e-06	4.50879	7.19228
3.838502e-06	4.50911	7.20227
3.844749e-06	4.50944	7.21229
3.851005e-06	4.50977	7.22234
3.857272e-06	4.5101	7.23241
3.863549e-06	4.51044	7.24251
3.869836e-06	4.51078	7.25264
3.876133e-06	4.51112	7.26279
3.882441e-06	4.51146	7.27297
3.888759e-06	4.51181	7.28317
3.895087e-06	4.51216	7.29341
3.901426e-06	4.51252	7.30366
3.907774e-06	4.51287	7.31395
3.914133e-06	4.51324	7.32426
3.920503e-06	4.5136	7.3346
3.926883e-06	4.51397	7.34496
3.933273e-06	4.51434	7.35535
3.939674e-06	4.51472	7.36577
3.946085e-06	4.51509	7.37621
3.952506e-06	4.51548	7.38668
3.958938e-06	4.51586	7.39718
3.965380e-06	4.51625	7.4077
3.971833e-06	4.51665	7.41825
3.978297e-06	4.51705	7.42883
3.984771e-06	4.51745	7.43944
3.991255e-06	4.51785	7.45007
3.997750e-06	4.51826	7.46073
4.004256e-06	4.51868	7.47141
4.010772e-06	4.5191	7.48212
4.017298e-06	4.51952	7.49286
4.023836e-06	4.51995	7.50363
4.030384e-06	4.52038	7.51442
4.036942e-06	4.52082	7.52524
4.043512e-06	4.52126	7.53609
4.050092e-06	4.5217	7.54696
4.056682e-06	4.52215	7.55787
4.063284e-06	4.52261	7.56879
4.069896e-06	4.52307	7.57975
4.076519e-06	4.52353	7.59073
4.083153e-06	4.524	7.60175
4.089797e-06	4.52448	7.61278
4.096453e-06	4.52495	7.62385
4.103119e-06	4.52544	7.63494
4.109796e-06	4.52593	7.64606
4.116484e-06	4.52642	7.65721
4.123182e-06	4.52692	7.66838
4.129892e-06	4.52743	7.67959
4.136613e-06	4.52794	7.69082
4.143344e-06	4.52845	7.70208
4.150087e-06	4.52898	7.71336
4.156840e-06	4.5295	7.72467
4.163605e-06	4.53004	7.73601
4.170380e-06	4.53057	7.74738
4.177166e-06	4.53112	7.75878
4.183964e-06	4.53167	7.7702
4.190772e-06	4.53222	7.78165
4.197592e-06	4.53278	7.79313
4.204423e-06	4.53335	7.80464
4.211265e-06	4.53393	7.81617
4.218118e-06	4.53451	7.82773
4.224982e-06	4.53509	7.83932
4.231857e-06	4.53568	7.85094
4.238744e-06	4.53628	7.86259
4.245641e-06	4.53689	7.87426
4.252550e-06	4.5375	7.88596
4.259471e-06	4.53811	7.89769
4.266402e-06	4.53874	7.90945
4.273345e-06	4.53937	7.92124
4.280299e-06	4.54	7.93305
4.287264e-06	4.54065	7.94489
4.294241e-06	4.5413	7.95676
4.301229e-06	4.54196	7.96866
4.308228e-06	4.54262	7.98058
4.315239e-06	4.54329	7.99254
4.322261e-06	4.54397	8.00452
4.329295e-06	4.54465	8.01653
4.336340e-06	4.54535	8.02857
4.343396e-06	4.54605	8.04063
4.350464e-06	4.54675	8.05273
4.357544e-06	4.54747	8.06485
4.364635e-06	4.54819	8.077
4.371738e-06	4.54892	8.08918
4.378852e-06	4.54965	8.10139
4.385977e-06	4.5504	8.11363
4.393115e-06	4.55115	8.12589
4.400264e-06	4.55191	8.13818
4.407424e-06	4.55267	8.15051
4.414596e-06	4.55345	8.16286
4.421780e-06	4.55423	8.17523
4.428976e-06	4.55502	8.18764
4.436183e-06	4.55582	8.20007
4.443402e-06	4.55662	8.21254
4.450633e-06	4.55744	8.22503
4.457875e-06	4.55826	8.23755
4.465130e-06	4.55909	8.2501
4.472396e-06	4.55993	8.26268
4.479674e-06	4.56078	8.27528
4.486964e-06	4.56163	8.28792
4.494265e-06	4.5625	8.30058
4.501579e-06	4.56337	8.31327
4.508904e-06	4.56425	8.32599
4.516241e-06	4.56514	8.33874
4.523591e-06	4.56604	8.35152
4.530952e-06	4.56695	8.36433
4.538325e-06	4.56786	8.37716
4.545710e-06	4.56879	8.39003
4.553108e-06	4.56972	8.40292
4.560517e-06	4.57066	8.41584
4.567938e-06	4.57162	8.42879
4.575372e-06	4.57258	8.44177
4.582817e-06	4.57355	8.45478
4.590275e-06	4.57453	8.46781
4.597745e-06	4.57552	8.48088
4.605227e-06	4.57651	8.49397
4.612721e-06	4.57752	8.5071
4.620227e-06	4.57854	8.52025
4.627745e-06	4.57956	8.53343
4.635276e-06	4.5806	8.54664
4.642819e-06	4.58165	8.55988
4.650374e-06	4.5827	8.57314
4.657942e-06	4.58377	8.58644
4.665522e-06	4.58484	8.59976
4.673114e-06	4.58593	8.61312
4.680719e-06	4.58702	8.6265
4.688336e-06	4.58813	8.63991
4.695965e-06	4.58924	8.65335
4.703607e-06	4.59037	8.66682
4.711261e-06	4.59151	8.68032
4.718928e-06	4.59265	8.69385
4.726607e-06	4.59381	8.70741
4.734298e-06	4.59498	8.72099
4.742002e-06	4.59615	8.73461
4.749719e-06	4.59734	8.74825
4.757448e-06	4.59854	8.76193
4.765190e-06	4.59975	8.77563
4.772944e-06	4.60097	8.78936
4.780712e-06	4.6022	8.80312
4.788491e-06	4.60344	8.81691
4.796283e-06	4.60469	8.83073
4.804088e-06	4.60596	8.84458
4.811906e-06	4.60723	8.85845
4.819737e-06	4.60852	8.87236
4.827580e-06	4.60981	8.8863
4.835436e-06	4.61112	8.90026
4.843304e-06	4.61244	8.91425
4.851186e-06	4.61377	8.92828
4.859080e-06	4.61511	8.94233
4.866987e-06	4.61646	8.95641
4.874908e-06	4.61783	8.97052
4.882840e-06	4.6192	8.98466
4.890786e-06	4.62059	8.99883
4.898745e-06	4.62199	9.01303
4.906717e-06	4.6234	9.02726
4.914702e-06	4.62483	9.04151
4.922699e-06	4.62626	9.0558
4.930710e-06	4.62771	9.07011
4.938734e-06	4.62917	9.08446
4.946771e-06	4.63064	9.09883
4.954820e-06	4.63212	9.11323
4.962883e-06	4.63361	9.12767
4.970960e-06	4.63512	9.14213
4.979049e-06	4.63664	9.15662
4.987151e-06	4.63817	9.17114
4.995267e-06	4.63972	9.18569
5.003396e-06	4.64127	9.20027
5.011538e-06	4.64284	9.21488
5.019693e-06	4.64443	9.22951
5.027861e-06	4.64602	9.24418
5.036043e-06	4.64763	9.25888
5.044238e-06	4.64925	9.2736
5.052447e-06	4.65088	9.28836
5.060669e-06	4.65253	9.30314
5.068904e-06	4.65418	9.31796
5.077153e-06	4.65586	9.3328
5.085415e-06	4.65754	9.34767
5.093690e-06	4.65924	9.36257
5.101979e-06	4.66095	9.37751
5.110282e-06	4.66267	9.39247
5.118598e-06	4.66441	9.40746
5.126927e-06	4.66616	9.42248
5.135270e-06	4.66793	9.43752
5.143627e-06	4.6697	9.4526
5.151997e-06	4.6715	9.46771
5.160381e-06	4.6733	9.48285
5.168778e-06	4.67512	9.49801
5.177190e-06	4.67695	9.51321
5.185614e-06	4.6788	9.52844
5.194053e-06	4.68066	9.54369
5.202505e-06	4.68253	9.55898
5.210971e-06	4.68442	9.57429
5.219451e-06	4.68632	9.58963
5.227945e-06	4.68824	9.60501
5.236452e-06	4.69017	9.62041
5.244974e-06	4.69211	9.63584
5.253509e-06	4.69407	9.6513
5.262058e-06	4.69604	9.66679
5.270621e-06	4.69803	9.68231
5.279198e-06	4.70003	9.69786
5.287788e-06	4.70204	9.71344
5.296393e-06	4.70407	9.72905
5.305012e-06	4.70612	9.74469
5.313645e-06	4.70818	9.76035
5.322292e-06	4.71025	9.77605
5.330953e-06	4.71234	9.79178
5.339628e-06	4.71445	9.80753
5.348317e-06	4.71657	9.82332
5.357020e-06	4.7187	9.83913
5.365738e-06	4.72085	9.85498
5.374470e-06	4.72301	9.87085
5.383215e-06	4.72519	9.88675
5.391976e-06	4.72738	9.90269
5.400750e-06	4.72959	9.91865
5.409539e-06	4.73182	9.93464
5.418341e-06	4.73406	9.95066
5.427159e-06	4.73631	9.96671
5.435990e-06	4.73858	9.98279
5.444836e-06	4.74087	9.9989
5.453697e-06	4.74317	10.015
5.462572e-06	4.74549	10.0312
5.471461e-06	4.74782	10.0474
5.480365e-06	4.75017	10.0636
5.489283e-06	4.75254	10.0799
5.498215e-06	4.75492	10.0962
5.507163e-06	4.75731	10.1125
5.516125e-06	4.75973	10.1288
5.525101e-06	4.76215	10.1452
5.534092e-06	4.7646	10.1616
5.543098e-06	4.76706	10.1781
5.552118e-06	4.76954	10.1945
5.561153e-06	4.77203	10.211
5.570203e-06	4.77454	10.2275
5.579267e-06	4.77706	10.2441
5.588346e-06	4.77961	10.2607
5.597440e-06	4.78217	10.2773
5.606549e-06	4.78474	10.2939
5.615672e-06	4.78733	10.3106
5.624811e-06	4.78994	10.3273
5.633964e-06	4.79257	10.344
5.643132e-06	4.79521	10.3608
5.652315e-06	4.79787	10.3776
5.661513e-06	4.80054	10.3944
5.670726e-06	4.80324	10.4112
5.679954e-06	4.80594	10.4281
5.689197e-06	4.80867	10.445
5.698455e-06	4.81142	10.4619
5.707728e-06	4.81418	10.4789
5.717017e-06	4.81695	10.4959
5.726320e-06	4.81975	10.5129
5.735638e-06	4.82256	10.53
5.744972e-06	4.82539	10.547
5.754321e-06	4.82824	10.5642
5.763685e-06	4.83111	10.5813
5.773064e-06	4.83399	10.5985
5.782458e-06	4.83689	10.6157
5.791868e-06	4.83981	10.6329
5.801293e-06	4.84274	10.6502
5.810734e-06	4.84569	10.6674
5.820190e-06	4.84867	10.6848
5.829661e-06	4.85166	10.7021
5.839147e-06	4.85466	10.7195
5.848650e-06	4.85769	10.7369
5.858167e-06	4.86073	10.7543
5.867700e-06	4.86379	10.7718
5.877249e-06	4.86687	10.7893
5.886813e-06	4.86997	10.8068
5.896392e-06	4.87308	10.8244
5.905987e-06	4.87622	10.8419
5.915598e-06	4.87937	10.8596
5.925225e-06	4.88254	10.8772
5.934867e-06	4.88573	10.8949
5.944525e-06	4.88894	10.9126
5.954198e-06	4.89217	10.9303
5.963888e-06	4.89541	10.948
5.973593e-06	4.89868	10.9658
5.983313e-06	4.90196	10.9836
5.993050e-06	4.90526	11.0015
6.002803e-06	4.90858	11.0194
6.012571e-06	4.91192	11.0373
6.022355e-06	4.91528	11.0552
6.032155e-06	4.91866	11.0732
6.041972e-06	4.92205	11.0912
6.051804e-06	4.92547	11.1092
6.061652e-06	4.9289	11.1272
6.071516e-06	4.93236	11.1453
6.081396e-06	4.93583	11.1634
6.091292e-06	4.93932	11.1816
6.101205e-06	4.94283	11.1997
6.111133e-06	4.94637	11.2179
6.121078e-06	4.94992	11.2362
6.131039e-06	4.95349	11.2544
6.141016e-06	4.95708	11.2727
6.151009e-06	4.96069	11.291
6.161019e-06	4.96432	11.3094
6.171044e-06	4.96797	11.3277
6.181087e-06	4.97164	11.3461
6.191145e-06	4.97533	11.3646
6.201220e-06	4.97904	11.383
6.211311e-06	4.98277	11.4015
6.221419e-06	4.98652	11.42
6.231543e-06	4.99029	11.4386
6.241684e-06	4.99407	11.4571
6.251841e-06	4.99788	11.4758
6.262014e-06	5.00172	11.4944
6.272204e-06	5.00557	11.5131
6.282411e-06	5.00944	11.5317
6.292635e-06	5.01333	11.5505
6.302875e-06	5.01724	11.5692
6.313131e-06	5.02117	11.588
6.323405e-06	5.02513	11.6068
6.333695e-06	5.0291	11.6256
6.344002e-06	5.03309	11.6445
6.354325e-06	5.03711	11.6634
6.364666e-06	5.04115	11.6823
6.375023e-06	5.0452	11.7013
6.385397e-06	5.04928	11.7203
6.395788e-06	5.05338	11.7393
6.406196e-06	5.0575	11.7583
6.416621e-06	5.06164	11.7774
6.427062e-06	5.0658	11.7965
6.437521e-06	5.06999	11.8156
6.447997e-06	5.07419	11.8348
6.458490e-06	5.07842	11.854
6.469000e-06	5.08266	11.8732
6.479527e-06	5.08693	11.8924
6.490071e-06	5.09122	11.9117
6.500632e-06	5.09553	11.931
6.511211e-06	5.09987	11.9504
6.521806e-06	5.10422	11.9697
6.532419e-06	5.1086	11.9891
6.543049e-06	5.113	12.0085
6.553697e-06	5.11742	12.028
6.564362e-06	5.12186	12.0474
6.575044e-06	5.12632	12.067
6.585744e-06	5.13081	12.0865
6.596461e-06	5.13531	12.1061
6.607195e-06	5.13984	12.1256
6.617947e-06	5.14439	12.1453
6.628716e-06	5.14897	12.1649
6.639503e-06	5.15356	12.1846
6.650308e-06	5.15818	12.2043
6.661130e-06	5.16282	12.224
6.671969e-06	5.16749	12.2438
6.682827e-06	5.17217	12.2636
6.693702e-06	5.17688	12.2834
6.704594e-06	5.18161	12.3033
6.715505e-06	5.18636	12.3232
6.726433e-06	5.19114	12.3431
6.737379e-06	5.19594	12.363
6.748343e-06	5.20076	12.383
6.759324e-06	5.2056	12.403
6.770324e-06	5.21047	12.423
6.781341e-06	5.21535	12.443
6.792376e-06	5.22027	12.4631
6.803430e-06	5.2252	12.4832
6.814501e-06	5.23016	12.5034
6.825590e-06	5.23514	12.5235
6.836697e-06	5.24015	12.5437
6.847823e-06	5.24517	12.564
6.858966e-06	5.25022	12.5842
6.870128e-06	5.2553	12.6045
6.881308e-06	5.2604	12.6248
6.892506e-06	5.26552	12.6452
6.903722e-06	5.27066	12.6655
6.914956e-06	5.27583	12.6859
6.926209e-06	5.28102	12.7063
6.937480e-06	5.28624	12.7268
6.948769e-06	5.29147	12.7473
6.960077e-06	5.29674	12.7678
6.971403e-06	5.30202	12.7883
6.982748e-06	5.30733	12.8089
6.994111e-06	5.31267	12.8295
7.005492e-06	5.31802	12.8501
7.016892e-06	5.3234	12.8708
7.028311e-06	5.32881	12.8915
7.039748e-06	5.33424	12.9122
7.051204e-06	5.33969	12.9329
7.062678e-06	5.34517	12.9537
7.074171e-06	5.35067	12.9745
7.085683e-06	5.3562	12.9953
7.097214e-06	5.36175	13.0161
7.108763e-06	5.36733	13.037
7.120331e-06	5.37293	13.0579
7.131918e-06	5.37855	13.0789
7.143524e-06	5.3842	13.0998
7.155149e-06	5.38987	13.1208
7.166792e-06	5.39557	13.1419
7.178455e-06	5.40129	13.1629
7.190136e-06	5.40704	13.184
7.201837e-06	5.41281	13.2051
7.213556e-06	5.41861	13.2262
7.225295e-06	5.42443	13.2474
7.237053e-06	5.43028	13.2686
7.248830e-06	5.43615	13.2898
7.260626e-06	5.44204	13.3111
7.272441e-06	5.44797	13.3323
7.284275e-06	5.45391	13.3536
7.296129e-06	5.45989	13.375
7.308002e-06	5.46588	13.3963
7.319894e-06	5.47191	13.4177
7.331806e-06	5.47795	13.4391
7.343737e-06	5.48403	13.4606
7.355688e-06	5.49013	13.4821
7.367657e-06	5.49625	13.5036
7.379647e-06	5.5024	13.5251
7.391656e-06	5.50858	13.5467
7.403684e-06	5.51478	13.5682
7.415732e-06	5.521	13.5899
7.427800e-06	5.52726	13.6115
7.439887e-06	5.53353	13.6332
7.451994e-06	5.53984	13.6549
7.464121e-06	5.54617	13.6766
7.476267e-06	5.55253	13.6983
7.488433e-06	5.55891	13.7201
7.500619e-06	5.56532	13.7419
7.512825e-06	5.57175	13.7638
7.525051e-06	5.57821	13.7856
7.537296e-06	5.5847	13.8075
7.549562e-06	5.59121	13.8295
7.561847e-06	5.59775	13.8514
7.574152e-06	5.60432	13.8734
7.586478e-06	5.61091	13.8954
7.598823e-06	5.61753	13.9174
7.611189e-06	5.62417	13.9395
7.623575e-06	5.63084	13.9616
7.635980e-06	5.63754	13.9837
7.648407e-06	5.64427	14.0058
7.660853e-06	5.65102	14.028
7.673319e-06	5.6578	14.0502
7.685806e-06	5.6646	14.0724
7.698313e-06	5.67143	14.0947
7.710841e-06	5.67829	14.117
7.723389e-06	5.68518	14.1393
7.735957e-06	5.69209	14.1616
7.748546e-06	5.69903	14.184
7.761155e-06	5.706	14.2064
7.773785e-06	5.71299	14.2288
7.786435e-06	5.72001	14.2512
7.799106e-06	5.72706	14.2737
7.811797e-06	5.73414	14.2962
7.824509e-06	5.74124	14.3187
7.837242e-06	5.74837	14.3413
7.849996e-06	5.75553	14.3639
7.862770e-06	5.76272	14.3865
7.875565e-06	5.76993	14.4091
7.888381e-06	5.77717	14.4318
7.901218e-06	5.78444	14.4545
7.914076e-06	5.79174	14.4772
7.926954e-06	5.79906	14.5
7.939854e-06	5.80641	14.5227
7.952774e-06	5.81379	14.5455
7.965716e-06	5.8212	14.5684
7.978678e-06	5.82864	14.5912
7.991662e-06	5.8361	14.6141
8.004667e-06	5.84359	14.637
8.017693e-06	5.85111	14.66
8.030740e-06	5.85866	14.6829
8.043809e-06	5.86624	14.7059
8.056898e-06	5.87384	14.729
8.070009e-06	5.88148	14.752
8.083142e-06	5.88914	14.7751
8.096295e-06	5.89683	14.7982
8.109470e-06	5.90455	14.8213
8.122667e-06	5.91229	14.8445
8.135885e-06	5.92007	14.8677
8.149125e-06	5.92787	14.8909
8.162386e-06	5.9357	14.9141
8.175668e-06	5.94357	14.9374
8.188973e-06	5.95146	14.9607
8.202299e-06	5.95937	14.984
8.215646e-06	5.96732	15.0073
8.229016e-06	5.9753	15.0307
8.242407e-06	5.9833	15.0541
8.255819e-06	5.99134	15.0775
8.269254e-06	5.9994	15.101
8.282711e-06	6.0075	15.1245
8.296189e-06	6.01562	15.148
8.309690e-06	6.02377	15.1715
8.323212e-06	6.03195	15.1951
8.336756e-06	6.04016	15.2186
8.350323e-06	6.0484	15.2423
8.363911e-06	6.05667	15.2659
8.377522e-06	6.06496	15.2896
8.391155e-06	6.07329	15.3133
8.404810e-06	6.08165	15.337
8.418487e-06	6.09004	15.3607
8.432186e-06	6.09845	15.3845
8.445908e-06	6.1069	15.4083
8.459652e-06	6.11537	15.4321
8.473418e-06	6.12388	15.456
8.487207e-06	6.13241	15.4799
8.501018e-06	6.14098	15.5038
8.514852e-06	6.14957	15.5277
8.528708e-06	6.1582	15.5517
8.542587e-06	6.16685	15.5757
8.556488e-06	6.17554	15.5997
8.570412e-06	6.18426	15.6237
8.584359e-06	6.193	15.6478
8.598328e-06	6.20178	15.6719
8.612321e-06	6.21058	15.696
8.626335e-06	6.21942	15.7201
8.640373e-06	6.22829	15.7443
8.654434e-06	6.23718	15.7685
8.668517e-06	6.24611	15.7927
8.682623e-06	6.25507	15.817
8.696752e-06	6.26406	15.8412
8.710905e-06	6.27308	15.8655
8.725080e-06	6.28213	15.8899
8.739278e-06	6.29121	15.9142
8.753500e-06	6.30032	15.9386
8.767744e-06	6.30946	15.963
8.782012e-06	6.31863	15.9874
8.796303e-06	6.32784	16.0119
8.810617e-06	6.33707	16.0364
8.824955e-06	6.34634	16.0609
8.839316e-06	6.35564	16.0854
8.853700e-06	6.36496	16.11
8.868108e-06	6.37432	16.1346
8.882539e-06	6.38371	16.1592
8.896993e-06	6.39313	16.1838
8.911471e-06	6.40259	16.2085
8.925973e-06	6.41207	16.2332
8.940498e-06	6.42159	16.2579
8.955047e-06	6.43113	16.2826
8.969620e-06	6.44071	16.3074
8.984216e-06	6.45032	16.3322
8.998836e-06	6.45996	16.357
9.013480e-06	6.46964	16.3819
9.028147e-06	6.47934	16.4067
9.042839e-06	6.48908	16.4316
9.057554e-06	6.49885	16.4565
9.072294e-06	6.50865	16.4815
9.087057e-06	6.51848	16.5065
9.101844e-06	6.52834	16.5315
9.116656e-06	6.53824	16.5565
9.131491e-06	6.54817	16.5815
9.146351e-06	6.55813	16.6066
9.161235e-06	6.56812	16.6317
9.176143e-06	6.57814	16.6568
9.191076e-06	6.5882	16.682
9.206032e-06	6.59829	16.7072
9.221013e-06	6.60841	16.7324
9.236019e-06	6.61856	16.7576
9.251048e-06	6.62875	16.7828
9.266103e-06	6.63896	16.8081
9.281181e-06	6.64921	16.8334
9.296285e-06	6.6595	16.8587
9.311412e-06	6.66981	16.8841
9.326565e-06	6.68016	16.9095
9.341742e-06	6.69054	16.9349
9.356944e-06	6.70095	16.9603
9.372170e-06	6.7114	16.9857
9.387422e-06	6.72188	17.0112
9.402698e-06	6.73239	17.0367
9.417999e-06	6.74293	17.0623
9.433325e-06	6.75351	17.0878
9.448676e-06	6.76412	17.1134
9.464052e-06	6.77476	17.139
9.479452e-06	6.78544	17.1646
9.494878e-06	6.79615	17.1903
9.510329e-06	6.80689	17.2159
9.525806e-06	6.81767	17.2416
9.541307e-06	6.82847	17.2674
9.556834e-06	6.83932	17.2931
9.572385e-06	6.85019	17.3189
9.587963e-06	6.8611	17.3447
9.603565e-06	6.87204	17.3705
9.619193e-06	6.88302	17.3963
9.634846e-06	6.89403	17.4222
9.650525e-06	6.90507	17.4481
9.666229e-06	6.91615	17.474
9.681959e-06	6.92726	17.5
9.697715e-06	6.9384	17.5259
9.713496e-06	6.94958	17.5519
9.729303e-06	6.96079	17.578
9.745135e-06	6.97203	17.604
9.760993e-06	6.98331	17.6301
9.776878e-06	6.99462	17.6562
9.792787e-06	7.00597	17.6823
9.808723e-06	7.01735	17.7084
9.824685e-06	7.02876	17.7346
9.840673e-06	7.04021	17.7608
9.856687e-06	7.05169	17.787
9.872726e-06	7.06321	17.8132
9.888792e-06	7.07476	17.8395
9.904884e-06	7.08635	17.8657
9.921002e-06	7.09797	17.892
9.937147e-06	7.10962	17.9184
9.953318e-06	7.12131	17.9447
9.969515e-06	7.13303	17.9711
9.985738e-06	7.14479	17.9975
1.000199e-05	7.15658	18.0239
1.001826e-05	7.1684	18.0504
1.003457e-05	7.18027	18.0769
1.005090e-05	7.19216	18.1034
1.006725e-05	7.20409	18.1299
1.008363e-05	7.21605	18.1564
1.010004e-05	7.22805	18.183
1.011648e-05	7.24009	18.2096
1.013294e-05	7.25216	18.2362
1.014943e-05	7.26426	18.2628
1.016595e-05	7.2764	18.2895
1.018249e-05	7.28857	18.3162
1.019906e-05	7.30078	18.3429
1.021566e-05	7.31303	18.3696
1.023228e-05	7.3253	18.3964
1.024893e-05	7.33762	18.4231
1.026561e-05	7.34997	18.4499
1.028232e-05	7.36235	18.4768
1.029905e-05	7.37477	18.5036
1.031581e-05	7.38723	18.5305
1.033259e-05	7.39972	18.5574
1.034941e-05	7.41224	18.5843
1.036625e-05	7.4248	18.6112
1.038312e-05	7.4374	18.6382
1.040002e-05	7.45003	18.6652
1.041694e-05	7.4627	18.6922
1.043389e-05	7.4754	18.7192
1.045087e-05	7.48814	18.7463
1.046788e-05	7.50091	18.7733
1.048491e-05	7.51372	18.8004
1.050197e-05	7.52657	18.8276
1.051906e-05	7.53945	18.8547
1.053618e-05	7.55237	18.8819
1.055333e-05	7.56532	18.9091
1.057050e-05	7.57831	18.9363
1.058770e-05	7.59133	18.9635
1.060493e-05	7.60439	18.9908
1.062219e-05	7.61749	19.018
1.063947e-05	7.63062	19.0453
1.065679e-05	7.64379	19.0727
1.067413e-05	7.657	19.1
1.069150e-05	7.67024	19.1274
1.070890e-05	7.68352	19.1548
1.072632e-05	7.69683	19.1822
1.074378e-05	7.71018	19.2096
1.076126e-05	7.72357	19.2371
1.077877e-05	7.73699	19.2646
1.079632e-05	7.75045	19.2921
1.081388e-05	7.76394	19.3196
1.083148e-05	7.77748	19.3471
1.084911e-05	7.79105	19.3747
1.086676e-05	7.80465	19.4023
1.088445e-05	7.81829	19.4299
1.090216e-05	7.83197	19.4575
1.091990e-05	7.84569	19.4852
1.093767e-05	7.85944	19.5129
1.095547e-05	7.87323	19.5406
1.097330e-05	7.88705	19.5683
1.099115e-05	7.90091	19.596
1.100904e-05	7.91481	19.6238
1.102695e-05	7.92875	19.6516
1.104490e-05	7.94272	19.6794
1.106287e-05	7.95673	19.7072
1.108087e-05	7.97078	19.7351
1.109891e-05	7.98486	19.7629
1.111697e-05	7.99898	19.7908
1.113506e-05	8.01314	19.8187
1.115318e-05	8.02733	19.8467
1.117133e-05	8.04156	19.8746
1.118951e-05	8.05583	19.9026
1.120772e-05	8.07014	19.9306
1.122595e-05	8.08448	19.9586
1.124422e-05	8.09887	19.9867
1.126252e-05	8.11328	20.0147
1.128085e-05	8.12774	20.0428
1.129920e-05	8.14223	20.0709
1.131759e-05	8.15676	20.099
1.133601e-05	8.17133	20.1272
1.135446e-05	8.18594	20.1553
1.137293e-05	8.20058	20.1835
1.139144e-05	8.21526	20.2117
1.140998e-05	8.22998	20.24
1.142854e-05	8.24474	20.2682
1.144714e-05	8.25953	20.2965
1.146577e-05	8.27436	20.3248
1.148443e-05	8.28923	20.3531
1.150312e-05	8.30414	20.3814
1.152184e-05	8.31908	20.4098
1.154059e-05	8.33406	20.4381
1.155937e-05	8.34909	20.4665
1.157818e-05	8.36414	20.4949
1.159702e-05	8.37924	20.5234
1.161589e-05	8.39437	20.5518
1.163479e-05	8.40955	20.5803
1.165373e-05	8.42476	20.6088
1.167269e-05	8.44001	20.6373
1.169168e-05	8.45529	20.6658
1.171071e-05	8.47062	20.6944
1.172977e-05	8.48598	20.723
1.174886e-05	8.50138	20.7516
1.176797e-05	8.51682	20.7802
1.178712e-05	8.5323	20.8088
1.180631e-05	8.54781	20.8375
1.182552e-05	8.56337	20.8661
1.184476e-05	8.57896	20.8948
1.186404e-05	8.59459	20.9235
1.188334e-05	8.61026	20.9523
1.190268e-05	8.62597	20.981
1.192205e-05	8.64172	21.0098
1.194145e-05	8.6575	21.0386
1.196088e-05	8.67333	21.0674
1.198035e-05	8.68919	21.0962
1.199984e-05	8.70509	21.1251
1.201937e-05	8.72103	21.1539
1.203893e-05	8.73701	21.1828
1.205852e-05	8.75302	21.2117
1.207814e-05	8.76908	21.2407
1.209780e-05	8.78517	21.2696
1.211748e-05	8.8013	21.2986
1.213720e-05	8.81748	21.3276
1.215695e-05	8.83369	21.3566
1.217674e-05	8.84994	21.3856
1.219655e-05	8.86622	21.4146
1.221640e-05	8.88255	21.4437
1.223628e-05	8.89892	21.4728
1.225619e-05	8.91532	21.5019
1.227614e-05	8.93177	21.531
1.229611e-05	8.94825	21.5601
1.231612e-05	8.96477	21.5893
1.233616e-05	8.98133	21.6184
1.235624e-05	8.99793	21.6476
1.237635e-05	9.01457	21.6768
1.239649e-05	9.03125	21.7061
1.241666e-05	9.04797	21.7353
1.243687e-05	9.06472	21.7646
1.245710e-05	9.08152	21.7939
1.247738e-05	9.09836	21.8232
1.249768e-05	9.11523	21.8525
1.251802e-05	9.13214	21.8818
1.253839e-05	9.1491	21.9112
1.255879e-05	9.16609	21.9405
1.257923e-05	9.18312	21.9699
1.259970e-05	9.20019	21.9993
1.262020e-05	9.2173	22.0288
1.264074e-05	9.23446	22.0582
1.266131e-05	9.25164	22.0877
1.268191e-05	9.26887	22.1172
1.270255e-05	9.28614	22.1466
1.272322e-05	9.30345	22.1762
1.274393e-05	9.3208	22.2057
1.276466e-05	9.33819	22.2353
1.278544e-05	9.35561	22.2648
1.280624e-05	9.37308	22.2944
1.282708e-05	9.39059	22.324
1.284795e-05	9.40813	22.3536
1.286886e-05	9.42572	22.3833
1.288980e-05	9.44334	22.4129
1.291078e-05	9.46101	22.4426
1.293179e-05	9.47871	22.4723
1.295283e-05	9.49646	22.502
1.297391e-05	9.51424	22.5317
1.299502e-05	9.53207	22.5615
1.301617e-05	9.54993	22.5912
1.303735e-05	9.56784	22.621
1.305857e-05	9.58578	22.6508
1.307982e-05	9.60376	22.6806
1.310110e-05	9.62179	22.7104
1.312242e-05	9.63985	22.7403
1.314378e-05	9.65796	22.7701
1.316517e-05	9.6761	22.8
1.318659e-05	9.69428	22.8299
1.320805e-05	9.71251	22.8598
1.322954e-05	9.73077	22.8898
1.325107e-05	9.74907	22.9197
1.327263e-05	9.76742	22.9497
1.329423e-05	9.7858	22.9796
1.331586e-05	9.80423	23.0096
1.333753e-05	9.82269	23.0396
1.335924e-05	9.8412	23.0697
1.338098e-05	9.85974	23.0997
1.340275e-05	9.87833	23.1298
1.342456e-05	9.89695	23.1598
1.344641e-05	9.91562	23.1899
1.346829e-05	9.93432	23.22
1.349021e-05	9.95307	23.2502
1.351216e-05	9.97185	23.2803
1.353415e-05	9.99068	23.3105
1.355617e-05	10.0095	23.3406
1.357823e-05	10.0285	23.3708
1.360033e-05	10.0474	23.401
1.362246e-05	10.0664	23.4312
1.364463e-05	10.0854	23.4615
1.366683e-05	10.1045	23.4917
1.368907e-05	10.1236	23.522
1.371135e-05	10.1427	23.5523
1.373366e-05	10.1619	23.5826
1.375601e-05	10.1812	23.6129
1.377839e-05	10.2004	23.6432
1.380082e-05	10.2197	23.6735
1.382327e-05	10.2391	23.7039
1.384577e-05	10.2585	23.7343
1.386830e-05	10.2779	23.7646
1.389087e-05	10.2974	23.795
1.391347e-05	10.3169	23.8255
1.393611e-05	10.3365	23.8559
1.395879e-05	10.3561	23.8863
1.398151e-05	10.3757	23.9168
1.400426e-05	10.3954	23.9473
1.402705e-05	10.4151	23.9778
1.404987e-05	10.4348	24.0083
1.407274e-05	10.4546	24.0388
1.409564e-05	10.4745	24.0693
1.411858e-05	10.4944	24.0999
1.414155e-05	10.5143	24.1305
1.416456e-05	10.5342	24.161
1.418761e-05	10.5542	24.1916
1.421070e-05	10.5743	24.2222
1.423383e-05	10.5944	24.2529
1.425699e-05	10.6145	24.2835
1.428019e-05	10.6346	24.3142
1.430343e-05	10.6549	24.3448
1.432670e-05	10.6751	24.3755
1.435002e-05	10.6954	24.4062
1.437337e-05	10.7157	24.4369
1.439676e-05	10.7361	24.4676
1.442019e-05	10.7565	24.4984
1.444365e-05	10.7769	24.5291
1.446716e-05	10.7974	24.5599
1.449070e-05	10.818	24.5907
1.451428e-05	10.8385	24.6215
1.453790e-05	10.8591	24.6523
1.456156e-05	10.8798	24.6831
1.458525e-05	10.9005	24.7139
1.460899e-05	10.9212	24.7448
1.463276e-05	10.942	24.7756
1.465657e-05	10.9628	24.8065
1.468042e-05	10.9837	24.8374
1.470431e-05	11.0046	24.8683
1.472824e-05	11.0255	24.8992
1.475221e-05	11.0465	24.9301
1.477622e-05	11.0675	24.9611
1.480026e-05	11.0886	24.992
1.482435e-05	11.1097	25.023
1.484847e-05	11.1308	25.054
1.487263e-05	11.152	25.085
1.489683e-05	11.1732	25.116
1.492108e-05	11.1945	25.147
1.494536e-05	11.2158	25.178
1.496968e-05	11.2371	25.2091
1.499404e-05	11.2585	25.2401
1.501844e-05	11.28	25.2712
1.504288e-05	11.3014	25.3023
1.506736e-05	11.3229	25.3334
1.509188e-05	11.3445	25.3645
1.511643e-05	11.3661	25.3956
1.514103e-05	11.3877	25.4268
1.516567e-05	11.4094	25.4579
1.519035e-05	11.4311	25.4891
1.521507e-05	11.4529	25.5202
1.523983e-05	11.4747	25.5514
1.526463e-05	11.4965	25.5826
1.528947e-05	11.5184	25.6138
1.531435e-05	11.5403	25.645
1.533927e-05	11.5623	25.6763
1.536423e-05	11.5843	25.7075
1.538924e-05	11.6063	25.7388
1.541428e-05	11.6284	25.7701
1.543936e-05	11.6505	25.8013
1.546449e-05	11.6727	25.8326
1.548965e-05	11.6949	25.8639
1.551486e-05	11.7172	25.8952
1.554011e-05	11.7394	25.9266
1.556539e-05	11.7618	25.9579
1.559072e-05	11.7841	25.9893
1.561610e-05	11.8066	26.0206
1.564151e-05	11.829	26.052
1.566696e-05	11.8515	26.0834
1.569246e-05	11.874	26.1148
1.571799e-05	11.8966	26.1462
1.574357e-05	11.9192	26.1776
1.576919e-05	11.9419	26.2091
1.579485e-05	11.9646	26.2405
1.582055e-05	11.9873	26.272
1.584630e-05	12.0101	26.3034
1.587209e-05	12.0329	26.3349
1.589791e-05	12.0558	26.3664
1.592378e-05	12.0787	26.3979
1.594970e-05	12.1016	26.4294
1.597565e-05	12.1246	26.4609
1.600165e-05	12.1477	26.4924
1.602769e-05	12.1707	26.524
1.605377e-05	12.1938	26.5555
1.607990e-05	12.217	26.5871
1.610606e-05	12.2402	26.6187
1.613227e-05	12.2634	26.6503
1.615852e-05	12.2867	26.6819
1.618482e-05	12.31	26.7135
1.621116e-05	12.3333	26.7451
1.623754e-05	12.3567	26.7767
1.626396e-05	12.3802	26.8084
1.629043e-05	12.4036	26.84
1.631694e-05	12.4271	26.8717
1.634349e-05	12.4507	26.9033
1.637008e-05	12.4743	26.935
1.639672e-05	12.4979	26.9667
1.642341e-05	12.5216	26.9984
1.645013e-05	12.5453	27.0301
1.647690e-05	12.5691	27.0618
1.650371e-05	12.5929	27.0936
1.653057e-05	12.6167	27.1253
1.655747e-05	12.6406	27.1571
1.658441e-05	12.6645	27.1888
1.661140e-05	12.6885	27.2206
1.663843e-05	12.7125	27.2524
1.666551e-05	12.7366	27.2842
1.669263e-05	12.7606	27.316
1.671979e-05	12.7848	27.3478
1.674700e-05	12.8089	27.3796
1.677425e-05	12.8331	27.4114
1.680155e-05	12.8574	27.4433
1.682889e-05	12.8817	27.4751
1.685628e-05	12.906	27.507
1.688371e-05	12.9304	27.5388
1.691118e-05	12.9548	27.5707
1.693870e-05	12.9793	27.6026
1.696627e-05	13.0037	27.6345
1.699388e-05	13.0283	27.6664
1.702153e-05	13.0528	27.6983
1.704923e-05	13.0775	27.7302
1.707697e-05	13.1021	27.7622
1.710476e-05	13.1268	27.7941
1.713260e-05	13.1515	27.8261
1.716048e-05	13.1763	27.858
1.718840e-05	13.2011	27.89
1.721637e-05	13.226	27.922
1.724439e-05	13.2509	27.9539
1.727245e-05	13.2758	27.9859
1.730056e-05	13.3008	28.0179
1.732871e-05	13.3258	28.05
1.735691e-05	13.3509	28.082
1.738516e-05	13.376	28.114
1.741345e-05	13.4011	28.146
1.744178e-05	13.4263	28.1781
1.747017e-05	13.4515	28.2101
1.749860e-05	13.4768	28.2422
1.752707e-05	13.5021	28.2743
1.755559e-05	13.5274	28.3064
1.758416e-05	13.5528	28.3384
1.761278e-05	13.5782	28.3705
1.764144e-05	13.6037	28.4026
1.767015e-05	13.6292	28.4348
1.769890e-05	13.6547	28.4669
1.772770e-05	13.6803	28.499
1.775655e-05	13.7059	28.5311
1.778545e-05	13.7316	28.5633
1.781439e-05	13.7573	28.5954
1.784338e-05	13.7831	28.6276
1.787241e-05	13.8088	28.6598
1.790150e-05	13.8347	28.692
1.793063e-05	13.8605	28.7241
1.795981e-05	13.8864	28.7563
1.798903e-05	13.9124	28.7885
1.801831e-05	13.9383	28.8207
1.804763e-05	13.9644	28.853
1.807700e-05	13.9904	28.8852
1.810641e-05	14.0165	28.9174
1.813588e-05	14.0427	28.9497
1.816539e-05	14.0689	28.9819
1.819495e-05	14.0951	29.0142
1.822456e-05	14.1213	29.0464
1.825422e-05	14.1476	29.0787
1.828392e-05	14.174	29.111
1.831368e-05	14.2004	29.1432
1.834348e-05	14.2268	29.1755
1.837333e-05	14.2533	29.2078
1.840323e-05	14.2798	29.2401
1.843317e-05	14.3063	29.2725
1.846317e-05	14.3329	29.3048
1.849322e-05	14.3595	29.3371
1.852331e-05	14.3862	29.3694
1.855345e-05	14.4129	29.4018
1.858364e-05	14.4396	29.4341
1.861389e-05	14.4664	29.4665
1.864418e-05	14.4932	29.4989
1.867452e-05	14.52	29.5312
1.870491e-05	14.5469	29.5636
1.873534e-05	14.5739	29.596
1.876583e-05	14.6009	29.6284
1.879637e-05	14.6279	29.6608
1.882696e-05	14.6549	29.6932
1.885759e-05	14.682	29.7256
1.888828e-05	14.7092	29.758
1.891902e-05	14.7363	29.7904
1.894980e-05	14.7635	29.8229
1.898064e-05	14.7908	29.8553
1.901153e-05	14.8181	29.8877
1.904247e-05	14.8454	29.9202
1.907345e-05	14.8728	29.9526
1.910449e-05	14.9002	29.9851
1.913558e-05	14.9276	30.0176
1.916672e-05	14.9551	30.0501
1.919791e-05	14.9826	30.0825
1.922915e-05	15.0102	30.115
1.926044e-05	15.0378	30.1475
1.929179e-05	15.0655	30.18
1.932318e-05	15.0931	30.2125
1.935462e-05	15.1209	30.245
1.938612e-05	15.1486	30.2776
1.941767e-05	15.1764	30.3101
1.944927e-05	15.2043	30.3426
1.948092e-05	15.2321	30.3752
1.951262e-05	15.2601	30.4077
1.954437e-05	15.288	30.4402
1.957617e-05	15.316	30.4728
1.960803e-05	15.344	30.5054
1.963994e-05	15.3721	30.5379
1.967190e-05	15.4002	30.5705
1.970391e-05	15.4284	30.6031
1.973597e-05	15.4565	30.6357
1.976809e-05	15.4848	30.6683
1.980026e-05	15.513	30.7009
1.983248e-05	15.5413	30.7335
1.986475e-05	15.5697	30.7661
1.989708e-05	15.5981	30.7987
1.992946e-05	15.6265	30.8313
1.996189e-05	15.6549	30.8639
1.999437e-05	15.6834	30.8966
2.002691e-05	15.712	30.9292
2.005950e-05	15.7405	30.9618
2.009214e-05	15.7691	30.9945
2.012484e-05	15.7978	31.0271
2.015759e-05	15.8265	31.0598
2.019039e-05	15.8552	31.0925
2.022325e-05	15.884	31.1251
2.025616e-05	15.9128	31.1578
2.028912e-05	15.9416	31.1905
2.032214e-05	15.9705	31.2232
2.035521e-05	15.9994	31.2558
2.038833e-05	16.0283	31.2885
2.042151e-05	16.0573	31.3212
2.045474e-05	16.0864	31.354
2.048803e-05	16.1154	31.3867
2.052137e-05	16.1445	31.4194
2.055476e-05	16.1737	31.4521
2.058821e-05	16.2029	31.4848
2.062171e-05	16.2321	31.5176
2.065527e-05	16.2613	31.5503
2.068888e-05	16.2906	31.583
2.072255e-05	16.32	31.6158
2.075627e-05	16.3493	31.6485
2.079005e-05	16.3787	31.6813
2.082388e-05	16.4082	31.714
2.085777e-05	16.4377	31.7468
2.089171e-05	16.4672	31.7796
2.092571e-05	16.4967	31.8124
2.095976e-05	16.5263	31.8451
2.099387e-05	16.556	31.8779
2.102803e-05	16.5856	31.9107
2.106225e-05	16.6153	31.9435
2.109652e-05	16.6451	31.9763
2.113085e-05	16.6749	32.0091
2.116524e-05	16.7047	32.0419
2.119968e-05	16.7346	32.0747
2.123418e-05	16.7644	32.1076
2.126873e-05	16.7944	32.1404
2.130335e-05	16.8243	32.1732
2.133801e-05	16.8544	32.206
2.137274e-05	16.8844	32.2389
2.140752e-05	16.9145	32.2717
2.144235e-05	16.9446	32.3046
2.147725e-05	16.9747	32.3374
2.151220e-05	17.0049	32.3703
2.154720e-05	17.0352	32.4031
2.158227e-05	17.0654	32.436
2.161739e-05	17.0957	32.4689
2.165256e-05	17.1261	32.5017
2.168780e-05	17.1564	32.5346
2.172309e-05	17.1869	32.5675
2.175844e-05	17.2173	32.6004
2.179385e-05	17.2478	32.6333
2.182932e-05	17.2783	32.6661
2.186484e-05	17.3089	32.699
2.190042e-05	17.3395	32.732
2.193606e-05	17.3701	32.7649
2.197175e-05	17.4008	32.7978
2.200751e-05	17.4315	32.8307
2.204332e-05	17.4622	32.8636
2.207919e-05	17.493	32.8965
2.211512e-05	17.5238	32.9295
2.215111e-05	17.5547	32.9624
2.218716e-05	17.5855	32.9953
2.222326e-05	17.6165	33.0283
2.225943e-05	17.6474	33.0612
2.229565e-05	17.6784	33.0942
2.233193e-05	17.7095	33.1271
2.236827e-05	17.7405	33.1601
2.240467e-05	17.7716	33.193
2.244113e-05	17.8028	33.226
2.247765e-05	17.8339	33.259
2.251423e-05	17.8652	33.2919
2.255086e-05	17.8964	33.3249
2.258756e-05	17.9277	33.3579
2.262432e-05	17.959	33.3909
2.266113e-05	17.9904	33.4239
2.269801e-05	18.0218	33.4569
2.273495e-05	18.0532	33.4898
2.277194e-05	18.0846	33.5229
2.280900e-05	18.1161	33.5559
2.284612e-05	18.1477	33.5889
2.288330e-05	18.1793	33.6219
2.292053e-05	18.2109	33.6549
2.295783e-05	18.2425	33.6879
2.299519e-05	18.2742	33.7209
2.303261e-05	18.3059	33.754
2.307009e-05	18.3376	33.787
2.310763e-05	18.3694	33.82
2.314524e-05	18.4012	33.8531
2.318290e-05	18.4331	33.8861
2.322063e-05	18.465	33.9192
2.325841e-05	18.4969	33.9522
2.329626e-05	18.5289	33.9853
2.333417e-05	18.5609	34.0183
2.337214e-05	18.5929	34.0514
2.341018e-05	18.625	34.0844
2.344827e-05	18.6571	34.1175
2.348643e-05	18.6892	34.1506
2.352465e-05	18.7214	34.1837
2.356293e-05	18.7536	34.2167
2.360128e-05	18.7858	34.2498
2.363968e-05	18.8181	34.2829
2.367815e-05	18.8504	34.316
2.371668e-05	18.8827	34.3491
2.375528e-05	18.9151	34.3822
2.379393e-05	18.9475	34.4153
2.383265e-05	18.98	34.4484
2.387144e-05	19.0125	34.4815
2.391028e-05	19.045	34.5146
2.394919e-05	19.0775	34.5477
2.398817e-05	19.1101	34.5809
2.402720e-05	19.1427	34.614
2.406630e-05	19.1754	34.6471
2.410546e-05	19.2081	34.6803
2.414469e-05	19.2408	34.7134
2.418398e-05	19.2736	34.7465
2.422334e-05	19.3064	34.7797
2.426275e-05	19.3392	34.8128
2.430224e-05	19.372	34.846
2.434178e-05	19.4049	34.8791
2.438140e-05	19.4379	34.9123
2.442107e-05	19.4708	34.9454
2.446081e-05	19.5038	34.9786
2.450062e-05	19.5369	35.0118
2.454049e-05	19.5699	35.0449
2.458042e-05	19.603	35.0781
2.462042e-05	19.6362	35.1113
2.466049e-05	19.6693	35.1445
2.470062e-05	19.7025	35.1777
2.474081e-05	19.7358	35.2109
2.478107e-05	19.769	35.244
2.482140e-05	19.8023	35.2772
2.486179e-05	19.8357	35.3104
2.490225e-05	19.8691	35.3436
2.494277e-05	19.9025	35.3768
2.498336e-05	19.9359	35.4101
2.502402e-05	19.9694	35.4433
2.506474e-05	20.0029	35.4765
2.510553e-05	20.0364	35.5097
2.514638e-05	20.07	35.5429
2.518730e-05	20.1036	35.5762
2.522829e-05	20.1372	35.6094
2.526934e-05	20.1709	35.6426
2.531046e-05	20.2046	35.6759
2.535165e-05	20.2383	35.7091
2.539291e-05	20.2721	35.7424
2.543423e-05	20.3059	35.7756
2.547562e-05	20.3398	35.8089
2.551707e-05	20.3736	35.8421
2.555860e-05	20.4075	35.8754
2.560019e-05	20.4415	35.9087
2.564185e-05	20.4754	35.9419
2.568358e-05	20.5094	35.9752
2.572537e-05	20.5435	36.0085
2.576723e-05	20.5775	36.0417
2.580916e-05	20.6116	36.075
2.585116e-05	20.6458	36.1083
2.589323e-05	20.6799	36.1416
2.593537e-05	20.7141	36.1749
2.597757e-05	20.7484	36.2082
2.601985e-05	20.7826	36.2415
2.606219e-05	20.8169	36.2748
2.610460e-05	20.8513	36.3081
2.614708e-05	20.8856	36.3414
2.618963e-05	20.92	36.3747
2.623225e-05	20.9544	36.4081
2.627493e-05	20.9889	36.4414
2.631769e-05	21.0234	36.4747
2.636052e-05	21.0579	36.508
2.640341e-05	21.0925	36.5414
2.644638e-05	21.1271	36.5747
2.648942e-05	21.1617	36.6081
2.653252e-05	21.1963	36.6414
2.657570e-05	21.231	36.6747
2.661895e-05	21.2657	36.7081
2.666226e-05	21.3005	36.7415
2.670565e-05	21.3353	36.7748
2.674911e-05	21.3701	36.8082
2.679264e-05	21.4049	36.8416
2.683624e-05	21.4398	36.8749
2.687991e-05	21.4747	36.9083
2.692365e-05	21.5097	36.9417
2.696746e-05	21.5446	36.9751
2.701135e-05	21.5796	37.0085
2.705530e-05	21.6147	37.0418
2.709933e-05	21.6497	37.0752
2.714343e-05	21.6848	37.1086
2.718760e-05	21.72	37.142
2.723184e-05	21.7551	37.1754
2.727616e-05	21.7903	37.2089
2.732054e-05	21.8255	37.2423
2.736500e-05	21.8608	37.2757
2.740953e-05	21.8961	37.3091
2.745414e-05	21.9314	37.3425
2.749881e-05	21.9668	37.376
2.754356e-05	22.0021	37.4094
2.758838e-05	22.0376	37.4428
2.763328e-05	22.073	37.4763
2.767825e-05	22.1085	37.5097
2.772329e-05	22.144	37.5432
2.776840e-05	22.1795	37.5766
2.781359e-05	22.2151	37.6101
2.785885e-05	22.2507	37.6436
2.790418e-05	22.2863	37.677
2.794959e-05	22.322	37.7105
2.799507e-05	22.3577	37.744
2.804063e-05	22.3934	37.7775
2.808626e-05	22.4292	37.8109
2.813197e-05	22.4649	37.8444
2.817775e-05	22.5008	37.8779
2.822360e-05	22.5366	37.9114
2.826953e-05	22.5725	37.9449
2.831553e-05	22.6084	37.9784
2.836161e-05	22.6443	38.0119
2.840776e-05	22.6803	38.0454
2.845399e-05	22.7163	38.079
2.850029e-05	22.7523	38.1125
2.854667e-05	22.7884	38.146
2.859313e-05	22.8245	38.1795
2.863966e-05	22.8606	38.2131
2.868626e-05	22.8968	38.2466
2.873294e-05	22.9329	38.2802
2.877970e-05	22.9691	38.3137
2.882653e-05	23.0054	38.3473
2.887344e-05	23.0417	38.3808
2.892043e-05	23.078	38.4144
2.896749e-05	23.1143	38.4479
2.901463e-05	23.1507	38.4815
2.906184e-05	23.1871	38.5151
2.910914e-05	23.2235	38.5487
2.915651e-05	23.2599	38.5823
2.920395e-05	23.2964	38.6158
2.925148e-05	23.3329	38.6494
2.929908e-05	23.3695	38.683
2.934676e-05	23.4061	38.7166
2.939451e-05	23.4427	38.7502
2.944235e-05	23.4793	38.7839
2.949026e-05	23.516	38.8175
2.953825e-05	23.5527	38.8511
2.958631e-05	23.5894	38.8847
2.963446e-05	23.6261	38.9184
2.968268e-05	23.6629	38.952
2.973099e-05	23.6997	38.9856
2.977937e-05	23.7366	39.0193
2.982783e-05	23.7734	39.0529
2.987637e-05	23.8103	39.0866
2.992498e-05	23.8473	39.1202
2.997368e-05	23.8842	39.1539
3.002246e-05	23.9212	39.1876
3.007131e-05	23.9582	39.2213
3.012025e-05	23.9953	39.2549
3.016926e-05	24.0324	39.2886
3.021836e-05	24.0695	39.3223
3.026753e-05	24.1066	39.356
3.031679e-05	24.1438	39.3897
3.036612e-05	24.181	39.4234
3.041554e-05	24.2182	39.4571
3.046503e-05	24.2554	39.4908
3.051461e-05	24.2927	39.5246
3.056426e-05	24.33	39.5583
3.061400e-05	24.3674	39.592
3.066382e-05	24.4047	39.6258
3.071372e-05	24.4421	39.6595
3.076370e-05	24.4796	39.6933
3.081376e-05	24.517	39.727
3.086390e-05	24.5545	39.7608
3.091413e-05	24.592	39.7945
3.096444e-05	24.6296	39.8283
3.101482e-05	24.6671	39.8621
3.106529e-05	24.7047	39.8959
3.111585e-05	24.7424	39.9296
3.116648e-05	24.78	39.9634
3.121720e-05	24.8177	39.9972
3.126800e-05	24.8554	40.031
3.131888e-05	24.8932	40.0648
3.136985e-05	24.9309	40.0987
3.142089e-05	24.9687	40.1325
3.147203e-05	25.0066	40.1663
3.152324e-05	25.0444	40.2001
3.157454e-05	25.0823	40.234
3.162592e-05	25.1202	40.2678
3.167738e-05	25.1582	40.3017
3.172893e-05	25.1961	40.3355
3.178057e-05	25.2341	40.3694
3.183228e-05	25.2722	40.4032
3.188408e-05	25.3102	40.4371
3.193597e-05	25.3483	40.471
3.198794e-05	25.3864	40.5049
3.203999e-05	25.4245	40.5388
3.209213e-05	25.4627	40.5727
3.214435e-05	25.5009	40.6066
3.219666e-05	25.5391	40.6405
3.224906e-05	25.5774	40.6744
3.230154e-05	25.6157	40.7083
3.235410e-05	25.654	40.7422
3.240675e-05	25.6923	40.7762
3.245948e-05	25.7307	40.8101
3.251231e-05	25.7691	40.8441
3.256521e-05	25.8075	40.878
3.261821e-05	25.8459	40.912
3.267129e-05	25.8844	40.9459
3.272445e-05	25.9229	40.9799
3.277771e-05	25.9614	41.0139
3.283104e-05	26	41.0479
3.288447e-05	26.0386	41.0819
3.293798e-05	26.0772	41.1159
3.299158e-05	26.1159	41.1499
3.304527e-05	26.1545	41.1839
3.309905e-05	26.1932	41.2179
3.315291e-05	26.2319	41.2519
3.320686e-05	26.2707	41.286
3.326089e-05	26.3095	41.32
3.331502e-05	26.3483	41.3541
3.336923e-05	26.3871	41.3881
3.342354e-05	26.426	41.4222
3.347793e-05	26.4649	41.4562
3.353240e-05	26.5038	41.4903
3.358697e-05	26.5427	41.5244
3.364163e-05	26.5817	41.5585
3.369637e-05	26.6207	41.5926
3.375121e-05	26.6597	41.6267
3.380613e-05	26.6988	41.6608
3.386114e-05	26.7379	41.6949
3.391625e-05	26.777	41.729
3.397144e-05	26.8161	41.7631
3.402672e-05	26.8553	41.7973
3.408209e-05	26.8945	41.8314
3.413755e-05	26.9337	41.8656
3.419311e-05	26.9729	41.8997
3.424875e-05	27.0122	41.9339
3.430448e-05	27.0515	41.9681
3.436030e-05	27.0908	42.0023
3.441622e-05	27.1302	42.0364
3.447222e-05	27.1696	42.0706
3.452832e-05	27.209	42.1048
3.458451e-05	27.2484	42.1391
3.464079e-05	27.2879	42.1733
3.469716e-05	27.3274	42.2075
3.475362e-05	27.3669	42.2417
3.481018e-05	27.4064	42.276
3.486682e-05	27.446	42.3102
3.492356e-05	27.4856	42.3445
3.498039e-05	27.5252	42.3788
3.503732e-05	27.5648	42.413
3.509433e-05	27.6045	42.4473
3.515144e-05	27.6442	42.4816
3.520864e-05	27.684	42.5159
3.526594e-05	27.7237	42.5502
3.532333e-05	27.7635	42.5845
3.538081e-05	27.8033	42.6188
3.543839e-05	27.8431	42.6532
3.549605e-05	27.883	42.6875
3.555382e-05	27.9229	42.7219
3.561167e-05	27.9628	42.7562
3.566962e-05	28.0027	42.7906
3.572767e-05	28.0427	42.825
3.578581e-05	28.0827	42.8593
3.584404e-05	28.1227	42.8937
3.590237e-05	28.1628	42.9281
3.596080e-05	28.2028	42.9625
3.601932e-05	28.2429	42.9969
3.607793e-05	28.2831	43.0314
3.613664e-05	28.3232	43.0658
3.619545e-05	28.3634	43.1002
3.625435e-05	28.4036	43.1347
3.631334e-05	28.4438	43.1692
3.637244e-05	28.4841	43.2036
3.643162e-05	28.5244	43.2381
3.649091e-05	28.5647	43.2726
3.655029e-05	28.605	43.3071
3.660977e-05	28.6454	43.3416
3.666934e-05	28.6858	43.3761
3.672902e-05	28.7262	43.4106
3.678879e-05	28.7666	43.4451
3.684865e-05	28.8071	43.4797
3.690862e-05	28.8476	43.5142
3.696868e-05	28.8881	43.5488
3.702884e-05	28.9287	43.5834
3.708909e-05	28.9692	43.6179
3.714945e-05	29.0098	43.6525
3.720990e-05	29.0505	43.6871
3.727045e-05	29.0911	43.7217
3.733110e-05	29.1318	43.7563
3.739185e-05	29.1725	43.791
3.745270e-05	29.2132	43.8256
3.751365e-05	29.254	43.8602
3.757469e-05	29.2948	43.8949
3.763584e-05	29.3356	43.9295
3.769708e-05	29.3764	43.9642
3.775843e-05	29.4172	43.9989
3.781987e-05	29.4581	44.0336
3.788142e-05	29.499	44.0683
3.794306e-05	29.54	44.103
3.800481e-05	29.5809	44.1377
3.806665e-05	29.6219	44.1725
3.812860e-05	29.6629	44.2072
3.819065e-05	29.704	44.2419
3.825279e-05	29.745	44.2767
3.831504e-05	29.7861	44.3115
3.837739e-05	29.8272	44.3463
3.843984e-05	29.8684	44.3811
3.850240e-05	29.9096	44.4159
3.856505e-05	29.9507	44.4507
3.862781e-05	29.992	44.4855
3.869067e-05	30.0332	44.5203
3.875363e-05	30.0745	44.5552
3.881669e-05	30.1158	44.59
3.887986e-05	30.1571	44.6249
3.894313e-05	30.1984	44.6598
3.900650e-05	30.2398	44.6947
3.906998e-05	30.2812	44.7296
3.913355e-05	30.3226	44.7645
3.919724e-05	30.3641	44.7994
3.926102e-05	30.4055	44.8343
3.932491e-05	30.447	44.8693
3.938891e-05	30.4886	44.9042
3.945300e-05	30.5301	44.9392
3.951721e-05	30.5717	44.9741
3.958151e-05	30.6133	45.0091
3.964592e-05	30.6549	45.0441
3.971044e-05	30.6966	45.0791
3.977506e-05	30.7383	45.1141
3.983979e-05	30.78	45.1492
3.990462e-05	30.8217	45.1842
3.996955e-05	30.8634	45.2193
4.003460e-05	30.9052	45.2543
4.009974e-05	30.947	45.2894
4.016500e-05	30.9888	45.3245
4.023036e-05	31.0307	45.3596
4.029583e-05	31.0726	45.3947
4.036140e-05	31.1145	45.4298
4.042708e-05	31.1564	45.465
4.049287e-05	31.1984	45.5001
4.055876e-05	31.2404	45.5353
4.062476e-05	31.2824	45.5704
4.069087e-05	31.3244	45.6056
4.075709e-05	31.3665	45.6408
4.082341e-05	31.4085	45.676
4.088984e-05	31.4506	45.7112
4.095638e-05	31.4928	45.7464
4.102303e-05	31.5349	45.7817
4.108979e-05	31.5771	45.8169
4.115665e-05	31.6193	45.8522
4.122363e-05	31.6616	45.8875
4.129071e-05	31.7038	45.9228
4.135790e-05	31.7461	45.9581
4.142521e-05	31.7884	45.9934
4.149262e-05	31.8307	46.0287
4.156014e-05	31.8731	46.064
4.162777e-05	31.9155	46.0994
4.169551e-05	31.9579	46.1347
4.176336e-05	32.0003	46.1701
4.183132e-05	32.0428	46.2055
4.189940e-05	32.0853	46.2409
4.196758e-05	32.1278	46.2763
4.203587e-05	32.1703	46.3118
4.210428e-05	32.2129	46.3472
4.217279e-05	32.2555	46.3826
4.224142e-05	32.2981	46.4181
4.231016e-05	32.3407	46.4536
4.237901e-05	32.3834	46.4891
4.244798e-05	32.4261	46.5246
4.251705e-05	32.4688	46.5601
4.258624e-05	32.5115	46.5956
4.265554e-05	32.5543	46.6312
4.272495e-05	32.5971	46.6667
4.279448e-05	32.6399	46.7023
4.286412e-05	32.6827	46.7379
4.293387e-05	32.7256	46.7735
4.300374e-05	32.7684	46.8091
4.307372e-05	32.8114	46.8447
4.314381e-05	32.8543	46.8804
4.321402e-05	32.8973	46.916
4.328434e-05	32.9402	46.9517
4.335478e-05	32.9832	46.9873
4.342533e-05	33.0263	47.023
4.349600e-05	33.0693	47.0587
4.356678e-05	33.1124	47.0945
4.363767e-05	33.1555	47.1302
4.370869e-05	33.1987	47.1659
4.377981e-05	33.2418	47.2017
4.385106e-05	33.285	47.2375
4.392242e-05	33.3282	47.2733
4.399389e-05	33.3715	47.3091
4.406548e-05	33.4147	47.3449
4.413719e-05	33.458	47.3807
4.420901e-05	33.5013	47.4166
4.428096e-05	33.5447	47.4524
4.435301e-05	33.588	47.4883
4.442519e-05	33.6314	47.5242
4.449748e-05	33.6748	47.5601
4.456989e-05	33.7182	47.596
4.464242e-05	33.7617	47.632
4.471507e-05	33.8052	47.6679
4.478783e-05	33.8487	47.7039
4.486072e-05	33.8922	47.7398
4.493372e-05	33.9358	47.7758
4.500684e-05	33.9794	47.8118
4.508008e-05	34.023	47.8479
4.515344e-05	34.0666	47.8839
4.522692e-05	34.1103	47.92
4.530051e-05	34.154	47.956
4.537423e-05	34.1977	47.9921
4.544807e-05	34.2414	48.0282
4.552203e-05	34.2852	48.0643
4.559611e-05	34.3289	48.1004
4.567030e-05	34.3728	48.1366
4.574462e-05	34.4166	48.1727
4.581906e-05	34.4604	48.2089
4.589363e-05	34.5043	48.2451
4.596831e-05	34.5482	48.2813
4.604311e-05	34.5922	48.3175
4.611804e-05	34.6361	48.3538
4.619309e-05	34.6801	48.39
4.626826e-05	34.7241	48.4263
4.634355e-05	34.7681	48.4626
4.641896e-05	34.8122	48.4989
4.649450e-05	34.8563	48.5352
4.657016e-05	34.9004	48.5715
4.664595e-05	34.9445	48.6079
4.672185e-05	34.9887	48.6442
4.679788e-05	35.0329	48.6806
4.687404e-05	35.0771	48.717
4.695032e-05	35.1213	48.7534
4.702672e-05	35.1656	48.7898
4.710324e-05	35.2098	48.8263
4.717990e-05	35.2541	48.8627
4.725667e-05	35.2985	48.8992
4.733357e-05	35.3428	48.9357
4.741060e-05	35.3872	48.9722
4.748775e-05	35.4316	49.0087
4.756503e-05	35.476	49.0453
4.764243e-05	35.5205	49.0818
4.771996e-05	35.565	49.1184
4.779761e-05	35.6095	49.155
4.787539e-05	35.654	49.1916
4.795330e-05	35.6986	49.2282
4.803134e-05	35.7432	49.2649
4.810950e-05	35.7878	49.3015
4.818779e-05	35.8324	49.3382
4.826620e-05	35.877	49.3749
4.834475e-05	35.9217	49.4116
4.842342e-05	35.9664	49.4483
4.850222e-05	36.0112	49.4851
4.858115e-05	36.0559	49.5218
4.866020e-05	36.1007	49.5586
4.873939e-05	36.1455	49.5954
4.881870e-05	36.1903	49.6322
4.889814e-05	36.2352	49.6691
4.897771e-05	36.2801	49.7059
4.905742e-05	36.325	49.7428
4.913725e-05	36.3699	49.7796
4.921721e-05	36.4149	49.8165
4.929730e-05	36.4598	49.8535
4.937752e-05	36.5048	49.8904
4.945787e-05	36.5499	49.9274
4.953836e-05	36.5949	49.9643
4.961897e-05	36.64	50.0013
4.969972e-05	36.6851	50.0383
4.978059e-05	36.7302	50.0754
4.986160e-05	36.7754	50.1124
4.994274e-05	36.8206	50.1495
5.002401e-05	36.8658	50.1865
5.010542e-05	36.911	50.2236
5.018695e-05	36.9563	50.2607
5.026862e-05	37.0015	50.2979
5.035042e-05	37.0469	50.335
5.043236e-05	37.0922	50.3722
5.051443e-05	37.1375	50.4094
5.059663e-05	37.1829	50.4466
5.067897e-05	37.2283	50.4838
5.076144e-05	37.2738	50.5211
5.084404e-05	37.3192	50.5583
5.092678e-05	37.3647	50.5956
5.100965e-05	37.4102	50.6329
5.109266e-05	37.4557	50.6702
5.117580e-05	37.5013	50.7076
5.125908e-05	37.5469	50.7449
5.134250e-05	37.5925	50.7823
5.142605e-05	37.6381	50.8197
5.150973e-05	37.6838	50.8571
5.159355e-05	37.7295	50.8946
5.167751e-05	37.7752	50.932
5.176161e-05	37.8209	50.9695
5.184584e-05	37.8667	51.007
5.193021e-05	37.9124	51.0445
5.201471e-05	37.9583	51.082
5.209936e-05	38.0041	51.1196
5.218414e-05	38.0499	51.1571
5.226906e-05	38.0958	51.1947
5.235411e-05	38.1417	51.2323
5.243931e-05	38.1877	51.27
5.252464e-05	38.2336	51.3076
5.261012e-05	38.2796	51.3453
5.269573e-05	38.3256	51.383
5.278148e-05	38.3717	51.4207
5.286737e-05	38.4177	51.4584
5.295341e-05	38.4638	51.4961
5.303958e-05	38.5099	51.5339
5.312589e-05	38.5561	51.5717
5.321234e-05	38.6022	51.6095
5.329893e-05	38.6484	51.6473
5.338567e-05	38.6946	51.6852
5.347254e-05	38.7409	51.723
5.355956e-05	38.7872	51.7609
5.364671e-05	38.8334	51.7988
5.373401e-05	38.8798	51.8368
5.382145e-05	38.9261	51.8747
5.390904e-05	38.9725	51.9127
5.399676e-05	39.0189	51.9507
5.408463e-05	39.0653	51.9887
5.417265e-05	39.1117	52.0267
5.426080e-05	39.1582	52.0647
5.434910e-05	39.2047	52.1028
5.443754e-05	39.2512	52.1409
5.452613e-05	39.2978	52.179
5.461486e-05	39.3443	52.2172
5.470373e-05	39.3909	52.2553
5.479275e-05	39.4376	52.2935
5.488192e-05	39.4842	52.3317
5.497123e-05	39.5309	52.3699
5.506068e-05	39.5776	52.4082
5.515028e-05	39.6243	52.4464
5.524003e-05	39.6711	52.4847
5.532992e-05	39.7178	52.523
5.541996e-05	39.7646	52.5613
5.551014e-05	39.8115	52.5997
5.560048e-05	39.8583	52.638
5.569095e-05	39.9052	52.6764
5.578158e-05	39.9521	52.7148
5.587235e-05	39.999	52.7533
5.596327e-05	40.046	52.7917
5.605434e-05	40.093	52.8302
5.614556e-05	40.14	52.8687
5.623693e-05	40.187	52.9072
5.632844e-05	40.2341	52.9458
5.642010e-05	40.2812	52.9843
5.651192e-05	40.3283	53.0229
5.660388e-05	40.3754	53.0615
5.669599e-05	40.4226	53.1001
5.678825e-05	40.4698	53.1388
5.688066e-05	40.517	53.1775
5.697323e-05	40.5642	53.2162
5.706594e-05	40.6115	53.2549
5.715880e-05	40.6588	53.2936
5.725182e-05	40.7061	53.3324
5.734498e-05	40.7535	53.3712
5.743830e-05	40.8008	53.41
5.753177e-05	40.8482	53.4488
5.762539e-05	40.8957	53.4877
5.771917e-05	40.9431	53.5265
5.781309e-05	40.9906	53.5654
5.790717e-05	41.0381	53.6044
5.800140e-05	41.0856	53.6433
5.809579e-05	41.1332	53.6823
5.819033e-05	41.1808	53.7213
5.828502e-05	41.2284	53.7603
5.837987e-05	41.276	53.7993
5.847487e-05	41.3237	53.8384
5.857003e-05	41.3713	53.8775
5.866534e-05	41.4191	53.9166
5.876080e-05	41.4668	53.9557
5.885643e-05	41.5146	53.9948
5.895220e-05	41.5624	54.034
5.904814e-05	41.6102	54.0732
5.914423e-05	41.658	54.1124
5.924047e-05	41.7059	54.1517
5.933687e-05	41.7538	54.191
5.943343e-05	41.8017	54.2303
5.953015e-05	41.8497	54.2696
5.962702e-05	41.8976	54.3089
5.972405e-05	41.9456	54.3483
5.982124e-05	41.9937	54.3877
5.991859e-05	42.0417	54.4271
6.001609e-05	42.0898	54.4665
6.011376e-05	42.1379	54.506
6.021158e-05	42.186	54.5455
6.030956e-05	42.2342	54.585
6.040771e-05	42.2824	54.6245
6.050601e-05	42.3306	54.664
6.060447e-05	42.3789	54.7036
6.070309e-05	42.4271	54.7432
6.080187e-05	42.4754	54.7829
6.090082e-05	42.5237	54.8225
6.099992e-05	42.5721	54.8622
6.109919e-05	42.6205	54.9019
6.119861e-05	42.6689	54.9416
6.129820e-05	42.7173	54.9814
6.139795e-05	42.7657	55.0211
6.149786e-05	42.8142	55.0609
6.159794e-05	42.8627	55.1008
6.169818e-05	42.9113	55.1406
6.179858e-05	42.9598	55.1805
6.189915e-05	43.0084	55.2204
6.199987e-05	43.057	55.2603
6.210077e-05	43.1057	55.3003
6.220182e-05	43.1543	55.3402
6.230304e-05	43.203	55.3802
6.240443e-05	43.2518	55.4203
6.250598e-05	43.3005	55.4603
6.260770e-05	43.3493	55.5004
6.270958e-05	43.3981	55.5405
6.281163e-05	43.4469	55.5806
6.291384e-05	43.4958	55.6208
6.301622e-05	43.5447	55.6609
6.311877e-05	43.5936	55.7011
6.322148e-05	43.6425	55.7414
6.332436e-05	43.6915	55.7816
6.342741e-05	43.7405	55.8219
6.353062e-05	43.7895	55.8622
6.363401e-05	43.8386	55.9025
6.373756e-05	43.8876	55.9429
6.384128e-05	43.9367	55.9833
6.394517e-05	43.9859	56.0237
6.404923e-05	44.035	56.0641
6.415345e-05	44.0842	56.1046
6.425785e-05	44.1334	56.1451
6.436242e-05	44.1827	56.1856
6.446715e-05	44.2319	56.2261
6.457206e-05	44.2812	56.2667
6.467714e-05	44.3306	56.3073
6.478239e-05	44.3799	56.3479
6.488781e-05	44.4293	56.3885
6.499340e-05	44.4787	56.4292
6.509916e-05	44.5281	56.4699
6.520510e-05	44.5776	56.5106
6.531121e-05	44.6271	56.5514
6.541749e-05	44.6766	56.5921
6.552394e-05	44.7261	56.6329
6.563057e-05	44.7757	56.6738
6.573737e-05	44.8253	56.7146
6.584435e-05	44.8749	56.7555
6.595150e-05	44.9246	56.7964
6.605882e-05	44.9743	56.8373
6.616632e-05	45.024	56.8783
6.627399e-05	45.0737	56.9193
6.638184e-05	45.1235	56.9603
6.648986e-05	45.1733	57.0014
6.659806e-05	45.2231	57.0424
6.670643e-05	45.2729	57.0835
6.681499e-05	45.3228	57.1247
6.692371e-05	45.3727	57.1658
6.703262e-05	45.4227	57.207
6.714170e-05	45.4726	57.2482
6.725096e-05	45.5226	57.2894
6.736040e-05	45.5726	57.3307
6.747001e-05	45.6227	57.372
6.757981e-05	45.6727	57.4133
6.768978e-05	45.7228	57.4547
6.779993e-05	45.773	57.496
6.791026e-05	45.8231	57.5374
6.802077e-05	45.8733	57.5789
6.813146e-05	45.9235	57.6203
6.824233e-05	45.9738	57.6618
6.835339e-05	46.024	57.7033
6.846462e-05	46.0743	57.7449
6.857603e-05	46.1247	57.7864
6.868762e-05	46.175	57.828
6.879940e-05	46.2254	57.8696
6.891136e-05	46.2758	57.9113
6.902350e-05	46.3262	57.953
6.913582e-05	46.3767	57.9947
6.924832e-05	46.4272	58.0364
6.936101e-05	46.4777	58.0782
6.947388e-05	46.5283	58.12
6.958694e-05	46.5789	58.1618
6.970018e-05	46.6295	58.2037
6.981360e-05	46.6801	58.2455
6.992721e-05	46.7308	58.2875
7.004100e-05	46.7815	58.3294
7.015498e-05	46.8322	58.3714
7.026914e-05	46.883	58.4134
7.038349e-05	46.9338	58.4554
7.049802e-05	46.9846	58.4974
7.061275e-05	47.0354	58.5395
7.072765e-05	47.0863	58.5816
7.084275e-05	47.1372	58.6238
7.095803e-05	47.1881	58.6659
7.107350e-05	47.2391	58.7081
7.118916e-05	47.29	58.7504
7.130501e-05	47.3411	58.7926
7.142104e-05	47.3921	58.8349
7.153727e-05	47.4432	58.8772
7.165368e-05	47.4943	58.9196
7.177028e-05	47.5454	58.9619
7.188707e-05	47.5966	59.0044
7.200405e-05	47.6478	59.0468
7.212123e-05	47.699	59.0893
7.223859e-05	47.7502	59.1317
7.235614e-05	47.8015	59.1743
7.247389e-05	47.8528	59.2168
7.259183e-05	47.9041	59.2594
7.270995e-05	47.9555	59.302
7.282828e-05	48.0069	59.3447
7.294679e-05	48.0583	59.3873
7.306550e-05	48.1098	59.43
7.318439e-05	48.1612	59.4728
7.330349e-05	48.2128	59.5155
7.342277e-05	48.2643	59.5583
7.354226e-05	48.3159	59.6011
7.366193e-05	48.3675	59.644
7.378180e-05	48.4191	59.6869
7.390187e-05	48.4707	59.7298
7.402213e-05	48.5224	59.7727
7.414258e-05	48.5741	59.8157
7.426324e-05	48.6259	59.8587
7.438408e-05	48.6777	59.9018
7.450513e-05	48.7295	59.9448
7.462637e-05	48.7813	59.9879
7.474781e-05	48.8332	60.031
7.486945e-05	48.8851	60.0742
7.499128e-05	48.937	60.1174
7.511332e-05	48.989	60.1606
7.523555e-05	49.0409	60.2039
7.535798e-05	49.093	60.2471
7.548061e-05	49.145	60.2905
7.560344e-05	49.1971	60.3338
7.572647e-05	49.2492	60.3772
7.584970e-05	49.3013	60.4206
7.597313e-05	49.3535	60.464
7.609676e-05	49.4057	60.5075
7.622059e-05	49.4579	60.551
7.634463e-05	49.5101	60.5945
7.646886e-05	49.5624	60.6381
7.659330e-05	49.6147	60.6817
7.671794e-05	49.6671	60.7253
7.684279e-05	49.7195	60.769
7.696783e-05	49.7719	60.8127
7.709308e-05	49.8243	60.8564
7.721854e-05	49.8768	60.9001
7.734419e-05	49.9293	60.9439
7.747006e-05	49.9818	60.9877
7.759612e-05	50.0344	61.0316
7.772239e-05	50.0869	61.0755
7.784887e-05	50.1396	61.1194
7.797556e-05	50.1922	61.1633
7.810245e-05	50.2449	61.2073
7.822954e-05	50.2976	61.2513
7.835685e-05	50.3503	61.2953
7.848436e-05	50.4031	61.3394
7.861207e-05	50.4559	61.3835
7.874000e-05	50.5088	61.4276
7.886813e-05	50.5616	61.4718
7.899647e-05	50.6145	61.516
7.912503e-05	50.6674	61.5603
7.925379e-05	50.7204	61.6045
7.938276e-05	50.7734	61.6488
7.951194e-05	50.8264	61.6931
7.964133e-05	50.8794	61.7375
7.977093e-05	50.9325	61.7819
7.990074e-05	50.9856	61.8263
8.003076e-05	51.0388	61.8708
8.016099e-05	51.092	61.9153
8.029144e-05	51.1452	61.9598
8.042210e-05	51.1984	62.0044
8.055297e-05	51.2517	62.049
8.068405e-05	51.305	62.0936
8.081535e-05	51.3583	62.1383
8.094686e-05	51.4116	62.183
8.107859e-05	51.465	62.2277
8.121053e-05	51.5185	62.2724
8.134268e-05	51.5719	62.3172
8.147505e-05	51.6254	62.3621
8.160763e-05	51.6789	62.4069
8.174043e-05	51.7325	62.4518
8.187345e-05	51.786	62.4967
8.200668e-05	51.8397	62.5417
8.214013e-05	51.8933	62.5867
8.227380e-05	51.947	62.6317
8.240768e-05	52.0007	62.6768
8.254179e-05	52.0544	62.7219
8.267611e-05	52.1082	62.767
8.281065e-05	52.162	62.8122
8.294540e-05	52.2158	62.8574
8.308038e-05	52.2697	62.9026
8.321558e-05	52.3236	62.9478
8.335099e-05	52.3775	62.9931
8.348663e-05	52.4315	63.0385
8.362249e-05	52.4855	63.0838
8.375857e-05	52.5395	63.1292
8.389487e-05	52.5935	63.1747
8.403139e-05	52.6476	63.2201
8.416814e-05	52.7017	63.2656
8.430510e-05	52.7559	63.3112
8.444229e-05	52.8101	63.3567
8.457971e-05	52.8643	63.4023
8.471734e-05	52.9185	63.448
8.485520e-05	52.9728	63.4937
8.499329e-05	53.0271	63.5394
8.513160e-05	53.0815	63.5851
8.527013e-05	53.1359	63.6309
8.540889e-05	53.1903	63.6767
8.554788e-05	53.2447	63.7226
8.568709e-05	53.2992	63.7684
8.582653e-05	53.3537	63.8143
8.596619e-05	53.4082	63.8603
8.610609e-05	53.4628	63.9063
8.624621e-05	53.5174	63.9523
8.638656e-05	53.572	63.9984
8.652713e-05	53.6267	64.0445
8.666794e-05	53.6814	64.0906
8.680897e-05	53.7362	64.1367
8.695024e-05	53.7909	64.1829
8.709173e-05	53.8457	64.2292
8.723346e-05	53.9006	64.2754
8.737541e-05	53.9554	64.3217
8.751760e-05	54.0103	64.3681
8.766002e-05	54.0652	64.4145
8.780267e-05	54.1202	64.4609
8.794555e-05	54.1752	64.5073
8.808866e-05	54.2302	64.5538
8.823201e-05	54.2853	64.6003
8.837559e-05	54.3404	64.6469
8.851940e-05	54.3955	64.6935
8.866345e-05	54.4507	64.7401
8.880773e-05	54.5059	64.7867
8.895225e-05	54.5611	64.8334
8.909700e-05	54.6164	64.8802
8.924199e-05	54.6717	64.9269
8.938721e-05	54.727	64.9737
8.953267e-05	54.7824	65.0206
8.967837e-05	54.8378	65.0675
8.982430e-05	54.8932	65.1144
8.997047e-05	54.9487	65.1613
9.011688e-05	55.0041	65.2083
9.026353e-05	55.0597	65.2553
9.041042e-05	55.1152	65.3024
9.055754e-05	55.1708	65.3495
9.070491e-05	55.2265	65.3966
9.085251e-05	55.2821	65.4438
9.100035e-05	55.3378	65.491
9.114844e-05	55.3936	65.5382
9.129677e-05	55.4493	65.5855
9.144533e-05	55.5051	65.6328
9.159414e-05	55.561	65.6801
9.174319e-05	55.6168	65.7275
9.189249e-05	55.6727	65.775
9.204202e-05	55.7287	65.8224
9.219180e-05	55.7846	65.8699
9.234183e-05	55.8406	65.9175
9.249210e-05	55.8967	65.965
9.264261e-05	55.9527	66.0126
9.279337e-05	56.0088	66.0603
9.294437e-05	56.065	66.108
9.309562e-05	56.1211	66.1557
9.324711e-05	56.1774	66.2034
9.339885e-05	56.2336	66.2512
9.355084e-05	56.2899	66.2991
9.370308e-05	56.3462	66.3469
9.385556e-05	56.4025	66.3948
9.400829e-05	56.4589	66.4428
9.416127e-05	56.5153	66.4908
9.431450e-05	56.5718	66.5388
9.446798e-05	56.6282	66.5868
9.462171e-05	56.6848	66.6349
9.477568e-05	56.7413	66.6831
9.492991e-05	56.7979	66.7312
9.508439e-05	56.8545	66.7795
9.523912e-05	56.9112	66.8277
9.539411e-05	56.9679	66.876
9.554934e-05	57.0246	66.9243
9.570483e-05	57.0813	66.9727
9.586057e-05	57.1381	67.0211
9.601656e-05	57.195	67.0695
9.617281e-05	57.2518	67.118
9.632931e-05	57.3087	67.1665
9.648607e-05	57.3657	67.215
9.664308e-05	57.4226	67.2636
9.680035e-05	57.4796	67.3123
9.695787e-05	57.5367	67.3609
9.711565e-05	57.5938	67.4096
9.727369e-05	57.6509	67.4584
9.743198e-05	57.708	67.5072
9.759053e-05	57.7652	67.556
9.774934e-05	57.8224	67.6048
9.790841e-05	57.8797	67.6537
9.806774e-05	57.9369	67.7027
9.822732e-05	57.9943	67.7517
9.838717e-05	58.0516	67.8007
9.854727e-05	58.109	67.8497
9.870764e-05	58.1664	67.8988
9.886827e-05	58.2239	67.9479
9.902916e-05	58.2814	67.9971
9.919031e-05	58.3389	68.0463
9.935172e-05	58.3965	68.0956
9.951339e-05	58.4541	68.1449
9.967533e-05	58.5118	68.1942
9.983753e-05	58.5694	68.2436
1.000000e-04	58.6271	68.293
