Wavelength(m)	n	k
# material: Al2O3
# source: I. H. Malitson. Refraction and dispersion of synthetic sapphire. J. Opt. Soc. Am. 52, 1377-1379 (1962)
# conditions: Synthetic sapphire, Ordinary ray (o), 24 degC
# upstream: polyanskiy/refractiveindex.info-database@ff11b58 main/Al2O3/nk/Malitson.yml
# type: formula 1
# note: dispersion formula sampled at 5000 points; k set to 0
# range: 2.6520e-07 - 5.5770e-06 m
# converted: 2026-07-31 by tools/convert_refractiveindex_info.py (wavelength um -> m)
2.652000e-07	1.83365	0
2.662626e-07	1.83293	0
2.673251e-07	1.83222	0
2.683877e-07	1.83152	0
2.694503e-07	1.83083	0
2.705129e-07	1.83014	0
2.715754e-07	1.82947	0
2.726380e-07	1.82881	0
2.737006e-07	1.82815	0
2.747632e-07	1.82751	0
2.758257e-07	1.82687	0
2.768883e-07	1.82624	0
2.779509e-07	1.82563	0
2.790134e-07	1.82501	0
2.800760e-07	1.82441	0
2.811386e-07	1.82382	0
2.822012e-07	1.82323	0
2.832637e-07	1.82265	0
2.843263e-07	1.82208	0
2.853889e-07	1.82152	0
2.864515e-07	1.82096	0
2.875140e-07	1.82041	0
2.885766e-07	1.81987	0
2.896392e-07	1.81933	0
2.907017e-07	1.8188	0
2.917643e-07	1.81828	0
2.928269e-07	1.81776	0
2.938895e-07	1.81726	0
2.949520e-07	1.81675	0
2.960146e-07	1.81626	0
2.970772e-07	1.81577	0
2.981397e-07	1.81528	0
2.992023e-07	1.8148	0
3.002649e-07	1.81433	0
3.013275e-07	1.81386	0
3.023900e-07	1.8134	0
3.034526e-07	1.81295	0
3.045152e-07	1.8125	0
3.055778e-07	1.81205	0
3.066403e-07	1.81161	0
3.077029e-07	1.81118	0
3.087655e-07	1.81075	0
3.098280e-07	1.81032	0
3.108906e-07	1.8099	0
3.119532e-07	1.80949	0
3.130158e-07	1.80908	0
3.140783e-07	1.80867	0
3.151409e-07	1.80827	0
3.162035e-07	1.80788	0
3.172661e-07	1.80749	0
3.183286e-07	1.8071	0
3.193912e-07	1.80672	0
3.204538e-07	1.80634	0
3.215163e-07	1.80596	0
3.225789e-07	1.80559	0
3.236415e-07	1.80523	0
3.247041e-07	1.80486	0
3.257666e-07	1.80451	0
3.268292e-07	1.80415	0
3.278918e-07	1.8038	0
3.289544e-07	1.80345	0
3.300169e-07	1.80311	0
3.310795e-07	1.80277	0
3.321421e-07	1.80244	0
3.332046e-07	1.8021	0
3.342672e-07	1.80178	0
3.353298e-07	1.80145	0
3.363924e-07	1.80113	0
3.374549e-07	1.80081	0
3.385175e-07	1.80049	0
3.395801e-07	1.80018	0
3.406426e-07	1.79987	0
3.417052e-07	1.79957	0
3.427678e-07	1.79927	0
3.438304e-07	1.79897	0
3.448929e-07	1.79867	0
3.459555e-07	1.79838	0
3.470181e-07	1.79809	0
3.480807e-07	1.7978	0
3.491432e-07	1.79751	0
3.502058e-07	1.79723	0
3.512684e-07	1.79695	0
3.523309e-07	1.79668	0
3.533935e-07	1.7964	0
3.544561e-07	1.79613	0
3.555187e-07	1.79586	0
3.565812e-07	1.7956	0
3.576438e-07	1.79534	0
3.587064e-07	1.79508	0
3.597690e-07	1.79482	0
3.608315e-07	1.79456	0
3.618941e-07	1.79431	0
3.629567e-07	1.79406	0
3.640192e-07	1.79381	0
3.650818e-07	1.79356	0
3.661444e-07	1.79332	0
3.672070e-07	1.79308	0
3.682695e-07	1.79284	0
3.693321e-07	1.7926	0
3.703947e-07	1.79237	0
3.714573e-07	1.79213	0
3.725198e-07	1.7919	0
3.735824e-07	1.79168	0
3.746450e-07	1.79145	0
3.757075e-07	1.79123	0
3.767701e-07	1.791	0
3.778327e-07	1.79078	0
3.788953e-07	1.79056	0
3.799578e-07	1.79035	0
3.810204e-07	1.79013	0
3.820830e-07	1.78992	0
3.831455e-07	1.78971	0
3.842081e-07	1.7895	0
3.852707e-07	1.78929	0
3.863333e-07	1.78909	0
3.873958e-07	1.78889	0
3.884584e-07	1.78868	0
3.895210e-07	1.78848	0
3.905836e-07	1.78829	0
3.916461e-07	1.78809	0
3.927087e-07	1.7879	0
3.937713e-07	1.7877	0
3.948338e-07	1.78751	0
3.958964e-07	1.78732	0
3.969590e-07	1.78713	0
3.980216e-07	1.78695	0
3.990841e-07	1.78676	0
4.001467e-07	1.78658	0
4.012093e-07	1.7864	0
4.022719e-07	1.78622	0
4.033344e-07	1.78604	0
4.043970e-07	1.78586	0
4.054596e-07	1.78568	0
4.065221e-07	1.78551	0
4.075847e-07	1.78534	0
4.086473e-07	1.78516	0
4.097099e-07	1.78499	0
4.107724e-07	1.78482	0
4.118350e-07	1.78466	0
4.128976e-07	1.78449	0
4.139602e-07	1.78433	0
4.150227e-07	1.78416	0
4.160853e-07	1.784	0
4.171479e-07	1.78384	0
4.182104e-07	1.78368	0
4.192730e-07	1.78352	0
4.203356e-07	1.78336	0
4.213982e-07	1.78321	0
4.224607e-07	1.78305	0
4.235233e-07	1.7829	0
4.245859e-07	1.78275	0
4.256484e-07	1.7826	0
4.267110e-07	1.78245	0
4.277736e-07	1.7823	0
4.288362e-07	1.78215	0
4.298987e-07	1.782	0
4.309613e-07	1.78186	0
4.320239e-07	1.78171	0
4.330865e-07	1.78157	0
4.341490e-07	1.78143	0
4.352116e-07	1.78128	0
4.362742e-07	1.78114	0
4.373367e-07	1.78101	0
4.383993e-07	1.78087	0
4.394619e-07	1.78073	0
4.405245e-07	1.78059	0
4.415870e-07	1.78046	0
4.426496e-07	1.78033	0
4.437122e-07	1.78019	0
4.447748e-07	1.78006	0
4.458373e-07	1.77993	0
4.468999e-07	1.7798	0
4.479625e-07	1.77967	0
4.490250e-07	1.77954	0
4.500876e-07	1.77941	0
4.511502e-07	1.77929	0
4.522128e-07	1.77916	0
4.532753e-07	1.77904	0
4.543379e-07	1.77891	0
4.554005e-07	1.77879	0
4.564631e-07	1.77867	0
4.575256e-07	1.77855	0
4.585882e-07	1.77843	0
4.596508e-07	1.77831	0
4.607133e-07	1.77819	0
4.617759e-07	1.77807	0
4.628385e-07	1.77795	0
4.639011e-07	1.77784	0
4.649636e-07	1.77772	0
4.660262e-07	1.77761	0
4.670888e-07	1.77749	0
4.681514e-07	1.77738	0
4.692139e-07	1.77727	0
4.702765e-07	1.77716	0
4.713391e-07	1.77705	0
4.724016e-07	1.77694	0
4.734642e-07	1.77683	0
4.745268e-07	1.77672	0
4.755894e-07	1.77661	0
4.766519e-07	1.7765	0
4.777145e-07	1.7764	0
4.787771e-07	1.77629	0
4.798396e-07	1.77619	0
4.809022e-07	1.77608	0
4.819648e-07	1.77598	0
4.830274e-07	1.77587	0
4.840899e-07	1.77577	0
4.851525e-07	1.77567	0
4.862151e-07	1.77557	0
4.872777e-07	1.77547	0
4.883402e-07	1.77537	0
4.894028e-07	1.77527	0
4.904654e-07	1.77517	0
4.915279e-07	1.77507	0
4.925905e-07	1.77498	0
4.936531e-07	1.77488	0
4.947157e-07	1.77478	0
4.957782e-07	1.77469	0
4.968408e-07	1.77459	0
4.979034e-07	1.7745	0
4.989660e-07	1.77441	0
5.000285e-07	1.77431	0
5.010911e-07	1.77422	0
5.021537e-07	1.77413	0
5.032162e-07	1.77404	0
5.042788e-07	1.77395	0
5.053414e-07	1.77386	0
5.064040e-07	1.77377	0
5.074665e-07	1.77368	0
5.085291e-07	1.77359	0
5.095917e-07	1.7735	0
5.106543e-07	1.77341	0
5.117168e-07	1.77333	0
5.127794e-07	1.77324	0
5.138420e-07	1.77316	0
5.149045e-07	1.77307	0
5.159671e-07	1.77299	0
5.170297e-07	1.7729	0
5.180923e-07	1.77282	0
5.191548e-07	1.77273	0
5.202174e-07	1.77265	0
5.212800e-07	1.77257	0
5.223425e-07	1.77249	0
5.234051e-07	1.7724	0
5.244677e-07	1.77232	0
5.255303e-07	1.77224	0
5.265928e-07	1.77216	0
5.276554e-07	1.77208	0
5.287180e-07	1.772	0
5.297806e-07	1.77193	0
5.308431e-07	1.77185	0
5.319057e-07	1.77177	0
5.329683e-07	1.77169	0
5.340308e-07	1.77162	0
5.350934e-07	1.77154	0
5.361560e-07	1.77146	0
5.372186e-07	1.77139	0
5.382811e-07	1.77131	0
5.393437e-07	1.77124	0
5.404063e-07	1.77116	0
5.414689e-07	1.77109	0
5.425314e-07	1.77102	0
5.435940e-07	1.77094	0
5.446566e-07	1.77087	0
5.457191e-07	1.7708	0
5.467817e-07	1.77073	0
5.478443e-07	1.77065	0
5.489069e-07	1.77058	0
5.499694e-07	1.77051	0
5.510320e-07	1.77044	0
5.520946e-07	1.77037	0
5.531572e-07	1.7703	0
5.542197e-07	1.77023	0
5.552823e-07	1.77016	0
5.563449e-07	1.7701	0
5.574074e-07	1.77003	0
5.584700e-07	1.76996	0
5.595326e-07	1.76989	0
5.605952e-07	1.76983	0
5.616577e-07	1.76976	0
5.627203e-07	1.76969	0
5.637829e-07	1.76963	0
5.648454e-07	1.76956	0
5.659080e-07	1.7695	0
5.669706e-07	1.76943	0
5.680332e-07	1.76937	0
5.690957e-07	1.7693	0
5.701583e-07	1.76924	0
5.712209e-07	1.76917	0
5.722835e-07	1.76911	0
5.733460e-07	1.76905	0
5.744086e-07	1.76898	0
5.754712e-07	1.76892	0
5.765337e-07	1.76886	0
5.775963e-07	1.7688	0
5.786589e-07	1.76874	0
5.797215e-07	1.76868	0
5.807840e-07	1.76862	0
5.818466e-07	1.76855	0
5.829092e-07	1.76849	0
5.839718e-07	1.76843	0
5.850343e-07	1.76837	0
5.860969e-07	1.76832	0
5.871595e-07	1.76826	0
5.882220e-07	1.7682	0
5.892846e-07	1.76814	0
5.903472e-07	1.76808	0
5.914098e-07	1.76802	0
5.924723e-07	1.76797	0
5.935349e-07	1.76791	0
5.945975e-07	1.76785	0
5.956601e-07	1.76779	0
5.967226e-07	1.76774	0
5.977852e-07	1.76768	0
5.988478e-07	1.76763	0
5.999103e-07	1.76757	0
6.009729e-07	1.76751	0
6.020355e-07	1.76746	0
6.030981e-07	1.7674	0
6.041606e-07	1.76735	0
6.052232e-07	1.76729	0
6.062858e-07	1.76724	0
6.073483e-07	1.76719	0
6.084109e-07	1.76713	0
6.094735e-07	1.76708	0
6.105361e-07	1.76703	0
6.115986e-07	1.76697	0
6.126612e-07	1.76692	0
6.137238e-07	1.76687	0
6.147864e-07	1.76682	0
6.158489e-07	1.76676	0
6.169115e-07	1.76671	0
6.179741e-07	1.76666	0
6.190366e-07	1.76661	0
6.200992e-07	1.76656	0
6.211618e-07	1.76651	0
6.222244e-07	1.76646	0
6.232869e-07	1.76641	0
6.243495e-07	1.76636	0
6.254121e-07	1.76631	0
6.264747e-07	1.76626	0
6.275372e-07	1.76621	0
6.285998e-07	1.76616	0
6.296624e-07	1.76611	0
6.307249e-07	1.76606	0
6.317875e-07	1.76601	0
6.328501e-07	1.76596	0
6.339127e-07	1.76591	0
6.349752e-07	1.76586	0
6.360378e-07	1.76582	0
6.371004e-07	1.76577	0
6.381630e-07	1.76572	0
6.392255e-07	1.76567	0
6.402881e-07	1.76563	0
6.413507e-07	1.76558	0
6.424132e-07	1.76553	0
6.434758e-07	1.76549	0
6.445384e-07	1.76544	0
6.456010e-07	1.7654	0
6.466635e-07	1.76535	0
6.477261e-07	1.7653	0
6.487887e-07	1.76526	0
6.498513e-07	1.76521	0
6.509138e-07	1.76517	0
6.519764e-07	1.76512	0
6.530390e-07	1.76508	0
6.541015e-07	1.76503	0
6.551641e-07	1.76499	0
6.562267e-07	1.76494	0
6.572893e-07	1.7649	0
6.583518e-07	1.76486	0
6.594144e-07	1.76481	0
6.604770e-07	1.76477	0
6.615395e-07	1.76473	0
6.626021e-07	1.76468	0
6.636647e-07	1.76464	0
6.647273e-07	1.7646	0
6.657898e-07	1.76455	0
6.668524e-07	1.76451	0
6.679150e-07	1.76447	0
6.689776e-07	1.76443	0
6.700401e-07	1.76438	0
6.711027e-07	1.76434	0
6.721653e-07	1.7643	0
6.732278e-07	1.76426	0
6.742904e-07	1.76422	0
6.753530e-07	1.76418	0
6.764156e-07	1.76414	0
6.774781e-07	1.7641	0
6.785407e-07	1.76405	0
6.796033e-07	1.76401	0
6.806659e-07	1.76397	0
6.817284e-07	1.76393	0
6.827910e-07	1.76389	0
6.838536e-07	1.76385	0
6.849161e-07	1.76381	0
6.859787e-07	1.76377	0
6.870413e-07	1.76373	0
6.881039e-07	1.76369	0
6.891664e-07	1.76365	0
6.902290e-07	1.76362	0
6.912916e-07	1.76358	0
6.923542e-07	1.76354	0
6.934167e-07	1.7635	0
6.944793e-07	1.76346	0
6.955419e-07	1.76342	0
6.966044e-07	1.76338	0
6.976670e-07	1.76335	0
6.987296e-07	1.76331	0
6.997922e-07	1.76327	0
7.008547e-07	1.76323	0
7.019173e-07	1.76319	0
7.029799e-07	1.76316	0
7.040424e-07	1.76312	0
7.051050e-07	1.76308	0
7.061676e-07	1.76304	0
7.072302e-07	1.76301	0
7.082927e-07	1.76297	0
7.093553e-07	1.76293	0
7.104179e-07	1.7629	0
7.114805e-07	1.76286	0
7.125430e-07	1.76282	0
7.136056e-07	1.76279	0
7.146682e-07	1.76275	0
7.157307e-07	1.76272	0
7.167933e-07	1.76268	0
7.178559e-07	1.76264	0
7.189185e-07	1.76261	0
7.199810e-07	1.76257	0
7.210436e-07	1.76254	0
7.221062e-07	1.7625	0
7.231688e-07	1.76247	0
7.242313e-07	1.76243	0
7.252939e-07	1.7624	0
7.263565e-07	1.76236	0
7.274190e-07	1.76233	0
7.284816e-07	1.76229	0
7.295442e-07	1.76226	0
7.306068e-07	1.76222	0
7.316693e-07	1.76219	0
7.327319e-07	1.76216	0
7.337945e-07	1.76212	0
7.348571e-07	1.76209	0
7.359196e-07	1.76205	0
7.369822e-07	1.76202	0
7.380448e-07	1.76199	0
7.391073e-07	1.76195	0
7.401699e-07	1.76192	0
7.412325e-07	1.76189	0
7.422951e-07	1.76185	0
7.433576e-07	1.76182	0
7.444202e-07	1.76179	0
7.454828e-07	1.76175	0
7.465453e-07	1.76172	0
7.476079e-07	1.76169	0
7.486705e-07	1.76166	0
7.497331e-07	1.76162	0
7.507956e-07	1.76159	0
7.518582e-07	1.76156	0
7.529208e-07	1.76153	0
7.539834e-07	1.76149	0
7.550459e-07	1.76146	0
7.561085e-07	1.76143	0
7.571711e-07	1.7614	0
7.582336e-07	1.76137	0
7.592962e-07	1.76134	0
7.603588e-07	1.7613	0
7.614214e-07	1.76127	0
7.624839e-07	1.76124	0
7.635465e-07	1.76121	0
7.646091e-07	1.76118	0
7.656717e-07	1.76115	0
7.667342e-07	1.76112	0
7.677968e-07	1.76109	0
7.688594e-07	1.76105	0
7.699219e-07	1.76102	0
7.709845e-07	1.76099	0
7.720471e-07	1.76096	0
7.731097e-07	1.76093	0
7.741722e-07	1.7609	0
7.752348e-07	1.76087	0
7.762974e-07	1.76084	0
7.773600e-07	1.76081	0
7.784225e-07	1.76078	0
7.794851e-07	1.76075	0
7.805477e-07	1.76072	0
7.816102e-07	1.76069	0
7.826728e-07	1.76066	0
7.837354e-07	1.76063	0
7.847980e-07	1.7606	0
7.858605e-07	1.76057	0
7.869231e-07	1.76054	0
7.879857e-07	1.76051	0
7.890482e-07	1.76048	0
7.901108e-07	1.76046	0
7.911734e-07	1.76043	0
7.922360e-07	1.7604	0
7.932985e-07	1.76037	0
7.943611e-07	1.76034	0
7.954237e-07	1.76031	0
7.964863e-07	1.76028	0
7.975488e-07	1.76025	0
7.986114e-07	1.76022	0
7.996740e-07	1.7602	0
8.007365e-07	1.76017	0
8.017991e-07	1.76014	0
8.028617e-07	1.76011	0
8.039243e-07	1.76008	0
8.049868e-07	1.76005	0
8.060494e-07	1.76003	0
8.071120e-07	1.76	0
8.081746e-07	1.75997	0
8.092371e-07	1.75994	0
8.102997e-07	1.75991	0
8.113623e-07	1.75989	0
8.124248e-07	1.75986	0
8.134874e-07	1.75983	0
8.145500e-07	1.7598	0
8.156126e-07	1.75978	0
8.166751e-07	1.75975	0
8.177377e-07	1.75972	0
8.188003e-07	1.75969	0
8.198629e-07	1.75967	0
8.209254e-07	1.75964	0
8.219880e-07	1.75961	0
8.230506e-07	1.75959	0
8.241131e-07	1.75956	0
8.251757e-07	1.75953	0
8.262383e-07	1.75951	0
8.273009e-07	1.75948	0
8.283634e-07	1.75945	0
8.294260e-07	1.75942	0
8.304886e-07	1.7594	0
8.315512e-07	1.75937	0
8.326137e-07	1.75935	0
8.336763e-07	1.75932	0
8.347389e-07	1.75929	0
8.358014e-07	1.75927	0
8.368640e-07	1.75924	0
8.379266e-07	1.75921	0
8.389892e-07	1.75919	0
8.400517e-07	1.75916	0
8.411143e-07	1.75914	0
8.421769e-07	1.75911	0
8.432394e-07	1.75908	0
8.443020e-07	1.75906	0
8.453646e-07	1.75903	0
8.464272e-07	1.75901	0
8.474897e-07	1.75898	0
8.485523e-07	1.75896	0
8.496149e-07	1.75893	0
8.506775e-07	1.7589	0
8.517400e-07	1.75888	0
8.528026e-07	1.75885	0
8.538652e-07	1.75883	0
8.549277e-07	1.7588	0
8.559903e-07	1.75878	0
8.570529e-07	1.75875	0
8.581155e-07	1.75873	0
8.591780e-07	1.7587	0
8.602406e-07	1.75868	0
8.613032e-07	1.75865	0
8.623658e-07	1.75863	0
8.634283e-07	1.7586	0
8.644909e-07	1.75858	0
8.655535e-07	1.75855	0
8.666160e-07	1.75853	0
8.676786e-07	1.7585	0
8.687412e-07	1.75848	0
8.698038e-07	1.75845	0
8.708663e-07	1.75843	0
8.719289e-07	1.7584	0
8.729915e-07	1.75838	0
8.740541e-07	1.75836	0
8.751166e-07	1.75833	0
8.761792e-07	1.75831	0
8.772418e-07	1.75828	0
8.783043e-07	1.75826	0
8.793669e-07	1.75823	0
8.804295e-07	1.75821	0
8.814921e-07	1.75819	0
8.825546e-07	1.75816	0
8.836172e-07	1.75814	0
8.846798e-07	1.75811	0
8.857423e-07	1.75809	0
8.868049e-07	1.75807	0
8.878675e-07	1.75804	0
8.889301e-07	1.75802	0
8.899926e-07	1.758	0
8.910552e-07	1.75797	0
8.921178e-07	1.75795	0
8.931804e-07	1.75792	0
8.942429e-07	1.7579	0
8.953055e-07	1.75788	0
8.963681e-07	1.75785	0
8.974306e-07	1.75783	0
8.984932e-07	1.75781	0
8.995558e-07	1.75778	0
9.006184e-07	1.75776	0
9.016809e-07	1.75774	0
9.027435e-07	1.75771	0
9.038061e-07	1.75769	0
9.048687e-07	1.75767	0
9.059312e-07	1.75764	0
9.069938e-07	1.75762	0
9.080564e-07	1.7576	0
9.091189e-07	1.75758	0
9.101815e-07	1.75755	0
9.112441e-07	1.75753	0
9.123067e-07	1.75751	0
9.133692e-07	1.75748	0
9.144318e-07	1.75746	0
9.154944e-07	1.75744	0
9.165570e-07	1.75742	0
9.176195e-07	1.75739	0
9.186821e-07	1.75737	0
9.197447e-07	1.75735	0
9.208072e-07	1.75733	0
9.218698e-07	1.7573	0
9.229324e-07	1.75728	0
9.239950e-07	1.75726	0
9.250575e-07	1.75724	0
9.261201e-07	1.75721	0
9.271827e-07	1.75719	0
9.282452e-07	1.75717	0
9.293078e-07	1.75715	0
9.303704e-07	1.75712	0
9.314330e-07	1.7571	0
9.324955e-07	1.75708	0
9.335581e-07	1.75706	0
9.346207e-07	1.75703	0
9.356833e-07	1.75701	0
9.367458e-07	1.75699	0
9.378084e-07	1.75697	0
9.388710e-07	1.75695	0
9.399335e-07	1.75692	0
9.409961e-07	1.7569	0
9.420587e-07	1.75688	0
9.431213e-07	1.75686	0
9.441838e-07	1.75684	0
9.452464e-07	1.75682	0
9.463090e-07	1.75679	0
9.473716e-07	1.75677	0
9.484341e-07	1.75675	0
9.494967e-07	1.75673	0
9.505593e-07	1.75671	0
9.516218e-07	1.75669	0
9.526844e-07	1.75666	0
9.537470e-07	1.75664	0
9.548096e-07	1.75662	0
9.558721e-07	1.7566	0
9.569347e-07	1.75658	0
9.579973e-07	1.75656	0
9.590599e-07	1.75653	0
9.601224e-07	1.75651	0
9.611850e-07	1.75649	0
9.622476e-07	1.75647	0
9.633101e-07	1.75645	0
9.643727e-07	1.75643	0
9.654353e-07	1.75641	0
9.664979e-07	1.75639	0
9.675604e-07	1.75636	0
9.686230e-07	1.75634	0
9.696856e-07	1.75632	0
9.707481e-07	1.7563	0
9.718107e-07	1.75628	0
9.728733e-07	1.75626	0
9.739359e-07	1.75624	0
9.749984e-07	1.75622	0
9.760610e-07	1.7562	0
9.771236e-07	1.75617	0
9.781862e-07	1.75615	0
9.792487e-07	1.75613	0
9.803113e-07	1.75611	0
9.813739e-07	1.75609	0
9.824364e-07	1.75607	0
9.834990e-07	1.75605	0
9.845616e-07	1.75603	0
9.856242e-07	1.75601	0
9.866867e-07	1.75599	0
9.877493e-07	1.75597	0
9.888119e-07	1.75595	0
9.898745e-07	1.75593	0
9.909370e-07	1.7559	0
9.919996e-07	1.75588	0
9.930622e-07	1.75586	0
9.941247e-07	1.75584	0
9.951873e-07	1.75582	0
9.962499e-07	1.7558	0
9.973125e-07	1.75578	0
9.983750e-07	1.75576	0
9.994376e-07	1.75574	0
1.000500e-06	1.75572	0
1.001563e-06	1.7557	0
1.002625e-06	1.75568	0
1.003688e-06	1.75566	0
1.004750e-06	1.75564	0
1.005813e-06	1.75562	0
1.006876e-06	1.7556	0
1.007938e-06	1.75558	0
1.009001e-06	1.75556	0
1.010063e-06	1.75554	0
1.011126e-06	1.75552	0
1.012188e-06	1.7555	0
1.013251e-06	1.75548	0
1.014314e-06	1.75546	0
1.015376e-06	1.75544	0
1.016439e-06	1.75542	0
1.017501e-06	1.7554	0
1.018564e-06	1.75538	0
1.019626e-06	1.75536	0
1.020689e-06	1.75534	0
1.021752e-06	1.75532	0
1.022814e-06	1.7553	0
1.023877e-06	1.75528	0
1.024939e-06	1.75526	0
1.026002e-06	1.75524	0
1.027064e-06	1.75522	0
1.028127e-06	1.7552	0
1.029190e-06	1.75518	0
1.030252e-06	1.75516	0
1.031315e-06	1.75514	0
1.032377e-06	1.75512	0
1.033440e-06	1.7551	0
1.034503e-06	1.75508	0
1.035565e-06	1.75506	0
1.036628e-06	1.75504	0
1.037690e-06	1.75502	0
1.038753e-06	1.755	0
1.039815e-06	1.75498	0
1.040878e-06	1.75496	0
1.041941e-06	1.75494	0
1.043003e-06	1.75492	0
1.044066e-06	1.7549	0
1.045128e-06	1.75488	0
1.046191e-06	1.75486	0
1.047253e-06	1.75484	0
1.048316e-06	1.75482	0
1.049379e-06	1.7548	0
1.050441e-06	1.75478	0
1.051504e-06	1.75476	0
1.052566e-06	1.75475	0
1.053629e-06	1.75473	0
1.054691e-06	1.75471	0
1.055754e-06	1.75469	0
1.056817e-06	1.75467	0
1.057879e-06	1.75465	0
1.058942e-06	1.75463	0
1.060004e-06	1.75461	0
1.061067e-06	1.75459	0
1.062129e-06	1.75457	0
1.063192e-06	1.75455	0
1.064255e-06	1.75453	0
1.065317e-06	1.75451	0
1.066380e-06	1.75449	0
1.067442e-06	1.75447	0
1.068505e-06	1.75446	0
1.069567e-06	1.75444	0
1.070630e-06	1.75442	0
1.071693e-06	1.7544	0
1.072755e-06	1.75438	0
1.073818e-06	1.75436	0
1.074880e-06	1.75434	0
1.075943e-06	1.75432	0
1.077005e-06	1.7543	0
1.078068e-06	1.75428	0
1.079131e-06	1.75426	0
1.080193e-06	1.75424	0
1.081256e-06	1.75423	0
1.082318e-06	1.75421	0
1.083381e-06	1.75419	0
1.084443e-06	1.75417	0
1.085506e-06	1.75415	0
1.086569e-06	1.75413	0
1.087631e-06	1.75411	0
1.088694e-06	1.75409	0
1.089756e-06	1.75407	0
1.090819e-06	1.75405	0
1.091881e-06	1.75404	0
1.092944e-06	1.75402	0
1.094007e-06	1.754	0
1.095069e-06	1.75398	0
1.096132e-06	1.75396	0
1.097194e-06	1.75394	0
1.098257e-06	1.75392	0
1.099319e-06	1.7539	0
1.100382e-06	1.75388	0
1.101445e-06	1.75387	0
1.102507e-06	1.75385	0
1.103570e-06	1.75383	0
1.104632e-06	1.75381	0
1.105695e-06	1.75379	0
1.106757e-06	1.75377	0
1.107820e-06	1.75375	0
1.108883e-06	1.75373	0
1.109945e-06	1.75372	0
1.111008e-06	1.7537	0
1.112070e-06	1.75368	0
1.113133e-06	1.75366	0
1.114195e-06	1.75364	0
1.115258e-06	1.75362	0
1.116321e-06	1.7536	0
1.117383e-06	1.75359	0
1.118446e-06	1.75357	0
1.119508e-06	1.75355	0
1.120571e-06	1.75353	0
1.121633e-06	1.75351	0
1.122696e-06	1.75349	0
1.123759e-06	1.75347	0
1.124821e-06	1.75345	0
1.125884e-06	1.75344	0
1.126946e-06	1.75342	0
1.128009e-06	1.7534	0
1.129071e-06	1.75338	0
1.130134e-06	1.75336	0
1.131197e-06	1.75334	0
1.132259e-06	1.75332	0
1.133322e-06	1.75331	0
1.134384e-06	1.75329	0
1.135447e-06	1.75327	0
1.136509e-06	1.75325	0
1.137572e-06	1.75323	0
1.138635e-06	1.75321	0
1.139697e-06	1.7532	0
1.140760e-06	1.75318	0
1.141822e-06	1.75316	0
1.142885e-06	1.75314	0
1.143947e-06	1.75312	0
1.145010e-06	1.7531	0
1.146073e-06	1.75309	0
1.147135e-06	1.75307	0
1.148198e-06	1.75305	0
1.149260e-06	1.75303	0
1.150323e-06	1.75301	0
1.151385e-06	1.75299	0
1.152448e-06	1.75297	0
1.153511e-06	1.75296	0
1.154573e-06	1.75294	0
1.155636e-06	1.75292	0
1.156698e-06	1.7529	0
1.157761e-06	1.75288	0
1.158823e-06	1.75286	0
1.159886e-06	1.75285	0
1.160949e-06	1.75283	0
1.162011e-06	1.75281	0
1.163074e-06	1.75279	0
1.164136e-06	1.75277	0
1.165199e-06	1.75276	0
1.166261e-06	1.75274	0
1.167324e-06	1.75272	0
1.168387e-06	1.7527	0
1.169449e-06	1.75268	0
1.170512e-06	1.75266	0
1.171574e-06	1.75265	0
1.172637e-06	1.75263	0
1.173699e-06	1.75261	0
1.174762e-06	1.75259	0
1.175825e-06	1.75257	0
1.176887e-06	1.75255	0
1.177950e-06	1.75254	0
1.179012e-06	1.75252	0
1.180075e-06	1.7525	0
1.181138e-06	1.75248	0
1.182200e-06	1.75246	0
1.183263e-06	1.75245	0
1.184325e-06	1.75243	0
1.185388e-06	1.75241	0
1.186450e-06	1.75239	0
1.187513e-06	1.75237	0
1.188576e-06	1.75236	0
1.189638e-06	1.75234	0
1.190701e-06	1.75232	0
1.191763e-06	1.7523	0
1.192826e-06	1.75228	0
1.193888e-06	1.75226	0
1.194951e-06	1.75225	0
1.196014e-06	1.75223	0
1.197076e-06	1.75221	0
1.198139e-06	1.75219	0
1.199201e-06	1.75217	0
1.200264e-06	1.75216	0
1.201326e-06	1.75214	0
1.202389e-06	1.75212	0
1.203452e-06	1.7521	0
1.204514e-06	1.75208	0
1.205577e-06	1.75207	0
1.206639e-06	1.75205	0
1.207702e-06	1.75203	0
1.208764e-06	1.75201	0
1.209827e-06	1.75199	0
1.210890e-06	1.75198	0
1.211952e-06	1.75196	0
1.213015e-06	1.75194	0
1.214077e-06	1.75192	0
1.215140e-06	1.7519	0
1.216202e-06	1.75189	0
1.217265e-06	1.75187	0
1.218328e-06	1.75185	0
1.219390e-06	1.75183	0
1.220453e-06	1.75181	0
1.221515e-06	1.7518	0
1.222578e-06	1.75178	0
1.223640e-06	1.75176	0
1.224703e-06	1.75174	0
1.225766e-06	1.75172	0
1.226828e-06	1.75171	0
1.227891e-06	1.75169	0
1.228953e-06	1.75167	0
1.230016e-06	1.75165	0
1.231078e-06	1.75163	0
1.232141e-06	1.75162	0
1.233204e-06	1.7516	0
1.234266e-06	1.75158	0
1.235329e-06	1.75156	0
1.236391e-06	1.75154	0
1.237454e-06	1.75153	0
1.238516e-06	1.75151	0
1.239579e-06	1.75149	0
1.240642e-06	1.75147	0
1.241704e-06	1.75146	0
1.242767e-06	1.75144	0
1.243829e-06	1.75142	0
1.244892e-06	1.7514	0
1.245954e-06	1.75138	0
1.247017e-06	1.75137	0
1.248080e-06	1.75135	0
1.249142e-06	1.75133	0
1.250205e-06	1.75131	0
1.251267e-06	1.75129	0
1.252330e-06	1.75128	0
1.253392e-06	1.75126	0
1.254455e-06	1.75124	0
1.255518e-06	1.75122	0
1.256580e-06	1.7512	0
1.257643e-06	1.75119	0
1.258705e-06	1.75117	0
1.259768e-06	1.75115	0
1.260830e-06	1.75113	0
1.261893e-06	1.75112	0
1.262956e-06	1.7511	0
1.264018e-06	1.75108	0
1.265081e-06	1.75106	0
1.266143e-06	1.75104	0
1.267206e-06	1.75103	0
1.268268e-06	1.75101	0
1.269331e-06	1.75099	0
1.270394e-06	1.75097	0
1.271456e-06	1.75095	0
1.272519e-06	1.75094	0
1.273581e-06	1.75092	0
1.274644e-06	1.7509	0
1.275706e-06	1.75088	0
1.276769e-06	1.75087	0
1.277832e-06	1.75085	0
1.278894e-06	1.75083	0
1.279957e-06	1.75081	0
1.281019e-06	1.75079	0
1.282082e-06	1.75078	0
1.283144e-06	1.75076	0
1.284207e-06	1.75074	0
1.285270e-06	1.75072	0
1.286332e-06	1.75071	0
1.287395e-06	1.75069	0
1.288457e-06	1.75067	0
1.289520e-06	1.75065	0
1.290582e-06	1.75063	0
1.291645e-06	1.75062	0
1.292708e-06	1.7506	0
1.293770e-06	1.75058	0
1.294833e-06	1.75056	0
1.295895e-06	1.75054	0
1.296958e-06	1.75053	0
1.298020e-06	1.75051	0
1.299083e-06	1.75049	0
1.300146e-06	1.75047	0
1.301208e-06	1.75046	0
1.302271e-06	1.75044	0
1.303333e-06	1.75042	0
1.304396e-06	1.7504	0
1.305458e-06	1.75038	0
1.306521e-06	1.75037	0
1.307584e-06	1.75035	0
1.308646e-06	1.75033	0
1.309709e-06	1.75031	0
1.310771e-06	1.7503	0
1.311834e-06	1.75028	0
1.312896e-06	1.75026	0
1.313959e-06	1.75024	0
1.315022e-06	1.75022	0
1.316084e-06	1.75021	0
1.317147e-06	1.75019	0
1.318209e-06	1.75017	0
1.319272e-06	1.75015	0
1.320335e-06	1.75014	0
1.321397e-06	1.75012	0
1.322460e-06	1.7501	0
1.323522e-06	1.75008	0
1.324585e-06	1.75006	0
1.325647e-06	1.75005	0
1.326710e-06	1.75003	0
1.327773e-06	1.75001	0
1.328835e-06	1.74999	0
1.329898e-06	1.74997	0
1.330960e-06	1.74996	0
1.332023e-06	1.74994	0
1.333085e-06	1.74992	0
1.334148e-06	1.7499	0
1.335211e-06	1.74989	0
1.336273e-06	1.74987	0
1.337336e-06	1.74985	0
1.338398e-06	1.74983	0
1.339461e-06	1.74981	0
1.340523e-06	1.7498	0
1.341586e-06	1.74978	0
1.342649e-06	1.74976	0
1.343711e-06	1.74974	0
1.344774e-06	1.74973	0
1.345836e-06	1.74971	0
1.346899e-06	1.74969	0
1.347961e-06	1.74967	0
1.349024e-06	1.74965	0
1.350087e-06	1.74964	0
1.351149e-06	1.74962	0
1.352212e-06	1.7496	0
1.353274e-06	1.74958	0
1.354337e-06	1.74956	0
1.355399e-06	1.74955	0
1.356462e-06	1.74953	0
1.357525e-06	1.74951	0
1.358587e-06	1.74949	0
1.359650e-06	1.74948	0
1.360712e-06	1.74946	0
1.361775e-06	1.74944	0
1.362837e-06	1.74942	0
1.363900e-06	1.7494	0
1.364963e-06	1.74939	0
1.366025e-06	1.74937	0
1.367088e-06	1.74935	0
1.368150e-06	1.74933	0
1.369213e-06	1.74932	0
1.370275e-06	1.7493	0
1.371338e-06	1.74928	0
1.372401e-06	1.74926	0
1.373463e-06	1.74924	0
1.374526e-06	1.74923	0
1.375588e-06	1.74921	0
1.376651e-06	1.74919	0
1.377713e-06	1.74917	0
1.378776e-06	1.74915	0
1.379839e-06	1.74914	0
1.380901e-06	1.74912	0
1.381964e-06	1.7491	0
1.383026e-06	1.74908	0
1.384089e-06	1.74906	0
1.385151e-06	1.74905	0
1.386214e-06	1.74903	0
1.387277e-06	1.74901	0
1.388339e-06	1.74899	0
1.389402e-06	1.74898	0
1.390464e-06	1.74896	0
1.391527e-06	1.74894	0
1.392589e-06	1.74892	0
1.393652e-06	1.7489	0
1.394715e-06	1.74889	0
1.395777e-06	1.74887	0
1.396840e-06	1.74885	0
1.397902e-06	1.74883	0
1.398965e-06	1.74881	0
1.400027e-06	1.7488	0
1.401090e-06	1.74878	0
1.402153e-06	1.74876	0
1.403215e-06	1.74874	0
1.404278e-06	1.74872	0
1.405340e-06	1.74871	0
1.406403e-06	1.74869	0
1.407465e-06	1.74867	0
1.408528e-06	1.74865	0
1.409591e-06	1.74864	0
1.410653e-06	1.74862	0
1.411716e-06	1.7486	0
1.412778e-06	1.74858	0
1.413841e-06	1.74856	0
1.414903e-06	1.74855	0
1.415966e-06	1.74853	0
1.417029e-06	1.74851	0
1.418091e-06	1.74849	0
1.419154e-06	1.74847	0
1.420216e-06	1.74846	0
1.421279e-06	1.74844	0
1.422341e-06	1.74842	0
1.423404e-06	1.7484	0
1.424467e-06	1.74838	0
1.425529e-06	1.74837	0
1.426592e-06	1.74835	0
1.427654e-06	1.74833	0
1.428717e-06	1.74831	0
1.429779e-06	1.74829	0
1.430842e-06	1.74828	0
1.431905e-06	1.74826	0
1.432967e-06	1.74824	0
1.434030e-06	1.74822	0
1.435092e-06	1.7482	0
1.436155e-06	1.74819	0
1.437217e-06	1.74817	0
1.438280e-06	1.74815	0
1.439343e-06	1.74813	0
1.440405e-06	1.74811	0
1.441468e-06	1.7481	0
1.442530e-06	1.74808	0
1.443593e-06	1.74806	0
1.444655e-06	1.74804	0
1.445718e-06	1.74802	0
1.446781e-06	1.74801	0
1.447843e-06	1.74799	0
1.448906e-06	1.74797	0
1.449968e-06	1.74795	0
1.451031e-06	1.74793	0
1.452093e-06	1.74791	0
1.453156e-06	1.7479	0
1.454219e-06	1.74788	0
1.455281e-06	1.74786	0
1.456344e-06	1.74784	0
1.457406e-06	1.74782	0
1.458469e-06	1.74781	0
1.459532e-06	1.74779	0
1.460594e-06	1.74777	0
1.461657e-06	1.74775	0
1.462719e-06	1.74773	0
1.463782e-06	1.74772	0
1.464844e-06	1.7477	0
1.465907e-06	1.74768	0
1.466970e-06	1.74766	0
1.468032e-06	1.74764	0
1.469095e-06	1.74763	0
1.470157e-06	1.74761	0
1.471220e-06	1.74759	0
1.472282e-06	1.74757	0
1.473345e-06	1.74755	0
1.474408e-06	1.74753	0
1.475470e-06	1.74752	0
1.476533e-06	1.7475	0
1.477595e-06	1.74748	0
1.478658e-06	1.74746	0
1.479720e-06	1.74744	0
1.480783e-06	1.74743	0
1.481846e-06	1.74741	0
1.482908e-06	1.74739	0
1.483971e-06	1.74737	0
1.485033e-06	1.74735	0
1.486096e-06	1.74733	0
1.487158e-06	1.74732	0
1.488221e-06	1.7473	0
1.489284e-06	1.74728	0
1.490346e-06	1.74726	0
1.491409e-06	1.74724	0
1.492471e-06	1.74723	0
1.493534e-06	1.74721	0
1.494596e-06	1.74719	0
1.495659e-06	1.74717	0
1.496722e-06	1.74715	0
1.497784e-06	1.74713	0
1.498847e-06	1.74712	0
1.499909e-06	1.7471	0
1.500972e-06	1.74708	0
1.502034e-06	1.74706	0
1.503097e-06	1.74704	0
1.504160e-06	1.74702	0
1.505222e-06	1.74701	0
1.506285e-06	1.74699	0
1.507347e-06	1.74697	0
1.508410e-06	1.74695	0
1.509472e-06	1.74693	0
1.510535e-06	1.74691	0
1.511598e-06	1.7469	0
1.512660e-06	1.74688	0
1.513723e-06	1.74686	0
1.514785e-06	1.74684	0
1.515848e-06	1.74682	0
1.516910e-06	1.7468	0
1.517973e-06	1.74679	0
1.519036e-06	1.74677	0
1.520098e-06	1.74675	0
1.521161e-06	1.74673	0
1.522223e-06	1.74671	0
1.523286e-06	1.74669	0
1.524348e-06	1.74668	0
1.525411e-06	1.74666	0
1.526474e-06	1.74664	0
1.527536e-06	1.74662	0
1.528599e-06	1.7466	0
1.529661e-06	1.74658	0
1.530724e-06	1.74657	0
1.531786e-06	1.74655	0
1.532849e-06	1.74653	0
1.533912e-06	1.74651	0
1.534974e-06	1.74649	0
1.536037e-06	1.74647	0
1.537099e-06	1.74646	0
1.538162e-06	1.74644	0
1.539224e-06	1.74642	0
1.540287e-06	1.7464	0
1.541350e-06	1.74638	0
1.542412e-06	1.74636	0
1.543475e-06	1.74634	0
1.544537e-06	1.74633	0
1.545600e-06	1.74631	0
1.546662e-06	1.74629	0
1.547725e-06	1.74627	0
1.548788e-06	1.74625	0
1.549850e-06	1.74623	0
1.550913e-06	1.74622	0
1.551975e-06	1.7462	0
1.553038e-06	1.74618	0
1.554100e-06	1.74616	0
1.555163e-06	1.74614	0
1.556226e-06	1.74612	0
1.557288e-06	1.7461	0
1.558351e-06	1.74609	0
1.559413e-06	1.74607	0
1.560476e-06	1.74605	0
1.561538e-06	1.74603	0
1.562601e-06	1.74601	0
1.563664e-06	1.74599	0
1.564726e-06	1.74597	0
1.565789e-06	1.74596	0
1.566851e-06	1.74594	0
1.567914e-06	1.74592	0
1.568976e-06	1.7459	0
1.570039e-06	1.74588	0
1.571102e-06	1.74586	0
1.572164e-06	1.74584	0
1.573227e-06	1.74583	0
1.574289e-06	1.74581	0
1.575352e-06	1.74579	0
1.576414e-06	1.74577	0
1.577477e-06	1.74575	0
1.578540e-06	1.74573	0
1.579602e-06	1.74571	0
1.580665e-06	1.74569	0
1.581727e-06	1.74568	0
1.582790e-06	1.74566	0
1.583852e-06	1.74564	0
1.584915e-06	1.74562	0
1.585978e-06	1.7456	0
1.587040e-06	1.74558	0
1.588103e-06	1.74556	0
1.589165e-06	1.74554	0
1.590228e-06	1.74553	0
1.591290e-06	1.74551	0
1.592353e-06	1.74549	0
1.593416e-06	1.74547	0
1.594478e-06	1.74545	0
1.595541e-06	1.74543	0
1.596603e-06	1.74541	0
1.597666e-06	1.74539	0
1.598729e-06	1.74538	0
1.599791e-06	1.74536	0
1.600854e-06	1.74534	0
1.601916e-06	1.74532	0
1.602979e-06	1.7453	0
1.604041e-06	1.74528	0
1.605104e-06	1.74526	0
1.606167e-06	1.74524	0
1.607229e-06	1.74523	0
1.608292e-06	1.74521	0
1.609354e-06	1.74519	0
1.610417e-06	1.74517	0
1.611479e-06	1.74515	0
1.612542e-06	1.74513	0
1.613605e-06	1.74511	0
1.614667e-06	1.74509	0
1.615730e-06	1.74507	0
1.616792e-06	1.74506	0
1.617855e-06	1.74504	0
1.618917e-06	1.74502	0
1.619980e-06	1.745	0
1.621043e-06	1.74498	0
1.622105e-06	1.74496	0
1.623168e-06	1.74494	0
1.624230e-06	1.74492	0
1.625293e-06	1.7449	0
1.626355e-06	1.74489	0
1.627418e-06	1.74487	0
1.628481e-06	1.74485	0
1.629543e-06	1.74483	0
1.630606e-06	1.74481	0
1.631668e-06	1.74479	0
1.632731e-06	1.74477	0
1.633793e-06	1.74475	0
1.634856e-06	1.74473	0
1.635919e-06	1.74471	0
1.636981e-06	1.7447	0
1.638044e-06	1.74468	0
1.639106e-06	1.74466	0
1.640169e-06	1.74464	0
1.641231e-06	1.74462	0
1.642294e-06	1.7446	0
1.643357e-06	1.74458	0
1.644419e-06	1.74456	0
1.645482e-06	1.74454	0
1.646544e-06	1.74452	0
1.647607e-06	1.74451	0
1.648669e-06	1.74449	0
1.649732e-06	1.74447	0
1.650795e-06	1.74445	0
1.651857e-06	1.74443	0
1.652920e-06	1.74441	0
1.653982e-06	1.74439	0
1.655045e-06	1.74437	0
1.656107e-06	1.74435	0
1.657170e-06	1.74433	0
1.658233e-06	1.74431	0
1.659295e-06	1.7443	0
1.660358e-06	1.74428	0
1.661420e-06	1.74426	0
1.662483e-06	1.74424	0
1.663545e-06	1.74422	0
1.664608e-06	1.7442	0
1.665671e-06	1.74418	0
1.666733e-06	1.74416	0
1.667796e-06	1.74414	0
1.668858e-06	1.74412	0
1.669921e-06	1.7441	0
1.670983e-06	1.74408	0
1.672046e-06	1.74406	0
1.673109e-06	1.74405	0
1.674171e-06	1.74403	0
1.675234e-06	1.74401	0
1.676296e-06	1.74399	0
1.677359e-06	1.74397	0
1.678421e-06	1.74395	0
1.679484e-06	1.74393	0
1.680547e-06	1.74391	0
1.681609e-06	1.74389	0
1.682672e-06	1.74387	0
1.683734e-06	1.74385	0
1.684797e-06	1.74383	0
1.685859e-06	1.74381	0
1.686922e-06	1.74379	0
1.687985e-06	1.74378	0
1.689047e-06	1.74376	0
1.690110e-06	1.74374	0
1.691172e-06	1.74372	0
1.692235e-06	1.7437	0
1.693297e-06	1.74368	0
1.694360e-06	1.74366	0
1.695423e-06	1.74364	0
1.696485e-06	1.74362	0
1.697548e-06	1.7436	0
1.698610e-06	1.74358	0
1.699673e-06	1.74356	0
1.700735e-06	1.74354	0
1.701798e-06	1.74352	0
1.702861e-06	1.7435	0
1.703923e-06	1.74348	0
1.704986e-06	1.74346	0
1.706048e-06	1.74345	0
1.707111e-06	1.74343	0
1.708173e-06	1.74341	0
1.709236e-06	1.74339	0
1.710299e-06	1.74337	0
1.711361e-06	1.74335	0
1.712424e-06	1.74333	0
1.713486e-06	1.74331	0
1.714549e-06	1.74329	0
1.715611e-06	1.74327	0
1.716674e-06	1.74325	0
1.717737e-06	1.74323	0
1.718799e-06	1.74321	0
1.719862e-06	1.74319	0
1.720924e-06	1.74317	0
1.721987e-06	1.74315	0
1.723049e-06	1.74313	0
1.724112e-06	1.74311	0
1.725175e-06	1.74309	0
1.726237e-06	1.74307	0
1.727300e-06	1.74305	0
1.728362e-06	1.74303	0
1.729425e-06	1.74301	0
1.730487e-06	1.74299	0
1.731550e-06	1.74298	0
1.732613e-06	1.74296	0
1.733675e-06	1.74294	0
1.734738e-06	1.74292	0
1.735800e-06	1.7429	0
1.736863e-06	1.74288	0
1.737926e-06	1.74286	0
1.738988e-06	1.74284	0
1.740051e-06	1.74282	0
1.741113e-06	1.7428	0
1.742176e-06	1.74278	0
1.743238e-06	1.74276	0
1.744301e-06	1.74274	0
1.745364e-06	1.74272	0
1.746426e-06	1.7427	0
1.747489e-06	1.74268	0
1.748551e-06	1.74266	0
1.749614e-06	1.74264	0
1.750676e-06	1.74262	0
1.751739e-06	1.7426	0
1.752802e-06	1.74258	0
1.753864e-06	1.74256	0
1.754927e-06	1.74254	0
1.755989e-06	1.74252	0
1.757052e-06	1.7425	0
1.758114e-06	1.74248	0
1.759177e-06	1.74246	0
1.760240e-06	1.74244	0
1.761302e-06	1.74242	0
1.762365e-06	1.7424	0
1.763427e-06	1.74238	0
1.764490e-06	1.74236	0
1.765552e-06	1.74234	0
1.766615e-06	1.74232	0
1.767678e-06	1.7423	0
1.768740e-06	1.74228	0
1.769803e-06	1.74226	0
1.770865e-06	1.74224	0
1.771928e-06	1.74222	0
1.772990e-06	1.7422	0
1.774053e-06	1.74218	0
1.775116e-06	1.74216	0
1.776178e-06	1.74214	0
1.777241e-06	1.74212	0
1.778303e-06	1.7421	0
1.779366e-06	1.74208	0
1.780428e-06	1.74206	0
1.781491e-06	1.74204	0
1.782554e-06	1.74202	0
1.783616e-06	1.742	0
1.784679e-06	1.74198	0
1.785741e-06	1.74196	0
1.786804e-06	1.74194	0
1.787866e-06	1.74192	0
1.788929e-06	1.7419	0
1.789992e-06	1.74188	0
1.791054e-06	1.74186	0
1.792117e-06	1.74184	0
1.793179e-06	1.74182	0
1.794242e-06	1.7418	0
1.795304e-06	1.74178	0
1.796367e-06	1.74176	0
1.797430e-06	1.74174	0
1.798492e-06	1.74172	0
1.799555e-06	1.7417	0
1.800617e-06	1.74168	0
1.801680e-06	1.74166	0
1.802742e-06	1.74164	0
1.803805e-06	1.74162	0
1.804868e-06	1.7416	0
1.805930e-06	1.74158	0
1.806993e-06	1.74156	0
1.808055e-06	1.74154	0
1.809118e-06	1.74152	0
1.810180e-06	1.7415	0
1.811243e-06	1.74148	0
1.812306e-06	1.74146	0
1.813368e-06	1.74144	0
1.814431e-06	1.74142	0
1.815493e-06	1.7414	0
1.816556e-06	1.74138	0
1.817618e-06	1.74136	0
1.818681e-06	1.74134	0
1.819744e-06	1.74132	0
1.820806e-06	1.74129	0
1.821869e-06	1.74127	0
1.822931e-06	1.74125	0
1.823994e-06	1.74123	0
1.825056e-06	1.74121	0
1.826119e-06	1.74119	0
1.827182e-06	1.74117	0
1.828244e-06	1.74115	0
1.829307e-06	1.74113	0
1.830369e-06	1.74111	0
1.831432e-06	1.74109	0
1.832494e-06	1.74107	0
1.833557e-06	1.74105	0
1.834620e-06	1.74103	0
1.835682e-06	1.74101	0
1.836745e-06	1.74099	0
1.837807e-06	1.74097	0
1.838870e-06	1.74095	0
1.839932e-06	1.74093	0
1.840995e-06	1.74091	0
1.842058e-06	1.74089	0
1.843120e-06	1.74087	0
1.844183e-06	1.74085	0
1.845245e-06	1.74082	0
1.846308e-06	1.7408	0
1.847370e-06	1.74078	0
1.848433e-06	1.74076	0
1.849496e-06	1.74074	0
1.850558e-06	1.74072	0
1.851621e-06	1.7407	0
1.852683e-06	1.74068	0
1.853746e-06	1.74066	0
1.854808e-06	1.74064	0
1.855871e-06	1.74062	0
1.856934e-06	1.7406	0
1.857996e-06	1.74058	0
1.859059e-06	1.74056	0
1.860121e-06	1.74054	0
1.861184e-06	1.74052	0
1.862246e-06	1.74049	0
1.863309e-06	1.74047	0
1.864372e-06	1.74045	0
1.865434e-06	1.74043	0
1.866497e-06	1.74041	0
1.867559e-06	1.74039	0
1.868622e-06	1.74037	0
1.869684e-06	1.74035	0
1.870747e-06	1.74033	0
1.871810e-06	1.74031	0
1.872872e-06	1.74029	0
1.873935e-06	1.74027	0
1.874997e-06	1.74025	0
1.876060e-06	1.74022	0
1.877123e-06	1.7402	0
1.878185e-06	1.74018	0
1.879248e-06	1.74016	0
1.880310e-06	1.74014	0
1.881373e-06	1.74012	0
1.882435e-06	1.7401	0
1.883498e-06	1.74008	0
1.884561e-06	1.74006	0
1.885623e-06	1.74004	0
1.886686e-06	1.74002	0
1.887748e-06	1.74	0
1.888811e-06	1.73997	0
1.889873e-06	1.73995	0
1.890936e-06	1.73993	0
1.891999e-06	1.73991	0
1.893061e-06	1.73989	0
1.894124e-06	1.73987	0
1.895186e-06	1.73985	0
1.896249e-06	1.73983	0
1.897311e-06	1.73981	0
1.898374e-06	1.73979	0
1.899437e-06	1.73976	0
1.900499e-06	1.73974	0
1.901562e-06	1.73972	0
1.902624e-06	1.7397	0
1.903687e-06	1.73968	0
1.904749e-06	1.73966	0
1.905812e-06	1.73964	0
1.906875e-06	1.73962	0
1.907937e-06	1.7396	0
1.909000e-06	1.73958	0
1.910062e-06	1.73955	0
1.911125e-06	1.73953	0
1.912187e-06	1.73951	0
1.913250e-06	1.73949	0
1.914313e-06	1.73947	0
1.915375e-06	1.73945	0
1.916438e-06	1.73943	0
1.917500e-06	1.73941	0
1.918563e-06	1.73939	0
1.919625e-06	1.73936	0
1.920688e-06	1.73934	0
1.921751e-06	1.73932	0
1.922813e-06	1.7393	0
1.923876e-06	1.73928	0
1.924938e-06	1.73926	0
1.926001e-06	1.73924	0
1.927063e-06	1.73922	0
1.928126e-06	1.73919	0
1.929189e-06	1.73917	0
1.930251e-06	1.73915	0
1.931314e-06	1.73913	0
1.932376e-06	1.73911	0
1.933439e-06	1.73909	0
1.934501e-06	1.73907	0
1.935564e-06	1.73905	0
1.936627e-06	1.73902	0
1.937689e-06	1.739	0
1.938752e-06	1.73898	0
1.939814e-06	1.73896	0
1.940877e-06	1.73894	0
1.941939e-06	1.73892	0
1.943002e-06	1.7389	0
1.944065e-06	1.73887	0
1.945127e-06	1.73885	0
1.946190e-06	1.73883	0
1.947252e-06	1.73881	0
1.948315e-06	1.73879	0
1.949377e-06	1.73877	0
1.950440e-06	1.73875	0
1.951503e-06	1.73872	0
1.952565e-06	1.7387	0
1.953628e-06	1.73868	0
1.954690e-06	1.73866	0
1.955753e-06	1.73864	0
1.956815e-06	1.73862	0
1.957878e-06	1.7386	0
1.958941e-06	1.73857	0
1.960003e-06	1.73855	0
1.961066e-06	1.73853	0
1.962128e-06	1.73851	0
1.963191e-06	1.73849	0
1.964253e-06	1.73847	0
1.965316e-06	1.73844	0
1.966379e-06	1.73842	0
1.967441e-06	1.7384	0
1.968504e-06	1.73838	0
1.969566e-06	1.73836	0
1.970629e-06	1.73834	0
1.971691e-06	1.73831	0
1.972754e-06	1.73829	0
1.973817e-06	1.73827	0
1.974879e-06	1.73825	0
1.975942e-06	1.73823	0
1.977004e-06	1.73821	0
1.978067e-06	1.73818	0
1.979129e-06	1.73816	0
1.980192e-06	1.73814	0
1.981255e-06	1.73812	0
1.982317e-06	1.7381	0
1.983380e-06	1.73808	0
1.984442e-06	1.73805	0
1.985505e-06	1.73803	0
1.986567e-06	1.73801	0
1.987630e-06	1.73799	0
1.988693e-06	1.73797	0
1.989755e-06	1.73795	0
1.990818e-06	1.73792	0
1.991880e-06	1.7379	0
1.992943e-06	1.73788	0
1.994005e-06	1.73786	0
1.995068e-06	1.73784	0
1.996131e-06	1.73781	0
1.997193e-06	1.73779	0
1.998256e-06	1.73777	0
1.999318e-06	1.73775	0
2.000381e-06	1.73773	0
2.001443e-06	1.73771	0
2.002506e-06	1.73768	0
2.003569e-06	1.73766	0
2.004631e-06	1.73764	0
2.005694e-06	1.73762	0
2.006756e-06	1.7376	0
2.007819e-06	1.73757	0
2.008881e-06	1.73755	0
2.009944e-06	1.73753	0
2.011007e-06	1.73751	0
2.012069e-06	1.73749	0
2.013132e-06	1.73746	0
2.014194e-06	1.73744	0
2.015257e-06	1.73742	0
2.016320e-06	1.7374	0
2.017382e-06	1.73738	0
2.018445e-06	1.73735	0
2.019507e-06	1.73733	0
2.020570e-06	1.73731	0
2.021632e-06	1.73729	0
2.022695e-06	1.73726	0
2.023758e-06	1.73724	0
2.024820e-06	1.73722	0
2.025883e-06	1.7372	0
2.026945e-06	1.73718	0
2.028008e-06	1.73715	0
2.029070e-06	1.73713	0
2.030133e-06	1.73711	0
2.031196e-06	1.73709	0
2.032258e-06	1.73707	0
2.033321e-06	1.73704	0
2.034383e-06	1.73702	0
2.035446e-06	1.737	0
2.036508e-06	1.73698	0
2.037571e-06	1.73695	0
2.038634e-06	1.73693	0
2.039696e-06	1.73691	0
2.040759e-06	1.73689	0
2.041821e-06	1.73687	0
2.042884e-06	1.73684	0
2.043946e-06	1.73682	0
2.045009e-06	1.7368	0
2.046072e-06	1.73678	0
2.047134e-06	1.73675	0
2.048197e-06	1.73673	0
2.049259e-06	1.73671	0
2.050322e-06	1.73669	0
2.051384e-06	1.73666	0
2.052447e-06	1.73664	0
2.053510e-06	1.73662	0
2.054572e-06	1.7366	0
2.055635e-06	1.73657	0
2.056697e-06	1.73655	0
2.057760e-06	1.73653	0
2.058822e-06	1.73651	0
2.059885e-06	1.73649	0
2.060948e-06	1.73646	0
2.062010e-06	1.73644	0
2.063073e-06	1.73642	0
2.064135e-06	1.7364	0
2.065198e-06	1.73637	0
2.066260e-06	1.73635	0
2.067323e-06	1.73633	0
2.068386e-06	1.73631	0
2.069448e-06	1.73628	0
2.070511e-06	1.73626	0
2.071573e-06	1.73624	0
2.072636e-06	1.73621	0
2.073698e-06	1.73619	0
2.074761e-06	1.73617	0
2.075824e-06	1.73615	0
2.076886e-06	1.73612	0
2.077949e-06	1.7361	0
2.079011e-06	1.73608	0
2.080074e-06	1.73606	0
2.081136e-06	1.73603	0
2.082199e-06	1.73601	0
2.083262e-06	1.73599	0
2.084324e-06	1.73597	0
2.085387e-06	1.73594	0
2.086449e-06	1.73592	0
2.087512e-06	1.7359	0
2.088574e-06	1.73588	0
2.089637e-06	1.73585	0
2.090700e-06	1.73583	0
2.091762e-06	1.73581	0
2.092825e-06	1.73578	0
2.093887e-06	1.73576	0
2.094950e-06	1.73574	0
2.096012e-06	1.73572	0
2.097075e-06	1.73569	0
2.098138e-06	1.73567	0
2.099200e-06	1.73565	0
2.100263e-06	1.73562	0
2.101325e-06	1.7356	0
2.102388e-06	1.73558	0
2.103450e-06	1.73556	0
2.104513e-06	1.73553	0
2.105576e-06	1.73551	0
2.106638e-06	1.73549	0
2.107701e-06	1.73546	0
2.108763e-06	1.73544	0
2.109826e-06	1.73542	0
2.110888e-06	1.7354	0
2.111951e-06	1.73537	0
2.113014e-06	1.73535	0
2.114076e-06	1.73533	0
2.115139e-06	1.7353	0
2.116201e-06	1.73528	0
2.117264e-06	1.73526	0
2.118326e-06	1.73523	0
2.119389e-06	1.73521	0
2.120452e-06	1.73519	0
2.121514e-06	1.73517	0
2.122577e-06	1.73514	0
2.123639e-06	1.73512	0
2.124702e-06	1.7351	0
2.125764e-06	1.73507	0
2.126827e-06	1.73505	0
2.127890e-06	1.73503	0
2.128952e-06	1.735	0
2.130015e-06	1.73498	0
2.131077e-06	1.73496	0
2.132140e-06	1.73493	0
2.133202e-06	1.73491	0
2.134265e-06	1.73489	0
2.135328e-06	1.73487	0
2.136390e-06	1.73484	0
2.137453e-06	1.73482	0
2.138515e-06	1.7348	0
2.139578e-06	1.73477	0
2.140640e-06	1.73475	0
2.141703e-06	1.73473	0
2.142766e-06	1.7347	0
2.143828e-06	1.73468	0
2.144891e-06	1.73466	0
2.145953e-06	1.73463	0
2.147016e-06	1.73461	0
2.148078e-06	1.73459	0
2.149141e-06	1.73456	0
2.150204e-06	1.73454	0
2.151266e-06	1.73452	0
2.152329e-06	1.73449	0
2.153391e-06	1.73447	0
2.154454e-06	1.73445	0
2.155517e-06	1.73442	0
2.156579e-06	1.7344	0
2.157642e-06	1.73438	0
2.158704e-06	1.73435	0
2.159767e-06	1.73433	0
2.160829e-06	1.73431	0
2.161892e-06	1.73428	0
2.162955e-06	1.73426	0
2.164017e-06	1.73424	0
2.165080e-06	1.73421	0
2.166142e-06	1.73419	0
2.167205e-06	1.73417	0
2.168267e-06	1.73414	0
2.169330e-06	1.73412	0
2.170393e-06	1.73409	0
2.171455e-06	1.73407	0
2.172518e-06	1.73405	0
2.173580e-06	1.73402	0
2.174643e-06	1.734	0
2.175705e-06	1.73398	0
2.176768e-06	1.73395	0
2.177831e-06	1.73393	0
2.178893e-06	1.73391	0
2.179956e-06	1.73388	0
2.181018e-06	1.73386	0
2.182081e-06	1.73384	0
2.183143e-06	1.73381	0
2.184206e-06	1.73379	0
2.185269e-06	1.73376	0
2.186331e-06	1.73374	0
2.187394e-06	1.73372	0
2.188456e-06	1.73369	0
2.189519e-06	1.73367	0
2.190581e-06	1.73365	0
2.191644e-06	1.73362	0
2.192707e-06	1.7336	0
2.193769e-06	1.73357	0
2.194832e-06	1.73355	0
2.195894e-06	1.73353	0
2.196957e-06	1.7335	0
2.198019e-06	1.73348	0
2.199082e-06	1.73346	0
2.200145e-06	1.73343	0
2.201207e-06	1.73341	0
2.202270e-06	1.73338	0
2.203332e-06	1.73336	0
2.204395e-06	1.73334	0
2.205457e-06	1.73331	0
2.206520e-06	1.73329	0
2.207583e-06	1.73327	0
2.208645e-06	1.73324	0
2.209708e-06	1.73322	0
2.210770e-06	1.73319	0
2.211833e-06	1.73317	0
2.212895e-06	1.73315	0
2.213958e-06	1.73312	0
2.215021e-06	1.7331	0
2.216083e-06	1.73307	0
2.217146e-06	1.73305	0
2.218208e-06	1.73303	0
2.219271e-06	1.733	0
2.220333e-06	1.73298	0
2.221396e-06	1.73295	0
2.222459e-06	1.73293	0
2.223521e-06	1.73291	0
2.224584e-06	1.73288	0
2.225646e-06	1.73286	0
2.226709e-06	1.73283	0
2.227771e-06	1.73281	0
2.228834e-06	1.73279	0
2.229897e-06	1.73276	0
2.230959e-06	1.73274	0
2.232022e-06	1.73271	0
2.233084e-06	1.73269	0
2.234147e-06	1.73266	0
2.235209e-06	1.73264	0
2.236272e-06	1.73262	0
2.237335e-06	1.73259	0
2.238397e-06	1.73257	0
2.239460e-06	1.73254	0
2.240522e-06	1.73252	0
2.241585e-06	1.7325	0
2.242647e-06	1.73247	0
2.243710e-06	1.73245	0
2.244773e-06	1.73242	0
2.245835e-06	1.7324	0
2.246898e-06	1.73237	0
2.247960e-06	1.73235	0
2.249023e-06	1.73233	0
2.250085e-06	1.7323	0
2.251148e-06	1.73228	0
2.252211e-06	1.73225	0
2.253273e-06	1.73223	0
2.254336e-06	1.7322	0
2.255398e-06	1.73218	0
2.256461e-06	1.73215	0
2.257523e-06	1.73213	0
2.258586e-06	1.73211	0
2.259649e-06	1.73208	0
2.260711e-06	1.73206	0
2.261774e-06	1.73203	0
2.262836e-06	1.73201	0
2.263899e-06	1.73198	0
2.264961e-06	1.73196	0
2.266024e-06	1.73193	0
2.267087e-06	1.73191	0
2.268149e-06	1.73189	0
2.269212e-06	1.73186	0
2.270274e-06	1.73184	0
2.271337e-06	1.73181	0
2.272399e-06	1.73179	0
2.273462e-06	1.73176	0
2.274525e-06	1.73174	0
2.275587e-06	1.73171	0
2.276650e-06	1.73169	0
2.277712e-06	1.73166	0
2.278775e-06	1.73164	0
2.279837e-06	1.73162	0
2.280900e-06	1.73159	0
2.281963e-06	1.73157	0
2.283025e-06	1.73154	0
2.284088e-06	1.73152	0
2.285150e-06	1.73149	0
2.286213e-06	1.73147	0
2.287275e-06	1.73144	0
2.288338e-06	1.73142	0
2.289401e-06	1.73139	0
2.290463e-06	1.73137	0
2.291526e-06	1.73134	0
2.292588e-06	1.73132	0
2.293651e-06	1.73129	0
2.294714e-06	1.73127	0
2.295776e-06	1.73124	0
2.296839e-06	1.73122	0
2.297901e-06	1.7312	0
2.298964e-06	1.73117	0
2.300026e-06	1.73115	0
2.301089e-06	1.73112	0
2.302152e-06	1.7311	0
2.303214e-06	1.73107	0
2.304277e-06	1.73105	0
2.305339e-06	1.73102	0
2.306402e-06	1.731	0
2.307464e-06	1.73097	0
2.308527e-06	1.73095	0
2.309590e-06	1.73092	0
2.310652e-06	1.7309	0
2.311715e-06	1.73087	0
2.312777e-06	1.73085	0
2.313840e-06	1.73082	0
2.314902e-06	1.7308	0
2.315965e-06	1.73077	0
2.317028e-06	1.73075	0
2.318090e-06	1.73072	0
2.319153e-06	1.7307	0
2.320215e-06	1.73067	0
2.321278e-06	1.73065	0
2.322340e-06	1.73062	0
2.323403e-06	1.7306	0
2.324466e-06	1.73057	0
2.325528e-06	1.73055	0
2.326591e-06	1.73052	0
2.327653e-06	1.7305	0
2.328716e-06	1.73047	0
2.329778e-06	1.73045	0
2.330841e-06	1.73042	0
2.331904e-06	1.7304	0
2.332966e-06	1.73037	0
2.334029e-06	1.73035	0
2.335091e-06	1.73032	0
2.336154e-06	1.73029	0
2.337216e-06	1.73027	0
2.338279e-06	1.73024	0
2.339342e-06	1.73022	0
2.340404e-06	1.73019	0
2.341467e-06	1.73017	0
2.342529e-06	1.73014	0
2.343592e-06	1.73012	0
2.344654e-06	1.73009	0
2.345717e-06	1.73007	0
2.346780e-06	1.73004	0
2.347842e-06	1.73002	0
2.348905e-06	1.72999	0
2.349967e-06	1.72997	0
2.351030e-06	1.72994	0
2.352092e-06	1.72992	0
2.353155e-06	1.72989	0
2.354218e-06	1.72986	0
2.355280e-06	1.72984	0
2.356343e-06	1.72981	0
2.357405e-06	1.72979	0
2.358468e-06	1.72976	0
2.359530e-06	1.72974	0
2.360593e-06	1.72971	0
2.361656e-06	1.72969	0
2.362718e-06	1.72966	0
2.363781e-06	1.72964	0
2.364843e-06	1.72961	0
2.365906e-06	1.72958	0
2.366968e-06	1.72956	0
2.368031e-06	1.72953	0
2.369094e-06	1.72951	0
2.370156e-06	1.72948	0
2.371219e-06	1.72946	0
2.372281e-06	1.72943	0
2.373344e-06	1.72941	0
2.374406e-06	1.72938	0
2.375469e-06	1.72935	0
2.376532e-06	1.72933	0
2.377594e-06	1.7293	0
2.378657e-06	1.72928	0
2.379719e-06	1.72925	0
2.380782e-06	1.72923	0
2.381844e-06	1.7292	0
2.382907e-06	1.72917	0
2.383970e-06	1.72915	0
2.385032e-06	1.72912	0
2.386095e-06	1.7291	0
2.387157e-06	1.72907	0
2.388220e-06	1.72905	0
2.389282e-06	1.72902	0
2.390345e-06	1.72899	0
2.391408e-06	1.72897	0
2.392470e-06	1.72894	0
2.393533e-06	1.72892	0
2.394595e-06	1.72889	0
2.395658e-06	1.72887	0
2.396720e-06	1.72884	0
2.397783e-06	1.72881	0
2.398846e-06	1.72879	0
2.399908e-06	1.72876	0
2.400971e-06	1.72874	0
2.402033e-06	1.72871	0
2.403096e-06	1.72868	0
2.404158e-06	1.72866	0
2.405221e-06	1.72863	0
2.406284e-06	1.72861	0
2.407346e-06	1.72858	0
2.408409e-06	1.72855	0
2.409471e-06	1.72853	0
2.410534e-06	1.7285	0
2.411596e-06	1.72848	0
2.412659e-06	1.72845	0
2.413722e-06	1.72842	0
2.414784e-06	1.7284	0
2.415847e-06	1.72837	0
2.416909e-06	1.72835	0
2.417972e-06	1.72832	0
2.419034e-06	1.72829	0
2.420097e-06	1.72827	0
2.421160e-06	1.72824	0
2.422222e-06	1.72822	0
2.423285e-06	1.72819	0
2.424347e-06	1.72816	0
2.425410e-06	1.72814	0
2.426472e-06	1.72811	0
2.427535e-06	1.72809	0
2.428598e-06	1.72806	0
2.429660e-06	1.72803	0
2.430723e-06	1.72801	0
2.431785e-06	1.72798	0
2.432848e-06	1.72795	0
2.433911e-06	1.72793	0
2.434973e-06	1.7279	0
2.436036e-06	1.72788	0
2.437098e-06	1.72785	0
2.438161e-06	1.72782	0
2.439223e-06	1.7278	0
2.440286e-06	1.72777	0
2.441349e-06	1.72774	0
2.442411e-06	1.72772	0
2.443474e-06	1.72769	0
2.444536e-06	1.72767	0
2.445599e-06	1.72764	0
2.446661e-06	1.72761	0
2.447724e-06	1.72759	0
2.448787e-06	1.72756	0
2.449849e-06	1.72753	0
2.450912e-06	1.72751	0
2.451974e-06	1.72748	0
2.453037e-06	1.72745	0
2.454099e-06	1.72743	0
2.455162e-06	1.7274	0
2.456225e-06	1.72737	0
2.457287e-06	1.72735	0
2.458350e-06	1.72732	0
2.459412e-06	1.72729	0
2.460475e-06	1.72727	0
2.461537e-06	1.72724	0
2.462600e-06	1.72722	0
2.463663e-06	1.72719	0
2.464725e-06	1.72716	0
2.465788e-06	1.72714	0
2.466850e-06	1.72711	0
2.467913e-06	1.72708	0
2.468975e-06	1.72706	0
2.470038e-06	1.72703	0
2.471101e-06	1.727	0
2.472163e-06	1.72698	0
2.473226e-06	1.72695	0
2.474288e-06	1.72692	0
2.475351e-06	1.7269	0
2.476413e-06	1.72687	0
2.477476e-06	1.72684	0
2.478539e-06	1.72682	0
2.479601e-06	1.72679	0
2.480664e-06	1.72676	0
2.481726e-06	1.72674	0
2.482789e-06	1.72671	0
2.483851e-06	1.72668	0
2.484914e-06	1.72665	0
2.485977e-06	1.72663	0
2.487039e-06	1.7266	0
2.488102e-06	1.72657	0
2.489164e-06	1.72655	0
2.490227e-06	1.72652	0
2.491289e-06	1.72649	0
2.492352e-06	1.72647	0
2.493415e-06	1.72644	0
2.494477e-06	1.72641	0
2.495540e-06	1.72639	0
2.496602e-06	1.72636	0
2.497665e-06	1.72633	0
2.498727e-06	1.72631	0
2.499790e-06	1.72628	0
2.500853e-06	1.72625	0
2.501915e-06	1.72622	0
2.502978e-06	1.7262	0
2.504040e-06	1.72617	0
2.505103e-06	1.72614	0
2.506165e-06	1.72612	0
2.507228e-06	1.72609	0
2.508291e-06	1.72606	0
2.509353e-06	1.72604	0
2.510416e-06	1.72601	0
2.511478e-06	1.72598	0
2.512541e-06	1.72595	0
2.513603e-06	1.72593	0
2.514666e-06	1.7259	0
2.515729e-06	1.72587	0
2.516791e-06	1.72585	0
2.517854e-06	1.72582	0
2.518916e-06	1.72579	0
2.519979e-06	1.72576	0
2.521041e-06	1.72574	0
2.522104e-06	1.72571	0
2.523167e-06	1.72568	0
2.524229e-06	1.72566	0
2.525292e-06	1.72563	0
2.526354e-06	1.7256	0
2.527417e-06	1.72557	0
2.528479e-06	1.72555	0
2.529542e-06	1.72552	0
2.530605e-06	1.72549	0
2.531667e-06	1.72546	0
2.532730e-06	1.72544	0
2.533792e-06	1.72541	0
2.534855e-06	1.72538	0
2.535917e-06	1.72536	0
2.536980e-06	1.72533	0
2.538043e-06	1.7253	0
2.539105e-06	1.72527	0
2.540168e-06	1.72525	0
2.541230e-06	1.72522	0
2.542293e-06	1.72519	0
2.543355e-06	1.72516	0
2.544418e-06	1.72514	0
2.545481e-06	1.72511	0
2.546543e-06	1.72508	0
2.547606e-06	1.72505	0
2.548668e-06	1.72503	0
2.549731e-06	1.725	0
2.550793e-06	1.72497	0
2.551856e-06	1.72494	0
2.552919e-06	1.72492	0
2.553981e-06	1.72489	0
2.555044e-06	1.72486	0
2.556106e-06	1.72483	0
2.557169e-06	1.72481	0
2.558231e-06	1.72478	0
2.559294e-06	1.72475	0
2.560357e-06	1.72472	0
2.561419e-06	1.7247	0
2.562482e-06	1.72467	0
2.563544e-06	1.72464	0
2.564607e-06	1.72461	0
2.565669e-06	1.72458	0
2.566732e-06	1.72456	0
2.567795e-06	1.72453	0
2.568857e-06	1.7245	0
2.569920e-06	1.72447	0
2.570982e-06	1.72445	0
2.572045e-06	1.72442	0
2.573108e-06	1.72439	0
2.574170e-06	1.72436	0
2.575233e-06	1.72433	0
2.576295e-06	1.72431	0
2.577358e-06	1.72428	0
2.578420e-06	1.72425	0
2.579483e-06	1.72422	0
2.580546e-06	1.7242	0
2.581608e-06	1.72417	0
2.582671e-06	1.72414	0
2.583733e-06	1.72411	0
2.584796e-06	1.72408	0
2.585858e-06	1.72406	0
2.586921e-06	1.72403	0
2.587984e-06	1.724	0
2.589046e-06	1.72397	0
2.590109e-06	1.72394	0
2.591171e-06	1.72392	0
2.592234e-06	1.72389	0
2.593296e-06	1.72386	0
2.594359e-06	1.72383	0
2.595422e-06	1.7238	0
2.596484e-06	1.72378	0
2.597547e-06	1.72375	0
2.598609e-06	1.72372	0
2.599672e-06	1.72369	0
2.600734e-06	1.72366	0
2.601797e-06	1.72364	0
2.602860e-06	1.72361	0
2.603922e-06	1.72358	0
2.604985e-06	1.72355	0
2.606047e-06	1.72352	0
2.607110e-06	1.7235	0
2.608172e-06	1.72347	0
2.609235e-06	1.72344	0
2.610298e-06	1.72341	0
2.611360e-06	1.72338	0
2.612423e-06	1.72335	0
2.613485e-06	1.72333	0
2.614548e-06	1.7233	0
2.615610e-06	1.72327	0
2.616673e-06	1.72324	0
2.617736e-06	1.72321	0
2.618798e-06	1.72319	0
2.619861e-06	1.72316	0
2.620923e-06	1.72313	0
2.621986e-06	1.7231	0
2.623048e-06	1.72307	0
2.624111e-06	1.72304	0
2.625174e-06	1.72302	0
2.626236e-06	1.72299	0
2.627299e-06	1.72296	0
2.628361e-06	1.72293	0
2.629424e-06	1.7229	0
2.630486e-06	1.72287	0
2.631549e-06	1.72284	0
2.632612e-06	1.72282	0
2.633674e-06	1.72279	0
2.634737e-06	1.72276	0
2.635799e-06	1.72273	0
2.636862e-06	1.7227	0
2.637924e-06	1.72267	0
2.638987e-06	1.72265	0
2.640050e-06	1.72262	0
2.641112e-06	1.72259	0
2.642175e-06	1.72256	0
2.643237e-06	1.72253	0
2.644300e-06	1.7225	0
2.645362e-06	1.72247	0
2.646425e-06	1.72245	0
2.647488e-06	1.72242	0
2.648550e-06	1.72239	0
2.649613e-06	1.72236	0
2.650675e-06	1.72233	0
2.651738e-06	1.7223	0
2.652800e-06	1.72227	0
2.653863e-06	1.72225	0
2.654926e-06	1.72222	0
2.655988e-06	1.72219	0
2.657051e-06	1.72216	0
2.658113e-06	1.72213	0
2.659176e-06	1.7221	0
2.660238e-06	1.72207	0
2.661301e-06	1.72204	0
2.662364e-06	1.72202	0
2.663426e-06	1.72199	0
2.664489e-06	1.72196	0
2.665551e-06	1.72193	0
2.666614e-06	1.7219	0
2.667676e-06	1.72187	0
2.668739e-06	1.72184	0
2.669802e-06	1.72181	0
2.670864e-06	1.72178	0
2.671927e-06	1.72176	0
2.672989e-06	1.72173	0
2.674052e-06	1.7217	0
2.675114e-06	1.72167	0
2.676177e-06	1.72164	0
2.677240e-06	1.72161	0
2.678302e-06	1.72158	0
2.679365e-06	1.72155	0
2.680427e-06	1.72152	0
2.681490e-06	1.7215	0
2.682552e-06	1.72147	0
2.683615e-06	1.72144	0
2.684678e-06	1.72141	0
2.685740e-06	1.72138	0
2.686803e-06	1.72135	0
2.687865e-06	1.72132	0
2.688928e-06	1.72129	0
2.689990e-06	1.72126	0
2.691053e-06	1.72123	0
2.692116e-06	1.7212	0
2.693178e-06	1.72118	0
2.694241e-06	1.72115	0
2.695303e-06	1.72112	0
2.696366e-06	1.72109	0
2.697428e-06	1.72106	0
2.698491e-06	1.72103	0
2.699554e-06	1.721	0
2.700616e-06	1.72097	0
2.701679e-06	1.72094	0
2.702741e-06	1.72091	0
2.703804e-06	1.72088	0
2.704866e-06	1.72085	0
2.705929e-06	1.72083	0
2.706992e-06	1.7208	0
2.708054e-06	1.72077	0
2.709117e-06	1.72074	0
2.710179e-06	1.72071	0
2.711242e-06	1.72068	0
2.712305e-06	1.72065	0
2.713367e-06	1.72062	0
2.714430e-06	1.72059	0
2.715492e-06	1.72056	0
2.716555e-06	1.72053	0
2.717617e-06	1.7205	0
2.718680e-06	1.72047	0
2.719743e-06	1.72044	0
2.720805e-06	1.72041	0
2.721868e-06	1.72038	0
2.722930e-06	1.72036	0
2.723993e-06	1.72033	0
2.725055e-06	1.7203	0
2.726118e-06	1.72027	0
2.727181e-06	1.72024	0
2.728243e-06	1.72021	0
2.729306e-06	1.72018	0
2.730368e-06	1.72015	0
2.731431e-06	1.72012	0
2.732493e-06	1.72009	0
2.733556e-06	1.72006	0
2.734619e-06	1.72003	0
2.735681e-06	1.72	0
2.736744e-06	1.71997	0
2.737806e-06	1.71994	0
2.738869e-06	1.71991	0
2.739931e-06	1.71988	0
2.740994e-06	1.71985	0
2.742057e-06	1.71982	0
2.743119e-06	1.71979	0
2.744182e-06	1.71976	0
2.745244e-06	1.71973	0
2.746307e-06	1.7197	0
2.747369e-06	1.71967	0
2.748432e-06	1.71964	0
2.749495e-06	1.71961	0
2.750557e-06	1.71958	0
2.751620e-06	1.71955	0
2.752682e-06	1.71952	0
2.753745e-06	1.7195	0
2.754807e-06	1.71947	0
2.755870e-06	1.71944	0
2.756933e-06	1.71941	0
2.757995e-06	1.71938	0
2.759058e-06	1.71935	0
2.760120e-06	1.71932	0
2.761183e-06	1.71929	0
2.762245e-06	1.71926	0
2.763308e-06	1.71923	0
2.764371e-06	1.7192	0
2.765433e-06	1.71917	0
2.766496e-06	1.71914	0
2.767558e-06	1.71911	0
2.768621e-06	1.71908	0
2.769683e-06	1.71905	0
2.770746e-06	1.71902	0
2.771809e-06	1.71899	0
2.772871e-06	1.71896	0
2.773934e-06	1.71893	0
2.774996e-06	1.7189	0
2.776059e-06	1.71887	0
2.777121e-06	1.71884	0
2.778184e-06	1.71881	0
2.779247e-06	1.71878	0
2.780309e-06	1.71875	0
2.781372e-06	1.71872	0
2.782434e-06	1.71869	0
2.783497e-06	1.71866	0
2.784559e-06	1.71862	0
2.785622e-06	1.71859	0
2.786685e-06	1.71856	0
2.787747e-06	1.71853	0
2.788810e-06	1.7185	0
2.789872e-06	1.71847	0
2.790935e-06	1.71844	0
2.791997e-06	1.71841	0
2.793060e-06	1.71838	0
2.794123e-06	1.71835	0
2.795185e-06	1.71832	0
2.796248e-06	1.71829	0
2.797310e-06	1.71826	0
2.798373e-06	1.71823	0
2.799435e-06	1.7182	0
2.800498e-06	1.71817	0
2.801561e-06	1.71814	0
2.802623e-06	1.71811	0
2.803686e-06	1.71808	0
2.804748e-06	1.71805	0
2.805811e-06	1.71802	0
2.806873e-06	1.71799	0
2.807936e-06	1.71796	0
2.808999e-06	1.71793	0
2.810061e-06	1.7179	0
2.811124e-06	1.71787	0
2.812186e-06	1.71784	0
2.813249e-06	1.71781	0
2.814311e-06	1.71777	0
2.815374e-06	1.71774	0
2.816437e-06	1.71771	0
2.817499e-06	1.71768	0
2.818562e-06	1.71765	0
2.819624e-06	1.71762	0
2.820687e-06	1.71759	0
2.821749e-06	1.71756	0
2.822812e-06	1.71753	0
2.823875e-06	1.7175	0
2.824937e-06	1.71747	0
2.826000e-06	1.71744	0
2.827062e-06	1.71741	0
2.828125e-06	1.71738	0
2.829187e-06	1.71735	0
2.830250e-06	1.71732	0
2.831313e-06	1.71728	0
2.832375e-06	1.71725	0
2.833438e-06	1.71722	0
2.834500e-06	1.71719	0
2.835563e-06	1.71716	0
2.836625e-06	1.71713	0
2.837688e-06	1.7171	0
2.838751e-06	1.71707	0
2.839813e-06	1.71704	0
2.840876e-06	1.71701	0
2.841938e-06	1.71698	0
2.843001e-06	1.71695	0
2.844063e-06	1.71691	0
2.845126e-06	1.71688	0
2.846189e-06	1.71685	0
2.847251e-06	1.71682	0
2.848314e-06	1.71679	0
2.849376e-06	1.71676	0
2.850439e-06	1.71673	0
2.851502e-06	1.7167	0
2.852564e-06	1.71667	0
2.853627e-06	1.71664	0
2.854689e-06	1.71661	0
2.855752e-06	1.71657	0
2.856814e-06	1.71654	0
2.857877e-06	1.71651	0
2.858940e-06	1.71648	0
2.860002e-06	1.71645	0
2.861065e-06	1.71642	0
2.862127e-06	1.71639	0
2.863190e-06	1.71636	0
2.864252e-06	1.71633	0
2.865315e-06	1.71629	0
2.866378e-06	1.71626	0
2.867440e-06	1.71623	0
2.868503e-06	1.7162	0
2.869565e-06	1.71617	0
2.870628e-06	1.71614	0
2.871690e-06	1.71611	0
2.872753e-06	1.71608	0
2.873816e-06	1.71604	0
2.874878e-06	1.71601	0
2.875941e-06	1.71598	0
2.877003e-06	1.71595	0
2.878066e-06	1.71592	0
2.879128e-06	1.71589	0
2.880191e-06	1.71586	0
2.881254e-06	1.71583	0
2.882316e-06	1.71579	0
2.883379e-06	1.71576	0
2.884441e-06	1.71573	0
2.885504e-06	1.7157	0
2.886566e-06	1.71567	0
2.887629e-06	1.71564	0
2.888692e-06	1.71561	0
2.889754e-06	1.71557	0
2.890817e-06	1.71554	0
2.891879e-06	1.71551	0
2.892942e-06	1.71548	0
2.894004e-06	1.71545	0
2.895067e-06	1.71542	0
2.896130e-06	1.71539	0
2.897192e-06	1.71535	0
2.898255e-06	1.71532	0
2.899317e-06	1.71529	0
2.900380e-06	1.71526	0
2.901442e-06	1.71523	0
2.902505e-06	1.7152	0
2.903568e-06	1.71516	0
2.904630e-06	1.71513	0
2.905693e-06	1.7151	0
2.906755e-06	1.71507	0
2.907818e-06	1.71504	0
2.908880e-06	1.71501	0
2.909943e-06	1.71498	0
2.911006e-06	1.71494	0
2.912068e-06	1.71491	0
2.913131e-06	1.71488	0
2.914193e-06	1.71485	0
2.915256e-06	1.71482	0
2.916318e-06	1.71478	0
2.917381e-06	1.71475	0
2.918444e-06	1.71472	0
2.919506e-06	1.71469	0
2.920569e-06	1.71466	0
2.921631e-06	1.71463	0
2.922694e-06	1.71459	0
2.923756e-06	1.71456	0
2.924819e-06	1.71453	0
2.925882e-06	1.7145	0
2.926944e-06	1.71447	0
2.928007e-06	1.71443	0
2.929069e-06	1.7144	0
2.930132e-06	1.71437	0
2.931194e-06	1.71434	0
2.932257e-06	1.71431	0
2.933320e-06	1.71428	0
2.934382e-06	1.71424	0
2.935445e-06	1.71421	0
2.936507e-06	1.71418	0
2.937570e-06	1.71415	0
2.938632e-06	1.71412	0
2.939695e-06	1.71408	0
2.940758e-06	1.71405	0
2.941820e-06	1.71402	0
2.942883e-06	1.71399	0
2.943945e-06	1.71395	0
2.945008e-06	1.71392	0
2.946070e-06	1.71389	0
2.947133e-06	1.71386	0
2.948196e-06	1.71383	0
2.949258e-06	1.71379	0
2.950321e-06	1.71376	0
2.951383e-06	1.71373	0
2.952446e-06	1.7137	0
2.953508e-06	1.71367	0
2.954571e-06	1.71363	0
2.955634e-06	1.7136	0
2.956696e-06	1.71357	0
2.957759e-06	1.71354	0
2.958821e-06	1.7135	0
2.959884e-06	1.71347	0
2.960946e-06	1.71344	0
2.962009e-06	1.71341	0
2.963072e-06	1.71338	0
2.964134e-06	1.71334	0
2.965197e-06	1.71331	0
2.966259e-06	1.71328	0
2.967322e-06	1.71325	0
2.968384e-06	1.71321	0
2.969447e-06	1.71318	0
2.970510e-06	1.71315	0
2.971572e-06	1.71312	0
2.972635e-06	1.71308	0
2.973697e-06	1.71305	0
2.974760e-06	1.71302	0
2.975822e-06	1.71299	0
2.976885e-06	1.71295	0
2.977948e-06	1.71292	0
2.979010e-06	1.71289	0
2.980073e-06	1.71286	0
2.981135e-06	1.71282	0
2.982198e-06	1.71279	0
2.983260e-06	1.71276	0
2.984323e-06	1.71273	0
2.985386e-06	1.71269	0
2.986448e-06	1.71266	0
2.987511e-06	1.71263	0
2.988573e-06	1.7126	0
2.989636e-06	1.71256	0
2.990698e-06	1.71253	0
2.991761e-06	1.7125	0
2.992824e-06	1.71247	0
2.993886e-06	1.71243	0
2.994949e-06	1.7124	0
2.996011e-06	1.71237	0
2.997074e-06	1.71233	0
2.998137e-06	1.7123	0
2.999199e-06	1.71227	0
3.000262e-06	1.71224	0
3.001324e-06	1.7122	0
3.002387e-06	1.71217	0
3.003449e-06	1.71214	0
3.004512e-06	1.7121	0
3.005575e-06	1.71207	0
3.006637e-06	1.71204	0
3.007700e-06	1.71201	0
3.008762e-06	1.71197	0
3.009825e-06	1.71194	0
3.010887e-06	1.71191	0
3.011950e-06	1.71187	0
3.013013e-06	1.71184	0
3.014075e-06	1.71181	0
3.015138e-06	1.71178	0
3.016200e-06	1.71174	0
3.017263e-06	1.71171	0
3.018325e-06	1.71168	0
3.019388e-06	1.71164	0
3.020451e-06	1.71161	0
3.021513e-06	1.71158	0
3.022576e-06	1.71155	0
3.023638e-06	1.71151	0
3.024701e-06	1.71148	0
3.025763e-06	1.71145	0
3.026826e-06	1.71141	0
3.027889e-06	1.71138	0
3.028951e-06	1.71135	0
3.030014e-06	1.71131	0
3.031076e-06	1.71128	0
3.032139e-06	1.71125	0
3.033201e-06	1.71121	0
3.034264e-06	1.71118	0
3.035327e-06	1.71115	0
3.036389e-06	1.71111	0
3.037452e-06	1.71108	0
3.038514e-06	1.71105	0
3.039577e-06	1.71101	0
3.040639e-06	1.71098	0
3.041702e-06	1.71095	0
3.042765e-06	1.71091	0
3.043827e-06	1.71088	0
3.044890e-06	1.71085	0
3.045952e-06	1.71081	0
3.047015e-06	1.71078	0
3.048077e-06	1.71075	0
3.049140e-06	1.71071	0
3.050203e-06	1.71068	0
3.051265e-06	1.71065	0
3.052328e-06	1.71061	0
3.053390e-06	1.71058	0
3.054453e-06	1.71055	0
3.055515e-06	1.71051	0
3.056578e-06	1.71048	0
3.057641e-06	1.71045	0
3.058703e-06	1.71041	0
3.059766e-06	1.71038	0
3.060828e-06	1.71035	0
3.061891e-06	1.71031	0
3.062953e-06	1.71028	0
3.064016e-06	1.71025	0
3.065079e-06	1.71021	0
3.066141e-06	1.71018	0
3.067204e-06	1.71015	0
3.068266e-06	1.71011	0
3.069329e-06	1.71008	0
3.070391e-06	1.71004	0
3.071454e-06	1.71001	0
3.072517e-06	1.70998	0
3.073579e-06	1.70994	0
3.074642e-06	1.70991	0
3.075704e-06	1.70988	0
3.076767e-06	1.70984	0
3.077829e-06	1.70981	0
3.078892e-06	1.70978	0
3.079955e-06	1.70974	0
3.081017e-06	1.70971	0
3.082080e-06	1.70967	0
3.083142e-06	1.70964	0
3.084205e-06	1.70961	0
3.085267e-06	1.70957	0
3.086330e-06	1.70954	0
3.087393e-06	1.7095	0
3.088455e-06	1.70947	0
3.089518e-06	1.70944	0
3.090580e-06	1.7094	0
3.091643e-06	1.70937	0
3.092705e-06	1.70934	0
3.093768e-06	1.7093	0
3.094831e-06	1.70927	0
3.095893e-06	1.70923	0
3.096956e-06	1.7092	0
3.098018e-06	1.70917	0
3.099081e-06	1.70913	0
3.100143e-06	1.7091	0
3.101206e-06	1.70906	0
3.102269e-06	1.70903	0
3.103331e-06	1.709	0
3.104394e-06	1.70896	0
3.105456e-06	1.70893	0
3.106519e-06	1.70889	0
3.107581e-06	1.70886	0
3.108644e-06	1.70883	0
3.109707e-06	1.70879	0
3.110769e-06	1.70876	0
3.111832e-06	1.70872	0
3.112894e-06	1.70869	0
3.113957e-06	1.70865	0
3.115019e-06	1.70862	0
3.116082e-06	1.70859	0
3.117145e-06	1.70855	0
3.118207e-06	1.70852	0
3.119270e-06	1.70848	0
3.120332e-06	1.70845	0
3.121395e-06	1.70841	0
3.122457e-06	1.70838	0
3.123520e-06	1.70835	0
3.124583e-06	1.70831	0
3.125645e-06	1.70828	0
3.126708e-06	1.70824	0
3.127770e-06	1.70821	0
3.128833e-06	1.70817	0
3.129895e-06	1.70814	0
3.130958e-06	1.70811	0
3.132021e-06	1.70807	0
3.133083e-06	1.70804	0
3.134146e-06	1.708	0
3.135208e-06	1.70797	0
3.136271e-06	1.70793	0
3.137334e-06	1.7079	0
3.138396e-06	1.70786	0
3.139459e-06	1.70783	0
3.140521e-06	1.7078	0
3.141584e-06	1.70776	0
3.142646e-06	1.70773	0
3.143709e-06	1.70769	0
3.144772e-06	1.70766	0
3.145834e-06	1.70762	0
3.146897e-06	1.70759	0
3.147959e-06	1.70755	0
3.149022e-06	1.70752	0
3.150084e-06	1.70748	0
3.151147e-06	1.70745	0
3.152210e-06	1.70742	0
3.153272e-06	1.70738	0
3.154335e-06	1.70735	0
3.155397e-06	1.70731	0
3.156460e-06	1.70728	0
3.157522e-06	1.70724	0
3.158585e-06	1.70721	0
3.159648e-06	1.70717	0
3.160710e-06	1.70714	0
3.161773e-06	1.7071	0
3.162835e-06	1.70707	0
3.163898e-06	1.70703	0
3.164960e-06	1.707	0
3.166023e-06	1.70696	0
3.167086e-06	1.70693	0
3.168148e-06	1.70689	0
3.169211e-06	1.70686	0
3.170273e-06	1.70682	0
3.171336e-06	1.70679	0
3.172398e-06	1.70675	0
3.173461e-06	1.70672	0
3.174524e-06	1.70668	0
3.175586e-06	1.70665	0
3.176649e-06	1.70661	0
3.177711e-06	1.70658	0
3.178774e-06	1.70654	0
3.179836e-06	1.70651	0
3.180899e-06	1.70647	0
3.181962e-06	1.70644	0
3.183024e-06	1.7064	0
3.184087e-06	1.70637	0
3.185149e-06	1.70633	0
3.186212e-06	1.7063	0
3.187274e-06	1.70626	0
3.188337e-06	1.70623	0
3.189400e-06	1.70619	0
3.190462e-06	1.70616	0
3.191525e-06	1.70612	0
3.192587e-06	1.70609	0
3.193650e-06	1.70605	0
3.194712e-06	1.70602	0
3.195775e-06	1.70598	0
3.196838e-06	1.70595	0
3.197900e-06	1.70591	0
3.198963e-06	1.70588	0
3.200025e-06	1.70584	0
3.201088e-06	1.70581	0
3.202150e-06	1.70577	0
3.203213e-06	1.70574	0
3.204276e-06	1.7057	0
3.205338e-06	1.70567	0
3.206401e-06	1.70563	0
3.207463e-06	1.70559	0
3.208526e-06	1.70556	0
3.209588e-06	1.70552	0
3.210651e-06	1.70549	0
3.211714e-06	1.70545	0
3.212776e-06	1.70542	0
3.213839e-06	1.70538	0
3.214901e-06	1.70535	0
3.215964e-06	1.70531	0
3.217026e-06	1.70528	0
3.218089e-06	1.70524	0
3.219152e-06	1.70521	0
3.220214e-06	1.70517	0
3.221277e-06	1.70513	0
3.222339e-06	1.7051	0
3.223402e-06	1.70506	0
3.224464e-06	1.70503	0
3.225527e-06	1.70499	0
3.226590e-06	1.70496	0
3.227652e-06	1.70492	0
3.228715e-06	1.70488	0
3.229777e-06	1.70485	0
3.230840e-06	1.70481	0
3.231902e-06	1.70478	0
3.232965e-06	1.70474	0
3.234028e-06	1.70471	0
3.235090e-06	1.70467	0
3.236153e-06	1.70464	0
3.237215e-06	1.7046	0
3.238278e-06	1.70456	0
3.239340e-06	1.70453	0
3.240403e-06	1.70449	0
3.241466e-06	1.70446	0
3.242528e-06	1.70442	0
3.243591e-06	1.70438	0
3.244653e-06	1.70435	0
3.245716e-06	1.70431	0
3.246778e-06	1.70428	0
3.247841e-06	1.70424	0
3.248904e-06	1.70421	0
3.249966e-06	1.70417	0
3.251029e-06	1.70413	0
3.252091e-06	1.7041	0
3.253154e-06	1.70406	0
3.254216e-06	1.70403	0
3.255279e-06	1.70399	0
3.256342e-06	1.70395	0
3.257404e-06	1.70392	0
3.258467e-06	1.70388	0
3.259529e-06	1.70385	0
3.260592e-06	1.70381	0
3.261654e-06	1.70377	0
3.262717e-06	1.70374	0
3.263780e-06	1.7037	0
3.264842e-06	1.70367	0
3.265905e-06	1.70363	0
3.266967e-06	1.70359	0
3.268030e-06	1.70356	0
3.269092e-06	1.70352	0
3.270155e-06	1.70348	0
3.271218e-06	1.70345	0
3.272280e-06	1.70341	0
3.273343e-06	1.70338	0
3.274405e-06	1.70334	0
3.275468e-06	1.7033	0
3.276531e-06	1.70327	0
3.277593e-06	1.70323	0
3.278656e-06	1.70319	0
3.279718e-06	1.70316	0
3.280781e-06	1.70312	0
3.281843e-06	1.70309	0
3.282906e-06	1.70305	0
3.283969e-06	1.70301	0
3.285031e-06	1.70298	0
3.286094e-06	1.70294	0
3.287156e-06	1.7029	0
3.288219e-06	1.70287	0
3.289281e-06	1.70283	0
3.290344e-06	1.7028	0
3.291407e-06	1.70276	0
3.292469e-06	1.70272	0
3.293532e-06	1.70269	0
3.294594e-06	1.70265	0
3.295657e-06	1.70261	0
3.296719e-06	1.70258	0
3.297782e-06	1.70254	0
3.298845e-06	1.7025	0
3.299907e-06	1.70247	0
3.300970e-06	1.70243	0
3.302032e-06	1.70239	0
3.303095e-06	1.70236	0
3.304157e-06	1.70232	0
3.305220e-06	1.70228	0
3.306283e-06	1.70225	0
3.307345e-06	1.70221	0
3.308408e-06	1.70217	0
3.309470e-06	1.70214	0
3.310533e-06	1.7021	0
3.311595e-06	1.70206	0
3.312658e-06	1.70203	0
3.313721e-06	1.70199	0
3.314783e-06	1.70195	0
3.315846e-06	1.70192	0
3.316908e-06	1.70188	0
3.317971e-06	1.70184	0
3.319033e-06	1.70181	0
3.320096e-06	1.70177	0
3.321159e-06	1.70173	0
3.322221e-06	1.7017	0
3.323284e-06	1.70166	0
3.324346e-06	1.70162	0
3.325409e-06	1.70159	0
3.326471e-06	1.70155	0
3.327534e-06	1.70151	0
3.328597e-06	1.70147	0
3.329659e-06	1.70144	0
3.330722e-06	1.7014	0
3.331784e-06	1.70136	0
3.332847e-06	1.70133	0
3.333909e-06	1.70129	0
3.334972e-06	1.70125	0
3.336035e-06	1.70122	0
3.337097e-06	1.70118	0
3.338160e-06	1.70114	0
3.339222e-06	1.7011	0
3.340285e-06	1.70107	0
3.341347e-06	1.70103	0
3.342410e-06	1.70099	0
3.343473e-06	1.70096	0
3.344535e-06	1.70092	0
3.345598e-06	1.70088	0
3.346660e-06	1.70084	0
3.347723e-06	1.70081	0
3.348785e-06	1.70077	0
3.349848e-06	1.70073	0
3.350911e-06	1.7007	0
3.351973e-06	1.70066	0
3.353036e-06	1.70062	0
3.354098e-06	1.70058	0
3.355161e-06	1.70055	0
3.356223e-06	1.70051	0
3.357286e-06	1.70047	0
3.358349e-06	1.70044	0
3.359411e-06	1.7004	0
3.360474e-06	1.70036	0
3.361536e-06	1.70032	0
3.362599e-06	1.70029	0
3.363661e-06	1.70025	0
3.364724e-06	1.70021	0
3.365787e-06	1.70017	0
3.366849e-06	1.70014	0
3.367912e-06	1.7001	0
3.368974e-06	1.70006	0
3.370037e-06	1.70002	0
3.371099e-06	1.69999	0
3.372162e-06	1.69995	0
3.373225e-06	1.69991	0
3.374287e-06	1.69987	0
3.375350e-06	1.69984	0
3.376412e-06	1.6998	0
3.377475e-06	1.69976	0
3.378537e-06	1.69972	0
3.379600e-06	1.69969	0
3.380663e-06	1.69965	0
3.381725e-06	1.69961	0
3.382788e-06	1.69957	0
3.383850e-06	1.69954	0
3.384913e-06	1.6995	0
3.385975e-06	1.69946	0
3.387038e-06	1.69942	0
3.388101e-06	1.69938	0
3.389163e-06	1.69935	0
3.390226e-06	1.69931	0
3.391288e-06	1.69927	0
3.392351e-06	1.69923	0
3.393413e-06	1.6992	0
3.394476e-06	1.69916	0
3.395539e-06	1.69912	0
3.396601e-06	1.69908	0
3.397664e-06	1.69904	0
3.398726e-06	1.69901	0
3.399789e-06	1.69897	0
3.400851e-06	1.69893	0
3.401914e-06	1.69889	0
3.402977e-06	1.69886	0
3.404039e-06	1.69882	0
3.405102e-06	1.69878	0
3.406164e-06	1.69874	0
3.407227e-06	1.6987	0
3.408289e-06	1.69867	0
3.409352e-06	1.69863	0
3.410415e-06	1.69859	0
3.411477e-06	1.69855	0
3.412540e-06	1.69851	0
3.413602e-06	1.69848	0
3.414665e-06	1.69844	0
3.415728e-06	1.6984	0
3.416790e-06	1.69836	0
3.417853e-06	1.69832	0
3.418915e-06	1.69829	0
3.419978e-06	1.69825	0
3.421040e-06	1.69821	0
3.422103e-06	1.69817	0
3.423166e-06	1.69813	0
3.424228e-06	1.69809	0
3.425291e-06	1.69806	0
3.426353e-06	1.69802	0
3.427416e-06	1.69798	0
3.428478e-06	1.69794	0
3.429541e-06	1.6979	0
3.430604e-06	1.69787	0
3.431666e-06	1.69783	0
3.432729e-06	1.69779	0
3.433791e-06	1.69775	0
3.434854e-06	1.69771	0
3.435916e-06	1.69767	0
3.436979e-06	1.69764	0
3.438042e-06	1.6976	0
3.439104e-06	1.69756	0
3.440167e-06	1.69752	0
3.441229e-06	1.69748	0
3.442292e-06	1.69744	0
3.443354e-06	1.6974	0
3.444417e-06	1.69737	0
3.445480e-06	1.69733	0
3.446542e-06	1.69729	0
3.447605e-06	1.69725	0
3.448667e-06	1.69721	0
3.449730e-06	1.69717	0
3.450792e-06	1.69714	0
3.451855e-06	1.6971	0
3.452918e-06	1.69706	0
3.453980e-06	1.69702	0
3.455043e-06	1.69698	0
3.456105e-06	1.69694	0
3.457168e-06	1.6969	0
3.458230e-06	1.69687	0
3.459293e-06	1.69683	0
3.460356e-06	1.69679	0
3.461418e-06	1.69675	0
3.462481e-06	1.69671	0
3.463543e-06	1.69667	0
3.464606e-06	1.69663	0
3.465668e-06	1.69659	0
3.466731e-06	1.69656	0
3.467794e-06	1.69652	0
3.468856e-06	1.69648	0
3.469919e-06	1.69644	0
3.470981e-06	1.6964	0
3.472044e-06	1.69636	0
3.473106e-06	1.69632	0
3.474169e-06	1.69628	0
3.475232e-06	1.69625	0
3.476294e-06	1.69621	0
3.477357e-06	1.69617	0
3.478419e-06	1.69613	0
3.479482e-06	1.69609	0
3.480544e-06	1.69605	0
3.481607e-06	1.69601	0
3.482670e-06	1.69597	0
3.483732e-06	1.69593	0
3.484795e-06	1.69589	0
3.485857e-06	1.69586	0
3.486920e-06	1.69582	0
3.487982e-06	1.69578	0
3.489045e-06	1.69574	0
3.490108e-06	1.6957	0
3.491170e-06	1.69566	0
3.492233e-06	1.69562	0
3.493295e-06	1.69558	0
3.494358e-06	1.69554	0
3.495420e-06	1.6955	0
3.496483e-06	1.69546	0
3.497546e-06	1.69543	0
3.498608e-06	1.69539	0
3.499671e-06	1.69535	0
3.500733e-06	1.69531	0
3.501796e-06	1.69527	0
3.502858e-06	1.69523	0
3.503921e-06	1.69519	0
3.504984e-06	1.69515	0
3.506046e-06	1.69511	0
3.507109e-06	1.69507	0
3.508171e-06	1.69503	0
3.509234e-06	1.69499	0
3.510296e-06	1.69495	0
3.511359e-06	1.69492	0
3.512422e-06	1.69488	0
3.513484e-06	1.69484	0
3.514547e-06	1.6948	0
3.515609e-06	1.69476	0
3.516672e-06	1.69472	0
3.517734e-06	1.69468	0
3.518797e-06	1.69464	0
3.519860e-06	1.6946	0
3.520922e-06	1.69456	0
3.521985e-06	1.69452	0
3.523047e-06	1.69448	0
3.524110e-06	1.69444	0
3.525172e-06	1.6944	0
3.526235e-06	1.69436	0
3.527298e-06	1.69432	0
3.528360e-06	1.69428	0
3.529423e-06	1.69424	0
3.530485e-06	1.6942	0
3.531548e-06	1.69416	0
3.532610e-06	1.69413	0
3.533673e-06	1.69409	0
3.534736e-06	1.69405	0
3.535798e-06	1.69401	0
3.536861e-06	1.69397	0
3.537923e-06	1.69393	0
3.538986e-06	1.69389	0
3.540048e-06	1.69385	0
3.541111e-06	1.69381	0
3.542174e-06	1.69377	0
3.543236e-06	1.69373	0
3.544299e-06	1.69369	0
3.545361e-06	1.69365	0
3.546424e-06	1.69361	0
3.547486e-06	1.69357	0
3.548549e-06	1.69353	0
3.549612e-06	1.69349	0
3.550674e-06	1.69345	0
3.551737e-06	1.69341	0
3.552799e-06	1.69337	0
3.553862e-06	1.69333	0
3.554925e-06	1.69329	0
3.555987e-06	1.69325	0
3.557050e-06	1.69321	0
3.558112e-06	1.69317	0
3.559175e-06	1.69313	0
3.560237e-06	1.69309	0
3.561300e-06	1.69305	0
3.562363e-06	1.69301	0
3.563425e-06	1.69297	0
3.564488e-06	1.69293	0
3.565550e-06	1.69289	0
3.566613e-06	1.69285	0
3.567675e-06	1.69281	0
3.568738e-06	1.69277	0
3.569801e-06	1.69273	0
3.570863e-06	1.69269	0
3.571926e-06	1.69265	0
3.572988e-06	1.69261	0
3.574051e-06	1.69257	0
3.575113e-06	1.69253	0
3.576176e-06	1.69249	0
3.577239e-06	1.69245	0
3.578301e-06	1.69241	0
3.579364e-06	1.69237	0
3.580426e-06	1.69233	0
3.581489e-06	1.69229	0
3.582551e-06	1.69225	0
3.583614e-06	1.69221	0
3.584677e-06	1.69216	0
3.585739e-06	1.69212	0
3.586802e-06	1.69208	0
3.587864e-06	1.69204	0
3.588927e-06	1.692	0
3.589989e-06	1.69196	0
3.591052e-06	1.69192	0
3.592115e-06	1.69188	0
3.593177e-06	1.69184	0
3.594240e-06	1.6918	0
3.595302e-06	1.69176	0
3.596365e-06	1.69172	0
3.597427e-06	1.69168	0
3.598490e-06	1.69164	0
3.599553e-06	1.6916	0
3.600615e-06	1.69156	0
3.601678e-06	1.69152	0
3.602740e-06	1.69148	0
3.603803e-06	1.69144	0
3.604865e-06	1.6914	0
3.605928e-06	1.69135	0
3.606991e-06	1.69131	0
3.608053e-06	1.69127	0
3.609116e-06	1.69123	0
3.610178e-06	1.69119	0
3.611241e-06	1.69115	0
3.612303e-06	1.69111	0
3.613366e-06	1.69107	0
3.614429e-06	1.69103	0
3.615491e-06	1.69099	0
3.616554e-06	1.69095	0
3.617616e-06	1.69091	0
3.618679e-06	1.69087	0
3.619741e-06	1.69082	0
3.620804e-06	1.69078	0
3.621867e-06	1.69074	0
3.622929e-06	1.6907	0
3.623992e-06	1.69066	0
3.625054e-06	1.69062	0
3.626117e-06	1.69058	0
3.627179e-06	1.69054	0
3.628242e-06	1.6905	0
3.629305e-06	1.69046	0
3.630367e-06	1.69042	0
3.631430e-06	1.69037	0
3.632492e-06	1.69033	0
3.633555e-06	1.69029	0
3.634617e-06	1.69025	0
3.635680e-06	1.69021	0
3.636743e-06	1.69017	0
3.637805e-06	1.69013	0
3.638868e-06	1.69009	0
3.639930e-06	1.69005	0
3.640993e-06	1.69	0
3.642055e-06	1.68996	0
3.643118e-06	1.68992	0
3.644181e-06	1.68988	0
3.645243e-06	1.68984	0
3.646306e-06	1.6898	0
3.647368e-06	1.68976	0
3.648431e-06	1.68972	0
3.649493e-06	1.68968	0
3.650556e-06	1.68963	0
3.651619e-06	1.68959	0
3.652681e-06	1.68955	0
3.653744e-06	1.68951	0
3.654806e-06	1.68947	0
3.655869e-06	1.68943	0
3.656931e-06	1.68939	0
3.657994e-06	1.68934	0
3.659057e-06	1.6893	0
3.660119e-06	1.68926	0
3.661182e-06	1.68922	0
3.662244e-06	1.68918	0
3.663307e-06	1.68914	0
3.664369e-06	1.6891	0
3.665432e-06	1.68905	0
3.666495e-06	1.68901	0
3.667557e-06	1.68897	0
3.668620e-06	1.68893	0
3.669682e-06	1.68889	0
3.670745e-06	1.68885	0
3.671807e-06	1.68881	0
3.672870e-06	1.68876	0
3.673933e-06	1.68872	0
3.674995e-06	1.68868	0
3.676058e-06	1.68864	0
3.677120e-06	1.6886	0
3.678183e-06	1.68856	0
3.679245e-06	1.68851	0
3.680308e-06	1.68847	0
3.681371e-06	1.68843	0
3.682433e-06	1.68839	0
3.683496e-06	1.68835	0
3.684558e-06	1.68831	0
3.685621e-06	1.68826	0
3.686683e-06	1.68822	0
3.687746e-06	1.68818	0
3.688809e-06	1.68814	0
3.689871e-06	1.6881	0
3.690934e-06	1.68805	0
3.691996e-06	1.68801	0
3.693059e-06	1.68797	0
3.694122e-06	1.68793	0
3.695184e-06	1.68789	0
3.696247e-06	1.68785	0
3.697309e-06	1.6878	0
3.698372e-06	1.68776	0
3.699434e-06	1.68772	0
3.700497e-06	1.68768	0
3.701560e-06	1.68764	0
3.702622e-06	1.68759	0
3.703685e-06	1.68755	0
3.704747e-06	1.68751	0
3.705810e-06	1.68747	0
3.706872e-06	1.68743	0
3.707935e-06	1.68738	0
3.708998e-06	1.68734	0
3.710060e-06	1.6873	0
3.711123e-06	1.68726	0
3.712185e-06	1.68721	0
3.713248e-06	1.68717	0
3.714310e-06	1.68713	0
3.715373e-06	1.68709	0
3.716436e-06	1.68705	0
3.717498e-06	1.687	0
3.718561e-06	1.68696	0
3.719623e-06	1.68692	0
3.720686e-06	1.68688	0
3.721748e-06	1.68683	0
3.722811e-06	1.68679	0
3.723874e-06	1.68675	0
3.724936e-06	1.68671	0
3.725999e-06	1.68667	0
3.727061e-06	1.68662	0
3.728124e-06	1.68658	0
3.729186e-06	1.68654	0
3.730249e-06	1.6865	0
3.731312e-06	1.68645	0
3.732374e-06	1.68641	0
3.733437e-06	1.68637	0
3.734499e-06	1.68633	0
3.735562e-06	1.68628	0
3.736624e-06	1.68624	0
3.737687e-06	1.6862	0
3.738750e-06	1.68616	0
3.739812e-06	1.68611	0
3.740875e-06	1.68607	0
3.741937e-06	1.68603	0
3.743000e-06	1.68599	0
3.744062e-06	1.68594	0
3.745125e-06	1.6859	0
3.746188e-06	1.68586	0
3.747250e-06	1.68582	0
3.748313e-06	1.68577	0
3.749375e-06	1.68573	0
3.750438e-06	1.68569	0
3.751500e-06	1.68565	0
3.752563e-06	1.6856	0
3.753626e-06	1.68556	0
3.754688e-06	1.68552	0
3.755751e-06	1.68547	0
3.756813e-06	1.68543	0
3.757876e-06	1.68539	0
3.758938e-06	1.68535	0
3.760001e-06	1.6853	0
3.761064e-06	1.68526	0
3.762126e-06	1.68522	0
3.763189e-06	1.68517	0
3.764251e-06	1.68513	0
3.765314e-06	1.68509	0
3.766376e-06	1.68505	0
3.767439e-06	1.685	0
3.768502e-06	1.68496	0
3.769564e-06	1.68492	0
3.770627e-06	1.68487	0
3.771689e-06	1.68483	0
3.772752e-06	1.68479	0
3.773814e-06	1.68474	0
3.774877e-06	1.6847	0
3.775940e-06	1.68466	0
3.777002e-06	1.68462	0
3.778065e-06	1.68457	0
3.779127e-06	1.68453	0
3.780190e-06	1.68449	0
3.781252e-06	1.68444	0
3.782315e-06	1.6844	0
3.783378e-06	1.68436	0
3.784440e-06	1.68431	0
3.785503e-06	1.68427	0
3.786565e-06	1.68423	0
3.787628e-06	1.68418	0
3.788690e-06	1.68414	0
3.789753e-06	1.6841	0
3.790816e-06	1.68405	0
3.791878e-06	1.68401	0
3.792941e-06	1.68397	0
3.794003e-06	1.68392	0
3.795066e-06	1.68388	0
3.796128e-06	1.68384	0
3.797191e-06	1.68379	0
3.798254e-06	1.68375	0
3.799316e-06	1.68371	0
3.800379e-06	1.68366	0
3.801441e-06	1.68362	0
3.802504e-06	1.68358	0
3.803566e-06	1.68353	0
3.804629e-06	1.68349	0
3.805692e-06	1.68345	0
3.806754e-06	1.6834	0
3.807817e-06	1.68336	0
3.808879e-06	1.68332	0
3.809942e-06	1.68327	0
3.811004e-06	1.68323	0
3.812067e-06	1.68319	0
3.813130e-06	1.68314	0
3.814192e-06	1.6831	0
3.815255e-06	1.68306	0
3.816317e-06	1.68301	0
3.817380e-06	1.68297	0
3.818442e-06	1.68292	0
3.819505e-06	1.68288	0
3.820568e-06	1.68284	0
3.821630e-06	1.68279	0
3.822693e-06	1.68275	0
3.823755e-06	1.68271	0
3.824818e-06	1.68266	0
3.825880e-06	1.68262	0
3.826943e-06	1.68257	0
3.828006e-06	1.68253	0
3.829068e-06	1.68249	0
3.830131e-06	1.68244	0
3.831193e-06	1.6824	0
3.832256e-06	1.68236	0
3.833319e-06	1.68231	0
3.834381e-06	1.68227	0
3.835444e-06	1.68222	0
3.836506e-06	1.68218	0
3.837569e-06	1.68214	0
3.838631e-06	1.68209	0
3.839694e-06	1.68205	0
3.840757e-06	1.682	0
3.841819e-06	1.68196	0
3.842882e-06	1.68192	0
3.843944e-06	1.68187	0
3.845007e-06	1.68183	0
3.846069e-06	1.68178	0
3.847132e-06	1.68174	0
3.848195e-06	1.6817	0
3.849257e-06	1.68165	0
3.850320e-06	1.68161	0
3.851382e-06	1.68156	0
3.852445e-06	1.68152	0
3.853507e-06	1.68148	0
3.854570e-06	1.68143	0
3.855633e-06	1.68139	0
3.856695e-06	1.68134	0
3.857758e-06	1.6813	0
3.858820e-06	1.68125	0
3.859883e-06	1.68121	0
3.860945e-06	1.68117	0
3.862008e-06	1.68112	0
3.863071e-06	1.68108	0
3.864133e-06	1.68103	0
3.865196e-06	1.68099	0
3.866258e-06	1.68094	0
3.867321e-06	1.6809	0
3.868383e-06	1.68086	0
3.869446e-06	1.68081	0
3.870509e-06	1.68077	0
3.871571e-06	1.68072	0
3.872634e-06	1.68068	0
3.873696e-06	1.68063	0
3.874759e-06	1.68059	0
3.875821e-06	1.68054	0
3.876884e-06	1.6805	0
3.877947e-06	1.68046	0
3.879009e-06	1.68041	0
3.880072e-06	1.68037	0
3.881134e-06	1.68032	0
3.882197e-06	1.68028	0
3.883259e-06	1.68023	0
3.884322e-06	1.68019	0
3.885385e-06	1.68014	0
3.886447e-06	1.6801	0
3.887510e-06	1.68005	0
3.888572e-06	1.68001	0
3.889635e-06	1.67996	0
3.890697e-06	1.67992	0
3.891760e-06	1.67987	0
3.892823e-06	1.67983	0
3.893885e-06	1.67979	0
3.894948e-06	1.67974	0
3.896010e-06	1.6797	0
3.897073e-06	1.67965	0
3.898135e-06	1.67961	0
3.899198e-06	1.67956	0
3.900261e-06	1.67952	0
3.901323e-06	1.67947	0
3.902386e-06	1.67943	0
3.903448e-06	1.67938	0
3.904511e-06	1.67934	0
3.905573e-06	1.67929	0
3.906636e-06	1.67925	0
3.907699e-06	1.6792	0
3.908761e-06	1.67916	0
3.909824e-06	1.67911	0
3.910886e-06	1.67907	0
3.911949e-06	1.67902	0
3.913011e-06	1.67898	0
3.914074e-06	1.67893	0
3.915137e-06	1.67889	0
3.916199e-06	1.67884	0
3.917262e-06	1.6788	0
3.918324e-06	1.67875	0
3.919387e-06	1.67871	0
3.920449e-06	1.67866	0
3.921512e-06	1.67862	0
3.922575e-06	1.67857	0
3.923637e-06	1.67853	0
3.924700e-06	1.67848	0
3.925762e-06	1.67844	0
3.926825e-06	1.67839	0
3.927887e-06	1.67835	0
3.928950e-06	1.6783	0
3.930013e-06	1.67825	0
3.931075e-06	1.67821	0
3.932138e-06	1.67816	0
3.933200e-06	1.67812	0
3.934263e-06	1.67807	0
3.935325e-06	1.67803	0
3.936388e-06	1.67798	0
3.937451e-06	1.67794	0
3.938513e-06	1.67789	0
3.939576e-06	1.67785	0
3.940638e-06	1.6778	0
3.941701e-06	1.67776	0
3.942763e-06	1.67771	0
3.943826e-06	1.67766	0
3.944889e-06	1.67762	0
3.945951e-06	1.67757	0
3.947014e-06	1.67753	0
3.948076e-06	1.67748	0
3.949139e-06	1.67744	0
3.950201e-06	1.67739	0
3.951264e-06	1.67735	0
3.952327e-06	1.6773	0
3.953389e-06	1.67725	0
3.954452e-06	1.67721	0
3.955514e-06	1.67716	0
3.956577e-06	1.67712	0
3.957639e-06	1.67707	0
3.958702e-06	1.67703	0
3.959765e-06	1.67698	0
3.960827e-06	1.67693	0
3.961890e-06	1.67689	0
3.962952e-06	1.67684	0
3.964015e-06	1.6768	0
3.965077e-06	1.67675	0
3.966140e-06	1.67671	0
3.967203e-06	1.67666	0
3.968265e-06	1.67661	0
3.969328e-06	1.67657	0
3.970390e-06	1.67652	0
3.971453e-06	1.67648	0
3.972516e-06	1.67643	0
3.973578e-06	1.67638	0
3.974641e-06	1.67634	0
3.975703e-06	1.67629	0
3.976766e-06	1.67625	0
3.977828e-06	1.6762	0
3.978891e-06	1.67615	0
3.979954e-06	1.67611	0
3.981016e-06	1.67606	0
3.982079e-06	1.67602	0
3.983141e-06	1.67597	0
3.984204e-06	1.67592	0
3.985266e-06	1.67588	0
3.986329e-06	1.67583	0
3.987392e-06	1.67579	0
3.988454e-06	1.67574	0
3.989517e-06	1.67569	0
3.990579e-06	1.67565	0
3.991642e-06	1.6756	0
3.992704e-06	1.67555	0
3.993767e-06	1.67551	0
3.994830e-06	1.67546	0
3.995892e-06	1.67542	0
3.996955e-06	1.67537	0
3.998017e-06	1.67532	0
3.999080e-06	1.67528	0
4.000142e-06	1.67523	0
4.001205e-06	1.67518	0
4.002268e-06	1.67514	0
4.003330e-06	1.67509	0
4.004393e-06	1.67504	0
4.005455e-06	1.675	0
4.006518e-06	1.67495	0
4.007580e-06	1.67491	0
4.008643e-06	1.67486	0
4.009706e-06	1.67481	0
4.010768e-06	1.67477	0
4.011831e-06	1.67472	0
4.012893e-06	1.67467	0
4.013956e-06	1.67463	0
4.015018e-06	1.67458	0
4.016081e-06	1.67453	0
4.017144e-06	1.67449	0
4.018206e-06	1.67444	0
4.019269e-06	1.67439	0
4.020331e-06	1.67435	0
4.021394e-06	1.6743	0
4.022456e-06	1.67425	0
4.023519e-06	1.67421	0
4.024582e-06	1.67416	0
4.025644e-06	1.67411	0
4.026707e-06	1.67407	0
4.027769e-06	1.67402	0
4.028832e-06	1.67397	0
4.029894e-06	1.67393	0
4.030957e-06	1.67388	0
4.032020e-06	1.67383	0
4.033082e-06	1.67379	0
4.034145e-06	1.67374	0
4.035207e-06	1.67369	0
4.036270e-06	1.67365	0
4.037332e-06	1.6736	0
4.038395e-06	1.67355	0
4.039458e-06	1.6735	0
4.040520e-06	1.67346	0
4.041583e-06	1.67341	0
4.042645e-06	1.67336	0
4.043708e-06	1.67332	0
4.044770e-06	1.67327	0
4.045833e-06	1.67322	0
4.046896e-06	1.67318	0
4.047958e-06	1.67313	0
4.049021e-06	1.67308	0
4.050083e-06	1.67303	0
4.051146e-06	1.67299	0
4.052208e-06	1.67294	0
4.053271e-06	1.67289	0
4.054334e-06	1.67285	0
4.055396e-06	1.6728	0
4.056459e-06	1.67275	0
4.057521e-06	1.6727	0
4.058584e-06	1.67266	0
4.059646e-06	1.67261	0
4.060709e-06	1.67256	0
4.061772e-06	1.67252	0
4.062834e-06	1.67247	0
4.063897e-06	1.67242	0
4.064959e-06	1.67237	0
4.066022e-06	1.67233	0
4.067084e-06	1.67228	0
4.068147e-06	1.67223	0
4.069210e-06	1.67218	0
4.070272e-06	1.67214	0
4.071335e-06	1.67209	0
4.072397e-06	1.67204	0
4.073460e-06	1.67199	0
4.074522e-06	1.67195	0
4.075585e-06	1.6719	0
4.076648e-06	1.67185	0
4.077710e-06	1.6718	0
4.078773e-06	1.67176	0
4.079835e-06	1.67171	0
4.080898e-06	1.67166	0
4.081960e-06	1.67161	0
4.083023e-06	1.67157	0
4.084086e-06	1.67152	0
4.085148e-06	1.67147	0
4.086211e-06	1.67142	0
4.087273e-06	1.67138	0
4.088336e-06	1.67133	0
4.089398e-06	1.67128	0
4.090461e-06	1.67123	0
4.091524e-06	1.67119	0
4.092586e-06	1.67114	0
4.093649e-06	1.67109	0
4.094711e-06	1.67104	0
4.095774e-06	1.67099	0
4.096836e-06	1.67095	0
4.097899e-06	1.6709	0
4.098962e-06	1.67085	0
4.100024e-06	1.6708	0
4.101087e-06	1.67076	0
4.102149e-06	1.67071	0
4.103212e-06	1.67066	0
4.104274e-06	1.67061	0
4.105337e-06	1.67056	0
4.106400e-06	1.67052	0
4.107462e-06	1.67047	0
4.108525e-06	1.67042	0
4.109587e-06	1.67037	0
4.110650e-06	1.67032	0
4.111713e-06	1.67028	0
4.112775e-06	1.67023	0
4.113838e-06	1.67018	0
4.114900e-06	1.67013	0
4.115963e-06	1.67008	0
4.117025e-06	1.67003	0
4.118088e-06	1.66999	0
4.119151e-06	1.66994	0
4.120213e-06	1.66989	0
4.121276e-06	1.66984	0
4.122338e-06	1.66979	0
4.123401e-06	1.66975	0
4.124463e-06	1.6697	0
4.125526e-06	1.66965	0
4.126589e-06	1.6696	0
4.127651e-06	1.66955	0
4.128714e-06	1.6695	0
4.129776e-06	1.66946	0
4.130839e-06	1.66941	0
4.131901e-06	1.66936	0
4.132964e-06	1.66931	0
4.134027e-06	1.66926	0
4.135089e-06	1.66921	0
4.136152e-06	1.66917	0
4.137214e-06	1.66912	0
4.138277e-06	1.66907	0
4.139339e-06	1.66902	0
4.140402e-06	1.66897	0
4.141465e-06	1.66892	0
4.142527e-06	1.66888	0
4.143590e-06	1.66883	0
4.144652e-06	1.66878	0
4.145715e-06	1.66873	0
4.146777e-06	1.66868	0
4.147840e-06	1.66863	0
4.148903e-06	1.66858	0
4.149965e-06	1.66854	0
4.151028e-06	1.66849	0
4.152090e-06	1.66844	0
4.153153e-06	1.66839	0
4.154215e-06	1.66834	0
4.155278e-06	1.66829	0
4.156341e-06	1.66824	0
4.157403e-06	1.66819	0
4.158466e-06	1.66815	0
4.159528e-06	1.6681	0
4.160591e-06	1.66805	0
4.161653e-06	1.668	0
4.162716e-06	1.66795	0
4.163779e-06	1.6679	0
4.164841e-06	1.66785	0
4.165904e-06	1.6678	0
4.166966e-06	1.66775	0
4.168029e-06	1.66771	0
4.169091e-06	1.66766	0
4.170154e-06	1.66761	0
4.171217e-06	1.66756	0
4.172279e-06	1.66751	0
4.173342e-06	1.66746	0
4.174404e-06	1.66741	0
4.175467e-06	1.66736	0
4.176529e-06	1.66731	0
4.177592e-06	1.66727	0
4.178655e-06	1.66722	0
4.179717e-06	1.66717	0
4.180780e-06	1.66712	0
4.181842e-06	1.66707	0
4.182905e-06	1.66702	0
4.183967e-06	1.66697	0
4.185030e-06	1.66692	0
4.186093e-06	1.66687	0
4.187155e-06	1.66682	0
4.188218e-06	1.66677	0
4.189280e-06	1.66672	0
4.190343e-06	1.66668	0
4.191405e-06	1.66663	0
4.192468e-06	1.66658	0
4.193531e-06	1.66653	0
4.194593e-06	1.66648	0
4.195656e-06	1.66643	0
4.196718e-06	1.66638	0
4.197781e-06	1.66633	0
4.198843e-06	1.66628	0
4.199906e-06	1.66623	0
4.200969e-06	1.66618	0
4.202031e-06	1.66613	0
4.203094e-06	1.66608	0
4.204156e-06	1.66603	0
4.205219e-06	1.66598	0
4.206281e-06	1.66593	0
4.207344e-06	1.66588	0
4.208407e-06	1.66584	0
4.209469e-06	1.66579	0
4.210532e-06	1.66574	0
4.211594e-06	1.66569	0
4.212657e-06	1.66564	0
4.213719e-06	1.66559	0
4.214782e-06	1.66554	0
4.215845e-06	1.66549	0
4.216907e-06	1.66544	0
4.217970e-06	1.66539	0
4.219032e-06	1.66534	0
4.220095e-06	1.66529	0
4.221157e-06	1.66524	0
4.222220e-06	1.66519	0
4.223283e-06	1.66514	0
4.224345e-06	1.66509	0
4.225408e-06	1.66504	0
4.226470e-06	1.66499	0
4.227533e-06	1.66494	0
4.228595e-06	1.66489	0
4.229658e-06	1.66484	0
4.230721e-06	1.66479	0
4.231783e-06	1.66474	0
4.232846e-06	1.66469	0
4.233908e-06	1.66464	0
4.234971e-06	1.66459	0
4.236033e-06	1.66454	0
4.237096e-06	1.66449	0
4.238159e-06	1.66444	0
4.239221e-06	1.66439	0
4.240284e-06	1.66434	0
4.241346e-06	1.66429	0
4.242409e-06	1.66424	0
4.243471e-06	1.66419	0
4.244534e-06	1.66414	0
4.245597e-06	1.66409	0
4.246659e-06	1.66404	0
4.247722e-06	1.66399	0
4.248784e-06	1.66394	0
4.249847e-06	1.66389	0
4.250910e-06	1.66384	0
4.251972e-06	1.66379	0
4.253035e-06	1.66374	0
4.254097e-06	1.66369	0
4.255160e-06	1.66364	0
4.256222e-06	1.66359	0
4.257285e-06	1.66354	0
4.258348e-06	1.66349	0
4.259410e-06	1.66344	0
4.260473e-06	1.66339	0
4.261535e-06	1.66334	0
4.262598e-06	1.66329	0
4.263660e-06	1.66324	0
4.264723e-06	1.66319	0
4.265786e-06	1.66313	0
4.266848e-06	1.66308	0
4.267911e-06	1.66303	0
4.268973e-06	1.66298	0
4.270036e-06	1.66293	0
4.271098e-06	1.66288	0
4.272161e-06	1.66283	0
4.273224e-06	1.66278	0
4.274286e-06	1.66273	0
4.275349e-06	1.66268	0
4.276411e-06	1.66263	0
4.277474e-06	1.66258	0
4.278536e-06	1.66253	0
4.279599e-06	1.66248	0
4.280662e-06	1.66243	0
4.281724e-06	1.66238	0
4.282787e-06	1.66233	0
4.283849e-06	1.66227	0
4.284912e-06	1.66222	0
4.285974e-06	1.66217	0
4.287037e-06	1.66212	0
4.288100e-06	1.66207	0
4.289162e-06	1.66202	0
4.290225e-06	1.66197	0
4.291287e-06	1.66192	0
4.292350e-06	1.66187	0
4.293412e-06	1.66182	0
4.294475e-06	1.66177	0
4.295538e-06	1.66172	0
4.296600e-06	1.66166	0
4.297663e-06	1.66161	0
4.298725e-06	1.66156	0
4.299788e-06	1.66151	0
4.300850e-06	1.66146	0
4.301913e-06	1.66141	0
4.302976e-06	1.66136	0
4.304038e-06	1.66131	0
4.305101e-06	1.66126	0
4.306163e-06	1.6612	0
4.307226e-06	1.66115	0
4.308288e-06	1.6611	0
4.309351e-06	1.66105	0
4.310414e-06	1.661	0
4.311476e-06	1.66095	0
4.312539e-06	1.6609	0
4.313601e-06	1.66085	0
4.314664e-06	1.6608	0
4.315726e-06	1.66074	0
4.316789e-06	1.66069	0
4.317852e-06	1.66064	0
4.318914e-06	1.66059	0
4.319977e-06	1.66054	0
4.321039e-06	1.66049	0
4.322102e-06	1.66044	0
4.323164e-06	1.66039	0
4.324227e-06	1.66033	0
4.325290e-06	1.66028	0
4.326352e-06	1.66023	0
4.327415e-06	1.66018	0
4.328477e-06	1.66013	0
4.329540e-06	1.66008	0
4.330602e-06	1.66002	0
4.331665e-06	1.65997	0
4.332728e-06	1.65992	0
4.333790e-06	1.65987	0
4.334853e-06	1.65982	0
4.335915e-06	1.65977	0
4.336978e-06	1.65972	0
4.338040e-06	1.65966	0
4.339103e-06	1.65961	0
4.340166e-06	1.65956	0
4.341228e-06	1.65951	0
4.342291e-06	1.65946	0
4.343353e-06	1.65941	0
4.344416e-06	1.65935	0
4.345478e-06	1.6593	0
4.346541e-06	1.65925	0
4.347604e-06	1.6592	0
4.348666e-06	1.65915	0
4.349729e-06	1.6591	0
4.350791e-06	1.65904	0
4.351854e-06	1.65899	0
4.352916e-06	1.65894	0
4.353979e-06	1.65889	0
4.355042e-06	1.65884	0
4.356104e-06	1.65878	0
4.357167e-06	1.65873	0
4.358229e-06	1.65868	0
4.359292e-06	1.65863	0
4.360354e-06	1.65858	0
4.361417e-06	1.65852	0
4.362480e-06	1.65847	0
4.363542e-06	1.65842	0
4.364605e-06	1.65837	0
4.365667e-06	1.65832	0
4.366730e-06	1.65826	0
4.367792e-06	1.65821	0
4.368855e-06	1.65816	0
4.369918e-06	1.65811	0
4.370980e-06	1.65806	0
4.372043e-06	1.658	0
4.373105e-06	1.65795	0
4.374168e-06	1.6579	0
4.375230e-06	1.65785	0
4.376293e-06	1.65779	0
4.377356e-06	1.65774	0
4.378418e-06	1.65769	0
4.379481e-06	1.65764	0
4.380543e-06	1.65759	0
4.381606e-06	1.65753	0
4.382668e-06	1.65748	0
4.383731e-06	1.65743	0
4.384794e-06	1.65738	0
4.385856e-06	1.65732	0
4.386919e-06	1.65727	0
4.387981e-06	1.65722	0
4.389044e-06	1.65717	0
4.390107e-06	1.65711	0
4.391169e-06	1.65706	0
4.392232e-06	1.65701	0
4.393294e-06	1.65696	0
4.394357e-06	1.6569	0
4.395419e-06	1.65685	0
4.396482e-06	1.6568	0
4.397545e-06	1.65675	0
4.398607e-06	1.65669	0
4.399670e-06	1.65664	0
4.400732e-06	1.65659	0
4.401795e-06	1.65654	0
4.402857e-06	1.65648	0
4.403920e-06	1.65643	0
4.404983e-06	1.65638	0
4.406045e-06	1.65632	0
4.407108e-06	1.65627	0
4.408170e-06	1.65622	0
4.409233e-06	1.65617	0
4.410295e-06	1.65611	0
4.411358e-06	1.65606	0
4.412421e-06	1.65601	0
4.413483e-06	1.65595	0
4.414546e-06	1.6559	0
4.415608e-06	1.65585	0
4.416671e-06	1.6558	0
4.417733e-06	1.65574	0
4.418796e-06	1.65569	0
4.419859e-06	1.65564	0
4.420921e-06	1.65558	0
4.421984e-06	1.65553	0
4.423046e-06	1.65548	0
4.424109e-06	1.65543	0
4.425171e-06	1.65537	0
4.426234e-06	1.65532	0
4.427297e-06	1.65527	0
4.428359e-06	1.65521	0
4.429422e-06	1.65516	0
4.430484e-06	1.65511	0
4.431547e-06	1.65505	0
4.432609e-06	1.655	0
4.433672e-06	1.65495	0
4.434735e-06	1.65489	0
4.435797e-06	1.65484	0
4.436860e-06	1.65479	0
4.437922e-06	1.65473	0
4.438985e-06	1.65468	0
4.440047e-06	1.65463	0
4.441110e-06	1.65457	0
4.442173e-06	1.65452	0
4.443235e-06	1.65447	0
4.444298e-06	1.65441	0
4.445360e-06	1.65436	0
4.446423e-06	1.65431	0
4.447485e-06	1.65425	0
4.448548e-06	1.6542	0
4.449611e-06	1.65415	0
4.450673e-06	1.65409	0
4.451736e-06	1.65404	0
4.452798e-06	1.65399	0
4.453861e-06	1.65393	0
4.454923e-06	1.65388	0
4.455986e-06	1.65383	0
4.457049e-06	1.65377	0
4.458111e-06	1.65372	0
4.459174e-06	1.65367	0
4.460236e-06	1.65361	0
4.461299e-06	1.65356	0
4.462361e-06	1.6535	0
4.463424e-06	1.65345	0
4.464487e-06	1.6534	0
4.465549e-06	1.65334	0
4.466612e-06	1.65329	0
4.467674e-06	1.65324	0
4.468737e-06	1.65318	0
4.469799e-06	1.65313	0
4.470862e-06	1.65307	0
4.471925e-06	1.65302	0
4.472987e-06	1.65297	0
4.474050e-06	1.65291	0
4.475112e-06	1.65286	0
4.476175e-06	1.65281	0
4.477237e-06	1.65275	0
4.478300e-06	1.6527	0
4.479363e-06	1.65264	0
4.480425e-06	1.65259	0
4.481488e-06	1.65254	0
4.482550e-06	1.65248	0
4.483613e-06	1.65243	0
4.484675e-06	1.65237	0
4.485738e-06	1.65232	0
4.486801e-06	1.65227	0
4.487863e-06	1.65221	0
4.488926e-06	1.65216	0
4.489988e-06	1.6521	0
4.491051e-06	1.65205	0
4.492113e-06	1.65199	0
4.493176e-06	1.65194	0
4.494239e-06	1.65189	0
4.495301e-06	1.65183	0
4.496364e-06	1.65178	0
4.497426e-06	1.65172	0
4.498489e-06	1.65167	0
4.499551e-06	1.65161	0
4.500614e-06	1.65156	0
4.501677e-06	1.65151	0
4.502739e-06	1.65145	0
4.503802e-06	1.6514	0
4.504864e-06	1.65134	0
4.505927e-06	1.65129	0
4.506989e-06	1.65123	0
4.508052e-06	1.65118	0
4.509115e-06	1.65113	0
4.510177e-06	1.65107	0
4.511240e-06	1.65102	0
4.512302e-06	1.65096	0
4.513365e-06	1.65091	0
4.514427e-06	1.65085	0
4.515490e-06	1.6508	0
4.516553e-06	1.65074	0
4.517615e-06	1.65069	0
4.518678e-06	1.65063	0
4.519740e-06	1.65058	0
4.520803e-06	1.65053	0
4.521865e-06	1.65047	0
4.522928e-06	1.65042	0
4.523991e-06	1.65036	0
4.525053e-06	1.65031	0
4.526116e-06	1.65025	0
4.527178e-06	1.6502	0
4.528241e-06	1.65014	0
4.529304e-06	1.65009	0
4.530366e-06	1.65003	0
4.531429e-06	1.64998	0
4.532491e-06	1.64992	0
4.533554e-06	1.64987	0
4.534616e-06	1.64981	0
4.535679e-06	1.64976	0
4.536742e-06	1.6497	0
4.537804e-06	1.64965	0
4.538867e-06	1.64959	0
4.539929e-06	1.64954	0
4.540992e-06	1.64948	0
4.542054e-06	1.64943	0
4.543117e-06	1.64937	0
4.544180e-06	1.64932	0
4.545242e-06	1.64926	0
4.546305e-06	1.64921	0
4.547367e-06	1.64915	0
4.548430e-06	1.6491	0
4.549492e-06	1.64904	0
4.550555e-06	1.64899	0
4.551618e-06	1.64893	0
4.552680e-06	1.64888	0
4.553743e-06	1.64882	0
4.554805e-06	1.64877	0
4.555868e-06	1.64871	0
4.556930e-06	1.64866	0
4.557993e-06	1.6486	0
4.559056e-06	1.64855	0
4.560118e-06	1.64849	0
4.561181e-06	1.64844	0
4.562243e-06	1.64838	0
4.563306e-06	1.64832	0
4.564368e-06	1.64827	0
4.565431e-06	1.64821	0
4.566494e-06	1.64816	0
4.567556e-06	1.6481	0
4.568619e-06	1.64805	0
4.569681e-06	1.64799	0
4.570744e-06	1.64794	0
4.571806e-06	1.64788	0
4.572869e-06	1.64783	0
4.573932e-06	1.64777	0
4.574994e-06	1.64771	0
4.576057e-06	1.64766	0
4.577119e-06	1.6476	0
4.578182e-06	1.64755	0
4.579244e-06	1.64749	0
4.580307e-06	1.64744	0
4.581370e-06	1.64738	0
4.582432e-06	1.64732	0
4.583495e-06	1.64727	0
4.584557e-06	1.64721	0
4.585620e-06	1.64716	0
4.586682e-06	1.6471	0
4.587745e-06	1.64705	0
4.588808e-06	1.64699	0
4.589870e-06	1.64693	0
4.590933e-06	1.64688	0
4.591995e-06	1.64682	0
4.593058e-06	1.64677	0
4.594120e-06	1.64671	0
4.595183e-06	1.64665	0
4.596246e-06	1.6466	0
4.597308e-06	1.64654	0
4.598371e-06	1.64649	0
4.599433e-06	1.64643	0
4.600496e-06	1.64637	0
4.601558e-06	1.64632	0
4.602621e-06	1.64626	0
4.603684e-06	1.64621	0
4.604746e-06	1.64615	0
4.605809e-06	1.64609	0
4.606871e-06	1.64604	0
4.607934e-06	1.64598	0
4.608996e-06	1.64593	0
4.610059e-06	1.64587	0
4.611122e-06	1.64581	0
4.612184e-06	1.64576	0
4.613247e-06	1.6457	0
4.614309e-06	1.64564	0
4.615372e-06	1.64559	0
4.616434e-06	1.64553	0
4.617497e-06	1.64548	0
4.618560e-06	1.64542	0
4.619622e-06	1.64536	0
4.620685e-06	1.64531	0
4.621747e-06	1.64525	0
4.622810e-06	1.64519	0
4.623872e-06	1.64514	0
4.624935e-06	1.64508	0
4.625998e-06	1.64502	0
4.627060e-06	1.64497	0
4.628123e-06	1.64491	0
4.629185e-06	1.64486	0
4.630248e-06	1.6448	0
4.631310e-06	1.64474	0
4.632373e-06	1.64469	0
4.633436e-06	1.64463	0
4.634498e-06	1.64457	0
4.635561e-06	1.64452	0
4.636623e-06	1.64446	0
4.637686e-06	1.6444	0
4.638748e-06	1.64435	0
4.639811e-06	1.64429	0
4.640874e-06	1.64423	0
4.641936e-06	1.64418	0
4.642999e-06	1.64412	0
4.644061e-06	1.64406	0
4.645124e-06	1.64401	0
4.646186e-06	1.64395	0
4.647249e-06	1.64389	0
4.648312e-06	1.64384	0
4.649374e-06	1.64378	0
4.650437e-06	1.64372	0
4.651499e-06	1.64366	0
4.652562e-06	1.64361	0
4.653624e-06	1.64355	0
4.654687e-06	1.64349	0
4.655750e-06	1.64344	0
4.656812e-06	1.64338	0
4.657875e-06	1.64332	0
4.658937e-06	1.64327	0
4.660000e-06	1.64321	0
4.661062e-06	1.64315	0
4.662125e-06	1.64309	0
4.663188e-06	1.64304	0
4.664250e-06	1.64298	0
4.665313e-06	1.64292	0
4.666375e-06	1.64287	0
4.667438e-06	1.64281	0
4.668501e-06	1.64275	0
4.669563e-06	1.64269	0
4.670626e-06	1.64264	0
4.671688e-06	1.64258	0
4.672751e-06	1.64252	0
4.673813e-06	1.64247	0
4.674876e-06	1.64241	0
4.675939e-06	1.64235	0
4.677001e-06	1.64229	0
4.678064e-06	1.64224	0
4.679126e-06	1.64218	0
4.680189e-06	1.64212	0
4.681251e-06	1.64206	0
4.682314e-06	1.64201	0
4.683377e-06	1.64195	0
4.684439e-06	1.64189	0
4.685502e-06	1.64183	0
4.686564e-06	1.64178	0
4.687627e-06	1.64172	0
4.688689e-06	1.64166	0
4.689752e-06	1.6416	0
4.690815e-06	1.64155	0
4.691877e-06	1.64149	0
4.692940e-06	1.64143	0
4.694002e-06	1.64137	0
4.695065e-06	1.64132	0
4.696127e-06	1.64126	0
4.697190e-06	1.6412	0
4.698253e-06	1.64114	0
4.699315e-06	1.64108	0
4.700378e-06	1.64103	0
4.701440e-06	1.64097	0
4.702503e-06	1.64091	0
4.703565e-06	1.64085	0
4.704628e-06	1.6408	0
4.705691e-06	1.64074	0
4.706753e-06	1.64068	0
4.707816e-06	1.64062	0
4.708878e-06	1.64056	0
4.709941e-06	1.64051	0
4.711003e-06	1.64045	0
4.712066e-06	1.64039	0
4.713129e-06	1.64033	0
4.714191e-06	1.64027	0
4.715254e-06	1.64022	0
4.716316e-06	1.64016	0
4.717379e-06	1.6401	0
4.718441e-06	1.64004	0
4.719504e-06	1.63998	0
4.720567e-06	1.63993	0
4.721629e-06	1.63987	0
4.722692e-06	1.63981	0
4.723754e-06	1.63975	0
4.724817e-06	1.63969	0
4.725879e-06	1.63963	0
4.726942e-06	1.63958	0
4.728005e-06	1.63952	0
4.729067e-06	1.63946	0
4.730130e-06	1.6394	0
4.731192e-06	1.63934	0
4.732255e-06	1.63928	0
4.733317e-06	1.63923	0
4.734380e-06	1.63917	0
4.735443e-06	1.63911	0
4.736505e-06	1.63905	0
4.737568e-06	1.63899	0
4.738630e-06	1.63893	0
4.739693e-06	1.63888	0
4.740755e-06	1.63882	0
4.741818e-06	1.63876	0
4.742881e-06	1.6387	0
4.743943e-06	1.63864	0
4.745006e-06	1.63858	0
4.746068e-06	1.63852	0
4.747131e-06	1.63847	0
4.748193e-06	1.63841	0
4.749256e-06	1.63835	0
4.750319e-06	1.63829	0
4.751381e-06	1.63823	0
4.752444e-06	1.63817	0
4.753506e-06	1.63811	0
4.754569e-06	1.63806	0
4.755631e-06	1.638	0
4.756694e-06	1.63794	0
4.757757e-06	1.63788	0
4.758819e-06	1.63782	0
4.759882e-06	1.63776	0
4.760944e-06	1.6377	0
4.762007e-06	1.63764	0
4.763069e-06	1.63758	0
4.764132e-06	1.63753	0
4.765195e-06	1.63747	0
4.766257e-06	1.63741	0
4.767320e-06	1.63735	0
4.768382e-06	1.63729	0
4.769445e-06	1.63723	0
4.770507e-06	1.63717	0
4.771570e-06	1.63711	0
4.772633e-06	1.63705	0
4.773695e-06	1.63699	0
4.774758e-06	1.63694	0
4.775820e-06	1.63688	0
4.776883e-06	1.63682	0
4.777945e-06	1.63676	0
4.779008e-06	1.6367	0
4.780071e-06	1.63664	0
4.781133e-06	1.63658	0
4.782196e-06	1.63652	0
4.783258e-06	1.63646	0
4.784321e-06	1.6364	0
4.785383e-06	1.63634	0
4.786446e-06	1.63628	0
4.787509e-06	1.63623	0
4.788571e-06	1.63617	0
4.789634e-06	1.63611	0
4.790696e-06	1.63605	0
4.791759e-06	1.63599	0
4.792821e-06	1.63593	0
4.793884e-06	1.63587	0
4.794947e-06	1.63581	0
4.796009e-06	1.63575	0
4.797072e-06	1.63569	0
4.798134e-06	1.63563	0
4.799197e-06	1.63557	0
4.800259e-06	1.63551	0
4.801322e-06	1.63545	0
4.802385e-06	1.63539	0
4.803447e-06	1.63533	0
4.804510e-06	1.63527	0
4.805572e-06	1.63521	0
4.806635e-06	1.63515	0
4.807697e-06	1.63509	0
4.808760e-06	1.63503	0
4.809823e-06	1.63497	0
4.810885e-06	1.63492	0
4.811948e-06	1.63486	0
4.813010e-06	1.6348	0
4.814073e-06	1.63474	0
4.815136e-06	1.63468	0
4.816198e-06	1.63462	0
4.817261e-06	1.63456	0
4.818323e-06	1.6345	0
4.819386e-06	1.63444	0
4.820448e-06	1.63438	0
4.821511e-06	1.63432	0
4.822574e-06	1.63426	0
4.823636e-06	1.6342	0
4.824699e-06	1.63414	0
4.825761e-06	1.63408	0
4.826824e-06	1.63402	0
4.827886e-06	1.63396	0
4.828949e-06	1.6339	0
4.830012e-06	1.63384	0
4.831074e-06	1.63378	0
4.832137e-06	1.63372	0
4.833199e-06	1.63366	0
4.834262e-06	1.6336	0
4.835324e-06	1.63354	0
4.836387e-06	1.63348	0
4.837450e-06	1.63341	0
4.838512e-06	1.63335	0
4.839575e-06	1.63329	0
4.840637e-06	1.63323	0
4.841700e-06	1.63317	0
4.842762e-06	1.63311	0
4.843825e-06	1.63305	0
4.844888e-06	1.63299	0
4.845950e-06	1.63293	0
4.847013e-06	1.63287	0
4.848075e-06	1.63281	0
4.849138e-06	1.63275	0
4.850200e-06	1.63269	0
4.851263e-06	1.63263	0
4.852326e-06	1.63257	0
4.853388e-06	1.63251	0
4.854451e-06	1.63245	0
4.855513e-06	1.63239	0
4.856576e-06	1.63233	0
4.857638e-06	1.63227	0
4.858701e-06	1.63221	0
4.859764e-06	1.63215	0
4.860826e-06	1.63208	0
4.861889e-06	1.63202	0
4.862951e-06	1.63196	0
4.864014e-06	1.6319	0
4.865076e-06	1.63184	0
4.866139e-06	1.63178	0
4.867202e-06	1.63172	0
4.868264e-06	1.63166	0
4.869327e-06	1.6316	0
4.870389e-06	1.63154	0
4.871452e-06	1.63148	0
4.872514e-06	1.63142	0
4.873577e-06	1.63136	0
4.874640e-06	1.63129	0
4.875702e-06	1.63123	0
4.876765e-06	1.63117	0
4.877827e-06	1.63111	0
4.878890e-06	1.63105	0
4.879952e-06	1.63099	0
4.881015e-06	1.63093	0
4.882078e-06	1.63087	0
4.883140e-06	1.63081	0
4.884203e-06	1.63075	0
4.885265e-06	1.63068	0
4.886328e-06	1.63062	0
4.887390e-06	1.63056	0
4.888453e-06	1.6305	0
4.889516e-06	1.63044	0
4.890578e-06	1.63038	0
4.891641e-06	1.63032	0
4.892703e-06	1.63026	0
4.893766e-06	1.63019	0
4.894828e-06	1.63013	0
4.895891e-06	1.63007	0
4.896954e-06	1.63001	0
4.898016e-06	1.62995	0
4.899079e-06	1.62989	0
4.900141e-06	1.62983	0
4.901204e-06	1.62976	0
4.902266e-06	1.6297	0
4.903329e-06	1.62964	0
4.904392e-06	1.62958	0
4.905454e-06	1.62952	0
4.906517e-06	1.62946	0
4.907579e-06	1.6294	0
4.908642e-06	1.62933	0
4.909704e-06	1.62927	0
4.910767e-06	1.62921	0
4.911830e-06	1.62915	0
4.912892e-06	1.62909	0
4.913955e-06	1.62903	0
4.915017e-06	1.62896	0
4.916080e-06	1.6289	0
4.917142e-06	1.62884	0
4.918205e-06	1.62878	0
4.919268e-06	1.62872	0
4.920330e-06	1.62866	0
4.921393e-06	1.62859	0
4.922455e-06	1.62853	0
4.923518e-06	1.62847	0
4.924580e-06	1.62841	0
4.925643e-06	1.62835	0
4.926706e-06	1.62828	0
4.927768e-06	1.62822	0
4.928831e-06	1.62816	0
4.929893e-06	1.6281	0
4.930956e-06	1.62804	0
4.932018e-06	1.62797	0
4.933081e-06	1.62791	0
4.934144e-06	1.62785	0
4.935206e-06	1.62779	0
4.936269e-06	1.62773	0
4.937331e-06	1.62766	0
4.938394e-06	1.6276	0
4.939456e-06	1.62754	0
4.940519e-06	1.62748	0
4.941582e-06	1.62742	0
4.942644e-06	1.62735	0
4.943707e-06	1.62729	0
4.944769e-06	1.62723	0
4.945832e-06	1.62717	0
4.946894e-06	1.6271	0
4.947957e-06	1.62704	0
4.949020e-06	1.62698	0
4.950082e-06	1.62692	0
4.951145e-06	1.62686	0
4.952207e-06	1.62679	0
4.953270e-06	1.62673	0
4.954333e-06	1.62667	0
4.955395e-06	1.62661	0
4.956458e-06	1.62654	0
4.957520e-06	1.62648	0
4.958583e-06	1.62642	0
4.959645e-06	1.62636	0
4.960708e-06	1.62629	0
4.961771e-06	1.62623	0
4.962833e-06	1.62617	0
4.963896e-06	1.62611	0
4.964958e-06	1.62604	0
4.966021e-06	1.62598	0
4.967083e-06	1.62592	0
4.968146e-06	1.62585	0
4.969209e-06	1.62579	0
4.970271e-06	1.62573	0
4.971334e-06	1.62567	0
4.972396e-06	1.6256	0
4.973459e-06	1.62554	0
4.974521e-06	1.62548	0
4.975584e-06	1.62542	0
4.976647e-06	1.62535	0
4.977709e-06	1.62529	0
4.978772e-06	1.62523	0
4.979834e-06	1.62516	0
4.980897e-06	1.6251	0
4.981959e-06	1.62504	0
4.983022e-06	1.62498	0
4.984085e-06	1.62491	0
4.985147e-06	1.62485	0
4.986210e-06	1.62479	0
4.987272e-06	1.62472	0
4.988335e-06	1.62466	0
4.989397e-06	1.6246	0
4.990460e-06	1.62453	0
4.991523e-06	1.62447	0
4.992585e-06	1.62441	0
4.993648e-06	1.62434	0
4.994710e-06	1.62428	0
4.995773e-06	1.62422	0
4.996835e-06	1.62415	0
4.997898e-06	1.62409	0
4.998961e-06	1.62403	0
5.000023e-06	1.62397	0
5.001086e-06	1.6239	0
5.002148e-06	1.62384	0
5.003211e-06	1.62378	0
5.004273e-06	1.62371	0
5.005336e-06	1.62365	0
5.006399e-06	1.62358	0
5.007461e-06	1.62352	0
5.008524e-06	1.62346	0
5.009586e-06	1.62339	0
5.010649e-06	1.62333	0
5.011711e-06	1.62327	0
5.012774e-06	1.6232	0
5.013837e-06	1.62314	0
5.014899e-06	1.62308	0
5.015962e-06	1.62301	0
5.017024e-06	1.62295	0
5.018087e-06	1.62289	0
5.019149e-06	1.62282	0
5.020212e-06	1.62276	0
5.021275e-06	1.62269	0
5.022337e-06	1.62263	0
5.023400e-06	1.62257	0
5.024462e-06	1.6225	0
5.025525e-06	1.62244	0
5.026587e-06	1.62238	0
5.027650e-06	1.62231	0
5.028713e-06	1.62225	0
5.029775e-06	1.62218	0
5.030838e-06	1.62212	0
5.031900e-06	1.62206	0
5.032963e-06	1.62199	0
5.034025e-06	1.62193	0
5.035088e-06	1.62186	0
5.036151e-06	1.6218	0
5.037213e-06	1.62174	0
5.038276e-06	1.62167	0
5.039338e-06	1.62161	0
5.040401e-06	1.62154	0
5.041463e-06	1.62148	0
5.042526e-06	1.62142	0
5.043589e-06	1.62135	0
5.044651e-06	1.62129	0
5.045714e-06	1.62122	0
5.046776e-06	1.62116	0
5.047839e-06	1.6211	0
5.048901e-06	1.62103	0
5.049964e-06	1.62097	0
5.051027e-06	1.6209	0
5.052089e-06	1.62084	0
5.053152e-06	1.62077	0
5.054214e-06	1.62071	0
5.055277e-06	1.62065	0
5.056339e-06	1.62058	0
5.057402e-06	1.62052	0
5.058465e-06	1.62045	0
5.059527e-06	1.62039	0
5.060590e-06	1.62032	0
5.061652e-06	1.62026	0
5.062715e-06	1.62019	0
5.063777e-06	1.62013	0
5.064840e-06	1.62007	0
5.065903e-06	1.62	0
5.066965e-06	1.61994	0
5.068028e-06	1.61987	0
5.069090e-06	1.61981	0
5.070153e-06	1.61974	0
5.071215e-06	1.61968	0
5.072278e-06	1.61961	0
5.073341e-06	1.61955	0
5.074403e-06	1.61948	0
5.075466e-06	1.61942	0
5.076528e-06	1.61935	0
5.077591e-06	1.61929	0
5.078653e-06	1.61922	0
5.079716e-06	1.61916	0
5.080779e-06	1.61909	0
5.081841e-06	1.61903	0
5.082904e-06	1.61897	0
5.083966e-06	1.6189	0
5.085029e-06	1.61884	0
5.086091e-06	1.61877	0
5.087154e-06	1.61871	0
5.088217e-06	1.61864	0
5.089279e-06	1.61858	0
5.090342e-06	1.61851	0
5.091404e-06	1.61845	0
5.092467e-06	1.61838	0
5.093530e-06	1.61832	0
5.094592e-06	1.61825	0
5.095655e-06	1.61818	0
5.096717e-06	1.61812	0
5.097780e-06	1.61805	0
5.098842e-06	1.61799	0
5.099905e-06	1.61792	0
5.100968e-06	1.61786	0
5.102030e-06	1.61779	0
5.103093e-06	1.61773	0
5.104155e-06	1.61766	0
5.105218e-06	1.6176	0
5.106280e-06	1.61753	0
5.107343e-06	1.61747	0
5.108406e-06	1.6174	0
5.109468e-06	1.61734	0
5.110531e-06	1.61727	0
5.111593e-06	1.6172	0
5.112656e-06	1.61714	0
5.113718e-06	1.61707	0
5.114781e-06	1.61701	0
5.115844e-06	1.61694	0
5.116906e-06	1.61688	0
5.117969e-06	1.61681	0
5.119031e-06	1.61675	0
5.120094e-06	1.61668	0
5.121156e-06	1.61661	0
5.122219e-06	1.61655	0
5.123282e-06	1.61648	0
5.124344e-06	1.61642	0
5.125407e-06	1.61635	0
5.126469e-06	1.61629	0
5.127532e-06	1.61622	0
5.128594e-06	1.61615	0
5.129657e-06	1.61609	0
5.130720e-06	1.61602	0
5.131782e-06	1.61596	0
5.132845e-06	1.61589	0
5.133907e-06	1.61583	0
5.134970e-06	1.61576	0
5.136032e-06	1.61569	0
5.137095e-06	1.61563	0
5.138158e-06	1.61556	0
5.139220e-06	1.6155	0
5.140283e-06	1.61543	0
5.141345e-06	1.61536	0
5.142408e-06	1.6153	0
5.143470e-06	1.61523	0
5.144533e-06	1.61517	0
5.145596e-06	1.6151	0
5.146658e-06	1.61503	0
5.147721e-06	1.61497	0
5.148783e-06	1.6149	0
5.149846e-06	1.61483	0
5.150908e-06	1.61477	0
5.151971e-06	1.6147	0
5.153034e-06	1.61464	0
5.154096e-06	1.61457	0
5.155159e-06	1.6145	0
5.156221e-06	1.61444	0
5.157284e-06	1.61437	0
5.158346e-06	1.6143	0
5.159409e-06	1.61424	0
5.160472e-06	1.61417	0
5.161534e-06	1.6141	0
5.162597e-06	1.61404	0
5.163659e-06	1.61397	0
5.164722e-06	1.6139	0
5.165784e-06	1.61384	0
5.166847e-06	1.61377	0
5.167910e-06	1.61371	0
5.168972e-06	1.61364	0
5.170035e-06	1.61357	0
5.171097e-06	1.61351	0
5.172160e-06	1.61344	0
5.173222e-06	1.61337	0
5.174285e-06	1.61331	0
5.175348e-06	1.61324	0
5.176410e-06	1.61317	0
5.177473e-06	1.61311	0
5.178535e-06	1.61304	0
5.179598e-06	1.61297	0
5.180660e-06	1.6129	0
5.181723e-06	1.61284	0
5.182786e-06	1.61277	0
5.183848e-06	1.6127	0
5.184911e-06	1.61264	0
5.185973e-06	1.61257	0
5.187036e-06	1.6125	0
5.188098e-06	1.61244	0
5.189161e-06	1.61237	0
5.190224e-06	1.6123	0
5.191286e-06	1.61224	0
5.192349e-06	1.61217	0
5.193411e-06	1.6121	0
5.194474e-06	1.61203	0
5.195536e-06	1.61197	0
5.196599e-06	1.6119	0
5.197662e-06	1.61183	0
5.198724e-06	1.61177	0
5.199787e-06	1.6117	0
5.200849e-06	1.61163	0
5.201912e-06	1.61156	0
5.202974e-06	1.6115	0
5.204037e-06	1.61143	0
5.205100e-06	1.61136	0
5.206162e-06	1.61129	0
5.207225e-06	1.61123	0
5.208287e-06	1.61116	0
5.209350e-06	1.61109	0
5.210412e-06	1.61102	0
5.211475e-06	1.61096	0
5.212538e-06	1.61089	0
5.213600e-06	1.61082	0
5.214663e-06	1.61075	0
5.215725e-06	1.61069	0
5.216788e-06	1.61062	0
5.217850e-06	1.61055	0
5.218913e-06	1.61048	0
5.219976e-06	1.61042	0
5.221038e-06	1.61035	0
5.222101e-06	1.61028	0
5.223163e-06	1.61021	0
5.224226e-06	1.61015	0
5.225288e-06	1.61008	0
5.226351e-06	1.61001	0
5.227414e-06	1.60994	0
5.228476e-06	1.60987	0
5.229539e-06	1.60981	0
5.230601e-06	1.60974	0
5.231664e-06	1.60967	0
5.232727e-06	1.6096	0
5.233789e-06	1.60954	0
5.234852e-06	1.60947	0
5.235914e-06	1.6094	0
5.236977e-06	1.60933	0
5.238039e-06	1.60926	0
5.239102e-06	1.6092	0
5.240165e-06	1.60913	0
5.241227e-06	1.60906	0
5.242290e-06	1.60899	0
5.243352e-06	1.60892	0
5.244415e-06	1.60885	0
5.245477e-06	1.60879	0
5.246540e-06	1.60872	0
5.247603e-06	1.60865	0
5.248665e-06	1.60858	0
5.249728e-06	1.60851	0
5.250790e-06	1.60845	0
5.251853e-06	1.60838	0
5.252915e-06	1.60831	0
5.253978e-06	1.60824	0
5.255041e-06	1.60817	0
5.256103e-06	1.6081	0
5.257166e-06	1.60804	0
5.258228e-06	1.60797	0
5.259291e-06	1.6079	0
5.260353e-06	1.60783	0
5.261416e-06	1.60776	0
5.262479e-06	1.60769	0
5.263541e-06	1.60762	0
5.264604e-06	1.60756	0
5.265666e-06	1.60749	0
5.266729e-06	1.60742	0
5.267791e-06	1.60735	0
5.268854e-06	1.60728	0
5.269917e-06	1.60721	0
5.270979e-06	1.60714	0
5.272042e-06	1.60708	0
5.273104e-06	1.60701	0
5.274167e-06	1.60694	0
5.275229e-06	1.60687	0
5.276292e-06	1.6068	0
5.277355e-06	1.60673	0
5.278417e-06	1.60666	0
5.279480e-06	1.60659	0
5.280542e-06	1.60653	0
5.281605e-06	1.60646	0
5.282667e-06	1.60639	0
5.283730e-06	1.60632	0
5.284793e-06	1.60625	0
5.285855e-06	1.60618	0
5.286918e-06	1.60611	0
5.287980e-06	1.60604	0
5.289043e-06	1.60597	0
5.290105e-06	1.6059	0
5.291168e-06	1.60584	0
5.292231e-06	1.60577	0
5.293293e-06	1.6057	0
5.294356e-06	1.60563	0
5.295418e-06	1.60556	0
5.296481e-06	1.60549	0
5.297543e-06	1.60542	0
5.298606e-06	1.60535	0
5.299669e-06	1.60528	0
5.300731e-06	1.60521	0
5.301794e-06	1.60514	0
5.302856e-06	1.60507	0
5.303919e-06	1.605	0
5.304981e-06	1.60493	0
5.306044e-06	1.60487	0
5.307107e-06	1.6048	0
5.308169e-06	1.60473	0
5.309232e-06	1.60466	0
5.310294e-06	1.60459	0
5.311357e-06	1.60452	0
5.312419e-06	1.60445	0
5.313482e-06	1.60438	0
5.314545e-06	1.60431	0
5.315607e-06	1.60424	0
5.316670e-06	1.60417	0
5.317732e-06	1.6041	0
5.318795e-06	1.60403	0
5.319857e-06	1.60396	0
5.320920e-06	1.60389	0
5.321983e-06	1.60382	0
5.323045e-06	1.60375	0
5.324108e-06	1.60368	0
5.325170e-06	1.60361	0
5.326233e-06	1.60354	0
5.327295e-06	1.60347	0
5.328358e-06	1.6034	0
5.329421e-06	1.60333	0
5.330483e-06	1.60326	0
5.331546e-06	1.60319	0
5.332608e-06	1.60312	0
5.333671e-06	1.60305	0
5.334733e-06	1.60298	0
5.335796e-06	1.60291	0
5.336859e-06	1.60284	0
5.337921e-06	1.60277	0
5.338984e-06	1.6027	0
5.340046e-06	1.60263	0
5.341109e-06	1.60256	0
5.342171e-06	1.60249	0
5.343234e-06	1.60242	0
5.344297e-06	1.60235	0
5.345359e-06	1.60228	0
5.346422e-06	1.60221	0
5.347484e-06	1.60214	0
5.348547e-06	1.60207	0
5.349609e-06	1.602	0
5.350672e-06	1.60193	0
5.351735e-06	1.60186	0
5.352797e-06	1.60179	0
5.353860e-06	1.60172	0
5.354922e-06	1.60165	0
5.355985e-06	1.60158	0
5.357047e-06	1.60151	0
5.358110e-06	1.60144	0
5.359173e-06	1.60137	0
5.360235e-06	1.6013	0
5.361298e-06	1.60123	0
5.362360e-06	1.60115	0
5.363423e-06	1.60108	0
5.364485e-06	1.60101	0
5.365548e-06	1.60094	0
5.366611e-06	1.60087	0
5.367673e-06	1.6008	0
5.368736e-06	1.60073	0
5.369798e-06	1.60066	0
5.370861e-06	1.60059	0
5.371924e-06	1.60052	0
5.372986e-06	1.60045	0
5.374049e-06	1.60038	0
5.375111e-06	1.60031	0
5.376174e-06	1.60023	0
5.377236e-06	1.60016	0
5.378299e-06	1.60009	0
5.379362e-06	1.60002	0
5.380424e-06	1.59995	0
5.381487e-06	1.59988	0
5.382549e-06	1.59981	0
5.383612e-06	1.59974	0
5.384674e-06	1.59967	0
5.385737e-06	1.5996	0
5.386800e-06	1.59952	0
5.387862e-06	1.59945	0
5.388925e-06	1.59938	0
5.389987e-06	1.59931	0
5.391050e-06	1.59924	0
5.392112e-06	1.59917	0
5.393175e-06	1.5991	0
5.394238e-06	1.59903	0
5.395300e-06	1.59895	0
5.396363e-06	1.59888	0
5.397425e-06	1.59881	0
5.398488e-06	1.59874	0
5.399550e-06	1.59867	0
5.400613e-06	1.5986	0
5.401676e-06	1.59853	0
5.402738e-06	1.59846	0
5.403801e-06	1.59838	0
5.404863e-06	1.59831	0
5.405926e-06	1.59824	0
5.406988e-06	1.59817	0
5.408051e-06	1.5981	0
5.409114e-06	1.59803	0
5.410176e-06	1.59795	0
5.411239e-06	1.59788	0
5.412301e-06	1.59781	0
5.413364e-06	1.59774	0
5.414426e-06	1.59767	0
5.415489e-06	1.5976	0
5.416552e-06	1.59752	0
5.417614e-06	1.59745	0
5.418677e-06	1.59738	0
5.419739e-06	1.59731	0
5.420802e-06	1.59724	0
5.421864e-06	1.59717	0
5.422927e-06	1.59709	0
5.423990e-06	1.59702	0
5.425052e-06	1.59695	0
5.426115e-06	1.59688	0
5.427177e-06	1.59681	0
5.428240e-06	1.59673	0
5.429302e-06	1.59666	0
5.430365e-06	1.59659	0
5.431428e-06	1.59652	0
5.432490e-06	1.59645	0
5.433553e-06	1.59637	0
5.434615e-06	1.5963	0
5.435678e-06	1.59623	0
5.436740e-06	1.59616	0
5.437803e-06	1.59608	0
5.438866e-06	1.59601	0
5.439928e-06	1.59594	0
5.440991e-06	1.59587	0
5.442053e-06	1.5958	0
5.443116e-06	1.59572	0
5.444178e-06	1.59565	0
5.445241e-06	1.59558	0
5.446304e-06	1.59551	0
5.447366e-06	1.59543	0
5.448429e-06	1.59536	0
5.449491e-06	1.59529	0
5.450554e-06	1.59522	0
5.451616e-06	1.59514	0
5.452679e-06	1.59507	0
5.453742e-06	1.595	0
5.454804e-06	1.59493	0
5.455867e-06	1.59485	0
5.456929e-06	1.59478	0
5.457992e-06	1.59471	0
5.459054e-06	1.59464	0
5.460117e-06	1.59456	0
5.461180e-06	1.59449	0
5.462242e-06	1.59442	0
5.463305e-06	1.59434	0
5.464367e-06	1.59427	0
5.465430e-06	1.5942	0
5.466492e-06	1.59413	0
5.467555e-06	1.59405	0
5.468618e-06	1.59398	0
5.469680e-06	1.59391	0
5.470743e-06	1.59383	0
5.471805e-06	1.59376	0
5.472868e-06	1.59369	0
5.473930e-06	1.59362	0
5.474993e-06	1.59354	0
5.476056e-06	1.59347	0
5.477118e-06	1.5934	0
5.478181e-06	1.59332	0
5.479243e-06	1.59325	0
5.480306e-06	1.59318	0
5.481368e-06	1.5931	0
5.482431e-06	1.59303	0
5.483494e-06	1.59296	0
5.484556e-06	1.59288	0
5.485619e-06	1.59281	0
5.486681e-06	1.59274	0
5.487744e-06	1.59266	0
5.488806e-06	1.59259	0
5.489869e-06	1.59252	0
5.490932e-06	1.59244	0
5.491994e-06	1.59237	0
5.493057e-06	1.5923	0
5.494119e-06	1.59222	0
5.495182e-06	1.59215	0
5.496244e-06	1.59208	0
5.497307e-06	1.592	0
5.498370e-06	1.59193	0
5.499432e-06	1.59186	0
5.500495e-06	1.59178	0
5.501557e-06	1.59171	0
5.502620e-06	1.59164	0
5.503682e-06	1.59156	0
5.504745e-06	1.59149	0
5.505808e-06	1.59141	0
5.506870e-06	1.59134	0
5.507933e-06	1.59127	0
5.508995e-06	1.59119	0
5.510058e-06	1.59112	0
5.511121e-06	1.59105	0
5.512183e-06	1.59097	0
5.513246e-06	1.5909	0
5.514308e-06	1.59082	0
5.515371e-06	1.59075	0
5.516433e-06	1.59068	0
5.517496e-06	1.5906	0
5.518559e-06	1.59053	0
5.519621e-06	1.59045	0
5.520684e-06	1.59038	0
5.521746e-06	1.59031	0
5.522809e-06	1.59023	0
5.523871e-06	1.59016	0
5.524934e-06	1.59008	0
5.525997e-06	1.59001	0
5.527059e-06	1.58994	0
5.528122e-06	1.58986	0
5.529184e-06	1.58979	0
5.530247e-06	1.58971	0
5.531309e-06	1.58964	0
5.532372e-06	1.58956	0
5.533435e-06	1.58949	0
5.534497e-06	1.58942	0
5.535560e-06	1.58934	0
5.536622e-06	1.58927	0
5.537685e-06	1.58919	0
5.538747e-06	1.58912	0
5.539810e-06	1.58904	0
5.540873e-06	1.58897	0
5.541935e-06	1.58889	0
5.542998e-06	1.58882	0
5.544060e-06	1.58875	0
5.545123e-06	1.58867	0
5.546185e-06	1.5886	0
5.547248e-06	1.58852	0
5.548311e-06	1.58845	0
5.549373e-06	1.58837	0
5.550436e-06	1.5883	0
5.551498e-06	1.58822	0
5.552561e-06	1.58815	0
5.553623e-06	1.58807	0
5.554686e-06	1.588	0
5.555749e-06	1.58792	0
5.556811e-06	1.58785	0
5.557874e-06	1.58777	0
5.558936e-06	1.5877	0
5.559999e-06	1.58762	0
5.561061e-06	1.58755	0
5.562124e-06	1.58747	0
5.563187e-06	1.5874	0
5.564249e-06	1.58732	0
5.565312e-06	1.58725	0
5.566374e-06	1.58717	0
5.567437e-06	1.5871	0
5.568499e-06	1.58702	0
5.569562e-06	1.58695	0
5.570625e-06	1.58687	0
5.571687e-06	1.5868	0
5.572750e-06	1.58672	0
5.573812e-06	1.58665	0
5.574875e-06	1.58657	0
5.575937e-06	1.5865	0
5.577000e-06	1.58642	0
