Wavelength(m)	n	k
# material: Al2O3
# source: 1) I. H. Malitson and M. J. Dodge. Refractive index and birefringence of synthetic sapphire. J. Opt. Soc. Am. 62, 1405 (1972) 2) M. J. Dodge. "Refractive index" in Handbook of Laser Science and Technology, Volume IV, Optical Materials: Part 2, CRC Press, Boca Raton, 1986, p. 30 * Ref. 1 is a talk abstract in a conference program; Ref. 2 provides a dispersion formula
# conditions: Synthetic sapphire, Extraordinary ray (e), 20 degC
# upstream: polyanskiy/refractiveindex.info-database@ff11b58 main/Al2O3/nk/Malitson-e.yml
# type: formula 1
# note: dispersion formula sampled at 5000 points; k set to 0
# range: 2.0000e-07 - 5.0000e-06 m
# converted: 2026-07-31 by tools/convert_refractiveindex_info.py (wavelength um -> m)
2.000000e-07	1.90163	0
2.009602e-07	1.89965	0
2.019204e-07	1.89772	0
2.028806e-07	1.89583	0
2.038408e-07	1.89397	0
2.048010e-07	1.89216	0
2.057612e-07	1.89038	0
2.067213e-07	1.88864	0
2.076815e-07	1.88694	0
2.086417e-07	1.88526	0
2.096019e-07	1.88362	0
2.105621e-07	1.88202	0
2.115223e-07	1.88044	0
2.124825e-07	1.87889	0
2.134427e-07	1.87738	0
2.144029e-07	1.87589	0
2.153631e-07	1.87443	0
2.163233e-07	1.87299	0
2.172835e-07	1.87159	0
2.182436e-07	1.87021	0
2.192038e-07	1.86885	0
2.201640e-07	1.86752	0
2.211242e-07	1.86621	0
2.220844e-07	1.86492	0
2.230446e-07	1.86366	0
2.240048e-07	1.86242	0
2.249650e-07	1.8612	0
2.259252e-07	1.86	0
2.268854e-07	1.85882	0
2.278456e-07	1.85766	0
2.288058e-07	1.85652	0
2.297660e-07	1.8554	0
2.307261e-07	1.8543	0
2.316863e-07	1.85322	0
2.326465e-07	1.85215	0
2.336067e-07	1.8511	0
2.345669e-07	1.85007	0
2.355271e-07	1.84905	0
2.364873e-07	1.84805	0
2.374475e-07	1.84707	0
2.384077e-07	1.8461	0
2.393679e-07	1.84515	0
2.403281e-07	1.84421	0
2.412883e-07	1.84328	0
2.422484e-07	1.84237	0
2.432086e-07	1.84147	0
2.441688e-07	1.84059	0
2.451290e-07	1.83972	0
2.460892e-07	1.83886	0
2.470494e-07	1.83802	0
2.480096e-07	1.83719	0
2.489698e-07	1.83636	0
2.499300e-07	1.83556	0
2.508902e-07	1.83476	0
2.518504e-07	1.83397	0
2.528106e-07	1.8332	0
2.537708e-07	1.83243	0
2.547309e-07	1.83168	0
2.556911e-07	1.83094	0
2.566513e-07	1.83021	0
2.576115e-07	1.82948	0
2.585717e-07	1.82877	0
2.595319e-07	1.82807	0
2.604921e-07	1.82738	0
2.614523e-07	1.82669	0
2.624125e-07	1.82602	0
2.633727e-07	1.82535	0
2.643329e-07	1.82469	0
2.652931e-07	1.82405	0
2.662533e-07	1.82341	0
2.672134e-07	1.82278	0
2.681736e-07	1.82215	0
2.691338e-07	1.82154	0
2.700940e-07	1.82093	0
2.710542e-07	1.82033	0
2.720144e-07	1.81974	0
2.729746e-07	1.81915	0
2.739348e-07	1.81858	0
2.748950e-07	1.81801	0
2.758552e-07	1.81744	0
2.768154e-07	1.81689	0
2.777756e-07	1.81634	0
2.787357e-07	1.8158	0
2.796959e-07	1.81526	0
2.806561e-07	1.81473	0
2.816163e-07	1.81421	0
2.825765e-07	1.81369	0
2.835367e-07	1.81318	0
2.844969e-07	1.81268	0
2.854571e-07	1.81218	0
2.864173e-07	1.81169	0
2.873775e-07	1.8112	0
2.883377e-07	1.81072	0
2.892979e-07	1.81024	0
2.902581e-07	1.80977	0
2.912182e-07	1.80931	0
2.921784e-07	1.80885	0
2.931386e-07	1.80839	0
2.940988e-07	1.80794	0
2.950590e-07	1.8075	0
2.960192e-07	1.80706	0
2.969794e-07	1.80663	0
2.979396e-07	1.8062	0
2.988998e-07	1.80577	0
2.998600e-07	1.80536	0
3.008202e-07	1.80494	0
3.017804e-07	1.80453	0
3.027405e-07	1.80412	0
3.037007e-07	1.80372	0
3.046609e-07	1.80332	0
3.056211e-07	1.80293	0
3.065813e-07	1.80254	0
3.075415e-07	1.80216	0
3.085017e-07	1.80178	0
3.094619e-07	1.8014	0
3.104221e-07	1.80103	0
3.113823e-07	1.80066	0
3.123425e-07	1.8003	0
3.133027e-07	1.79993	0
3.142629e-07	1.79958	0
3.152230e-07	1.79922	0
3.161832e-07	1.79887	0
3.171434e-07	1.79853	0
3.181036e-07	1.79818	0
3.190638e-07	1.79784	0
3.200240e-07	1.79751	0
3.209842e-07	1.79718	0
3.219444e-07	1.79685	0
3.229046e-07	1.79652	0
3.238648e-07	1.7962	0
3.248250e-07	1.79588	0
3.257852e-07	1.79556	0
3.267453e-07	1.79525	0
3.277055e-07	1.79494	0
3.286657e-07	1.79463	0
3.296259e-07	1.79433	0
3.305861e-07	1.79403	0
3.315463e-07	1.79373	0
3.325065e-07	1.79343	0
3.334667e-07	1.79314	0
3.344269e-07	1.79285	0
3.353871e-07	1.79256	0
3.363473e-07	1.79228	0
3.373075e-07	1.792	0
3.382677e-07	1.79172	0
3.392278e-07	1.79144	0
3.401880e-07	1.79117	0
3.411482e-07	1.7909	0
3.421084e-07	1.79063	0
3.430686e-07	1.79036	0
3.440288e-07	1.7901	0
3.449890e-07	1.78984	0
3.459492e-07	1.78958	0
3.469094e-07	1.78932	0
3.478696e-07	1.78907	0
3.488298e-07	1.78881	0
3.497900e-07	1.78856	0
3.507502e-07	1.78832	0
3.517103e-07	1.78807	0
3.526705e-07	1.78783	0
3.536307e-07	1.78759	0
3.545909e-07	1.78735	0
3.555511e-07	1.78711	0
3.565113e-07	1.78688	0
3.574715e-07	1.78664	0
3.584317e-07	1.78641	0
3.593919e-07	1.78618	0
3.603521e-07	1.78596	0
3.613123e-07	1.78573	0
3.622725e-07	1.78551	0
3.632326e-07	1.78529	0
3.641928e-07	1.78507	0
3.651530e-07	1.78485	0
3.661132e-07	1.78464	0
3.670734e-07	1.78443	0
3.680336e-07	1.78421	0
3.689938e-07	1.784	0
3.699540e-07	1.7838	0
3.709142e-07	1.78359	0
3.718744e-07	1.78338	0
3.728346e-07	1.78318	0
3.737948e-07	1.78298	0
3.747550e-07	1.78278	0
3.757151e-07	1.78258	0
3.766753e-07	1.78239	0
3.776355e-07	1.78219	0
3.785957e-07	1.782	0
3.795559e-07	1.78181	0
3.805161e-07	1.78162	0
3.814763e-07	1.78143	0
3.824365e-07	1.78124	0
3.833967e-07	1.78105	0
3.843569e-07	1.78087	0
3.853171e-07	1.78069	0
3.862773e-07	1.78051	0
3.872374e-07	1.78033	0
3.881976e-07	1.78015	0
3.891578e-07	1.77997	0
3.901180e-07	1.7798	0
3.910782e-07	1.77962	0
3.920384e-07	1.77945	0
3.929986e-07	1.77928	0
3.939588e-07	1.77911	0
3.949190e-07	1.77894	0
3.958792e-07	1.77877	0
3.968394e-07	1.7786	0
3.977996e-07	1.77844	0
3.987598e-07	1.77828	0
3.997199e-07	1.77811	0
4.006801e-07	1.77795	0
4.016403e-07	1.77779	0
4.026005e-07	1.77763	0
4.035607e-07	1.77747	0
4.045209e-07	1.77732	0
4.054811e-07	1.77716	0
4.064413e-07	1.77701	0
4.074015e-07	1.77686	0
4.083617e-07	1.7767	0
4.093219e-07	1.77655	0
4.102821e-07	1.7764	0
4.112422e-07	1.77625	0
4.122024e-07	1.77611	0
4.131626e-07	1.77596	0
4.141228e-07	1.77581	0
4.150830e-07	1.77567	0
4.160432e-07	1.77553	0
4.170034e-07	1.77538	0
4.179636e-07	1.77524	0
4.189238e-07	1.7751	0
4.198840e-07	1.77496	0
4.208442e-07	1.77482	0
4.218044e-07	1.77469	0
4.227646e-07	1.77455	0
4.237247e-07	1.77442	0
4.246849e-07	1.77428	0
4.256451e-07	1.77415	0
4.266053e-07	1.77401	0
4.275655e-07	1.77388	0
4.285257e-07	1.77375	0
4.294859e-07	1.77362	0
4.304461e-07	1.77349	0
4.314063e-07	1.77337	0
4.323665e-07	1.77324	0
4.333267e-07	1.77311	0
4.342869e-07	1.77299	0
4.352470e-07	1.77286	0
4.362072e-07	1.77274	0
4.371674e-07	1.77261	0
4.381276e-07	1.77249	0
4.390878e-07	1.77237	0
4.400480e-07	1.77225	0
4.410082e-07	1.77213	0
4.419684e-07	1.77201	0
4.429286e-07	1.77189	0
4.438888e-07	1.77178	0
4.448490e-07	1.77166	0
4.458092e-07	1.77154	0
4.467694e-07	1.77143	0
4.477295e-07	1.77131	0
4.486897e-07	1.7712	0
4.496499e-07	1.77109	0
4.506101e-07	1.77098	0
4.515703e-07	1.77086	0
4.525305e-07	1.77075	0
4.534907e-07	1.77064	0
4.544509e-07	1.77053	0
4.554111e-07	1.77043	0
4.563713e-07	1.77032	0
4.573315e-07	1.77021	0
4.582917e-07	1.7701	0
4.592519e-07	1.77	0
4.602120e-07	1.76989	0
4.611722e-07	1.76979	0
4.621324e-07	1.76968	0
4.630926e-07	1.76958	0
4.640528e-07	1.76948	0
4.650130e-07	1.76938	0
4.659732e-07	1.76928	0
4.669334e-07	1.76917	0
4.678936e-07	1.76907	0
4.688538e-07	1.76897	0
4.698140e-07	1.76888	0
4.707742e-07	1.76878	0
4.717343e-07	1.76868	0
4.726945e-07	1.76858	0
4.736547e-07	1.76849	0
4.746149e-07	1.76839	0
4.755751e-07	1.7683	0
4.765353e-07	1.7682	0
4.774955e-07	1.76811	0
4.784557e-07	1.76801	0
4.794159e-07	1.76792	0
4.803761e-07	1.76783	0
4.813363e-07	1.76774	0
4.822965e-07	1.76764	0
4.832567e-07	1.76755	0
4.842168e-07	1.76746	0
4.851770e-07	1.76737	0
4.861372e-07	1.76728	0
4.870974e-07	1.76719	0
4.880576e-07	1.76711	0
4.890178e-07	1.76702	0
4.899780e-07	1.76693	0
4.909382e-07	1.76684	0
4.918984e-07	1.76676	0
4.928586e-07	1.76667	0
4.938188e-07	1.76659	0
4.947790e-07	1.7665	0
4.957391e-07	1.76642	0
4.966993e-07	1.76633	0
4.976595e-07	1.76625	0
4.986197e-07	1.76617	0
4.995799e-07	1.76609	0
5.005401e-07	1.766	0
5.015003e-07	1.76592	0
5.024605e-07	1.76584	0
5.034207e-07	1.76576	0
5.043809e-07	1.76568	0
5.053411e-07	1.7656	0
5.063013e-07	1.76552	0
5.072615e-07	1.76544	0
5.082216e-07	1.76536	0
5.091818e-07	1.76529	0
5.101420e-07	1.76521	0
5.111022e-07	1.76513	0
5.120624e-07	1.76506	0
5.130226e-07	1.76498	0
5.139828e-07	1.7649	0
5.149430e-07	1.76483	0
5.159032e-07	1.76475	0
5.168634e-07	1.76468	0
5.178236e-07	1.7646	0
5.187838e-07	1.76453	0
5.197439e-07	1.76446	0
5.207041e-07	1.76438	0
5.216643e-07	1.76431	0
5.226245e-07	1.76424	0
5.235847e-07	1.76417	0
5.245449e-07	1.76409	0
5.255051e-07	1.76402	0
5.264653e-07	1.76395	0
5.274255e-07	1.76388	0
5.283857e-07	1.76381	0
5.293459e-07	1.76374	0
5.303061e-07	1.76367	0
5.312663e-07	1.7636	0
5.322264e-07	1.76354	0
5.331866e-07	1.76347	0
5.341468e-07	1.7634	0
5.351070e-07	1.76333	0
5.360672e-07	1.76326	0
5.370274e-07	1.7632	0
5.379876e-07	1.76313	0
5.389478e-07	1.76306	0
5.399080e-07	1.763	0
5.408682e-07	1.76293	0
5.418284e-07	1.76287	0
5.427886e-07	1.7628	0
5.437487e-07	1.76274	0
5.447089e-07	1.76267	0
5.456691e-07	1.76261	0
5.466293e-07	1.76255	0
5.475895e-07	1.76248	0
5.485497e-07	1.76242	0
5.495099e-07	1.76236	0
5.504701e-07	1.76229	0
5.514303e-07	1.76223	0
5.523905e-07	1.76217	0
5.533507e-07	1.76211	0
5.543109e-07	1.76205	0
5.552711e-07	1.76199	0
5.562312e-07	1.76193	0
5.571914e-07	1.76187	0
5.581516e-07	1.76181	0
5.591118e-07	1.76175	0
5.600720e-07	1.76169	0
5.610322e-07	1.76163	0
5.619924e-07	1.76157	0
5.629526e-07	1.76151	0
5.639128e-07	1.76145	0
5.648730e-07	1.76139	0
5.658332e-07	1.76134	0
5.667934e-07	1.76128	0
5.677536e-07	1.76122	0
5.687137e-07	1.76116	0
5.696739e-07	1.76111	0
5.706341e-07	1.76105	0
5.715943e-07	1.76099	0
5.725545e-07	1.76094	0
5.735147e-07	1.76088	0
5.744749e-07	1.76083	0
5.754351e-07	1.76077	0
5.763953e-07	1.76072	0
5.773555e-07	1.76066	0
5.783157e-07	1.76061	0
5.792759e-07	1.76055	0
5.802360e-07	1.7605	0
5.811962e-07	1.76045	0
5.821564e-07	1.76039	0
5.831166e-07	1.76034	0
5.840768e-07	1.76029	0
5.850370e-07	1.76023	0
5.859972e-07	1.76018	0
5.869574e-07	1.76013	0
5.879176e-07	1.76008	0
5.888778e-07	1.76002	0
5.898380e-07	1.75997	0
5.907982e-07	1.75992	0
5.917584e-07	1.75987	0
5.927185e-07	1.75982	0
5.936787e-07	1.75977	0
5.946389e-07	1.75972	0
5.955991e-07	1.75967	0
5.965593e-07	1.75962	0
5.975195e-07	1.75957	0
5.984797e-07	1.75952	0
5.994399e-07	1.75947	0
6.004001e-07	1.75942	0
6.013603e-07	1.75937	0
6.023205e-07	1.75932	0
6.032807e-07	1.75927	0
6.042408e-07	1.75922	0
6.052010e-07	1.75918	0
6.061612e-07	1.75913	0
6.071214e-07	1.75908	0
6.080816e-07	1.75903	0
6.090418e-07	1.75899	0
6.100020e-07	1.75894	0
6.109622e-07	1.75889	0
6.119224e-07	1.75884	0
6.128826e-07	1.7588	0
6.138428e-07	1.75875	0
6.148030e-07	1.7587	0
6.157632e-07	1.75866	0
6.167233e-07	1.75861	0
6.176835e-07	1.75857	0
6.186437e-07	1.75852	0
6.196039e-07	1.75848	0
6.205641e-07	1.75843	0
6.215243e-07	1.75839	0
6.224845e-07	1.75834	0
6.234447e-07	1.7583	0
6.244049e-07	1.75825	0
6.253651e-07	1.75821	0
6.263253e-07	1.75816	0
6.272855e-07	1.75812	0
6.282456e-07	1.75808	0
6.292058e-07	1.75803	0
6.301660e-07	1.75799	0
6.311262e-07	1.75795	0
6.320864e-07	1.7579	0
6.330466e-07	1.75786	0
6.340068e-07	1.75782	0
6.349670e-07	1.75777	0
6.359272e-07	1.75773	0
6.368874e-07	1.75769	0
6.378476e-07	1.75765	0
6.388078e-07	1.75761	0
6.397680e-07	1.75756	0
6.407281e-07	1.75752	0
6.416883e-07	1.75748	0
6.426485e-07	1.75744	0
6.436087e-07	1.7574	0
6.445689e-07	1.75736	0
6.455291e-07	1.75732	0
6.464893e-07	1.75728	0
6.474495e-07	1.75724	0
6.484097e-07	1.7572	0
6.493699e-07	1.75715	0
6.503301e-07	1.75711	0
6.512903e-07	1.75707	0
6.522505e-07	1.75704	0
6.532106e-07	1.757	0
6.541708e-07	1.75696	0
6.551310e-07	1.75692	0
6.560912e-07	1.75688	0
6.570514e-07	1.75684	0
6.580116e-07	1.7568	0
6.589718e-07	1.75676	0
6.599320e-07	1.75672	0
6.608922e-07	1.75668	0
6.618524e-07	1.75664	0
6.628126e-07	1.75661	0
6.637728e-07	1.75657	0
6.647329e-07	1.75653	0
6.656931e-07	1.75649	0
6.666533e-07	1.75645	0
6.676135e-07	1.75642	0
6.685737e-07	1.75638	0
6.695339e-07	1.75634	0
6.704941e-07	1.75631	0
6.714543e-07	1.75627	0
6.724145e-07	1.75623	0
6.733747e-07	1.75619	0
6.743349e-07	1.75616	0
6.752951e-07	1.75612	0
6.762553e-07	1.75608	0
6.772154e-07	1.75605	0
6.781756e-07	1.75601	0
6.791358e-07	1.75598	0
6.800960e-07	1.75594	0
6.810562e-07	1.7559	0
6.820164e-07	1.75587	0
6.829766e-07	1.75583	0
6.839368e-07	1.7558	0
6.848970e-07	1.75576	0
6.858572e-07	1.75573	0
6.868174e-07	1.75569	0
6.877776e-07	1.75566	0
6.887377e-07	1.75562	0
6.896979e-07	1.75559	0
6.906581e-07	1.75555	0
6.916183e-07	1.75552	0
6.925785e-07	1.75548	0
6.935387e-07	1.75545	0
6.944989e-07	1.75542	0
6.954591e-07	1.75538	0
6.964193e-07	1.75535	0
6.973795e-07	1.75531	0
6.983397e-07	1.75528	0
6.992999e-07	1.75525	0
7.002601e-07	1.75521	0
7.012202e-07	1.75518	0
7.021804e-07	1.75515	0
7.031406e-07	1.75511	0
7.041008e-07	1.75508	0
7.050610e-07	1.75505	0
7.060212e-07	1.75501	0
7.069814e-07	1.75498	0
7.079416e-07	1.75495	0
7.089018e-07	1.75491	0
7.098620e-07	1.75488	0
7.108222e-07	1.75485	0
7.117824e-07	1.75482	0
7.127425e-07	1.75478	0
7.137027e-07	1.75475	0
7.146629e-07	1.75472	0
7.156231e-07	1.75469	0
7.165833e-07	1.75466	0
7.175435e-07	1.75463	0
7.185037e-07	1.75459	0
7.194639e-07	1.75456	0
7.204241e-07	1.75453	0
7.213843e-07	1.7545	0
7.223445e-07	1.75447	0
7.233047e-07	1.75444	0
7.242649e-07	1.75441	0
7.252250e-07	1.75437	0
7.261852e-07	1.75434	0
7.271454e-07	1.75431	0
7.281056e-07	1.75428	0
7.290658e-07	1.75425	0
7.300260e-07	1.75422	0
7.309862e-07	1.75419	0
7.319464e-07	1.75416	0
7.329066e-07	1.75413	0
7.338668e-07	1.7541	0
7.348270e-07	1.75407	0
7.357872e-07	1.75404	0
7.367473e-07	1.75401	0
7.377075e-07	1.75398	0
7.386677e-07	1.75395	0
7.396279e-07	1.75392	0
7.405881e-07	1.75389	0
7.415483e-07	1.75386	0
7.425085e-07	1.75383	0
7.434687e-07	1.7538	0
7.444289e-07	1.75377	0
7.453891e-07	1.75374	0
7.463493e-07	1.75371	0
7.473095e-07	1.75369	0
7.482697e-07	1.75366	0
7.492298e-07	1.75363	0
7.501900e-07	1.7536	0
7.511502e-07	1.75357	0
7.521104e-07	1.75354	0
7.530706e-07	1.75351	0
7.540308e-07	1.75348	0
7.549910e-07	1.75346	0
7.559512e-07	1.75343	0
7.569114e-07	1.7534	0
7.578716e-07	1.75337	0
7.588318e-07	1.75334	0
7.597920e-07	1.75331	0
7.607522e-07	1.75329	0
7.617123e-07	1.75326	0
7.626725e-07	1.75323	0
7.636327e-07	1.7532	0
7.645929e-07	1.75317	0
7.655531e-07	1.75315	0
7.665133e-07	1.75312	0
7.674735e-07	1.75309	0
7.684337e-07	1.75306	0
7.693939e-07	1.75304	0
7.703541e-07	1.75301	0
7.713143e-07	1.75298	0
7.722745e-07	1.75296	0
7.732346e-07	1.75293	0
7.741948e-07	1.7529	0
7.751550e-07	1.75287	0
7.761152e-07	1.75285	0
7.770754e-07	1.75282	0
7.780356e-07	1.75279	0
7.789958e-07	1.75277	0
7.799560e-07	1.75274	0
7.809162e-07	1.75271	0
7.818764e-07	1.75269	0
7.828366e-07	1.75266	0
7.837968e-07	1.75264	0
7.847570e-07	1.75261	0
7.857171e-07	1.75258	0
7.866773e-07	1.75256	0
7.876375e-07	1.75253	0
7.885977e-07	1.7525	0
7.895579e-07	1.75248	0
7.905181e-07	1.75245	0
7.914783e-07	1.75243	0
7.924385e-07	1.7524	0
7.933987e-07	1.75237	0
7.943589e-07	1.75235	0
7.953191e-07	1.75232	0
7.962793e-07	1.7523	0
7.972394e-07	1.75227	0
7.981996e-07	1.75225	0
7.991598e-07	1.75222	0
8.001200e-07	1.7522	0
8.010802e-07	1.75217	0
8.020404e-07	1.75215	0
8.030006e-07	1.75212	0
8.039608e-07	1.7521	0
8.049210e-07	1.75207	0
8.058812e-07	1.75205	0
8.068414e-07	1.75202	0
8.078016e-07	1.752	0
8.087618e-07	1.75197	0
8.097219e-07	1.75195	0
8.106821e-07	1.75192	0
8.116423e-07	1.7519	0
8.126025e-07	1.75187	0
8.135627e-07	1.75185	0
8.145229e-07	1.75182	0
8.154831e-07	1.7518	0
8.164433e-07	1.75177	0
8.174035e-07	1.75175	0
8.183637e-07	1.75173	0
8.193239e-07	1.7517	0
8.202841e-07	1.75168	0
8.212442e-07	1.75165	0
8.222044e-07	1.75163	0
8.231646e-07	1.7516	0
8.241248e-07	1.75158	0
8.250850e-07	1.75156	0
8.260452e-07	1.75153	0
8.270054e-07	1.75151	0
8.279656e-07	1.75149	0
8.289258e-07	1.75146	0
8.298860e-07	1.75144	0
8.308462e-07	1.75141	0
8.318064e-07	1.75139	0
8.327666e-07	1.75137	0
8.337267e-07	1.75134	0
8.346869e-07	1.75132	0
8.356471e-07	1.7513	0
8.366073e-07	1.75127	0
8.375675e-07	1.75125	0
8.385277e-07	1.75123	0
8.394879e-07	1.7512	0
8.404481e-07	1.75118	0
8.414083e-07	1.75116	0
8.423685e-07	1.75113	0
8.433287e-07	1.75111	0
8.442889e-07	1.75109	0
8.452490e-07	1.75107	0
8.462092e-07	1.75104	0
8.471694e-07	1.75102	0
8.481296e-07	1.751	0
8.490898e-07	1.75097	0
8.500500e-07	1.75095	0
8.510102e-07	1.75093	0
8.519704e-07	1.75091	0
8.529306e-07	1.75088	0
8.538908e-07	1.75086	0
8.548510e-07	1.75084	0
8.558112e-07	1.75082	0
8.567714e-07	1.75079	0
8.577315e-07	1.75077	0
8.586917e-07	1.75075	0
8.596519e-07	1.75073	0
8.606121e-07	1.7507	0
8.615723e-07	1.75068	0
8.625325e-07	1.75066	0
8.634927e-07	1.75064	0
8.644529e-07	1.75062	0
8.654131e-07	1.75059	0
8.663733e-07	1.75057	0
8.673335e-07	1.75055	0
8.682937e-07	1.75053	0
8.692539e-07	1.75051	0
8.702140e-07	1.75048	0
8.711742e-07	1.75046	0
8.721344e-07	1.75044	0
8.730946e-07	1.75042	0
8.740548e-07	1.7504	0
8.750150e-07	1.75037	0
8.759752e-07	1.75035	0
8.769354e-07	1.75033	0
8.778956e-07	1.75031	0
8.788558e-07	1.75029	0
8.798160e-07	1.75027	0
8.807762e-07	1.75025	0
8.817363e-07	1.75022	0
8.826965e-07	1.7502	0
8.836567e-07	1.75018	0
8.846169e-07	1.75016	0
8.855771e-07	1.75014	0
8.865373e-07	1.75012	0
8.874975e-07	1.7501	0
8.884577e-07	1.75007	0
8.894179e-07	1.75005	0
8.903781e-07	1.75003	0
8.913383e-07	1.75001	0
8.922985e-07	1.74999	0
8.932587e-07	1.74997	0
8.942188e-07	1.74995	0
8.951790e-07	1.74993	0
8.961392e-07	1.74991	0
8.970994e-07	1.74989	0
8.980596e-07	1.74986	0
8.990198e-07	1.74984	0
8.999800e-07	1.74982	0
9.009402e-07	1.7498	0
9.019004e-07	1.74978	0
9.028606e-07	1.74976	0
9.038208e-07	1.74974	0
9.047810e-07	1.74972	0
9.057411e-07	1.7497	0
9.067013e-07	1.74968	0
9.076615e-07	1.74966	0
9.086217e-07	1.74964	0
9.095819e-07	1.74962	0
9.105421e-07	1.7496	0
9.115023e-07	1.74958	0
9.124625e-07	1.74956	0
9.134227e-07	1.74954	0
9.143829e-07	1.74952	0
9.153431e-07	1.74949	0
9.163033e-07	1.74947	0
9.172635e-07	1.74945	0
9.182236e-07	1.74943	0
9.191838e-07	1.74941	0
9.201440e-07	1.74939	0
9.211042e-07	1.74937	0
9.220644e-07	1.74935	0
9.230246e-07	1.74933	0
9.239848e-07	1.74931	0
9.249450e-07	1.74929	0
9.259052e-07	1.74927	0
9.268654e-07	1.74925	0
9.278256e-07	1.74923	0
9.287858e-07	1.74921	0
9.297459e-07	1.74919	0
9.307061e-07	1.74917	0
9.316663e-07	1.74915	0
9.326265e-07	1.74913	0
9.335867e-07	1.74911	0
9.345469e-07	1.7491	0
9.355071e-07	1.74908	0
9.364673e-07	1.74906	0
9.374275e-07	1.74904	0
9.383877e-07	1.74902	0
9.393479e-07	1.749	0
9.403081e-07	1.74898	0
9.412683e-07	1.74896	0
9.422284e-07	1.74894	0
9.431886e-07	1.74892	0
9.441488e-07	1.7489	0
9.451090e-07	1.74888	0
9.460692e-07	1.74886	0
9.470294e-07	1.74884	0
9.479896e-07	1.74882	0
9.489498e-07	1.7488	0
9.499100e-07	1.74878	0
9.508702e-07	1.74876	0
9.518304e-07	1.74874	0
9.527906e-07	1.74873	0
9.537508e-07	1.74871	0
9.547109e-07	1.74869	0
9.556711e-07	1.74867	0
9.566313e-07	1.74865	0
9.575915e-07	1.74863	0
9.585517e-07	1.74861	0
9.595119e-07	1.74859	0
9.604721e-07	1.74857	0
9.614323e-07	1.74855	0
9.623925e-07	1.74853	0
9.633527e-07	1.74851	0
9.643129e-07	1.7485	0
9.652731e-07	1.74848	0
9.662332e-07	1.74846	0
9.671934e-07	1.74844	0
9.681536e-07	1.74842	0
9.691138e-07	1.7484	0
9.700740e-07	1.74838	0
9.710342e-07	1.74836	0
9.719944e-07	1.74834	0
9.729546e-07	1.74833	0
9.739148e-07	1.74831	0
9.748750e-07	1.74829	0
9.758352e-07	1.74827	0
9.767954e-07	1.74825	0
9.777556e-07	1.74823	0
9.787157e-07	1.74821	0
9.796759e-07	1.7482	0
9.806361e-07	1.74818	0
9.815963e-07	1.74816	0
9.825565e-07	1.74814	0
9.835167e-07	1.74812	0
9.844769e-07	1.7481	0
9.854371e-07	1.74808	0
9.863973e-07	1.74807	0
9.873575e-07	1.74805	0
9.883177e-07	1.74803	0
9.892779e-07	1.74801	0
9.902380e-07	1.74799	0
9.911982e-07	1.74797	0
9.921584e-07	1.74795	0
9.931186e-07	1.74794	0
9.940788e-07	1.74792	0
9.950390e-07	1.7479	0
9.959992e-07	1.74788	0
9.969594e-07	1.74786	0
9.979196e-07	1.74784	0
9.988798e-07	1.74783	0
9.998400e-07	1.74781	0
1.000800e-06	1.74779	0
1.001760e-06	1.74777	0
1.002721e-06	1.74775	0
1.003681e-06	1.74774	0
1.004641e-06	1.74772	0
1.005601e-06	1.7477	0
1.006561e-06	1.74768	0
1.007522e-06	1.74766	0
1.008482e-06	1.74764	0
1.009442e-06	1.74763	0
1.010402e-06	1.74761	0
1.011362e-06	1.74759	0
1.012322e-06	1.74757	0
1.013283e-06	1.74755	0
1.014243e-06	1.74754	0
1.015203e-06	1.74752	0
1.016163e-06	1.7475	0
1.017123e-06	1.74748	0
1.018084e-06	1.74747	0
1.019044e-06	1.74745	0
1.020004e-06	1.74743	0
1.020964e-06	1.74741	0
1.021924e-06	1.74739	0
1.022885e-06	1.74738	0
1.023845e-06	1.74736	0
1.024805e-06	1.74734	0
1.025765e-06	1.74732	0
1.026725e-06	1.7473	0
1.027686e-06	1.74729	0
1.028646e-06	1.74727	0
1.029606e-06	1.74725	0
1.030566e-06	1.74723	0
1.031526e-06	1.74722	0
1.032486e-06	1.7472	0
1.033447e-06	1.74718	0
1.034407e-06	1.74716	0
1.035367e-06	1.74715	0
1.036327e-06	1.74713	0
1.037287e-06	1.74711	0
1.038248e-06	1.74709	0
1.039208e-06	1.74707	0
1.040168e-06	1.74706	0
1.041128e-06	1.74704	0
1.042088e-06	1.74702	0
1.043049e-06	1.747	0
1.044009e-06	1.74699	0
1.044969e-06	1.74697	0
1.045929e-06	1.74695	0
1.046889e-06	1.74693	0
1.047850e-06	1.74692	0
1.048810e-06	1.7469	0
1.049770e-06	1.74688	0
1.050730e-06	1.74686	0
1.051690e-06	1.74685	0
1.052651e-06	1.74683	0
1.053611e-06	1.74681	0
1.054571e-06	1.7468	0
1.055531e-06	1.74678	0
1.056491e-06	1.74676	0
1.057451e-06	1.74674	0
1.058412e-06	1.74673	0
1.059372e-06	1.74671	0
1.060332e-06	1.74669	0
1.061292e-06	1.74667	0
1.062252e-06	1.74666	0
1.063213e-06	1.74664	0
1.064173e-06	1.74662	0
1.065133e-06	1.74661	0
1.066093e-06	1.74659	0
1.067053e-06	1.74657	0
1.068014e-06	1.74655	0
1.068974e-06	1.74654	0
1.069934e-06	1.74652	0
1.070894e-06	1.7465	0
1.071854e-06	1.74648	0
1.072815e-06	1.74647	0
1.073775e-06	1.74645	0
1.074735e-06	1.74643	0
1.075695e-06	1.74642	0
1.076655e-06	1.7464	0
1.077616e-06	1.74638	0
1.078576e-06	1.74637	0
1.079536e-06	1.74635	0
1.080496e-06	1.74633	0
1.081456e-06	1.74631	0
1.082416e-06	1.7463	0
1.083377e-06	1.74628	0
1.084337e-06	1.74626	0
1.085297e-06	1.74625	0
1.086257e-06	1.74623	0
1.087217e-06	1.74621	0
1.088178e-06	1.74619	0
1.089138e-06	1.74618	0
1.090098e-06	1.74616	0
1.091058e-06	1.74614	0
1.092018e-06	1.74613	0
1.092979e-06	1.74611	0
1.093939e-06	1.74609	0
1.094899e-06	1.74608	0
1.095859e-06	1.74606	0
1.096819e-06	1.74604	0
1.097780e-06	1.74603	0
1.098740e-06	1.74601	0
1.099700e-06	1.74599	0
1.100660e-06	1.74598	0
1.101620e-06	1.74596	0
1.102581e-06	1.74594	0
1.103541e-06	1.74592	0
1.104501e-06	1.74591	0
1.105461e-06	1.74589	0
1.106421e-06	1.74587	0
1.107381e-06	1.74586	0
1.108342e-06	1.74584	0
1.109302e-06	1.74582	0
1.110262e-06	1.74581	0
1.111222e-06	1.74579	0
1.112182e-06	1.74577	0
1.113143e-06	1.74576	0
1.114103e-06	1.74574	0
1.115063e-06	1.74572	0
1.116023e-06	1.74571	0
1.116983e-06	1.74569	0
1.117944e-06	1.74567	0
1.118904e-06	1.74566	0
1.119864e-06	1.74564	0
1.120824e-06	1.74562	0
1.121784e-06	1.74561	0
1.122745e-06	1.74559	0
1.123705e-06	1.74557	0
1.124665e-06	1.74556	0
1.125625e-06	1.74554	0
1.126585e-06	1.74552	0
1.127546e-06	1.74551	0
1.128506e-06	1.74549	0
1.129466e-06	1.74547	0
1.130426e-06	1.74546	0
1.131386e-06	1.74544	0
1.132346e-06	1.74542	0
1.133307e-06	1.74541	0
1.134267e-06	1.74539	0
1.135227e-06	1.74537	0
1.136187e-06	1.74536	0
1.137147e-06	1.74534	0
1.138108e-06	1.74532	0
1.139068e-06	1.74531	0
1.140028e-06	1.74529	0
1.140988e-06	1.74528	0
1.141948e-06	1.74526	0
1.142909e-06	1.74524	0
1.143869e-06	1.74523	0
1.144829e-06	1.74521	0
1.145789e-06	1.74519	0
1.146749e-06	1.74518	0
1.147710e-06	1.74516	0
1.148670e-06	1.74514	0
1.149630e-06	1.74513	0
1.150590e-06	1.74511	0
1.151550e-06	1.74509	0
1.152511e-06	1.74508	0
1.153471e-06	1.74506	0
1.154431e-06	1.74504	0
1.155391e-06	1.74503	0
1.156351e-06	1.74501	0
1.157311e-06	1.745	0
1.158272e-06	1.74498	0
1.159232e-06	1.74496	0
1.160192e-06	1.74495	0
1.161152e-06	1.74493	0
1.162112e-06	1.74491	0
1.163073e-06	1.7449	0
1.164033e-06	1.74488	0
1.164993e-06	1.74486	0
1.165953e-06	1.74485	0
1.166913e-06	1.74483	0
1.167874e-06	1.74482	0
1.168834e-06	1.7448	0
1.169794e-06	1.74478	0
1.170754e-06	1.74477	0
1.171714e-06	1.74475	0
1.172675e-06	1.74473	0
1.173635e-06	1.74472	0
1.174595e-06	1.7447	0
1.175555e-06	1.74468	0
1.176515e-06	1.74467	0
1.177475e-06	1.74465	0
1.178436e-06	1.74464	0
1.179396e-06	1.74462	0
1.180356e-06	1.7446	0
1.181316e-06	1.74459	0
1.182276e-06	1.74457	0
1.183237e-06	1.74455	0
1.184197e-06	1.74454	0
1.185157e-06	1.74452	0
1.186117e-06	1.74451	0
1.187077e-06	1.74449	0
1.188038e-06	1.74447	0
1.188998e-06	1.74446	0
1.189958e-06	1.74444	0
1.190918e-06	1.74442	0
1.191878e-06	1.74441	0
1.192839e-06	1.74439	0
1.193799e-06	1.74438	0
1.194759e-06	1.74436	0
1.195719e-06	1.74434	0
1.196679e-06	1.74433	0
1.197640e-06	1.74431	0
1.198600e-06	1.7443	0
1.199560e-06	1.74428	0
1.200520e-06	1.74426	0
1.201480e-06	1.74425	0
1.202440e-06	1.74423	0
1.203401e-06	1.74421	0
1.204361e-06	1.7442	0
1.205321e-06	1.74418	0
1.206281e-06	1.74417	0
1.207241e-06	1.74415	0
1.208202e-06	1.74413	0
1.209162e-06	1.74412	0
1.210122e-06	1.7441	0
1.211082e-06	1.74409	0
1.212042e-06	1.74407	0
1.213003e-06	1.74405	0
1.213963e-06	1.74404	0
1.214923e-06	1.74402	0
1.215883e-06	1.744	0
1.216843e-06	1.74399	0
1.217804e-06	1.74397	0
1.218764e-06	1.74396	0
1.219724e-06	1.74394	0
1.220684e-06	1.74392	0
1.221644e-06	1.74391	0
1.222605e-06	1.74389	0
1.223565e-06	1.74388	0
1.224525e-06	1.74386	0
1.225485e-06	1.74384	0
1.226445e-06	1.74383	0
1.227405e-06	1.74381	0
1.228366e-06	1.7438	0
1.229326e-06	1.74378	0
1.230286e-06	1.74376	0
1.231246e-06	1.74375	0
1.232206e-06	1.74373	0
1.233167e-06	1.74371	0
1.234127e-06	1.7437	0
1.235087e-06	1.74368	0
1.236047e-06	1.74367	0
1.237007e-06	1.74365	0
1.237968e-06	1.74363	0
1.238928e-06	1.74362	0
1.239888e-06	1.7436	0
1.240848e-06	1.74359	0
1.241808e-06	1.74357	0
1.242769e-06	1.74355	0
1.243729e-06	1.74354	0
1.244689e-06	1.74352	0
1.245649e-06	1.74351	0
1.246609e-06	1.74349	0
1.247570e-06	1.74347	0
1.248530e-06	1.74346	0
1.249490e-06	1.74344	0
1.250450e-06	1.74343	0
1.251410e-06	1.74341	0
1.252370e-06	1.74339	0
1.253331e-06	1.74338	0
1.254291e-06	1.74336	0
1.255251e-06	1.74335	0
1.256211e-06	1.74333	0
1.257171e-06	1.74331	0
1.258132e-06	1.7433	0
1.259092e-06	1.74328	0
1.260052e-06	1.74327	0
1.261012e-06	1.74325	0
1.261972e-06	1.74323	0
1.262933e-06	1.74322	0
1.263893e-06	1.7432	0
1.264853e-06	1.74319	0
1.265813e-06	1.74317	0
1.266773e-06	1.74315	0
1.267734e-06	1.74314	0
1.268694e-06	1.74312	0
1.269654e-06	1.74311	0
1.270614e-06	1.74309	0
1.271574e-06	1.74307	0
1.272535e-06	1.74306	0
1.273495e-06	1.74304	0
1.274455e-06	1.74303	0
1.275415e-06	1.74301	0
1.276375e-06	1.74299	0
1.277335e-06	1.74298	0
1.278296e-06	1.74296	0
1.279256e-06	1.74295	0
1.280216e-06	1.74293	0
1.281176e-06	1.74291	0
1.282136e-06	1.7429	0
1.283097e-06	1.74288	0
1.284057e-06	1.74287	0
1.285017e-06	1.74285	0
1.285977e-06	1.74283	0
1.286937e-06	1.74282	0
1.287898e-06	1.7428	0
1.288858e-06	1.74279	0
1.289818e-06	1.74277	0
1.290778e-06	1.74275	0
1.291738e-06	1.74274	0
1.292699e-06	1.74272	0
1.293659e-06	1.74271	0
1.294619e-06	1.74269	0
1.295579e-06	1.74267	0
1.296539e-06	1.74266	0
1.297499e-06	1.74264	0
1.298460e-06	1.74263	0
1.299420e-06	1.74261	0
1.300380e-06	1.74259	0
1.301340e-06	1.74258	0
1.302300e-06	1.74256	0
1.303261e-06	1.74255	0
1.304221e-06	1.74253	0
1.305181e-06	1.74251	0
1.306141e-06	1.7425	0
1.307101e-06	1.74248	0
1.308062e-06	1.74247	0
1.309022e-06	1.74245	0
1.309982e-06	1.74243	0
1.310942e-06	1.74242	0
1.311902e-06	1.7424	0
1.312863e-06	1.74239	0
1.313823e-06	1.74237	0
1.314783e-06	1.74235	0
1.315743e-06	1.74234	0
1.316703e-06	1.74232	0
1.317664e-06	1.74231	0
1.318624e-06	1.74229	0
1.319584e-06	1.74227	0
1.320544e-06	1.74226	0
1.321504e-06	1.74224	0
1.322464e-06	1.74223	0
1.323425e-06	1.74221	0
1.324385e-06	1.74219	0
1.325345e-06	1.74218	0
1.326305e-06	1.74216	0
1.327265e-06	1.74215	0
1.328226e-06	1.74213	0
1.329186e-06	1.74211	0
1.330146e-06	1.7421	0
1.331106e-06	1.74208	0
1.332066e-06	1.74207	0
1.333027e-06	1.74205	0
1.333987e-06	1.74203	0
1.334947e-06	1.74202	0
1.335907e-06	1.742	0
1.336867e-06	1.74199	0
1.337828e-06	1.74197	0
1.338788e-06	1.74195	0
1.339748e-06	1.74194	0
1.340708e-06	1.74192	0
1.341668e-06	1.74191	0
1.342629e-06	1.74189	0
1.343589e-06	1.74187	0
1.344549e-06	1.74186	0
1.345509e-06	1.74184	0
1.346469e-06	1.74183	0
1.347429e-06	1.74181	0
1.348390e-06	1.74179	0
1.349350e-06	1.74178	0
1.350310e-06	1.74176	0
1.351270e-06	1.74175	0
1.352230e-06	1.74173	0
1.353191e-06	1.74171	0
1.354151e-06	1.7417	0
1.355111e-06	1.74168	0
1.356071e-06	1.74167	0
1.357031e-06	1.74165	0
1.357992e-06	1.74163	0
1.358952e-06	1.74162	0
1.359912e-06	1.7416	0
1.360872e-06	1.74159	0
1.361832e-06	1.74157	0
1.362793e-06	1.74155	0
1.363753e-06	1.74154	0
1.364713e-06	1.74152	0
1.365673e-06	1.74151	0
1.366633e-06	1.74149	0
1.367594e-06	1.74147	0
1.368554e-06	1.74146	0
1.369514e-06	1.74144	0
1.370474e-06	1.74143	0
1.371434e-06	1.74141	0
1.372394e-06	1.74139	0
1.373355e-06	1.74138	0
1.374315e-06	1.74136	0
1.375275e-06	1.74135	0
1.376235e-06	1.74133	0
1.377195e-06	1.74131	0
1.378156e-06	1.7413	0
1.379116e-06	1.74128	0
1.380076e-06	1.74127	0
1.381036e-06	1.74125	0
1.381996e-06	1.74123	0
1.382957e-06	1.74122	0
1.383917e-06	1.7412	0
1.384877e-06	1.74119	0
1.385837e-06	1.74117	0
1.386797e-06	1.74115	0
1.387758e-06	1.74114	0
1.388718e-06	1.74112	0
1.389678e-06	1.74111	0
1.390638e-06	1.74109	0
1.391598e-06	1.74107	0
1.392559e-06	1.74106	0
1.393519e-06	1.74104	0
1.394479e-06	1.74102	0
1.395439e-06	1.74101	0
1.396399e-06	1.74099	0
1.397359e-06	1.74098	0
1.398320e-06	1.74096	0
1.399280e-06	1.74094	0
1.400240e-06	1.74093	0
1.401200e-06	1.74091	0
1.402160e-06	1.7409	0
1.403121e-06	1.74088	0
1.404081e-06	1.74086	0
1.405041e-06	1.74085	0
1.406001e-06	1.74083	0
1.406961e-06	1.74082	0
1.407922e-06	1.7408	0
1.408882e-06	1.74078	0
1.409842e-06	1.74077	0
1.410802e-06	1.74075	0
1.411762e-06	1.74073	0
1.412723e-06	1.74072	0
1.413683e-06	1.7407	0
1.414643e-06	1.74069	0
1.415603e-06	1.74067	0
1.416563e-06	1.74065	0
1.417524e-06	1.74064	0
1.418484e-06	1.74062	0
1.419444e-06	1.74061	0
1.420404e-06	1.74059	0
1.421364e-06	1.74057	0
1.422324e-06	1.74056	0
1.423285e-06	1.74054	0
1.424245e-06	1.74053	0
1.425205e-06	1.74051	0
1.426165e-06	1.74049	0
1.427125e-06	1.74048	0
1.428086e-06	1.74046	0
1.429046e-06	1.74044	0
1.430006e-06	1.74043	0
1.430966e-06	1.74041	0
1.431926e-06	1.7404	0
1.432887e-06	1.74038	0
1.433847e-06	1.74036	0
1.434807e-06	1.74035	0
1.435767e-06	1.74033	0
1.436727e-06	1.74032	0
1.437688e-06	1.7403	0
1.438648e-06	1.74028	0
1.439608e-06	1.74027	0
1.440568e-06	1.74025	0
1.441528e-06	1.74023	0
1.442488e-06	1.74022	0
1.443449e-06	1.7402	0
1.444409e-06	1.74019	0
1.445369e-06	1.74017	0
1.446329e-06	1.74015	0
1.447289e-06	1.74014	0
1.448250e-06	1.74012	0
1.449210e-06	1.7401	0
1.450170e-06	1.74009	0
1.451130e-06	1.74007	0
1.452090e-06	1.74006	0
1.453051e-06	1.74004	0
1.454011e-06	1.74002	0
1.454971e-06	1.74001	0
1.455931e-06	1.73999	0
1.456891e-06	1.73997	0
1.457852e-06	1.73996	0
1.458812e-06	1.73994	0
1.459772e-06	1.73993	0
1.460732e-06	1.73991	0
1.461692e-06	1.73989	0
1.462653e-06	1.73988	0
1.463613e-06	1.73986	0
1.464573e-06	1.73984	0
1.465533e-06	1.73983	0
1.466493e-06	1.73981	0
1.467453e-06	1.7398	0
1.468414e-06	1.73978	0
1.469374e-06	1.73976	0
1.470334e-06	1.73975	0
1.471294e-06	1.73973	0
1.472254e-06	1.73971	0
1.473215e-06	1.7397	0
1.474175e-06	1.73968	0
1.475135e-06	1.73967	0
1.476095e-06	1.73965	0
1.477055e-06	1.73963	0
1.478016e-06	1.73962	0
1.478976e-06	1.7396	0
1.479936e-06	1.73958	0
1.480896e-06	1.73957	0
1.481856e-06	1.73955	0
1.482817e-06	1.73953	0
1.483777e-06	1.73952	0
1.484737e-06	1.7395	0
1.485697e-06	1.73949	0
1.486657e-06	1.73947	0
1.487618e-06	1.73945	0
1.488578e-06	1.73944	0
1.489538e-06	1.73942	0
1.490498e-06	1.7394	0
1.491458e-06	1.73939	0
1.492418e-06	1.73937	0
1.493379e-06	1.73935	0
1.494339e-06	1.73934	0
1.495299e-06	1.73932	0
1.496259e-06	1.73931	0
1.497219e-06	1.73929	0
1.498180e-06	1.73927	0
1.499140e-06	1.73926	0
1.500100e-06	1.73924	0
1.501060e-06	1.73922	0
1.502020e-06	1.73921	0
1.502981e-06	1.73919	0
1.503941e-06	1.73917	0
1.504901e-06	1.73916	0
1.505861e-06	1.73914	0
1.506821e-06	1.73912	0
1.507782e-06	1.73911	0
1.508742e-06	1.73909	0
1.509702e-06	1.73908	0
1.510662e-06	1.73906	0
1.511622e-06	1.73904	0
1.512583e-06	1.73903	0
1.513543e-06	1.73901	0
1.514503e-06	1.73899	0
1.515463e-06	1.73898	0
1.516423e-06	1.73896	0
1.517383e-06	1.73894	0
1.518344e-06	1.73893	0
1.519304e-06	1.73891	0
1.520264e-06	1.73889	0
1.521224e-06	1.73888	0
1.522184e-06	1.73886	0
1.523145e-06	1.73884	0
1.524105e-06	1.73883	0
1.525065e-06	1.73881	0
1.526025e-06	1.7388	0
1.526985e-06	1.73878	0
1.527946e-06	1.73876	0
1.528906e-06	1.73875	0
1.529866e-06	1.73873	0
1.530826e-06	1.73871	0
1.531786e-06	1.7387	0
1.532747e-06	1.73868	0
1.533707e-06	1.73866	0
1.534667e-06	1.73865	0
1.535627e-06	1.73863	0
1.536587e-06	1.73861	0
1.537548e-06	1.7386	0
1.538508e-06	1.73858	0
1.539468e-06	1.73856	0
1.540428e-06	1.73855	0
1.541388e-06	1.73853	0
1.542348e-06	1.73851	0
1.543309e-06	1.7385	0
1.544269e-06	1.73848	0
1.545229e-06	1.73846	0
1.546189e-06	1.73845	0
1.547149e-06	1.73843	0
1.548110e-06	1.73841	0
1.549070e-06	1.7384	0
1.550030e-06	1.73838	0
1.550990e-06	1.73836	0
1.551950e-06	1.73835	0
1.552911e-06	1.73833	0
1.553871e-06	1.73831	0
1.554831e-06	1.7383	0
1.555791e-06	1.73828	0
1.556751e-06	1.73826	0
1.557712e-06	1.73825	0
1.558672e-06	1.73823	0
1.559632e-06	1.73821	0
1.560592e-06	1.7382	0
1.561552e-06	1.73818	0
1.562513e-06	1.73816	0
1.563473e-06	1.73815	0
1.564433e-06	1.73813	0
1.565393e-06	1.73811	0
1.566353e-06	1.7381	0
1.567313e-06	1.73808	0
1.568274e-06	1.73806	0
1.569234e-06	1.73805	0
1.570194e-06	1.73803	0
1.571154e-06	1.73801	0
1.572114e-06	1.738	0
1.573075e-06	1.73798	0
1.574035e-06	1.73796	0
1.574995e-06	1.73795	0
1.575955e-06	1.73793	0
1.576915e-06	1.73791	0
1.577876e-06	1.7379	0
1.578836e-06	1.73788	0
1.579796e-06	1.73786	0
1.580756e-06	1.73785	0
1.581716e-06	1.73783	0
1.582677e-06	1.73781	0
1.583637e-06	1.7378	0
1.584597e-06	1.73778	0
1.585557e-06	1.73776	0
1.586517e-06	1.73775	0
1.587477e-06	1.73773	0
1.588438e-06	1.73771	0
1.589398e-06	1.7377	0
1.590358e-06	1.73768	0
1.591318e-06	1.73766	0
1.592278e-06	1.73764	0
1.593239e-06	1.73763	0
1.594199e-06	1.73761	0
1.595159e-06	1.73759	0
1.596119e-06	1.73758	0
1.597079e-06	1.73756	0
1.598040e-06	1.73754	0
1.599000e-06	1.73753	0
1.599960e-06	1.73751	0
1.600920e-06	1.73749	0
1.601880e-06	1.73748	0
1.602841e-06	1.73746	0
1.603801e-06	1.73744	0
1.604761e-06	1.73743	0
1.605721e-06	1.73741	0
1.606681e-06	1.73739	0
1.607642e-06	1.73737	0
1.608602e-06	1.73736	0
1.609562e-06	1.73734	0
1.610522e-06	1.73732	0
1.611482e-06	1.73731	0
1.612442e-06	1.73729	0
1.613403e-06	1.73727	0
1.614363e-06	1.73726	0
1.615323e-06	1.73724	0
1.616283e-06	1.73722	0
1.617243e-06	1.73721	0
1.618204e-06	1.73719	0
1.619164e-06	1.73717	0
1.620124e-06	1.73715	0
1.621084e-06	1.73714	0
1.622044e-06	1.73712	0
1.623005e-06	1.7371	0
1.623965e-06	1.73709	0
1.624925e-06	1.73707	0
1.625885e-06	1.73705	0
1.626845e-06	1.73703	0
1.627806e-06	1.73702	0
1.628766e-06	1.737	0
1.629726e-06	1.73698	0
1.630686e-06	1.73697	0
1.631646e-06	1.73695	0
1.632607e-06	1.73693	0
1.633567e-06	1.73692	0
1.634527e-06	1.7369	0
1.635487e-06	1.73688	0
1.636447e-06	1.73686	0
1.637407e-06	1.73685	0
1.638368e-06	1.73683	0
1.639328e-06	1.73681	0
1.640288e-06	1.7368	0
1.641248e-06	1.73678	0
1.642208e-06	1.73676	0
1.643169e-06	1.73674	0
1.644129e-06	1.73673	0
1.645089e-06	1.73671	0
1.646049e-06	1.73669	0
1.647009e-06	1.73668	0
1.647970e-06	1.73666	0
1.648930e-06	1.73664	0
1.649890e-06	1.73662	0
1.650850e-06	1.73661	0
1.651810e-06	1.73659	0
1.652771e-06	1.73657	0
1.653731e-06	1.73656	0
1.654691e-06	1.73654	0
1.655651e-06	1.73652	0
1.656611e-06	1.7365	0
1.657572e-06	1.73649	0
1.658532e-06	1.73647	0
1.659492e-06	1.73645	0
1.660452e-06	1.73644	0
1.661412e-06	1.73642	0
1.662372e-06	1.7364	0
1.663333e-06	1.73638	0
1.664293e-06	1.73637	0
1.665253e-06	1.73635	0
1.666213e-06	1.73633	0
1.667173e-06	1.73631	0
1.668134e-06	1.7363	0
1.669094e-06	1.73628	0
1.670054e-06	1.73626	0
1.671014e-06	1.73625	0
1.671974e-06	1.73623	0
1.672935e-06	1.73621	0
1.673895e-06	1.73619	0
1.674855e-06	1.73618	0
1.675815e-06	1.73616	0
1.676775e-06	1.73614	0
1.677736e-06	1.73612	0
1.678696e-06	1.73611	0
1.679656e-06	1.73609	0
1.680616e-06	1.73607	0
1.681576e-06	1.73606	0
1.682537e-06	1.73604	0
1.683497e-06	1.73602	0
1.684457e-06	1.736	0
1.685417e-06	1.73599	0
1.686377e-06	1.73597	0
1.687337e-06	1.73595	0
1.688298e-06	1.73593	0
1.689258e-06	1.73592	0
1.690218e-06	1.7359	0
1.691178e-06	1.73588	0
1.692138e-06	1.73586	0
1.693099e-06	1.73585	0
1.694059e-06	1.73583	0
1.695019e-06	1.73581	0
1.695979e-06	1.73579	0
1.696939e-06	1.73578	0
1.697900e-06	1.73576	0
1.698860e-06	1.73574	0
1.699820e-06	1.73572	0
1.700780e-06	1.73571	0
1.701740e-06	1.73569	0
1.702701e-06	1.73567	0
1.703661e-06	1.73565	0
1.704621e-06	1.73564	0
1.705581e-06	1.73562	0
1.706541e-06	1.7356	0
1.707502e-06	1.73558	0
1.708462e-06	1.73557	0
1.709422e-06	1.73555	0
1.710382e-06	1.73553	0
1.711342e-06	1.73551	0
1.712302e-06	1.7355	0
1.713263e-06	1.73548	0
1.714223e-06	1.73546	0
1.715183e-06	1.73544	0
1.716143e-06	1.73543	0
1.717103e-06	1.73541	0
1.718064e-06	1.73539	0
1.719024e-06	1.73537	0
1.719984e-06	1.73536	0
1.720944e-06	1.73534	0
1.721904e-06	1.73532	0
1.722865e-06	1.7353	0
1.723825e-06	1.73529	0
1.724785e-06	1.73527	0
1.725745e-06	1.73525	0
1.726705e-06	1.73523	0
1.727666e-06	1.73522	0
1.728626e-06	1.7352	0
1.729586e-06	1.73518	0
1.730546e-06	1.73516	0
1.731506e-06	1.73514	0
1.732466e-06	1.73513	0
1.733427e-06	1.73511	0
1.734387e-06	1.73509	0
1.735347e-06	1.73507	0
1.736307e-06	1.73506	0
1.737267e-06	1.73504	0
1.738228e-06	1.73502	0
1.739188e-06	1.735	0
1.740148e-06	1.73499	0
1.741108e-06	1.73497	0
1.742068e-06	1.73495	0
1.743029e-06	1.73493	0
1.743989e-06	1.73491	0
1.744949e-06	1.7349	0
1.745909e-06	1.73488	0
1.746869e-06	1.73486	0
1.747830e-06	1.73484	0
1.748790e-06	1.73483	0
1.749750e-06	1.73481	0
1.750710e-06	1.73479	0
1.751670e-06	1.73477	0
1.752631e-06	1.73475	0
1.753591e-06	1.73474	0
1.754551e-06	1.73472	0
1.755511e-06	1.7347	0
1.756471e-06	1.73468	0
1.757431e-06	1.73466	0
1.758392e-06	1.73465	0
1.759352e-06	1.73463	0
1.760312e-06	1.73461	0
1.761272e-06	1.73459	0
1.762232e-06	1.73458	0
1.763193e-06	1.73456	0
1.764153e-06	1.73454	0
1.765113e-06	1.73452	0
1.766073e-06	1.7345	0
1.767033e-06	1.73449	0
1.767994e-06	1.73447	0
1.768954e-06	1.73445	0
1.769914e-06	1.73443	0
1.770874e-06	1.73441	0
1.771834e-06	1.7344	0
1.772795e-06	1.73438	0
1.773755e-06	1.73436	0
1.774715e-06	1.73434	0
1.775675e-06	1.73432	0
1.776635e-06	1.73431	0
1.777596e-06	1.73429	0
1.778556e-06	1.73427	0
1.779516e-06	1.73425	0
1.780476e-06	1.73423	0
1.781436e-06	1.73422	0
1.782396e-06	1.7342	0
1.783357e-06	1.73418	0
1.784317e-06	1.73416	0
1.785277e-06	1.73414	0
1.786237e-06	1.73413	0
1.787197e-06	1.73411	0
1.788158e-06	1.73409	0
1.789118e-06	1.73407	0
1.790078e-06	1.73405	0
1.791038e-06	1.73404	0
1.791998e-06	1.73402	0
1.792959e-06	1.734	0
1.793919e-06	1.73398	0
1.794879e-06	1.73396	0
1.795839e-06	1.73395	0
1.796799e-06	1.73393	0
1.797760e-06	1.73391	0
1.798720e-06	1.73389	0
1.799680e-06	1.73387	0
1.800640e-06	1.73386	0
1.801600e-06	1.73384	0
1.802561e-06	1.73382	0
1.803521e-06	1.7338	0
1.804481e-06	1.73378	0
1.805441e-06	1.73376	0
1.806401e-06	1.73375	0
1.807361e-06	1.73373	0
1.808322e-06	1.73371	0
1.809282e-06	1.73369	0
1.810242e-06	1.73367	0
1.811202e-06	1.73365	0
1.812162e-06	1.73364	0
1.813123e-06	1.73362	0
1.814083e-06	1.7336	0
1.815043e-06	1.73358	0
1.816003e-06	1.73356	0
1.816963e-06	1.73355	0
1.817924e-06	1.73353	0
1.818884e-06	1.73351	0
1.819844e-06	1.73349	0
1.820804e-06	1.73347	0
1.821764e-06	1.73345	0
1.822725e-06	1.73344	0
1.823685e-06	1.73342	0
1.824645e-06	1.7334	0
1.825605e-06	1.73338	0
1.826565e-06	1.73336	0
1.827526e-06	1.73334	0
1.828486e-06	1.73333	0
1.829446e-06	1.73331	0
1.830406e-06	1.73329	0
1.831366e-06	1.73327	0
1.832326e-06	1.73325	0
1.833287e-06	1.73323	0
1.834247e-06	1.73322	0
1.835207e-06	1.7332	0
1.836167e-06	1.73318	0
1.837127e-06	1.73316	0
1.838088e-06	1.73314	0
1.839048e-06	1.73312	0
1.840008e-06	1.73311	0
1.840968e-06	1.73309	0
1.841928e-06	1.73307	0
1.842889e-06	1.73305	0
1.843849e-06	1.73303	0
1.844809e-06	1.73301	0
1.845769e-06	1.73299	0
1.846729e-06	1.73298	0
1.847690e-06	1.73296	0
1.848650e-06	1.73294	0
1.849610e-06	1.73292	0
1.850570e-06	1.7329	0
1.851530e-06	1.73288	0
1.852490e-06	1.73286	0
1.853451e-06	1.73285	0
1.854411e-06	1.73283	0
1.855371e-06	1.73281	0
1.856331e-06	1.73279	0
1.857291e-06	1.73277	0
1.858252e-06	1.73275	0
1.859212e-06	1.73274	0
1.860172e-06	1.73272	0
1.861132e-06	1.7327	0
1.862092e-06	1.73268	0
1.863053e-06	1.73266	0
1.864013e-06	1.73264	0
1.864973e-06	1.73262	0
1.865933e-06	1.7326	0
1.866893e-06	1.73259	0
1.867854e-06	1.73257	0
1.868814e-06	1.73255	0
1.869774e-06	1.73253	0
1.870734e-06	1.73251	0
1.871694e-06	1.73249	0
1.872655e-06	1.73247	0
1.873615e-06	1.73246	0
1.874575e-06	1.73244	0
1.875535e-06	1.73242	0
1.876495e-06	1.7324	0
1.877455e-06	1.73238	0
1.878416e-06	1.73236	0
1.879376e-06	1.73234	0
1.880336e-06	1.73232	0
1.881296e-06	1.73231	0
1.882256e-06	1.73229	0
1.883217e-06	1.73227	0
1.884177e-06	1.73225	0
1.885137e-06	1.73223	0
1.886097e-06	1.73221	0
1.887057e-06	1.73219	0
1.888018e-06	1.73217	0
1.888978e-06	1.73216	0
1.889938e-06	1.73214	0
1.890898e-06	1.73212	0
1.891858e-06	1.7321	0
1.892819e-06	1.73208	0
1.893779e-06	1.73206	0
1.894739e-06	1.73204	0
1.895699e-06	1.73202	0
1.896659e-06	1.73201	0
1.897620e-06	1.73199	0
1.898580e-06	1.73197	0
1.899540e-06	1.73195	0
1.900500e-06	1.73193	0
1.901460e-06	1.73191	0
1.902420e-06	1.73189	0
1.903381e-06	1.73187	0
1.904341e-06	1.73185	0
1.905301e-06	1.73184	0
1.906261e-06	1.73182	0
1.907221e-06	1.7318	0
1.908182e-06	1.73178	0
1.909142e-06	1.73176	0
1.910102e-06	1.73174	0
1.911062e-06	1.73172	0
1.912022e-06	1.7317	0
1.912983e-06	1.73168	0
1.913943e-06	1.73166	0
1.914903e-06	1.73165	0
1.915863e-06	1.73163	0
1.916823e-06	1.73161	0
1.917784e-06	1.73159	0
1.918744e-06	1.73157	0
1.919704e-06	1.73155	0
1.920664e-06	1.73153	0
1.921624e-06	1.73151	0
1.922585e-06	1.73149	0
1.923545e-06	1.73147	0
1.924505e-06	1.73146	0
1.925465e-06	1.73144	0
1.926425e-06	1.73142	0
1.927385e-06	1.7314	0
1.928346e-06	1.73138	0
1.929306e-06	1.73136	0
1.930266e-06	1.73134	0
1.931226e-06	1.73132	0
1.932186e-06	1.7313	0
1.933147e-06	1.73128	0
1.934107e-06	1.73126	0
1.935067e-06	1.73125	0
1.936027e-06	1.73123	0
1.936987e-06	1.73121	0
1.937948e-06	1.73119	0
1.938908e-06	1.73117	0
1.939868e-06	1.73115	0
1.940828e-06	1.73113	0
1.941788e-06	1.73111	0
1.942749e-06	1.73109	0
1.943709e-06	1.73107	0
1.944669e-06	1.73105	0
1.945629e-06	1.73103	0
1.946589e-06	1.73101	0
1.947550e-06	1.731	0
1.948510e-06	1.73098	0
1.949470e-06	1.73096	0
1.950430e-06	1.73094	0
1.951390e-06	1.73092	0
1.952350e-06	1.7309	0
1.953311e-06	1.73088	0
1.954271e-06	1.73086	0
1.955231e-06	1.73084	0
1.956191e-06	1.73082	0
1.957151e-06	1.7308	0
1.958112e-06	1.73078	0
1.959072e-06	1.73076	0
1.960032e-06	1.73074	0
1.960992e-06	1.73073	0
1.961952e-06	1.73071	0
1.962913e-06	1.73069	0
1.963873e-06	1.73067	0
1.964833e-06	1.73065	0
1.965793e-06	1.73063	0
1.966753e-06	1.73061	0
1.967714e-06	1.73059	0
1.968674e-06	1.73057	0
1.969634e-06	1.73055	0
1.970594e-06	1.73053	0
1.971554e-06	1.73051	0
1.972515e-06	1.73049	0
1.973475e-06	1.73047	0
1.974435e-06	1.73045	0
1.975395e-06	1.73043	0
1.976355e-06	1.73041	0
1.977315e-06	1.73039	0
1.978276e-06	1.73038	0
1.979236e-06	1.73036	0
1.980196e-06	1.73034	0
1.981156e-06	1.73032	0
1.982116e-06	1.7303	0
1.983077e-06	1.73028	0
1.984037e-06	1.73026	0
1.984997e-06	1.73024	0
1.985957e-06	1.73022	0
1.986917e-06	1.7302	0
1.987878e-06	1.73018	0
1.988838e-06	1.73016	0
1.989798e-06	1.73014	0
1.990758e-06	1.73012	0
1.991718e-06	1.7301	0
1.992679e-06	1.73008	0
1.993639e-06	1.73006	0
1.994599e-06	1.73004	0
1.995559e-06	1.73002	0
1.996519e-06	1.73	0
1.997479e-06	1.72998	0
1.998440e-06	1.72996	0
1.999400e-06	1.72994	0
2.000360e-06	1.72992	0
2.001320e-06	1.72991	0
2.002280e-06	1.72989	0
2.003241e-06	1.72987	0
2.004201e-06	1.72985	0
2.005161e-06	1.72983	0
2.006121e-06	1.72981	0
2.007081e-06	1.72979	0
2.008042e-06	1.72977	0
2.009002e-06	1.72975	0
2.009962e-06	1.72973	0
2.010922e-06	1.72971	0
2.011882e-06	1.72969	0
2.012843e-06	1.72967	0
2.013803e-06	1.72965	0
2.014763e-06	1.72963	0
2.015723e-06	1.72961	0
2.016683e-06	1.72959	0
2.017644e-06	1.72957	0
2.018604e-06	1.72955	0
2.019564e-06	1.72953	0
2.020524e-06	1.72951	0
2.021484e-06	1.72949	0
2.022444e-06	1.72947	0
2.023405e-06	1.72945	0
2.024365e-06	1.72943	0
2.025325e-06	1.72941	0
2.026285e-06	1.72939	0
2.027245e-06	1.72937	0
2.028206e-06	1.72935	0
2.029166e-06	1.72933	0
2.030126e-06	1.72931	0
2.031086e-06	1.72929	0
2.032046e-06	1.72927	0
2.033007e-06	1.72925	0
2.033967e-06	1.72923	0
2.034927e-06	1.72921	0
2.035887e-06	1.72919	0
2.036847e-06	1.72917	0
2.037808e-06	1.72915	0
2.038768e-06	1.72913	0
2.039728e-06	1.72911	0
2.040688e-06	1.72909	0
2.041648e-06	1.72907	0
2.042609e-06	1.72905	0
2.043569e-06	1.72903	0
2.044529e-06	1.72901	0
2.045489e-06	1.72899	0
2.046449e-06	1.72897	0
2.047409e-06	1.72895	0
2.048370e-06	1.72893	0
2.049330e-06	1.72891	0
2.050290e-06	1.72889	0
2.051250e-06	1.72887	0
2.052210e-06	1.72885	0
2.053171e-06	1.72883	0
2.054131e-06	1.72881	0
2.055091e-06	1.72879	0
2.056051e-06	1.72877	0
2.057011e-06	1.72875	0
2.057972e-06	1.72873	0
2.058932e-06	1.72871	0
2.059892e-06	1.72869	0
2.060852e-06	1.72867	0
2.061812e-06	1.72865	0
2.062773e-06	1.72863	0
2.063733e-06	1.72861	0
2.064693e-06	1.72859	0
2.065653e-06	1.72857	0
2.066613e-06	1.72855	0
2.067574e-06	1.72853	0
2.068534e-06	1.72851	0
2.069494e-06	1.72849	0
2.070454e-06	1.72847	0
2.071414e-06	1.72845	0
2.072374e-06	1.72843	0
2.073335e-06	1.72841	0
2.074295e-06	1.72839	0
2.075255e-06	1.72837	0
2.076215e-06	1.72835	0
2.077175e-06	1.72833	0
2.078136e-06	1.72831	0
2.079096e-06	1.72828	0
2.080056e-06	1.72826	0
2.081016e-06	1.72824	0
2.081976e-06	1.72822	0
2.082937e-06	1.7282	0
2.083897e-06	1.72818	0
2.084857e-06	1.72816	0
2.085817e-06	1.72814	0
2.086777e-06	1.72812	0
2.087738e-06	1.7281	0
2.088698e-06	1.72808	0
2.089658e-06	1.72806	0
2.090618e-06	1.72804	0
2.091578e-06	1.72802	0
2.092539e-06	1.728	0
2.093499e-06	1.72798	0
2.094459e-06	1.72796	0
2.095419e-06	1.72794	0
2.096379e-06	1.72792	0
2.097339e-06	1.7279	0
2.098300e-06	1.72788	0
2.099260e-06	1.72786	0
2.100220e-06	1.72784	0
2.101180e-06	1.72781	0
2.102140e-06	1.72779	0
2.103101e-06	1.72777	0
2.104061e-06	1.72775	0
2.105021e-06	1.72773	0
2.105981e-06	1.72771	0
2.106941e-06	1.72769	0
2.107902e-06	1.72767	0
2.108862e-06	1.72765	0
2.109822e-06	1.72763	0
2.110782e-06	1.72761	0
2.111742e-06	1.72759	0
2.112703e-06	1.72757	0
2.113663e-06	1.72755	0
2.114623e-06	1.72753	0
2.115583e-06	1.72751	0
2.116543e-06	1.72749	0
2.117504e-06	1.72746	0
2.118464e-06	1.72744	0
2.119424e-06	1.72742	0
2.120384e-06	1.7274	0
2.121344e-06	1.72738	0
2.122304e-06	1.72736	0
2.123265e-06	1.72734	0
2.124225e-06	1.72732	0
2.125185e-06	1.7273	0
2.126145e-06	1.72728	0
2.127105e-06	1.72726	0
2.128066e-06	1.72724	0
2.129026e-06	1.72722	0
2.129986e-06	1.7272	0
2.130946e-06	1.72717	0
2.131906e-06	1.72715	0
2.132867e-06	1.72713	0
2.133827e-06	1.72711	0
2.134787e-06	1.72709	0
2.135747e-06	1.72707	0
2.136707e-06	1.72705	0
2.137668e-06	1.72703	0
2.138628e-06	1.72701	0
2.139588e-06	1.72699	0
2.140548e-06	1.72697	0
2.141508e-06	1.72695	0
2.142468e-06	1.72692	0
2.143429e-06	1.7269	0
2.144389e-06	1.72688	0
2.145349e-06	1.72686	0
2.146309e-06	1.72684	0
2.147269e-06	1.72682	0
2.148230e-06	1.7268	0
2.149190e-06	1.72678	0
2.150150e-06	1.72676	0
2.151110e-06	1.72674	0
2.152070e-06	1.72672	0
2.153031e-06	1.72669	0
2.153991e-06	1.72667	0
2.154951e-06	1.72665	0
2.155911e-06	1.72663	0
2.156871e-06	1.72661	0
2.157832e-06	1.72659	0
2.158792e-06	1.72657	0
2.159752e-06	1.72655	0
2.160712e-06	1.72653	0
2.161672e-06	1.72651	0
2.162633e-06	1.72648	0
2.163593e-06	1.72646	0
2.164553e-06	1.72644	0
2.165513e-06	1.72642	0
2.166473e-06	1.7264	0
2.167433e-06	1.72638	0
2.168394e-06	1.72636	0
2.169354e-06	1.72634	0
2.170314e-06	1.72632	0
2.171274e-06	1.72629	0
2.172234e-06	1.72627	0
2.173195e-06	1.72625	0
2.174155e-06	1.72623	0
2.175115e-06	1.72621	0
2.176075e-06	1.72619	0
2.177035e-06	1.72617	0
2.177996e-06	1.72615	0
2.178956e-06	1.72613	0
2.179916e-06	1.7261	0
2.180876e-06	1.72608	0
2.181836e-06	1.72606	0
2.182797e-06	1.72604	0
2.183757e-06	1.72602	0
2.184717e-06	1.726	0
2.185677e-06	1.72598	0
2.186637e-06	1.72596	0
2.187598e-06	1.72593	0
2.188558e-06	1.72591	0
2.189518e-06	1.72589	0
2.190478e-06	1.72587	0
2.191438e-06	1.72585	0
2.192398e-06	1.72583	0
2.193359e-06	1.72581	0
2.194319e-06	1.72579	0
2.195279e-06	1.72576	0
2.196239e-06	1.72574	0
2.197199e-06	1.72572	0
2.198160e-06	1.7257	0
2.199120e-06	1.72568	0
2.200080e-06	1.72566	0
2.201040e-06	1.72564	0
2.202000e-06	1.72561	0
2.202961e-06	1.72559	0
2.203921e-06	1.72557	0
2.204881e-06	1.72555	0
2.205841e-06	1.72553	0
2.206801e-06	1.72551	0
2.207762e-06	1.72549	0
2.208722e-06	1.72546	0
2.209682e-06	1.72544	0
2.210642e-06	1.72542	0
2.211602e-06	1.7254	0
2.212563e-06	1.72538	0
2.213523e-06	1.72536	0
2.214483e-06	1.72534	0
2.215443e-06	1.72531	0
2.216403e-06	1.72529	0
2.217363e-06	1.72527	0
2.218324e-06	1.72525	0
2.219284e-06	1.72523	0
2.220244e-06	1.72521	0
2.221204e-06	1.72518	0
2.222164e-06	1.72516	0
2.223125e-06	1.72514	0
2.224085e-06	1.72512	0
2.225045e-06	1.7251	0
2.226005e-06	1.72508	0
2.226965e-06	1.72506	0
2.227926e-06	1.72503	0
2.228886e-06	1.72501	0
2.229846e-06	1.72499	0
2.230806e-06	1.72497	0
2.231766e-06	1.72495	0
2.232727e-06	1.72493	0
2.233687e-06	1.7249	0
2.234647e-06	1.72488	0
2.235607e-06	1.72486	0
2.236567e-06	1.72484	0
2.237528e-06	1.72482	0
2.238488e-06	1.7248	0
2.239448e-06	1.72477	0
2.240408e-06	1.72475	0
2.241368e-06	1.72473	0
2.242328e-06	1.72471	0
2.243289e-06	1.72469	0
2.244249e-06	1.72466	0
2.245209e-06	1.72464	0
2.246169e-06	1.72462	0
2.247129e-06	1.7246	0
2.248090e-06	1.72458	0
2.249050e-06	1.72456	0
2.250010e-06	1.72453	0
2.250970e-06	1.72451	0
2.251930e-06	1.72449	0
2.252891e-06	1.72447	0
2.253851e-06	1.72445	0
2.254811e-06	1.72442	0
2.255771e-06	1.7244	0
2.256731e-06	1.72438	0
2.257692e-06	1.72436	0
2.258652e-06	1.72434	0
2.259612e-06	1.72432	0
2.260572e-06	1.72429	0
2.261532e-06	1.72427	0
2.262492e-06	1.72425	0
2.263453e-06	1.72423	0
2.264413e-06	1.72421	0
2.265373e-06	1.72418	0
2.266333e-06	1.72416	0
2.267293e-06	1.72414	0
2.268254e-06	1.72412	0
2.269214e-06	1.7241	0
2.270174e-06	1.72407	0
2.271134e-06	1.72405	0
2.272094e-06	1.72403	0
2.273055e-06	1.72401	0
2.274015e-06	1.72399	0
2.274975e-06	1.72396	0
2.275935e-06	1.72394	0
2.276895e-06	1.72392	0
2.277856e-06	1.7239	0
2.278816e-06	1.72388	0
2.279776e-06	1.72385	0
2.280736e-06	1.72383	0
2.281696e-06	1.72381	0
2.282657e-06	1.72379	0
2.283617e-06	1.72376	0
2.284577e-06	1.72374	0
2.285537e-06	1.72372	0
2.286497e-06	1.7237	0
2.287457e-06	1.72368	0
2.288418e-06	1.72365	0
2.289378e-06	1.72363	0
2.290338e-06	1.72361	0
2.291298e-06	1.72359	0
2.292258e-06	1.72356	0
2.293219e-06	1.72354	0
2.294179e-06	1.72352	0
2.295139e-06	1.7235	0
2.296099e-06	1.72348	0
2.297059e-06	1.72345	0
2.298020e-06	1.72343	0
2.298980e-06	1.72341	0
2.299940e-06	1.72339	0
2.300900e-06	1.72336	0
2.301860e-06	1.72334	0
2.302821e-06	1.72332	0
2.303781e-06	1.7233	0
2.304741e-06	1.72328	0
2.305701e-06	1.72325	0
2.306661e-06	1.72323	0
2.307622e-06	1.72321	0
2.308582e-06	1.72319	0
2.309542e-06	1.72316	0
2.310502e-06	1.72314	0
2.311462e-06	1.72312	0
2.312422e-06	1.7231	0
2.313383e-06	1.72307	0
2.314343e-06	1.72305	0
2.315303e-06	1.72303	0
2.316263e-06	1.72301	0
2.317223e-06	1.72298	0
2.318184e-06	1.72296	0
2.319144e-06	1.72294	0
2.320104e-06	1.72292	0
2.321064e-06	1.72289	0
2.322024e-06	1.72287	0
2.322985e-06	1.72285	0
2.323945e-06	1.72283	0
2.324905e-06	1.7228	0
2.325865e-06	1.72278	0
2.326825e-06	1.72276	0
2.327786e-06	1.72274	0
2.328746e-06	1.72271	0
2.329706e-06	1.72269	0
2.330666e-06	1.72267	0
2.331626e-06	1.72265	0
2.332587e-06	1.72262	0
2.333547e-06	1.7226	0
2.334507e-06	1.72258	0
2.335467e-06	1.72256	0
2.336427e-06	1.72253	0
2.337387e-06	1.72251	0
2.338348e-06	1.72249	0
2.339308e-06	1.72247	0
2.340268e-06	1.72244	0
2.341228e-06	1.72242	0
2.342188e-06	1.7224	0
2.343149e-06	1.72238	0
2.344109e-06	1.72235	0
2.345069e-06	1.72233	0
2.346029e-06	1.72231	0
2.346989e-06	1.72228	0
2.347950e-06	1.72226	0
2.348910e-06	1.72224	0
2.349870e-06	1.72222	0
2.350830e-06	1.72219	0
2.351790e-06	1.72217	0
2.352751e-06	1.72215	0
2.353711e-06	1.72213	0
2.354671e-06	1.7221	0
2.355631e-06	1.72208	0
2.356591e-06	1.72206	0
2.357552e-06	1.72203	0
2.358512e-06	1.72201	0
2.359472e-06	1.72199	0
2.360432e-06	1.72197	0
2.361392e-06	1.72194	0
2.362352e-06	1.72192	0
2.363313e-06	1.7219	0
2.364273e-06	1.72187	0
2.365233e-06	1.72185	0
2.366193e-06	1.72183	0
2.367153e-06	1.72181	0
2.368114e-06	1.72178	0
2.369074e-06	1.72176	0
2.370034e-06	1.72174	0
2.370994e-06	1.72171	0
2.371954e-06	1.72169	0
2.372915e-06	1.72167	0
2.373875e-06	1.72164	0
2.374835e-06	1.72162	0
2.375795e-06	1.7216	0
2.376755e-06	1.72158	0
2.377716e-06	1.72155	0
2.378676e-06	1.72153	0
2.379636e-06	1.72151	0
2.380596e-06	1.72148	0
2.381556e-06	1.72146	0
2.382517e-06	1.72144	0
2.383477e-06	1.72141	0
2.384437e-06	1.72139	0
2.385397e-06	1.72137	0
2.386357e-06	1.72135	0
2.387317e-06	1.72132	0
2.388278e-06	1.7213	0
2.389238e-06	1.72128	0
2.390198e-06	1.72125	0
2.391158e-06	1.72123	0
2.392118e-06	1.72121	0
2.393079e-06	1.72118	0
2.394039e-06	1.72116	0
2.394999e-06	1.72114	0
2.395959e-06	1.72111	0
2.396919e-06	1.72109	0
2.397880e-06	1.72107	0
2.398840e-06	1.72104	0
2.399800e-06	1.72102	0
2.400760e-06	1.721	0
2.401720e-06	1.72097	0
2.402681e-06	1.72095	0
2.403641e-06	1.72093	0
2.404601e-06	1.72091	0
2.405561e-06	1.72088	0
2.406521e-06	1.72086	0
2.407481e-06	1.72084	0
2.408442e-06	1.72081	0
2.409402e-06	1.72079	0
2.410362e-06	1.72077	0
2.411322e-06	1.72074	0
2.412282e-06	1.72072	0
2.413243e-06	1.7207	0
2.414203e-06	1.72067	0
2.415163e-06	1.72065	0
2.416123e-06	1.72063	0
2.417083e-06	1.7206	0
2.418044e-06	1.72058	0
2.419004e-06	1.72056	0
2.419964e-06	1.72053	0
2.420924e-06	1.72051	0
2.421884e-06	1.72049	0
2.422845e-06	1.72046	0
2.423805e-06	1.72044	0
2.424765e-06	1.72041	0
2.425725e-06	1.72039	0
2.426685e-06	1.72037	0
2.427646e-06	1.72034	0
2.428606e-06	1.72032	0
2.429566e-06	1.7203	0
2.430526e-06	1.72027	0
2.431486e-06	1.72025	0
2.432446e-06	1.72023	0
2.433407e-06	1.7202	0
2.434367e-06	1.72018	0
2.435327e-06	1.72016	0
2.436287e-06	1.72013	0
2.437247e-06	1.72011	0
2.438208e-06	1.72009	0
2.439168e-06	1.72006	0
2.440128e-06	1.72004	0
2.441088e-06	1.72001	0
2.442048e-06	1.71999	0
2.443009e-06	1.71997	0
2.443969e-06	1.71994	0
2.444929e-06	1.71992	0
2.445889e-06	1.7199	0
2.446849e-06	1.71987	0
2.447810e-06	1.71985	0
2.448770e-06	1.71983	0
2.449730e-06	1.7198	0
2.450690e-06	1.71978	0
2.451650e-06	1.71975	0
2.452611e-06	1.71973	0
2.453571e-06	1.71971	0
2.454531e-06	1.71968	0
2.455491e-06	1.71966	0
2.456451e-06	1.71964	0
2.457411e-06	1.71961	0
2.458372e-06	1.71959	0
2.459332e-06	1.71956	0
2.460292e-06	1.71954	0
2.461252e-06	1.71952	0
2.462212e-06	1.71949	0
2.463173e-06	1.71947	0
2.464133e-06	1.71945	0
2.465093e-06	1.71942	0
2.466053e-06	1.7194	0
2.467013e-06	1.71937	0
2.467974e-06	1.71935	0
2.468934e-06	1.71933	0
2.469894e-06	1.7193	0
2.470854e-06	1.71928	0
2.471814e-06	1.71925	0
2.472775e-06	1.71923	0
2.473735e-06	1.71921	0
2.474695e-06	1.71918	0
2.475655e-06	1.71916	0
2.476615e-06	1.71914	0
2.477576e-06	1.71911	0
2.478536e-06	1.71909	0
2.479496e-06	1.71906	0
2.480456e-06	1.71904	0
2.481416e-06	1.71902	0
2.482376e-06	1.71899	0
2.483337e-06	1.71897	0
2.484297e-06	1.71894	0
2.485257e-06	1.71892	0
2.486217e-06	1.7189	0
2.487177e-06	1.71887	0
2.488138e-06	1.71885	0
2.489098e-06	1.71882	0
2.490058e-06	1.7188	0
2.491018e-06	1.71877	0
2.491978e-06	1.71875	0
2.492939e-06	1.71873	0
2.493899e-06	1.7187	0
2.494859e-06	1.71868	0
2.495819e-06	1.71865	0
2.496779e-06	1.71863	0
2.497740e-06	1.71861	0
2.498700e-06	1.71858	0
2.499660e-06	1.71856	0
2.500620e-06	1.71853	0
2.501580e-06	1.71851	0
2.502541e-06	1.71849	0
2.503501e-06	1.71846	0
2.504461e-06	1.71844	0
2.505421e-06	1.71841	0
2.506381e-06	1.71839	0
2.507341e-06	1.71836	0
2.508302e-06	1.71834	0
2.509262e-06	1.71832	0
2.510222e-06	1.71829	0
2.511182e-06	1.71827	0
2.512142e-06	1.71824	0
2.513103e-06	1.71822	0
2.514063e-06	1.71819	0
2.515023e-06	1.71817	0
2.515983e-06	1.71815	0
2.516943e-06	1.71812	0
2.517904e-06	1.7181	0
2.518864e-06	1.71807	0
2.519824e-06	1.71805	0
2.520784e-06	1.71802	0
2.521744e-06	1.718	0
2.522705e-06	1.71798	0
2.523665e-06	1.71795	0
2.524625e-06	1.71793	0
2.525585e-06	1.7179	0
2.526545e-06	1.71788	0
2.527506e-06	1.71785	0
2.528466e-06	1.71783	0
2.529426e-06	1.7178	0
2.530386e-06	1.71778	0
2.531346e-06	1.71776	0
2.532306e-06	1.71773	0
2.533267e-06	1.71771	0
2.534227e-06	1.71768	0
2.535187e-06	1.71766	0
2.536147e-06	1.71763	0
2.537107e-06	1.71761	0
2.538068e-06	1.71758	0
2.539028e-06	1.71756	0
2.539988e-06	1.71753	0
2.540948e-06	1.71751	0
2.541908e-06	1.71749	0
2.542869e-06	1.71746	0
2.543829e-06	1.71744	0
2.544789e-06	1.71741	0
2.545749e-06	1.71739	0
2.546709e-06	1.71736	0
2.547670e-06	1.71734	0
2.548630e-06	1.71731	0
2.549590e-06	1.71729	0
2.550550e-06	1.71726	0
2.551510e-06	1.71724	0
2.552470e-06	1.71721	0
2.553431e-06	1.71719	0
2.554391e-06	1.71717	0
2.555351e-06	1.71714	0
2.556311e-06	1.71712	0
2.557271e-06	1.71709	0
2.558232e-06	1.71707	0
2.559192e-06	1.71704	0
2.560152e-06	1.71702	0
2.561112e-06	1.71699	0
2.562072e-06	1.71697	0
2.563033e-06	1.71694	0
2.563993e-06	1.71692	0
2.564953e-06	1.71689	0
2.565913e-06	1.71687	0
2.566873e-06	1.71684	0
2.567834e-06	1.71682	0
2.568794e-06	1.71679	0
2.569754e-06	1.71677	0
2.570714e-06	1.71674	0
2.571674e-06	1.71672	0
2.572635e-06	1.71669	0
2.573595e-06	1.71667	0
2.574555e-06	1.71664	0
2.575515e-06	1.71662	0
2.576475e-06	1.71659	0
2.577435e-06	1.71657	0
2.578396e-06	1.71654	0
2.579356e-06	1.71652	0
2.580316e-06	1.71649	0
2.581276e-06	1.71647	0
2.582236e-06	1.71644	0
2.583197e-06	1.71642	0
2.584157e-06	1.71639	0
2.585117e-06	1.71637	0
2.586077e-06	1.71634	0
2.587037e-06	1.71632	0
2.587998e-06	1.71629	0
2.588958e-06	1.71627	0
2.589918e-06	1.71624	0
2.590878e-06	1.71622	0
2.591838e-06	1.71619	0
2.592799e-06	1.71617	0
2.593759e-06	1.71614	0
2.594719e-06	1.71612	0
2.595679e-06	1.71609	0
2.596639e-06	1.71607	0
2.597600e-06	1.71604	0
2.598560e-06	1.71602	0
2.599520e-06	1.71599	0
2.600480e-06	1.71597	0
2.601440e-06	1.71594	0
2.602400e-06	1.71592	0
2.603361e-06	1.71589	0
2.604321e-06	1.71587	0
2.605281e-06	1.71584	0
2.606241e-06	1.71582	0
2.607201e-06	1.71579	0
2.608162e-06	1.71577	0
2.609122e-06	1.71574	0
2.610082e-06	1.71572	0
2.611042e-06	1.71569	0
2.612002e-06	1.71567	0
2.612963e-06	1.71564	0
2.613923e-06	1.71562	0
2.614883e-06	1.71559	0
2.615843e-06	1.71556	0
2.616803e-06	1.71554	0
2.617764e-06	1.71551	0
2.618724e-06	1.71549	0
2.619684e-06	1.71546	0
2.620644e-06	1.71544	0
2.621604e-06	1.71541	0
2.622565e-06	1.71539	0
2.623525e-06	1.71536	0
2.624485e-06	1.71534	0
2.625445e-06	1.71531	0
2.626405e-06	1.71529	0
2.627365e-06	1.71526	0
2.628326e-06	1.71524	0
2.629286e-06	1.71521	0
2.630246e-06	1.71518	0
2.631206e-06	1.71516	0
2.632166e-06	1.71513	0
2.633127e-06	1.71511	0
2.634087e-06	1.71508	0
2.635047e-06	1.71506	0
2.636007e-06	1.71503	0
2.636967e-06	1.71501	0
2.637928e-06	1.71498	0
2.638888e-06	1.71495	0
2.639848e-06	1.71493	0
2.640808e-06	1.7149	0
2.641768e-06	1.71488	0
2.642729e-06	1.71485	0
2.643689e-06	1.71483	0
2.644649e-06	1.7148	0
2.645609e-06	1.71478	0
2.646569e-06	1.71475	0
2.647530e-06	1.71472	0
2.648490e-06	1.7147	0
2.649450e-06	1.71467	0
2.650410e-06	1.71465	0
2.651370e-06	1.71462	0
2.652330e-06	1.7146	0
2.653291e-06	1.71457	0
2.654251e-06	1.71455	0
2.655211e-06	1.71452	0
2.656171e-06	1.71449	0
2.657131e-06	1.71447	0
2.658092e-06	1.71444	0
2.659052e-06	1.71442	0
2.660012e-06	1.71439	0
2.660972e-06	1.71436	0
2.661932e-06	1.71434	0
2.662893e-06	1.71431	0
2.663853e-06	1.71429	0
2.664813e-06	1.71426	0
2.665773e-06	1.71424	0
2.666733e-06	1.71421	0
2.667694e-06	1.71418	0
2.668654e-06	1.71416	0
2.669614e-06	1.71413	0
2.670574e-06	1.71411	0
2.671534e-06	1.71408	0
2.672494e-06	1.71406	0
2.673455e-06	1.71403	0
2.674415e-06	1.714	0
2.675375e-06	1.71398	0
2.676335e-06	1.71395	0
2.677295e-06	1.71393	0
2.678256e-06	1.7139	0
2.679216e-06	1.71387	0
2.680176e-06	1.71385	0
2.681136e-06	1.71382	0
2.682096e-06	1.7138	0
2.683057e-06	1.71377	0
2.684017e-06	1.71374	0
2.684977e-06	1.71372	0
2.685937e-06	1.71369	0
2.686897e-06	1.71367	0
2.687858e-06	1.71364	0
2.688818e-06	1.71361	0
2.689778e-06	1.71359	0
2.690738e-06	1.71356	0
2.691698e-06	1.71354	0
2.692659e-06	1.71351	0
2.693619e-06	1.71348	0
2.694579e-06	1.71346	0
2.695539e-06	1.71343	0
2.696499e-06	1.71341	0
2.697459e-06	1.71338	0
2.698420e-06	1.71335	0
2.699380e-06	1.71333	0
2.700340e-06	1.7133	0
2.701300e-06	1.71327	0
2.702260e-06	1.71325	0
2.703221e-06	1.71322	0
2.704181e-06	1.7132	0
2.705141e-06	1.71317	0
2.706101e-06	1.71314	0
2.707061e-06	1.71312	0
2.708022e-06	1.71309	0
2.708982e-06	1.71307	0
2.709942e-06	1.71304	0
2.710902e-06	1.71301	0
2.711862e-06	1.71299	0
2.712823e-06	1.71296	0
2.713783e-06	1.71293	0
2.714743e-06	1.71291	0
2.715703e-06	1.71288	0
2.716663e-06	1.71285	0
2.717624e-06	1.71283	0
2.718584e-06	1.7128	0
2.719544e-06	1.71278	0
2.720504e-06	1.71275	0
2.721464e-06	1.71272	0
2.722424e-06	1.7127	0
2.723385e-06	1.71267	0
2.724345e-06	1.71264	0
2.725305e-06	1.71262	0
2.726265e-06	1.71259	0
2.727225e-06	1.71256	0
2.728186e-06	1.71254	0
2.729146e-06	1.71251	0
2.730106e-06	1.71249	0
2.731066e-06	1.71246	0
2.732026e-06	1.71243	0
2.732987e-06	1.71241	0
2.733947e-06	1.71238	0
2.734907e-06	1.71235	0
2.735867e-06	1.71233	0
2.736827e-06	1.7123	0
2.737788e-06	1.71227	0
2.738748e-06	1.71225	0
2.739708e-06	1.71222	0
2.740668e-06	1.71219	0
2.741628e-06	1.71217	0
2.742589e-06	1.71214	0
2.743549e-06	1.71211	0
2.744509e-06	1.71209	0
2.745469e-06	1.71206	0
2.746429e-06	1.71203	0
2.747389e-06	1.71201	0
2.748350e-06	1.71198	0
2.749310e-06	1.71195	0
2.750270e-06	1.71193	0
2.751230e-06	1.7119	0
2.752190e-06	1.71187	0
2.753151e-06	1.71185	0
2.754111e-06	1.71182	0
2.755071e-06	1.71179	0
2.756031e-06	1.71177	0
2.756991e-06	1.71174	0
2.757952e-06	1.71171	0
2.758912e-06	1.71169	0
2.759872e-06	1.71166	0
2.760832e-06	1.71163	0
2.761792e-06	1.71161	0
2.762753e-06	1.71158	0
2.763713e-06	1.71155	0
2.764673e-06	1.71153	0
2.765633e-06	1.7115	0
2.766593e-06	1.71147	0
2.767554e-06	1.71145	0
2.768514e-06	1.71142	0
2.769474e-06	1.71139	0
2.770434e-06	1.71137	0
2.771394e-06	1.71134	0
2.772354e-06	1.71131	0
2.773315e-06	1.71129	0
2.774275e-06	1.71126	0
2.775235e-06	1.71123	0
2.776195e-06	1.7112	0
2.777155e-06	1.71118	0
2.778116e-06	1.71115	0
2.779076e-06	1.71112	0
2.780036e-06	1.7111	0
2.780996e-06	1.71107	0
2.781956e-06	1.71104	0
2.782917e-06	1.71102	0
2.783877e-06	1.71099	0
2.784837e-06	1.71096	0
2.785797e-06	1.71093	0
2.786757e-06	1.71091	0
2.787718e-06	1.71088	0
2.788678e-06	1.71085	0
2.789638e-06	1.71083	0
2.790598e-06	1.7108	0
2.791558e-06	1.71077	0
2.792519e-06	1.71075	0
2.793479e-06	1.71072	0
2.794439e-06	1.71069	0
2.795399e-06	1.71066	0
2.796359e-06	1.71064	0
2.797319e-06	1.71061	0
2.798280e-06	1.71058	0
2.799240e-06	1.71056	0
2.800200e-06	1.71053	0
2.801160e-06	1.7105	0
2.802120e-06	1.71047	0
2.803081e-06	1.71045	0
2.804041e-06	1.71042	0
2.805001e-06	1.71039	0
2.805961e-06	1.71036	0
2.806921e-06	1.71034	0
2.807882e-06	1.71031	0
2.808842e-06	1.71028	0
2.809802e-06	1.71026	0
2.810762e-06	1.71023	0
2.811722e-06	1.7102	0
2.812683e-06	1.71017	0
2.813643e-06	1.71015	0
2.814603e-06	1.71012	0
2.815563e-06	1.71009	0
2.816523e-06	1.71006	0
2.817483e-06	1.71004	0
2.818444e-06	1.71001	0
2.819404e-06	1.70998	0
2.820364e-06	1.70996	0
2.821324e-06	1.70993	0
2.822284e-06	1.7099	0
2.823245e-06	1.70987	0
2.824205e-06	1.70985	0
2.825165e-06	1.70982	0
2.826125e-06	1.70979	0
2.827085e-06	1.70976	0
2.828046e-06	1.70974	0
2.829006e-06	1.70971	0
2.829966e-06	1.70968	0
2.830926e-06	1.70965	0
2.831886e-06	1.70963	0
2.832847e-06	1.7096	0
2.833807e-06	1.70957	0
2.834767e-06	1.70954	0
2.835727e-06	1.70952	0
2.836687e-06	1.70949	0
2.837648e-06	1.70946	0
2.838608e-06	1.70943	0
2.839568e-06	1.70941	0
2.840528e-06	1.70938	0
2.841488e-06	1.70935	0
2.842448e-06	1.70932	0
2.843409e-06	1.7093	0
2.844369e-06	1.70927	0
2.845329e-06	1.70924	0
2.846289e-06	1.70921	0
2.847249e-06	1.70918	0
2.848210e-06	1.70916	0
2.849170e-06	1.70913	0
2.850130e-06	1.7091	0
2.851090e-06	1.70907	0
2.852050e-06	1.70905	0
2.853011e-06	1.70902	0
2.853971e-06	1.70899	0
2.854931e-06	1.70896	0
2.855891e-06	1.70894	0
2.856851e-06	1.70891	0
2.857812e-06	1.70888	0
2.858772e-06	1.70885	0
2.859732e-06	1.70882	0
2.860692e-06	1.7088	0
2.861652e-06	1.70877	0
2.862613e-06	1.70874	0
2.863573e-06	1.70871	0
2.864533e-06	1.70869	0
2.865493e-06	1.70866	0
2.866453e-06	1.70863	0
2.867413e-06	1.7086	0
2.868374e-06	1.70857	0
2.869334e-06	1.70855	0
2.870294e-06	1.70852	0
2.871254e-06	1.70849	0
2.872214e-06	1.70846	0
2.873175e-06	1.70843	0
2.874135e-06	1.70841	0
2.875095e-06	1.70838	0
2.876055e-06	1.70835	0
2.877015e-06	1.70832	0
2.877976e-06	1.70829	0
2.878936e-06	1.70827	0
2.879896e-06	1.70824	0
2.880856e-06	1.70821	0
2.881816e-06	1.70818	0
2.882777e-06	1.70815	0
2.883737e-06	1.70813	0
2.884697e-06	1.7081	0
2.885657e-06	1.70807	0
2.886617e-06	1.70804	0
2.887578e-06	1.70801	0
2.888538e-06	1.70799	0
2.889498e-06	1.70796	0
2.890458e-06	1.70793	0
2.891418e-06	1.7079	0
2.892378e-06	1.70787	0
2.893339e-06	1.70785	0
2.894299e-06	1.70782	0
2.895259e-06	1.70779	0
2.896219e-06	1.70776	0
2.897179e-06	1.70773	0
2.898140e-06	1.7077	0
2.899100e-06	1.70768	0
2.900060e-06	1.70765	0
2.901020e-06	1.70762	0
2.901980e-06	1.70759	0
2.902941e-06	1.70756	0
2.903901e-06	1.70754	0
2.904861e-06	1.70751	0
2.905821e-06	1.70748	0
2.906781e-06	1.70745	0
2.907742e-06	1.70742	0
2.908702e-06	1.70739	0
2.909662e-06	1.70737	0
2.910622e-06	1.70734	0
2.911582e-06	1.70731	0
2.912543e-06	1.70728	0
2.913503e-06	1.70725	0
2.914463e-06	1.70722	0
2.915423e-06	1.7072	0
2.916383e-06	1.70717	0
2.917343e-06	1.70714	0
2.918304e-06	1.70711	0
2.919264e-06	1.70708	0
2.920224e-06	1.70705	0
2.921184e-06	1.70703	0
2.922144e-06	1.707	0
2.923105e-06	1.70697	0
2.924065e-06	1.70694	0
2.925025e-06	1.70691	0
2.925985e-06	1.70688	0
2.926945e-06	1.70685	0
2.927906e-06	1.70683	0
2.928866e-06	1.7068	0
2.929826e-06	1.70677	0
2.930786e-06	1.70674	0
2.931746e-06	1.70671	0
2.932707e-06	1.70668	0
2.933667e-06	1.70665	0
2.934627e-06	1.70663	0
2.935587e-06	1.7066	0
2.936547e-06	1.70657	0
2.937508e-06	1.70654	0
2.938468e-06	1.70651	0
2.939428e-06	1.70648	0
2.940388e-06	1.70645	0
2.941348e-06	1.70643	0
2.942308e-06	1.7064	0
2.943269e-06	1.70637	0
2.944229e-06	1.70634	0
2.945189e-06	1.70631	0
2.946149e-06	1.70628	0
2.947109e-06	1.70625	0
2.948070e-06	1.70623	0
2.949030e-06	1.7062	0
2.949990e-06	1.70617	0
2.950950e-06	1.70614	0
2.951910e-06	1.70611	0
2.952871e-06	1.70608	0
2.953831e-06	1.70605	0
2.954791e-06	1.70602	0
2.955751e-06	1.70599	0
2.956711e-06	1.70597	0
2.957672e-06	1.70594	0
2.958632e-06	1.70591	0
2.959592e-06	1.70588	0
2.960552e-06	1.70585	0
2.961512e-06	1.70582	0
2.962472e-06	1.70579	0
2.963433e-06	1.70576	0
2.964393e-06	1.70574	0
2.965353e-06	1.70571	0
2.966313e-06	1.70568	0
2.967273e-06	1.70565	0
2.968234e-06	1.70562	0
2.969194e-06	1.70559	0
2.970154e-06	1.70556	0
2.971114e-06	1.70553	0
2.972074e-06	1.7055	0
2.973035e-06	1.70547	0
2.973995e-06	1.70545	0
2.974955e-06	1.70542	0
2.975915e-06	1.70539	0
2.976875e-06	1.70536	0
2.977836e-06	1.70533	0
2.978796e-06	1.7053	0
2.979756e-06	1.70527	0
2.980716e-06	1.70524	0
2.981676e-06	1.70521	0
2.982637e-06	1.70518	0
2.983597e-06	1.70516	0
2.984557e-06	1.70513	0
2.985517e-06	1.7051	0
2.986477e-06	1.70507	0
2.987437e-06	1.70504	0
2.988398e-06	1.70501	0
2.989358e-06	1.70498	0
2.990318e-06	1.70495	0
2.991278e-06	1.70492	0
2.992238e-06	1.70489	0
2.993199e-06	1.70486	0
2.994159e-06	1.70483	0
2.995119e-06	1.70481	0
2.996079e-06	1.70478	0
2.997039e-06	1.70475	0
2.998000e-06	1.70472	0
2.998960e-06	1.70469	0
2.999920e-06	1.70466	0
3.000880e-06	1.70463	0
3.001840e-06	1.7046	0
3.002801e-06	1.70457	0
3.003761e-06	1.70454	0
3.004721e-06	1.70451	0
3.005681e-06	1.70448	0
3.006641e-06	1.70445	0
3.007602e-06	1.70442	0
3.008562e-06	1.7044	0
3.009522e-06	1.70437	0
3.010482e-06	1.70434	0
3.011442e-06	1.70431	0
3.012402e-06	1.70428	0
3.013363e-06	1.70425	0
3.014323e-06	1.70422	0
3.015283e-06	1.70419	0
3.016243e-06	1.70416	0
3.017203e-06	1.70413	0
3.018164e-06	1.7041	0
3.019124e-06	1.70407	0
3.020084e-06	1.70404	0
3.021044e-06	1.70401	0
3.022004e-06	1.70398	0
3.022965e-06	1.70395	0
3.023925e-06	1.70392	0
3.024885e-06	1.70389	0
3.025845e-06	1.70387	0
3.026805e-06	1.70384	0
3.027766e-06	1.70381	0
3.028726e-06	1.70378	0
3.029686e-06	1.70375	0
3.030646e-06	1.70372	0
3.031606e-06	1.70369	0
3.032567e-06	1.70366	0
3.033527e-06	1.70363	0
3.034487e-06	1.7036	0
3.035447e-06	1.70357	0
3.036407e-06	1.70354	0
3.037367e-06	1.70351	0
3.038328e-06	1.70348	0
3.039288e-06	1.70345	0
3.040248e-06	1.70342	0
3.041208e-06	1.70339	0
3.042168e-06	1.70336	0
3.043129e-06	1.70333	0
3.044089e-06	1.7033	0
3.045049e-06	1.70327	0
3.046009e-06	1.70324	0
3.046969e-06	1.70321	0
3.047930e-06	1.70318	0
3.048890e-06	1.70315	0
3.049850e-06	1.70312	0
3.050810e-06	1.70309	0
3.051770e-06	1.70306	0
3.052731e-06	1.70303	0
3.053691e-06	1.703	0
3.054651e-06	1.70297	0
3.055611e-06	1.70294	0
3.056571e-06	1.70291	0
3.057532e-06	1.70288	0
3.058492e-06	1.70285	0
3.059452e-06	1.70282	0
3.060412e-06	1.70279	0
3.061372e-06	1.70276	0
3.062332e-06	1.70273	0
3.063293e-06	1.7027	0
3.064253e-06	1.70267	0
3.065213e-06	1.70265	0
3.066173e-06	1.70262	0
3.067133e-06	1.70259	0
3.068094e-06	1.70256	0
3.069054e-06	1.70253	0
3.070014e-06	1.7025	0
3.070974e-06	1.70246	0
3.071934e-06	1.70243	0
3.072895e-06	1.7024	0
3.073855e-06	1.70237	0
3.074815e-06	1.70234	0
3.075775e-06	1.70231	0
3.076735e-06	1.70228	0
3.077696e-06	1.70225	0
3.078656e-06	1.70222	0
3.079616e-06	1.70219	0
3.080576e-06	1.70216	0
3.081536e-06	1.70213	0
3.082496e-06	1.7021	0
3.083457e-06	1.70207	0
3.084417e-06	1.70204	0
3.085377e-06	1.70201	0
3.086337e-06	1.70198	0
3.087297e-06	1.70195	0
3.088258e-06	1.70192	0
3.089218e-06	1.70189	0
3.090178e-06	1.70186	0
3.091138e-06	1.70183	0
3.092098e-06	1.7018	0
3.093059e-06	1.70177	0
3.094019e-06	1.70174	0
3.094979e-06	1.70171	0
3.095939e-06	1.70168	0
3.096899e-06	1.70165	0
3.097860e-06	1.70162	0
3.098820e-06	1.70159	0
3.099780e-06	1.70156	0
3.100740e-06	1.70153	0
3.101700e-06	1.7015	0
3.102661e-06	1.70147	0
3.103621e-06	1.70144	0
3.104581e-06	1.70141	0
3.105541e-06	1.70138	0
3.106501e-06	1.70135	0
3.107461e-06	1.70132	0
3.108422e-06	1.70129	0
3.109382e-06	1.70126	0
3.110342e-06	1.70122	0
3.111302e-06	1.70119	0
3.112262e-06	1.70116	0
3.113223e-06	1.70113	0
3.114183e-06	1.7011	0
3.115143e-06	1.70107	0
3.116103e-06	1.70104	0
3.117063e-06	1.70101	0
3.118024e-06	1.70098	0
3.118984e-06	1.70095	0
3.119944e-06	1.70092	0
3.120904e-06	1.70089	0
3.121864e-06	1.70086	0
3.122825e-06	1.70083	0
3.123785e-06	1.7008	0
3.124745e-06	1.70077	0
3.125705e-06	1.70074	0
3.126665e-06	1.70071	0
3.127626e-06	1.70067	0
3.128586e-06	1.70064	0
3.129546e-06	1.70061	0
3.130506e-06	1.70058	0
3.131466e-06	1.70055	0
3.132426e-06	1.70052	0
3.133387e-06	1.70049	0
3.134347e-06	1.70046	0
3.135307e-06	1.70043	0
3.136267e-06	1.7004	0
3.137227e-06	1.70037	0
3.138188e-06	1.70034	0
3.139148e-06	1.70031	0
3.140108e-06	1.70028	0
3.141068e-06	1.70024	0
3.142028e-06	1.70021	0
3.142989e-06	1.70018	0
3.143949e-06	1.70015	0
3.144909e-06	1.70012	0
3.145869e-06	1.70009	0
3.146829e-06	1.70006	0
3.147790e-06	1.70003	0
3.148750e-06	1.7	0
3.149710e-06	1.69997	0
3.150670e-06	1.69994	0
3.151630e-06	1.6999	0
3.152591e-06	1.69987	0
3.153551e-06	1.69984	0
3.154511e-06	1.69981	0
3.155471e-06	1.69978	0
3.156431e-06	1.69975	0
3.157391e-06	1.69972	0
3.158352e-06	1.69969	0
3.159312e-06	1.69966	0
3.160272e-06	1.69963	0
3.161232e-06	1.6996	0
3.162192e-06	1.69956	0
3.163153e-06	1.69953	0
3.164113e-06	1.6995	0
3.165073e-06	1.69947	0
3.166033e-06	1.69944	0
3.166993e-06	1.69941	0
3.167954e-06	1.69938	0
3.168914e-06	1.69935	0
3.169874e-06	1.69932	0
3.170834e-06	1.69928	0
3.171794e-06	1.69925	0
3.172755e-06	1.69922	0
3.173715e-06	1.69919	0
3.174675e-06	1.69916	0
3.175635e-06	1.69913	0
3.176595e-06	1.6991	0
3.177556e-06	1.69907	0
3.178516e-06	1.69904	0
3.179476e-06	1.699	0
3.180436e-06	1.69897	0
3.181396e-06	1.69894	0
3.182356e-06	1.69891	0
3.183317e-06	1.69888	0
3.184277e-06	1.69885	0
3.185237e-06	1.69882	0
3.186197e-06	1.69879	0
3.187157e-06	1.69875	0
3.188118e-06	1.69872	0
3.189078e-06	1.69869	0
3.190038e-06	1.69866	0
3.190998e-06	1.69863	0
3.191958e-06	1.6986	0
3.192919e-06	1.69857	0
3.193879e-06	1.69853	0
3.194839e-06	1.6985	0
3.195799e-06	1.69847	0
3.196759e-06	1.69844	0
3.197720e-06	1.69841	0
3.198680e-06	1.69838	0
3.199640e-06	1.69835	0
3.200600e-06	1.69831	0
3.201560e-06	1.69828	0
3.202521e-06	1.69825	0
3.203481e-06	1.69822	0
3.204441e-06	1.69819	0
3.205401e-06	1.69816	0
3.206361e-06	1.69813	0
3.207321e-06	1.69809	0
3.208282e-06	1.69806	0
3.209242e-06	1.69803	0
3.210202e-06	1.698	0
3.211162e-06	1.69797	0
3.212122e-06	1.69794	0
3.213083e-06	1.6979	0
3.214043e-06	1.69787	0
3.215003e-06	1.69784	0
3.215963e-06	1.69781	0
3.216923e-06	1.69778	0
3.217884e-06	1.69775	0
3.218844e-06	1.69771	0
3.219804e-06	1.69768	0
3.220764e-06	1.69765	0
3.221724e-06	1.69762	0
3.222685e-06	1.69759	0
3.223645e-06	1.69756	0
3.224605e-06	1.69752	0
3.225565e-06	1.69749	0
3.226525e-06	1.69746	0
3.227485e-06	1.69743	0
3.228446e-06	1.6974	0
3.229406e-06	1.69737	0
3.230366e-06	1.69733	0
3.231326e-06	1.6973	0
3.232286e-06	1.69727	0
3.233247e-06	1.69724	0
3.234207e-06	1.69721	0
3.235167e-06	1.69717	0
3.236127e-06	1.69714	0
3.237087e-06	1.69711	0
3.238048e-06	1.69708	0
3.239008e-06	1.69705	0
3.239968e-06	1.69702	0
3.240928e-06	1.69698	0
3.241888e-06	1.69695	0
3.242849e-06	1.69692	0
3.243809e-06	1.69689	0
3.244769e-06	1.69686	0
3.245729e-06	1.69682	0
3.246689e-06	1.69679	0
3.247650e-06	1.69676	0
3.248610e-06	1.69673	0
3.249570e-06	1.6967	0
3.250530e-06	1.69666	0
3.251490e-06	1.69663	0
3.252450e-06	1.6966	0
3.253411e-06	1.69657	0
3.254371e-06	1.69654	0
3.255331e-06	1.6965	0
3.256291e-06	1.69647	0
3.257251e-06	1.69644	0
3.258212e-06	1.69641	0
3.259172e-06	1.69638	0
3.260132e-06	1.69634	0
3.261092e-06	1.69631	0
3.262052e-06	1.69628	0
3.263013e-06	1.69625	0
3.263973e-06	1.69621	0
3.264933e-06	1.69618	0
3.265893e-06	1.69615	0
3.266853e-06	1.69612	0
3.267814e-06	1.69609	0
3.268774e-06	1.69605	0
3.269734e-06	1.69602	0
3.270694e-06	1.69599	0
3.271654e-06	1.69596	0
3.272615e-06	1.69592	0
3.273575e-06	1.69589	0
3.274535e-06	1.69586	0
3.275495e-06	1.69583	0
3.276455e-06	1.6958	0
3.277415e-06	1.69576	0
3.278376e-06	1.69573	0
3.279336e-06	1.6957	0
3.280296e-06	1.69567	0
3.281256e-06	1.69563	0
3.282216e-06	1.6956	0
3.283177e-06	1.69557	0
3.284137e-06	1.69554	0
3.285097e-06	1.6955	0
3.286057e-06	1.69547	0
3.287017e-06	1.69544	0
3.287978e-06	1.69541	0
3.288938e-06	1.69537	0
3.289898e-06	1.69534	0
3.290858e-06	1.69531	0
3.291818e-06	1.69528	0
3.292779e-06	1.69524	0
3.293739e-06	1.69521	0
3.294699e-06	1.69518	0
3.295659e-06	1.69515	0
3.296619e-06	1.69511	0
3.297580e-06	1.69508	0
3.298540e-06	1.69505	0
3.299500e-06	1.69502	0
3.300460e-06	1.69498	0
3.301420e-06	1.69495	0
3.302380e-06	1.69492	0
3.303341e-06	1.69489	0
3.304301e-06	1.69485	0
3.305261e-06	1.69482	0
3.306221e-06	1.69479	0
3.307181e-06	1.69476	0
3.308142e-06	1.69472	0
3.309102e-06	1.69469	0
3.310062e-06	1.69466	0
3.311022e-06	1.69463	0
3.311982e-06	1.69459	0
3.312943e-06	1.69456	0
3.313903e-06	1.69453	0
3.314863e-06	1.69449	0
3.315823e-06	1.69446	0
3.316783e-06	1.69443	0
3.317744e-06	1.6944	0
3.318704e-06	1.69436	0
3.319664e-06	1.69433	0
3.320624e-06	1.6943	0
3.321584e-06	1.69427	0
3.322545e-06	1.69423	0
3.323505e-06	1.6942	0
3.324465e-06	1.69417	0
3.325425e-06	1.69413	0
3.326385e-06	1.6941	0
3.327345e-06	1.69407	0
3.328306e-06	1.69404	0
3.329266e-06	1.694	0
3.330226e-06	1.69397	0
3.331186e-06	1.69394	0
3.332146e-06	1.6939	0
3.333107e-06	1.69387	0
3.334067e-06	1.69384	0
3.335027e-06	1.6938	0
3.335987e-06	1.69377	0
3.336947e-06	1.69374	0
3.337908e-06	1.69371	0
3.338868e-06	1.69367	0
3.339828e-06	1.69364	0
3.340788e-06	1.69361	0
3.341748e-06	1.69357	0
3.342709e-06	1.69354	0
3.343669e-06	1.69351	0
3.344629e-06	1.69347	0
3.345589e-06	1.69344	0
3.346549e-06	1.69341	0
3.347510e-06	1.69338	0
3.348470e-06	1.69334	0
3.349430e-06	1.69331	0
3.350390e-06	1.69328	0
3.351350e-06	1.69324	0
3.352310e-06	1.69321	0
3.353271e-06	1.69318	0
3.354231e-06	1.69314	0
3.355191e-06	1.69311	0
3.356151e-06	1.69308	0
3.357111e-06	1.69304	0
3.358072e-06	1.69301	0
3.359032e-06	1.69298	0
3.359992e-06	1.69294	0
3.360952e-06	1.69291	0
3.361912e-06	1.69288	0
3.362873e-06	1.69284	0
3.363833e-06	1.69281	0
3.364793e-06	1.69278	0
3.365753e-06	1.69274	0
3.366713e-06	1.69271	0
3.367674e-06	1.69268	0
3.368634e-06	1.69264	0
3.369594e-06	1.69261	0
3.370554e-06	1.69258	0
3.371514e-06	1.69254	0
3.372474e-06	1.69251	0
3.373435e-06	1.69248	0
3.374395e-06	1.69244	0
3.375355e-06	1.69241	0
3.376315e-06	1.69238	0
3.377275e-06	1.69234	0
3.378236e-06	1.69231	0
3.379196e-06	1.69228	0
3.380156e-06	1.69224	0
3.381116e-06	1.69221	0
3.382076e-06	1.69218	0
3.383037e-06	1.69214	0
3.383997e-06	1.69211	0
3.384957e-06	1.69208	0
3.385917e-06	1.69204	0
3.386877e-06	1.69201	0
3.387838e-06	1.69198	0
3.388798e-06	1.69194	0
3.389758e-06	1.69191	0
3.390718e-06	1.69187	0
3.391678e-06	1.69184	0
3.392639e-06	1.69181	0
3.393599e-06	1.69177	0
3.394559e-06	1.69174	0
3.395519e-06	1.69171	0
3.396479e-06	1.69167	0
3.397439e-06	1.69164	0
3.398400e-06	1.69161	0
3.399360e-06	1.69157	0
3.400320e-06	1.69154	0
3.401280e-06	1.6915	0
3.402240e-06	1.69147	0
3.403201e-06	1.69144	0
3.404161e-06	1.6914	0
3.405121e-06	1.69137	0
3.406081e-06	1.69134	0
3.407041e-06	1.6913	0
3.408002e-06	1.69127	0
3.408962e-06	1.69123	0
3.409922e-06	1.6912	0
3.410882e-06	1.69117	0
3.411842e-06	1.69113	0
3.412803e-06	1.6911	0
3.413763e-06	1.69106	0
3.414723e-06	1.69103	0
3.415683e-06	1.691	0
3.416643e-06	1.69096	0
3.417604e-06	1.69093	0
3.418564e-06	1.6909	0
3.419524e-06	1.69086	0
3.420484e-06	1.69083	0
3.421444e-06	1.69079	0
3.422404e-06	1.69076	0
3.423365e-06	1.69073	0
3.424325e-06	1.69069	0
3.425285e-06	1.69066	0
3.426245e-06	1.69062	0
3.427205e-06	1.69059	0
3.428166e-06	1.69056	0
3.429126e-06	1.69052	0
3.430086e-06	1.69049	0
3.431046e-06	1.69045	0
3.432006e-06	1.69042	0
3.432967e-06	1.69038	0
3.433927e-06	1.69035	0
3.434887e-06	1.69032	0
3.435847e-06	1.69028	0
3.436807e-06	1.69025	0
3.437768e-06	1.69021	0
3.438728e-06	1.69018	0
3.439688e-06	1.69015	0
3.440648e-06	1.69011	0
3.441608e-06	1.69008	0
3.442569e-06	1.69004	0
3.443529e-06	1.69001	0
3.444489e-06	1.68998	0
3.445449e-06	1.68994	0
3.446409e-06	1.68991	0
3.447369e-06	1.68987	0
3.448330e-06	1.68984	0
3.449290e-06	1.6898	0
3.450250e-06	1.68977	0
3.451210e-06	1.68974	0
3.452170e-06	1.6897	0
3.453131e-06	1.68967	0
3.454091e-06	1.68963	0
3.455051e-06	1.6896	0
3.456011e-06	1.68956	0
3.456971e-06	1.68953	0
3.457932e-06	1.68949	0
3.458892e-06	1.68946	0
3.459852e-06	1.68943	0
3.460812e-06	1.68939	0
3.461772e-06	1.68936	0
3.462733e-06	1.68932	0
3.463693e-06	1.68929	0
3.464653e-06	1.68925	0
3.465613e-06	1.68922	0
3.466573e-06	1.68918	0
3.467534e-06	1.68915	0
3.468494e-06	1.68912	0
3.469454e-06	1.68908	0
3.470414e-06	1.68905	0
3.471374e-06	1.68901	0
3.472334e-06	1.68898	0
3.473295e-06	1.68894	0
3.474255e-06	1.68891	0
3.475215e-06	1.68887	0
3.476175e-06	1.68884	0
3.477135e-06	1.6888	0
3.478096e-06	1.68877	0
3.479056e-06	1.68874	0
3.480016e-06	1.6887	0
3.480976e-06	1.68867	0
3.481936e-06	1.68863	0
3.482897e-06	1.6886	0
3.483857e-06	1.68856	0
3.484817e-06	1.68853	0
3.485777e-06	1.68849	0
3.486737e-06	1.68846	0
3.487698e-06	1.68842	0
3.488658e-06	1.68839	0
3.489618e-06	1.68835	0
3.490578e-06	1.68832	0
3.491538e-06	1.68828	0
3.492498e-06	1.68825	0
3.493459e-06	1.68822	0
3.494419e-06	1.68818	0
3.495379e-06	1.68815	0
3.496339e-06	1.68811	0
3.497299e-06	1.68808	0
3.498260e-06	1.68804	0
3.499220e-06	1.68801	0
3.500180e-06	1.68797	0
3.501140e-06	1.68794	0
3.502100e-06	1.6879	0
3.503061e-06	1.68787	0
3.504021e-06	1.68783	0
3.504981e-06	1.6878	0
3.505941e-06	1.68776	0
3.506901e-06	1.68773	0
3.507862e-06	1.68769	0
3.508822e-06	1.68766	0
3.509782e-06	1.68762	0
3.510742e-06	1.68759	0
3.511702e-06	1.68755	0
3.512663e-06	1.68752	0
3.513623e-06	1.68748	0
3.514583e-06	1.68745	0
3.515543e-06	1.68741	0
3.516503e-06	1.68738	0
3.517463e-06	1.68734	0
3.518424e-06	1.68731	0
3.519384e-06	1.68727	0
3.520344e-06	1.68724	0
3.521304e-06	1.6872	0
3.522264e-06	1.68717	0
3.523225e-06	1.68713	0
3.524185e-06	1.6871	0
3.525145e-06	1.68706	0
3.526105e-06	1.68703	0
3.527065e-06	1.68699	0
3.528026e-06	1.68696	0
3.528986e-06	1.68692	0
3.529946e-06	1.68688	0
3.530906e-06	1.68685	0
3.531866e-06	1.68681	0
3.532827e-06	1.68678	0
3.533787e-06	1.68674	0
3.534747e-06	1.68671	0
3.535707e-06	1.68667	0
3.536667e-06	1.68664	0
3.537628e-06	1.6866	0
3.538588e-06	1.68657	0
3.539548e-06	1.68653	0
3.540508e-06	1.6865	0
3.541468e-06	1.68646	0
3.542428e-06	1.68643	0
3.543389e-06	1.68639	0
3.544349e-06	1.68636	0
3.545309e-06	1.68632	0
3.546269e-06	1.68628	0
3.547229e-06	1.68625	0
3.548190e-06	1.68621	0
3.549150e-06	1.68618	0
3.550110e-06	1.68614	0
3.551070e-06	1.68611	0
3.552030e-06	1.68607	0
3.552991e-06	1.68604	0
3.553951e-06	1.686	0
3.554911e-06	1.68597	0
3.555871e-06	1.68593	0
3.556831e-06	1.68589	0
3.557792e-06	1.68586	0
3.558752e-06	1.68582	0
3.559712e-06	1.68579	0
3.560672e-06	1.68575	0
3.561632e-06	1.68572	0
3.562593e-06	1.68568	0
3.563553e-06	1.68564	0
3.564513e-06	1.68561	0
3.565473e-06	1.68557	0
3.566433e-06	1.68554	0
3.567393e-06	1.6855	0
3.568354e-06	1.68547	0
3.569314e-06	1.68543	0
3.570274e-06	1.6854	0
3.571234e-06	1.68536	0
3.572194e-06	1.68532	0
3.573155e-06	1.68529	0
3.574115e-06	1.68525	0
3.575075e-06	1.68522	0
3.576035e-06	1.68518	0
3.576995e-06	1.68515	0
3.577956e-06	1.68511	0
3.578916e-06	1.68507	0
3.579876e-06	1.68504	0
3.580836e-06	1.685	0
3.581796e-06	1.68497	0
3.582757e-06	1.68493	0
3.583717e-06	1.68489	0
3.584677e-06	1.68486	0
3.585637e-06	1.68482	0
3.586597e-06	1.68479	0
3.587558e-06	1.68475	0
3.588518e-06	1.68472	0
3.589478e-06	1.68468	0
3.590438e-06	1.68464	0
3.591398e-06	1.68461	0
3.592358e-06	1.68457	0
3.593319e-06	1.68454	0
3.594279e-06	1.6845	0
3.595239e-06	1.68446	0
3.596199e-06	1.68443	0
3.597159e-06	1.68439	0
3.598120e-06	1.68436	0
3.599080e-06	1.68432	0
3.600040e-06	1.68428	0
3.601000e-06	1.68425	0
3.601960e-06	1.68421	0
3.602921e-06	1.68417	0
3.603881e-06	1.68414	0
3.604841e-06	1.6841	0
3.605801e-06	1.68407	0
3.606761e-06	1.68403	0
3.607722e-06	1.68399	0
3.608682e-06	1.68396	0
3.609642e-06	1.68392	0
3.610602e-06	1.68389	0
3.611562e-06	1.68385	0
3.612523e-06	1.68381	0
3.613483e-06	1.68378	0
3.614443e-06	1.68374	0
3.615403e-06	1.6837	0
3.616363e-06	1.68367	0
3.617323e-06	1.68363	0
3.618284e-06	1.6836	0
3.619244e-06	1.68356	0
3.620204e-06	1.68352	0
3.621164e-06	1.68349	0
3.622124e-06	1.68345	0
3.623085e-06	1.68341	0
3.624045e-06	1.68338	0
3.625005e-06	1.68334	0
3.625965e-06	1.68331	0
3.626925e-06	1.68327	0
3.627886e-06	1.68323	0
3.628846e-06	1.6832	0
3.629806e-06	1.68316	0
3.630766e-06	1.68312	0
3.631726e-06	1.68309	0
3.632687e-06	1.68305	0
3.633647e-06	1.68301	0
3.634607e-06	1.68298	0
3.635567e-06	1.68294	0
3.636527e-06	1.6829	0
3.637487e-06	1.68287	0
3.638448e-06	1.68283	0
3.639408e-06	1.6828	0
3.640368e-06	1.68276	0
3.641328e-06	1.68272	0
3.642288e-06	1.68269	0
3.643249e-06	1.68265	0
3.644209e-06	1.68261	0
3.645169e-06	1.68258	0
3.646129e-06	1.68254	0
3.647089e-06	1.6825	0
3.648050e-06	1.68247	0
3.649010e-06	1.68243	0
3.649970e-06	1.68239	0
3.650930e-06	1.68236	0
3.651890e-06	1.68232	0
3.652851e-06	1.68228	0
3.653811e-06	1.68225	0
3.654771e-06	1.68221	0
3.655731e-06	1.68217	0
3.656691e-06	1.68214	0
3.657652e-06	1.6821	0
3.658612e-06	1.68206	0
3.659572e-06	1.68203	0
3.660532e-06	1.68199	0
3.661492e-06	1.68195	0
3.662452e-06	1.68192	0
3.663413e-06	1.68188	0
3.664373e-06	1.68184	0
3.665333e-06	1.6818	0
3.666293e-06	1.68177	0
3.667253e-06	1.68173	0
3.668214e-06	1.68169	0
3.669174e-06	1.68166	0
3.670134e-06	1.68162	0
3.671094e-06	1.68158	0
3.672054e-06	1.68155	0
3.673015e-06	1.68151	0
3.673975e-06	1.68147	0
3.674935e-06	1.68144	0
3.675895e-06	1.6814	0
3.676855e-06	1.68136	0
3.677816e-06	1.68133	0
3.678776e-06	1.68129	0
3.679736e-06	1.68125	0
3.680696e-06	1.68121	0
3.681656e-06	1.68118	0
3.682617e-06	1.68114	0
3.683577e-06	1.6811	0
3.684537e-06	1.68107	0
3.685497e-06	1.68103	0
3.686457e-06	1.68099	0
3.687417e-06	1.68095	0
3.688378e-06	1.68092	0
3.689338e-06	1.68088	0
3.690298e-06	1.68084	0
3.691258e-06	1.68081	0
3.692218e-06	1.68077	0
3.693179e-06	1.68073	0
3.694139e-06	1.68069	0
3.695099e-06	1.68066	0
3.696059e-06	1.68062	0
3.697019e-06	1.68058	0
3.697980e-06	1.68055	0
3.698940e-06	1.68051	0
3.699900e-06	1.68047	0
3.700860e-06	1.68043	0
3.701820e-06	1.6804	0
3.702781e-06	1.68036	0
3.703741e-06	1.68032	0
3.704701e-06	1.68028	0
3.705661e-06	1.68025	0
3.706621e-06	1.68021	0
3.707582e-06	1.68017	0
3.708542e-06	1.68014	0
3.709502e-06	1.6801	0
3.710462e-06	1.68006	0
3.711422e-06	1.68002	0
3.712382e-06	1.67999	0
3.713343e-06	1.67995	0
3.714303e-06	1.67991	0
3.715263e-06	1.67987	0
3.716223e-06	1.67984	0
3.717183e-06	1.6798	0
3.718144e-06	1.67976	0
3.719104e-06	1.67972	0
3.720064e-06	1.67969	0
3.721024e-06	1.67965	0
3.721984e-06	1.67961	0
3.722945e-06	1.67957	0
3.723905e-06	1.67954	0
3.724865e-06	1.6795	0
3.725825e-06	1.67946	0
3.726785e-06	1.67942	0
3.727746e-06	1.67939	0
3.728706e-06	1.67935	0
3.729666e-06	1.67931	0
3.730626e-06	1.67927	0
3.731586e-06	1.67924	0
3.732547e-06	1.6792	0
3.733507e-06	1.67916	0
3.734467e-06	1.67912	0
3.735427e-06	1.67908	0
3.736387e-06	1.67905	0
3.737347e-06	1.67901	0
3.738308e-06	1.67897	0
3.739268e-06	1.67893	0
3.740228e-06	1.6789	0
3.741188e-06	1.67886	0
3.742148e-06	1.67882	0
3.743109e-06	1.67878	0
3.744069e-06	1.67875	0
3.745029e-06	1.67871	0
3.745989e-06	1.67867	0
3.746949e-06	1.67863	0
3.747910e-06	1.67859	0
3.748870e-06	1.67856	0
3.749830e-06	1.67852	0
3.750790e-06	1.67848	0
3.751750e-06	1.67844	0
3.752711e-06	1.6784	0
3.753671e-06	1.67837	0
3.754631e-06	1.67833	0
3.755591e-06	1.67829	0
3.756551e-06	1.67825	0
3.757512e-06	1.67822	0
3.758472e-06	1.67818	0
3.759432e-06	1.67814	0
3.760392e-06	1.6781	0
3.761352e-06	1.67806	0
3.762312e-06	1.67803	0
3.763273e-06	1.67799	0
3.764233e-06	1.67795	0
3.765193e-06	1.67791	0
3.766153e-06	1.67787	0
3.767113e-06	1.67783	0
3.768074e-06	1.6778	0
3.769034e-06	1.67776	0
3.769994e-06	1.67772	0
3.770954e-06	1.67768	0
3.771914e-06	1.67764	0
3.772875e-06	1.67761	0
3.773835e-06	1.67757	0
3.774795e-06	1.67753	0
3.775755e-06	1.67749	0
3.776715e-06	1.67745	0
3.777676e-06	1.67742	0
3.778636e-06	1.67738	0
3.779596e-06	1.67734	0
3.780556e-06	1.6773	0
3.781516e-06	1.67726	0
3.782476e-06	1.67722	0
3.783437e-06	1.67719	0
3.784397e-06	1.67715	0
3.785357e-06	1.67711	0
3.786317e-06	1.67707	0
3.787277e-06	1.67703	0
3.788238e-06	1.67699	0
3.789198e-06	1.67696	0
3.790158e-06	1.67692	0
3.791118e-06	1.67688	0
3.792078e-06	1.67684	0
3.793039e-06	1.6768	0
3.793999e-06	1.67676	0
3.794959e-06	1.67673	0
3.795919e-06	1.67669	0
3.796879e-06	1.67665	0
3.797840e-06	1.67661	0
3.798800e-06	1.67657	0
3.799760e-06	1.67653	0
3.800720e-06	1.67649	0
3.801680e-06	1.67646	0
3.802641e-06	1.67642	0
3.803601e-06	1.67638	0
3.804561e-06	1.67634	0
3.805521e-06	1.6763	0
3.806481e-06	1.67626	0
3.807441e-06	1.67623	0
3.808402e-06	1.67619	0
3.809362e-06	1.67615	0
3.810322e-06	1.67611	0
3.811282e-06	1.67607	0
3.812242e-06	1.67603	0
3.813203e-06	1.67599	0
3.814163e-06	1.67595	0
3.815123e-06	1.67592	0
3.816083e-06	1.67588	0
3.817043e-06	1.67584	0
3.818004e-06	1.6758	0
3.818964e-06	1.67576	0
3.819924e-06	1.67572	0
3.820884e-06	1.67568	0
3.821844e-06	1.67565	0
3.822805e-06	1.67561	0
3.823765e-06	1.67557	0
3.824725e-06	1.67553	0
3.825685e-06	1.67549	0
3.826645e-06	1.67545	0
3.827606e-06	1.67541	0
3.828566e-06	1.67537	0
3.829526e-06	1.67533	0
3.830486e-06	1.6753	0
3.831446e-06	1.67526	0
3.832406e-06	1.67522	0
3.833367e-06	1.67518	0
3.834327e-06	1.67514	0
3.835287e-06	1.6751	0
3.836247e-06	1.67506	0
3.837207e-06	1.67502	0
3.838168e-06	1.67498	0
3.839128e-06	1.67495	0
3.840088e-06	1.67491	0
3.841048e-06	1.67487	0
3.842008e-06	1.67483	0
3.842969e-06	1.67479	0
3.843929e-06	1.67475	0
3.844889e-06	1.67471	0
3.845849e-06	1.67467	0
3.846809e-06	1.67463	0
3.847770e-06	1.67459	0
3.848730e-06	1.67456	0
3.849690e-06	1.67452	0
3.850650e-06	1.67448	0
3.851610e-06	1.67444	0
3.852571e-06	1.6744	0
3.853531e-06	1.67436	0
3.854491e-06	1.67432	0
3.855451e-06	1.67428	0
3.856411e-06	1.67424	0
3.857371e-06	1.6742	0
3.858332e-06	1.67416	0
3.859292e-06	1.67412	0
3.860252e-06	1.67409	0
3.861212e-06	1.67405	0
3.862172e-06	1.67401	0
3.863133e-06	1.67397	0
3.864093e-06	1.67393	0
3.865053e-06	1.67389	0
3.866013e-06	1.67385	0
3.866973e-06	1.67381	0
3.867934e-06	1.67377	0
3.868894e-06	1.67373	0
3.869854e-06	1.67369	0
3.870814e-06	1.67365	0
3.871774e-06	1.67361	0
3.872735e-06	1.67357	0
3.873695e-06	1.67354	0
3.874655e-06	1.6735	0
3.875615e-06	1.67346	0
3.876575e-06	1.67342	0
3.877536e-06	1.67338	0
3.878496e-06	1.67334	0
3.879456e-06	1.6733	0
3.880416e-06	1.67326	0
3.881376e-06	1.67322	0
3.882336e-06	1.67318	0
3.883297e-06	1.67314	0
3.884257e-06	1.6731	0
3.885217e-06	1.67306	0
3.886177e-06	1.67302	0
3.887137e-06	1.67298	0
3.888098e-06	1.67294	0
3.889058e-06	1.6729	0
3.890018e-06	1.67286	0
3.890978e-06	1.67282	0
3.891938e-06	1.67278	0
3.892899e-06	1.67274	0
3.893859e-06	1.67271	0
3.894819e-06	1.67267	0
3.895779e-06	1.67263	0
3.896739e-06	1.67259	0
3.897700e-06	1.67255	0
3.898660e-06	1.67251	0
3.899620e-06	1.67247	0
3.900580e-06	1.67243	0
3.901540e-06	1.67239	0
3.902501e-06	1.67235	0
3.903461e-06	1.67231	0
3.904421e-06	1.67227	0
3.905381e-06	1.67223	0
3.906341e-06	1.67219	0
3.907301e-06	1.67215	0
3.908262e-06	1.67211	0
3.909222e-06	1.67207	0
3.910182e-06	1.67203	0
3.911142e-06	1.67199	0
3.912102e-06	1.67195	0
3.913063e-06	1.67191	0
3.914023e-06	1.67187	0
3.914983e-06	1.67183	0
3.915943e-06	1.67179	0
3.916903e-06	1.67175	0
3.917864e-06	1.67171	0
3.918824e-06	1.67167	0
3.919784e-06	1.67163	0
3.920744e-06	1.67159	0
3.921704e-06	1.67155	0
3.922665e-06	1.67151	0
3.923625e-06	1.67147	0
3.924585e-06	1.67143	0
3.925545e-06	1.67139	0
3.926505e-06	1.67135	0
3.927465e-06	1.67131	0
3.928426e-06	1.67127	0
3.929386e-06	1.67123	0
3.930346e-06	1.67119	0
3.931306e-06	1.67115	0
3.932266e-06	1.67111	0
3.933227e-06	1.67107	0
3.934187e-06	1.67103	0
3.935147e-06	1.67099	0
3.936107e-06	1.67095	0
3.937067e-06	1.67091	0
3.938028e-06	1.67087	0
3.938988e-06	1.67083	0
3.939948e-06	1.67079	0
3.940908e-06	1.67075	0
3.941868e-06	1.67071	0
3.942829e-06	1.67067	0
3.943789e-06	1.67063	0
3.944749e-06	1.67059	0
3.945709e-06	1.67055	0
3.946669e-06	1.67051	0
3.947630e-06	1.67047	0
3.948590e-06	1.67043	0
3.949550e-06	1.67039	0
3.950510e-06	1.67034	0
3.951470e-06	1.6703	0
3.952430e-06	1.67026	0
3.953391e-06	1.67022	0
3.954351e-06	1.67018	0
3.955311e-06	1.67014	0
3.956271e-06	1.6701	0
3.957231e-06	1.67006	0
3.958192e-06	1.67002	0
3.959152e-06	1.66998	0
3.960112e-06	1.66994	0
3.961072e-06	1.6699	0
3.962032e-06	1.66986	0
3.962993e-06	1.66982	0
3.963953e-06	1.66978	0
3.964913e-06	1.66974	0
3.965873e-06	1.6697	0
3.966833e-06	1.66966	0
3.967794e-06	1.66962	0
3.968754e-06	1.66958	0
3.969714e-06	1.66953	0
3.970674e-06	1.66949	0
3.971634e-06	1.66945	0
3.972595e-06	1.66941	0
3.973555e-06	1.66937	0
3.974515e-06	1.66933	0
3.975475e-06	1.66929	0
3.976435e-06	1.66925	0
3.977395e-06	1.66921	0
3.978356e-06	1.66917	0
3.979316e-06	1.66913	0
3.980276e-06	1.66909	0
3.981236e-06	1.66905	0
3.982196e-06	1.66901	0
3.983157e-06	1.66897	0
3.984117e-06	1.66892	0
3.985077e-06	1.66888	0
3.986037e-06	1.66884	0
3.986997e-06	1.6688	0
3.987958e-06	1.66876	0
3.988918e-06	1.66872	0
3.989878e-06	1.66868	0
3.990838e-06	1.66864	0
3.991798e-06	1.6686	0
3.992759e-06	1.66856	0
3.993719e-06	1.66852	0
3.994679e-06	1.66847	0
3.995639e-06	1.66843	0
3.996599e-06	1.66839	0
3.997560e-06	1.66835	0
3.998520e-06	1.66831	0
3.999480e-06	1.66827	0
4.000440e-06	1.66823	0
4.001400e-06	1.66819	0
4.002360e-06	1.66815	0
4.003321e-06	1.66811	0
4.004281e-06	1.66806	0
4.005241e-06	1.66802	0
4.006201e-06	1.66798	0
4.007161e-06	1.66794	0
4.008122e-06	1.6679	0
4.009082e-06	1.66786	0
4.010042e-06	1.66782	0
4.011002e-06	1.66778	0
4.011962e-06	1.66774	0
4.012923e-06	1.66769	0
4.013883e-06	1.66765	0
4.014843e-06	1.66761	0
4.015803e-06	1.66757	0
4.016763e-06	1.66753	0
4.017724e-06	1.66749	0
4.018684e-06	1.66745	0
4.019644e-06	1.66741	0
4.020604e-06	1.66737	0
4.021564e-06	1.66732	0
4.022525e-06	1.66728	0
4.023485e-06	1.66724	0
4.024445e-06	1.6672	0
4.025405e-06	1.66716	0
4.026365e-06	1.66712	0
4.027325e-06	1.66708	0
4.028286e-06	1.66703	0
4.029246e-06	1.66699	0
4.030206e-06	1.66695	0
4.031166e-06	1.66691	0
4.032126e-06	1.66687	0
4.033087e-06	1.66683	0
4.034047e-06	1.66679	0
4.035007e-06	1.66674	0
4.035967e-06	1.6667	0
4.036927e-06	1.66666	0
4.037888e-06	1.66662	0
4.038848e-06	1.66658	0
4.039808e-06	1.66654	0
4.040768e-06	1.6665	0
4.041728e-06	1.66645	0
4.042689e-06	1.66641	0
4.043649e-06	1.66637	0
4.044609e-06	1.66633	0
4.045569e-06	1.66629	0
4.046529e-06	1.66625	0
4.047489e-06	1.6662	0
4.048450e-06	1.66616	0
4.049410e-06	1.66612	0
4.050370e-06	1.66608	0
4.051330e-06	1.66604	0
4.052290e-06	1.666	0
4.053251e-06	1.66595	0
4.054211e-06	1.66591	0
4.055171e-06	1.66587	0
4.056131e-06	1.66583	0
4.057091e-06	1.66579	0
4.058052e-06	1.66575	0
4.059012e-06	1.6657	0
4.059972e-06	1.66566	0
4.060932e-06	1.66562	0
4.061892e-06	1.66558	0
4.062853e-06	1.66554	0
4.063813e-06	1.6655	0
4.064773e-06	1.66545	0
4.065733e-06	1.66541	0
4.066693e-06	1.66537	0
4.067654e-06	1.66533	0
4.068614e-06	1.66529	0
4.069574e-06	1.66524	0
4.070534e-06	1.6652	0
4.071494e-06	1.66516	0
4.072454e-06	1.66512	0
4.073415e-06	1.66508	0
4.074375e-06	1.66503	0
4.075335e-06	1.66499	0
4.076295e-06	1.66495	0
4.077255e-06	1.66491	0
4.078216e-06	1.66487	0
4.079176e-06	1.66482	0
4.080136e-06	1.66478	0
4.081096e-06	1.66474	0
4.082056e-06	1.6647	0
4.083017e-06	1.66466	0
4.083977e-06	1.66461	0
4.084937e-06	1.66457	0
4.085897e-06	1.66453	0
4.086857e-06	1.66449	0
4.087818e-06	1.66445	0
4.088778e-06	1.6644	0
4.089738e-06	1.66436	0
4.090698e-06	1.66432	0
4.091658e-06	1.66428	0
4.092619e-06	1.66424	0
4.093579e-06	1.66419	0
4.094539e-06	1.66415	0
4.095499e-06	1.66411	0
4.096459e-06	1.66407	0
4.097419e-06	1.66402	0
4.098380e-06	1.66398	0
4.099340e-06	1.66394	0
4.100300e-06	1.6639	0
4.101260e-06	1.66385	0
4.102220e-06	1.66381	0
4.103181e-06	1.66377	0
4.104141e-06	1.66373	0
4.105101e-06	1.66369	0
4.106061e-06	1.66364	0
4.107021e-06	1.6636	0
4.107982e-06	1.66356	0
4.108942e-06	1.66352	0
4.109902e-06	1.66347	0
4.110862e-06	1.66343	0
4.111822e-06	1.66339	0
4.112783e-06	1.66335	0
4.113743e-06	1.6633	0
4.114703e-06	1.66326	0
4.115663e-06	1.66322	0
4.116623e-06	1.66318	0
4.117584e-06	1.66313	0
4.118544e-06	1.66309	0
4.119504e-06	1.66305	0
4.120464e-06	1.66301	0
4.121424e-06	1.66296	0
4.122384e-06	1.66292	0
4.123345e-06	1.66288	0
4.124305e-06	1.66284	0
4.125265e-06	1.66279	0
4.126225e-06	1.66275	0
4.127185e-06	1.66271	0
4.128146e-06	1.66267	0
4.129106e-06	1.66262	0
4.130066e-06	1.66258	0
4.131026e-06	1.66254	0
4.131986e-06	1.66249	0
4.132947e-06	1.66245	0
4.133907e-06	1.66241	0
4.134867e-06	1.66237	0
4.135827e-06	1.66232	0
4.136787e-06	1.66228	0
4.137748e-06	1.66224	0
4.138708e-06	1.6622	0
4.139668e-06	1.66215	0
4.140628e-06	1.66211	0
4.141588e-06	1.66207	0
4.142549e-06	1.66202	0
4.143509e-06	1.66198	0
4.144469e-06	1.66194	0
4.145429e-06	1.6619	0
4.146389e-06	1.66185	0
4.147349e-06	1.66181	0
4.148310e-06	1.66177	0
4.149270e-06	1.66172	0
4.150230e-06	1.66168	0
4.151190e-06	1.66164	0
4.152150e-06	1.66159	0
4.153111e-06	1.66155	0
4.154071e-06	1.66151	0
4.155031e-06	1.66147	0
4.155991e-06	1.66142	0
4.156951e-06	1.66138	0
4.157912e-06	1.66134	0
4.158872e-06	1.66129	0
4.159832e-06	1.66125	0
4.160792e-06	1.66121	0
4.161752e-06	1.66116	0
4.162713e-06	1.66112	0
4.163673e-06	1.66108	0
4.164633e-06	1.66103	0
4.165593e-06	1.66099	0
4.166553e-06	1.66095	0
4.167514e-06	1.66091	0
4.168474e-06	1.66086	0
4.169434e-06	1.66082	0
4.170394e-06	1.66078	0
4.171354e-06	1.66073	0
4.172314e-06	1.66069	0
4.173275e-06	1.66065	0
4.174235e-06	1.6606	0
4.175195e-06	1.66056	0
4.176155e-06	1.66052	0
4.177115e-06	1.66047	0
4.178076e-06	1.66043	0
4.179036e-06	1.66039	0
4.179996e-06	1.66034	0
4.180956e-06	1.6603	0
4.181916e-06	1.66026	0
4.182877e-06	1.66021	0
4.183837e-06	1.66017	0
4.184797e-06	1.66013	0
4.185757e-06	1.66008	0
4.186717e-06	1.66004	0
4.187678e-06	1.66	0
4.188638e-06	1.65995	0
4.189598e-06	1.65991	0
4.190558e-06	1.65986	0
4.191518e-06	1.65982	0
4.192478e-06	1.65978	0
4.193439e-06	1.65973	0
4.194399e-06	1.65969	0
4.195359e-06	1.65965	0
4.196319e-06	1.6596	0
4.197279e-06	1.65956	0
4.198240e-06	1.65952	0
4.199200e-06	1.65947	0
4.200160e-06	1.65943	0
4.201120e-06	1.65939	0
4.202080e-06	1.65934	0
4.203041e-06	1.6593	0
4.204001e-06	1.65925	0
4.204961e-06	1.65921	0
4.205921e-06	1.65917	0
4.206881e-06	1.65912	0
4.207842e-06	1.65908	0
4.208802e-06	1.65904	0
4.209762e-06	1.65899	0
4.210722e-06	1.65895	0
4.211682e-06	1.6589	0
4.212643e-06	1.65886	0
4.213603e-06	1.65882	0
4.214563e-06	1.65877	0
4.215523e-06	1.65873	0
4.216483e-06	1.65869	0
4.217443e-06	1.65864	0
4.218404e-06	1.6586	0
4.219364e-06	1.65855	0
4.220324e-06	1.65851	0
4.221284e-06	1.65847	0
4.222244e-06	1.65842	0
4.223205e-06	1.65838	0
4.224165e-06	1.65833	0
4.225125e-06	1.65829	0
4.226085e-06	1.65825	0
4.227045e-06	1.6582	0
4.228006e-06	1.65816	0
4.228966e-06	1.65811	0
4.229926e-06	1.65807	0
4.230886e-06	1.65803	0
4.231846e-06	1.65798	0
4.232807e-06	1.65794	0
4.233767e-06	1.65789	0
4.234727e-06	1.65785	0
4.235687e-06	1.65781	0
4.236647e-06	1.65776	0
4.237608e-06	1.65772	0
4.238568e-06	1.65767	0
4.239528e-06	1.65763	0
4.240488e-06	1.65759	0
4.241448e-06	1.65754	0
4.242408e-06	1.6575	0
4.243369e-06	1.65745	0
4.244329e-06	1.65741	0
4.245289e-06	1.65736	0
4.246249e-06	1.65732	0
4.247209e-06	1.65728	0
4.248170e-06	1.65723	0
4.249130e-06	1.65719	0
4.250090e-06	1.65714	0
4.251050e-06	1.6571	0
4.252010e-06	1.65705	0
4.252971e-06	1.65701	0
4.253931e-06	1.65697	0
4.254891e-06	1.65692	0
4.255851e-06	1.65688	0
4.256811e-06	1.65683	0
4.257772e-06	1.65679	0
4.258732e-06	1.65674	0
4.259692e-06	1.6567	0
4.260652e-06	1.65666	0
4.261612e-06	1.65661	0
4.262573e-06	1.65657	0
4.263533e-06	1.65652	0
4.264493e-06	1.65648	0
4.265453e-06	1.65643	0
4.266413e-06	1.65639	0
4.267373e-06	1.65634	0
4.268334e-06	1.6563	0
4.269294e-06	1.65626	0
4.270254e-06	1.65621	0
4.271214e-06	1.65617	0
4.272174e-06	1.65612	0
4.273135e-06	1.65608	0
4.274095e-06	1.65603	0
4.275055e-06	1.65599	0
4.276015e-06	1.65594	0
4.276975e-06	1.6559	0
4.277936e-06	1.65585	0
4.278896e-06	1.65581	0
4.279856e-06	1.65576	0
4.280816e-06	1.65572	0
4.281776e-06	1.65567	0
4.282737e-06	1.65563	0
4.283697e-06	1.65559	0
4.284657e-06	1.65554	0
4.285617e-06	1.6555	0
4.286577e-06	1.65545	0
4.287538e-06	1.65541	0
4.288498e-06	1.65536	0
4.289458e-06	1.65532	0
4.290418e-06	1.65527	0
4.291378e-06	1.65523	0
4.292338e-06	1.65518	0
4.293299e-06	1.65514	0
4.294259e-06	1.65509	0
4.295219e-06	1.65505	0
4.296179e-06	1.655	0
4.297139e-06	1.65496	0
4.298100e-06	1.65491	0
4.299060e-06	1.65487	0
4.300020e-06	1.65482	0
4.300980e-06	1.65478	0
4.301940e-06	1.65473	0
4.302901e-06	1.65469	0
4.303861e-06	1.65464	0
4.304821e-06	1.6546	0
4.305781e-06	1.65455	0
4.306741e-06	1.65451	0
4.307702e-06	1.65446	0
4.308662e-06	1.65442	0
4.309622e-06	1.65437	0
4.310582e-06	1.65433	0
4.311542e-06	1.65428	0
4.312503e-06	1.65424	0
4.313463e-06	1.65419	0
4.314423e-06	1.65415	0
4.315383e-06	1.6541	0
4.316343e-06	1.65406	0
4.317303e-06	1.65401	0
4.318264e-06	1.65397	0
4.319224e-06	1.65392	0
4.320184e-06	1.65388	0
4.321144e-06	1.65383	0
4.322104e-06	1.65379	0
4.323065e-06	1.65374	0
4.324025e-06	1.65369	0
4.324985e-06	1.65365	0
4.325945e-06	1.6536	0
4.326905e-06	1.65356	0
4.327866e-06	1.65351	0
4.328826e-06	1.65347	0
4.329786e-06	1.65342	0
4.330746e-06	1.65338	0
4.331706e-06	1.65333	0
4.332667e-06	1.65329	0
4.333627e-06	1.65324	0
4.334587e-06	1.6532	0
4.335547e-06	1.65315	0
4.336507e-06	1.6531	0
4.337467e-06	1.65306	0
4.338428e-06	1.65301	0
4.339388e-06	1.65297	0
4.340348e-06	1.65292	0
4.341308e-06	1.65288	0
4.342268e-06	1.65283	0
4.343229e-06	1.65279	0
4.344189e-06	1.65274	0
4.345149e-06	1.65269	0
4.346109e-06	1.65265	0
4.347069e-06	1.6526	0
4.348030e-06	1.65256	0
4.348990e-06	1.65251	0
4.349950e-06	1.65247	0
4.350910e-06	1.65242	0
4.351870e-06	1.65238	0
4.352831e-06	1.65233	0
4.353791e-06	1.65228	0
4.354751e-06	1.65224	0
4.355711e-06	1.65219	0
4.356671e-06	1.65215	0
4.357632e-06	1.6521	0
4.358592e-06	1.65206	0
4.359552e-06	1.65201	0
4.360512e-06	1.65196	0
4.361472e-06	1.65192	0
4.362432e-06	1.65187	0
4.363393e-06	1.65183	0
4.364353e-06	1.65178	0
4.365313e-06	1.65173	0
4.366273e-06	1.65169	0
4.367233e-06	1.65164	0
4.368194e-06	1.6516	0
4.369154e-06	1.65155	0
4.370114e-06	1.65151	0
4.371074e-06	1.65146	0
4.372034e-06	1.65141	0
4.372995e-06	1.65137	0
4.373955e-06	1.65132	0
4.374915e-06	1.65128	0
4.375875e-06	1.65123	0
4.376835e-06	1.65118	0
4.377796e-06	1.65114	0
4.378756e-06	1.65109	0
4.379716e-06	1.65105	0
4.380676e-06	1.651	0
4.381636e-06	1.65095	0
4.382597e-06	1.65091	0
4.383557e-06	1.65086	0
4.384517e-06	1.65081	0
4.385477e-06	1.65077	0
4.386437e-06	1.65072	0
4.387397e-06	1.65068	0
4.388358e-06	1.65063	0
4.389318e-06	1.65058	0
4.390278e-06	1.65054	0
4.391238e-06	1.65049	0
4.392198e-06	1.65045	0
4.393159e-06	1.6504	0
4.394119e-06	1.65035	0
4.395079e-06	1.65031	0
4.396039e-06	1.65026	0
4.396999e-06	1.65021	0
4.397960e-06	1.65017	0
4.398920e-06	1.65012	0
4.399880e-06	1.65007	0
4.400840e-06	1.65003	0
4.401800e-06	1.64998	0
4.402761e-06	1.64994	0
4.403721e-06	1.64989	0
4.404681e-06	1.64984	0
4.405641e-06	1.6498	0
4.406601e-06	1.64975	0
4.407562e-06	1.6497	0
4.408522e-06	1.64966	0
4.409482e-06	1.64961	0
4.410442e-06	1.64956	0
4.411402e-06	1.64952	0
4.412362e-06	1.64947	0
4.413323e-06	1.64942	0
4.414283e-06	1.64938	0
4.415243e-06	1.64933	0
4.416203e-06	1.64929	0
4.417163e-06	1.64924	0
4.418124e-06	1.64919	0
4.419084e-06	1.64915	0
4.420044e-06	1.6491	0
4.421004e-06	1.64905	0
4.421964e-06	1.64901	0
4.422925e-06	1.64896	0
4.423885e-06	1.64891	0
4.424845e-06	1.64887	0
4.425805e-06	1.64882	0
4.426765e-06	1.64877	0
4.427726e-06	1.64873	0
4.428686e-06	1.64868	0
4.429646e-06	1.64863	0
4.430606e-06	1.64858	0
4.431566e-06	1.64854	0
4.432527e-06	1.64849	0
4.433487e-06	1.64844	0
4.434447e-06	1.6484	0
4.435407e-06	1.64835	0
4.436367e-06	1.6483	0
4.437327e-06	1.64826	0
4.438288e-06	1.64821	0
4.439248e-06	1.64816	0
4.440208e-06	1.64812	0
4.441168e-06	1.64807	0
4.442128e-06	1.64802	0
4.443089e-06	1.64798	0
4.444049e-06	1.64793	0
4.445009e-06	1.64788	0
4.445969e-06	1.64783	0
4.446929e-06	1.64779	0
4.447890e-06	1.64774	0
4.448850e-06	1.64769	0
4.449810e-06	1.64765	0
4.450770e-06	1.6476	0
4.451730e-06	1.64755	0
4.452691e-06	1.64751	0
4.453651e-06	1.64746	0
4.454611e-06	1.64741	0
4.455571e-06	1.64736	0
4.456531e-06	1.64732	0
4.457491e-06	1.64727	0
4.458452e-06	1.64722	0
4.459412e-06	1.64718	0
4.460372e-06	1.64713	0
4.461332e-06	1.64708	0
4.462292e-06	1.64703	0
4.463253e-06	1.64699	0
4.464213e-06	1.64694	0
4.465173e-06	1.64689	0
4.466133e-06	1.64685	0
4.467093e-06	1.6468	0
4.468054e-06	1.64675	0
4.469014e-06	1.6467	0
4.469974e-06	1.64666	0
4.470934e-06	1.64661	0
4.471894e-06	1.64656	0
4.472855e-06	1.64651	0
4.473815e-06	1.64647	0
4.474775e-06	1.64642	0
4.475735e-06	1.64637	0
4.476695e-06	1.64632	0
4.477656e-06	1.64628	0
4.478616e-06	1.64623	0
4.479576e-06	1.64618	0
4.480536e-06	1.64613	0
4.481496e-06	1.64609	0
4.482456e-06	1.64604	0
4.483417e-06	1.64599	0
4.484377e-06	1.64594	0
4.485337e-06	1.6459	0
4.486297e-06	1.64585	0
4.487257e-06	1.6458	0
4.488218e-06	1.64575	0
4.489178e-06	1.64571	0
4.490138e-06	1.64566	0
4.491098e-06	1.64561	0
4.492058e-06	1.64556	0
4.493019e-06	1.64552	0
4.493979e-06	1.64547	0
4.494939e-06	1.64542	0
4.495899e-06	1.64537	0
4.496859e-06	1.64533	0
4.497820e-06	1.64528	0
4.498780e-06	1.64523	0
4.499740e-06	1.64518	0
4.500700e-06	1.64513	0
4.501660e-06	1.64509	0
4.502621e-06	1.64504	0
4.503581e-06	1.64499	0
4.504541e-06	1.64494	0
4.505501e-06	1.6449	0
4.506461e-06	1.64485	0
4.507421e-06	1.6448	0
4.508382e-06	1.64475	0
4.509342e-06	1.6447	0
4.510302e-06	1.64466	0
4.511262e-06	1.64461	0
4.512222e-06	1.64456	0
4.513183e-06	1.64451	0
4.514143e-06	1.64446	0
4.515103e-06	1.64442	0
4.516063e-06	1.64437	0
4.517023e-06	1.64432	0
4.517984e-06	1.64427	0
4.518944e-06	1.64422	0
4.519904e-06	1.64418	0
4.520864e-06	1.64413	0
4.521824e-06	1.64408	0
4.522785e-06	1.64403	0
4.523745e-06	1.64398	0
4.524705e-06	1.64394	0
4.525665e-06	1.64389	0
4.526625e-06	1.64384	0
4.527586e-06	1.64379	0
4.528546e-06	1.64374	0
4.529506e-06	1.6437	0
4.530466e-06	1.64365	0
4.531426e-06	1.6436	0
4.532386e-06	1.64355	0
4.533347e-06	1.6435	0
4.534307e-06	1.64345	0
4.535267e-06	1.64341	0
4.536227e-06	1.64336	0
4.537187e-06	1.64331	0
4.538148e-06	1.64326	0
4.539108e-06	1.64321	0
4.540068e-06	1.64316	0
4.541028e-06	1.64312	0
4.541988e-06	1.64307	0
4.542949e-06	1.64302	0
4.543909e-06	1.64297	0
4.544869e-06	1.64292	0
4.545829e-06	1.64287	0
4.546789e-06	1.64283	0
4.547750e-06	1.64278	0
4.548710e-06	1.64273	0
4.549670e-06	1.64268	0
4.550630e-06	1.64263	0
4.551590e-06	1.64258	0
4.552551e-06	1.64254	0
4.553511e-06	1.64249	0
4.554471e-06	1.64244	0
4.555431e-06	1.64239	0
4.556391e-06	1.64234	0
4.557351e-06	1.64229	0
4.558312e-06	1.64224	0
4.559272e-06	1.6422	0
4.560232e-06	1.64215	0
4.561192e-06	1.6421	0
4.562152e-06	1.64205	0
4.563113e-06	1.642	0
4.564073e-06	1.64195	0
4.565033e-06	1.6419	0
4.565993e-06	1.64186	0
4.566953e-06	1.64181	0
4.567914e-06	1.64176	0
4.568874e-06	1.64171	0
4.569834e-06	1.64166	0
4.570794e-06	1.64161	0
4.571754e-06	1.64156	0
4.572715e-06	1.64151	0
4.573675e-06	1.64147	0
4.574635e-06	1.64142	0
4.575595e-06	1.64137	0
4.576555e-06	1.64132	0
4.577516e-06	1.64127	0
4.578476e-06	1.64122	0
4.579436e-06	1.64117	0
4.580396e-06	1.64112	0
4.581356e-06	1.64107	0
4.582316e-06	1.64103	0
4.583277e-06	1.64098	0
4.584237e-06	1.64093	0
4.585197e-06	1.64088	0
4.586157e-06	1.64083	0
4.587117e-06	1.64078	0
4.588078e-06	1.64073	0
4.589038e-06	1.64068	0
4.589998e-06	1.64063	0
4.590958e-06	1.64058	0
4.591918e-06	1.64054	0
4.592879e-06	1.64049	0
4.593839e-06	1.64044	0
4.594799e-06	1.64039	0
4.595759e-06	1.64034	0
4.596719e-06	1.64029	0
4.597680e-06	1.64024	0
4.598640e-06	1.64019	0
4.599600e-06	1.64014	0
4.600560e-06	1.64009	0
4.601520e-06	1.64004	0
4.602480e-06	1.63999	0
4.603441e-06	1.63995	0
4.604401e-06	1.6399	0
4.605361e-06	1.63985	0
4.606321e-06	1.6398	0
4.607281e-06	1.63975	0
4.608242e-06	1.6397	0
4.609202e-06	1.63965	0
4.610162e-06	1.6396	0
4.611122e-06	1.63955	0
4.612082e-06	1.6395	0
4.613043e-06	1.63945	0
4.614003e-06	1.6394	0
4.614963e-06	1.63935	0
4.615923e-06	1.6393	0
4.616883e-06	1.63925	0
4.617844e-06	1.63921	0
4.618804e-06	1.63916	0
4.619764e-06	1.63911	0
4.620724e-06	1.63906	0
4.621684e-06	1.63901	0
4.622645e-06	1.63896	0
4.623605e-06	1.63891	0
4.624565e-06	1.63886	0
4.625525e-06	1.63881	0
4.626485e-06	1.63876	0
4.627445e-06	1.63871	0
4.628406e-06	1.63866	0
4.629366e-06	1.63861	0
4.630326e-06	1.63856	0
4.631286e-06	1.63851	0
4.632246e-06	1.63846	0
4.633207e-06	1.63841	0
4.634167e-06	1.63836	0
4.635127e-06	1.63831	0
4.636087e-06	1.63826	0
4.637047e-06	1.63821	0
4.638008e-06	1.63816	0
4.638968e-06	1.63811	0
4.639928e-06	1.63806	0
4.640888e-06	1.63801	0
4.641848e-06	1.63796	0
4.642809e-06	1.63792	0
4.643769e-06	1.63787	0
4.644729e-06	1.63782	0
4.645689e-06	1.63777	0
4.646649e-06	1.63772	0
4.647610e-06	1.63767	0
4.648570e-06	1.63762	0
4.649530e-06	1.63757	0
4.650490e-06	1.63752	0
4.651450e-06	1.63747	0
4.652410e-06	1.63742	0
4.653371e-06	1.63737	0
4.654331e-06	1.63732	0
4.655291e-06	1.63727	0
4.656251e-06	1.63722	0
4.657211e-06	1.63717	0
4.658172e-06	1.63712	0
4.659132e-06	1.63707	0
4.660092e-06	1.63702	0
4.661052e-06	1.63697	0
4.662012e-06	1.63692	0
4.662973e-06	1.63687	0
4.663933e-06	1.63682	0
4.664893e-06	1.63677	0
4.665853e-06	1.63672	0
4.666813e-06	1.63667	0
4.667774e-06	1.63662	0
4.668734e-06	1.63657	0
4.669694e-06	1.63651	0
4.670654e-06	1.63646	0
4.671614e-06	1.63641	0
4.672575e-06	1.63636	0
4.673535e-06	1.63631	0
4.674495e-06	1.63626	0
4.675455e-06	1.63621	0
4.676415e-06	1.63616	0
4.677375e-06	1.63611	0
4.678336e-06	1.63606	0
4.679296e-06	1.63601	0
4.680256e-06	1.63596	0
4.681216e-06	1.63591	0
4.682176e-06	1.63586	0
4.683137e-06	1.63581	0
4.684097e-06	1.63576	0
4.685057e-06	1.63571	0
4.686017e-06	1.63566	0
4.686977e-06	1.63561	0
4.687938e-06	1.63556	0
4.688898e-06	1.63551	0
4.689858e-06	1.63546	0
4.690818e-06	1.63541	0
4.691778e-06	1.63536	0
4.692739e-06	1.63531	0
4.693699e-06	1.63526	0
4.694659e-06	1.6352	0
4.695619e-06	1.63515	0
4.696579e-06	1.6351	0
4.697540e-06	1.63505	0
4.698500e-06	1.635	0
4.699460e-06	1.63495	0
4.700420e-06	1.6349	0
4.701380e-06	1.63485	0
4.702340e-06	1.6348	0
4.703301e-06	1.63475	0
4.704261e-06	1.6347	0
4.705221e-06	1.63465	0
4.706181e-06	1.6346	0
4.707141e-06	1.63455	0
4.708102e-06	1.6345	0
4.709062e-06	1.63444	0
4.710022e-06	1.63439	0
4.710982e-06	1.63434	0
4.711942e-06	1.63429	0
4.712903e-06	1.63424	0
4.713863e-06	1.63419	0
4.714823e-06	1.63414	0
4.715783e-06	1.63409	0
4.716743e-06	1.63404	0
4.717704e-06	1.63399	0
4.718664e-06	1.63394	0
4.719624e-06	1.63388	0
4.720584e-06	1.63383	0
4.721544e-06	1.63378	0
4.722505e-06	1.63373	0
4.723465e-06	1.63368	0
4.724425e-06	1.63363	0
4.725385e-06	1.63358	0
4.726345e-06	1.63353	0
4.727305e-06	1.63348	0
4.728266e-06	1.63343	0
4.729226e-06	1.63337	0
4.730186e-06	1.63332	0
4.731146e-06	1.63327	0
4.732106e-06	1.63322	0
4.733067e-06	1.63317	0
4.734027e-06	1.63312	0
4.734987e-06	1.63307	0
4.735947e-06	1.63302	0
4.736907e-06	1.63297	0
4.737868e-06	1.63291	0
4.738828e-06	1.63286	0
4.739788e-06	1.63281	0
4.740748e-06	1.63276	0
4.741708e-06	1.63271	0
4.742669e-06	1.63266	0
4.743629e-06	1.63261	0
4.744589e-06	1.63256	0
4.745549e-06	1.6325	0
4.746509e-06	1.63245	0
4.747469e-06	1.6324	0
4.748430e-06	1.63235	0
4.749390e-06	1.6323	0
4.750350e-06	1.63225	0
4.751310e-06	1.6322	0
4.752270e-06	1.63214	0
4.753231e-06	1.63209	0
4.754191e-06	1.63204	0
4.755151e-06	1.63199	0
4.756111e-06	1.63194	0
4.757071e-06	1.63189	0
4.758032e-06	1.63184	0
4.758992e-06	1.63178	0
4.759952e-06	1.63173	0
4.760912e-06	1.63168	0
4.761872e-06	1.63163	0
4.762833e-06	1.63158	0
4.763793e-06	1.63153	0
4.764753e-06	1.63147	0
4.765713e-06	1.63142	0
4.766673e-06	1.63137	0
4.767634e-06	1.63132	0
4.768594e-06	1.63127	0
4.769554e-06	1.63122	0
4.770514e-06	1.63116	0
4.771474e-06	1.63111	0
4.772434e-06	1.63106	0
4.773395e-06	1.63101	0
4.774355e-06	1.63096	0
4.775315e-06	1.63091	0
4.776275e-06	1.63085	0
4.777235e-06	1.6308	0
4.778196e-06	1.63075	0
4.779156e-06	1.6307	0
4.780116e-06	1.63065	0
4.781076e-06	1.6306	0
4.782036e-06	1.63054	0
4.782997e-06	1.63049	0
4.783957e-06	1.63044	0
4.784917e-06	1.63039	0
4.785877e-06	1.63034	0
4.786837e-06	1.63028	0
4.787798e-06	1.63023	0
4.788758e-06	1.63018	0
4.789718e-06	1.63013	0
4.790678e-06	1.63008	0
4.791638e-06	1.63002	0
4.792599e-06	1.62997	0
4.793559e-06	1.62992	0
4.794519e-06	1.62987	0
4.795479e-06	1.62982	0
4.796439e-06	1.62976	0
4.797399e-06	1.62971	0
4.798360e-06	1.62966	0
4.799320e-06	1.62961	0
4.800280e-06	1.62955	0
4.801240e-06	1.6295	0
4.802200e-06	1.62945	0
4.803161e-06	1.6294	0
4.804121e-06	1.62935	0
4.805081e-06	1.62929	0
4.806041e-06	1.62924	0
4.807001e-06	1.62919	0
4.807962e-06	1.62914	0
4.808922e-06	1.62908	0
4.809882e-06	1.62903	0
4.810842e-06	1.62898	0
4.811802e-06	1.62893	0
4.812763e-06	1.62888	0
4.813723e-06	1.62882	0
4.814683e-06	1.62877	0
4.815643e-06	1.62872	0
4.816603e-06	1.62867	0
4.817564e-06	1.62861	0
4.818524e-06	1.62856	0
4.819484e-06	1.62851	0
4.820444e-06	1.62846	0
4.821404e-06	1.6284	0
4.822364e-06	1.62835	0
4.823325e-06	1.6283	0
4.824285e-06	1.62825	0
4.825245e-06	1.62819	0
4.826205e-06	1.62814	0
4.827165e-06	1.62809	0
4.828126e-06	1.62804	0
4.829086e-06	1.62798	0
4.830046e-06	1.62793	0
4.831006e-06	1.62788	0
4.831966e-06	1.62783	0
4.832927e-06	1.62777	0
4.833887e-06	1.62772	0
4.834847e-06	1.62767	0
4.835807e-06	1.62762	0
4.836767e-06	1.62756	0
4.837728e-06	1.62751	0
4.838688e-06	1.62746	0
4.839648e-06	1.6274	0
4.840608e-06	1.62735	0
4.841568e-06	1.6273	0
4.842529e-06	1.62725	0
4.843489e-06	1.62719	0
4.844449e-06	1.62714	0
4.845409e-06	1.62709	0
4.846369e-06	1.62703	0
4.847329e-06	1.62698	0
4.848290e-06	1.62693	0
4.849250e-06	1.62688	0
4.850210e-06	1.62682	0
4.851170e-06	1.62677	0
4.852130e-06	1.62672	0
4.853091e-06	1.62666	0
4.854051e-06	1.62661	0
4.855011e-06	1.62656	0
4.855971e-06	1.62651	0
4.856931e-06	1.62645	0
4.857892e-06	1.6264	0
4.858852e-06	1.62635	0
4.859812e-06	1.62629	0
4.860772e-06	1.62624	0
4.861732e-06	1.62619	0
4.862693e-06	1.62613	0
4.863653e-06	1.62608	0
4.864613e-06	1.62603	0
4.865573e-06	1.62597	0
4.866533e-06	1.62592	0
4.867493e-06	1.62587	0
4.868454e-06	1.62581	0
4.869414e-06	1.62576	0
4.870374e-06	1.62571	0
4.871334e-06	1.62566	0
4.872294e-06	1.6256	0
4.873255e-06	1.62555	0
4.874215e-06	1.6255	0
4.875175e-06	1.62544	0
4.876135e-06	1.62539	0
4.877095e-06	1.62534	0
4.878056e-06	1.62528	0
4.879016e-06	1.62523	0
4.879976e-06	1.62518	0
4.880936e-06	1.62512	0
4.881896e-06	1.62507	0
4.882857e-06	1.62502	0
4.883817e-06	1.62496	0
4.884777e-06	1.62491	0
4.885737e-06	1.62485	0
4.886697e-06	1.6248	0
4.887658e-06	1.62475	0
4.888618e-06	1.62469	0
4.889578e-06	1.62464	0
4.890538e-06	1.62459	0
4.891498e-06	1.62453	0
4.892458e-06	1.62448	0
4.893419e-06	1.62443	0
4.894379e-06	1.62437	0
4.895339e-06	1.62432	0
4.896299e-06	1.62427	0
4.897259e-06	1.62421	0
4.898220e-06	1.62416	0
4.899180e-06	1.6241	0
4.900140e-06	1.62405	0
4.901100e-06	1.624	0
4.902060e-06	1.62394	0
4.903021e-06	1.62389	0
4.903981e-06	1.62384	0
4.904941e-06	1.62378	0
4.905901e-06	1.62373	0
4.906861e-06	1.62367	0
4.907822e-06	1.62362	0
4.908782e-06	1.62357	0
4.909742e-06	1.62351	0
4.910702e-06	1.62346	0
4.911662e-06	1.62341	0
4.912623e-06	1.62335	0
4.913583e-06	1.6233	0
4.914543e-06	1.62324	0
4.915503e-06	1.62319	0
4.916463e-06	1.62314	0
4.917423e-06	1.62308	0
4.918384e-06	1.62303	0
4.919344e-06	1.62297	0
4.920304e-06	1.62292	0
4.921264e-06	1.62287	0
4.922224e-06	1.62281	0
4.923185e-06	1.62276	0
4.924145e-06	1.6227	0
4.925105e-06	1.62265	0
4.926065e-06	1.6226	0
4.927025e-06	1.62254	0
4.927986e-06	1.62249	0
4.928946e-06	1.62243	0
4.929906e-06	1.62238	0
4.930866e-06	1.62233	0
4.931826e-06	1.62227	0
4.932787e-06	1.62222	0
4.933747e-06	1.62216	0
4.934707e-06	1.62211	0
4.935667e-06	1.62205	0
4.936627e-06	1.622	0
4.937588e-06	1.62195	0
4.938548e-06	1.62189	0
4.939508e-06	1.62184	0
4.940468e-06	1.62178	0
4.941428e-06	1.62173	0
4.942388e-06	1.62167	0
4.943349e-06	1.62162	0
4.944309e-06	1.62157	0
4.945269e-06	1.62151	0
4.946229e-06	1.62146	0
4.947189e-06	1.6214	0
4.948150e-06	1.62135	0
4.949110e-06	1.62129	0
4.950070e-06	1.62124	0
4.951030e-06	1.62118	0
4.951990e-06	1.62113	0
4.952951e-06	1.62108	0
4.953911e-06	1.62102	0
4.954871e-06	1.62097	0
4.955831e-06	1.62091	0
4.956791e-06	1.62086	0
4.957752e-06	1.6208	0
4.958712e-06	1.62075	0
4.959672e-06	1.62069	0
4.960632e-06	1.62064	0
4.961592e-06	1.62058	0
4.962553e-06	1.62053	0
4.963513e-06	1.62048	0
4.964473e-06	1.62042	0
4.965433e-06	1.62037	0
4.966393e-06	1.62031	0
4.967353e-06	1.62026	0
4.968314e-06	1.6202	0
4.969274e-06	1.62015	0
4.970234e-06	1.62009	0
4.971194e-06	1.62004	0
4.972154e-06	1.61998	0
4.973115e-06	1.61993	0
4.974075e-06	1.61987	0
4.975035e-06	1.61982	0
4.975995e-06	1.61976	0
4.976955e-06	1.61971	0
4.977916e-06	1.61965	0
4.978876e-06	1.6196	0
4.979836e-06	1.61954	0
4.980796e-06	1.61949	0
4.981756e-06	1.61943	0
4.982717e-06	1.61938	0
4.983677e-06	1.61932	0
4.984637e-06	1.61927	0
4.985597e-06	1.61921	0
4.986557e-06	1.61916	0
4.987518e-06	1.6191	0
4.988478e-06	1.61905	0
4.989438e-06	1.61899	0
4.990398e-06	1.61894	0
4.991358e-06	1.61888	0
4.992318e-06	1.61883	0
4.993279e-06	1.61877	0
4.994239e-06	1.61872	0
4.995199e-06	1.61866	0
4.996159e-06	1.61861	0
4.997119e-06	1.61855	0
4.998080e-06	1.6185	0
4.999040e-06	1.61844	0
5.000000e-06	1.61839	0
