Wavelength(m)	n	k
# material: BaTiO3
# source: S.H. Wemple, M. Didomenico Jr., I. Camlibel. Dielectric and optical properties of melt-grown BaTiO3. J. Phys. Chem. Solids 29, 1797-1803 (1968)
# conditions: Extraordinary ray (e). Room temperature
# upstream: polyanskiy/refractiveindex.info-database@ff11b58 main/BaTiO3/nk/Wemple-e.yml
# type: formula 1
# note: dispersion formula sampled at 5000 points; k set to 0
# range: 4.0000e-07 - 7.0000e-07 m
# converted: 2026-07-31 by tools/convert_refractiveindex_info.py (wavelength um -> m)
4.000000e-07	2.57504	0
4.000600e-07	2.57491	0
4.001200e-07	2.57478	0
4.001800e-07	2.57466	0
4.002400e-07	2.57453	0
4.003001e-07	2.5744	0
4.003601e-07	2.57428	0
4.004201e-07	2.57415	0
4.004801e-07	2.57403	0
4.005401e-07	2.5739	0
4.006001e-07	2.57377	0
4.006601e-07	2.57365	0
4.007201e-07	2.57352	0
4.007802e-07	2.5734	0
4.008402e-07	2.57327	0
4.009002e-07	2.57315	0
4.009602e-07	2.57302	0
4.010202e-07	2.5729	0
4.010802e-07	2.57277	0
4.011402e-07	2.57265	0
4.012002e-07	2.57252	0
4.012603e-07	2.5724	0
4.013203e-07	2.57227	0
4.013803e-07	2.57215	0
4.014403e-07	2.57202	0
4.015003e-07	2.5719	0
4.015603e-07	2.57177	0
4.016203e-07	2.57165	0
4.016803e-07	2.57153	0
4.017403e-07	2.5714	0
4.018004e-07	2.57128	0
4.018604e-07	2.57115	0
4.019204e-07	2.57103	0
4.019804e-07	2.5709	0
4.020404e-07	2.57078	0
4.021004e-07	2.57066	0
4.021604e-07	2.57053	0
4.022204e-07	2.57041	0
4.022805e-07	2.57029	0
4.023405e-07	2.57016	0
4.024005e-07	2.57004	0
4.024605e-07	2.56992	0
4.025205e-07	2.56979	0
4.025805e-07	2.56967	0
4.026405e-07	2.56955	0
4.027005e-07	2.56942	0
4.027606e-07	2.5693	0
4.028206e-07	2.56918	0
4.028806e-07	2.56906	0
4.029406e-07	2.56893	0
4.030006e-07	2.56881	0
4.030606e-07	2.56869	0
4.031206e-07	2.56856	0
4.031806e-07	2.56844	0
4.032406e-07	2.56832	0
4.033007e-07	2.5682	0
4.033607e-07	2.56808	0
4.034207e-07	2.56795	0
4.034807e-07	2.56783	0
4.035407e-07	2.56771	0
4.036007e-07	2.56759	0
4.036607e-07	2.56747	0
4.037207e-07	2.56734	0
4.037808e-07	2.56722	0
4.038408e-07	2.5671	0
4.039008e-07	2.56698	0
4.039608e-07	2.56686	0
4.040208e-07	2.56674	0
4.040808e-07	2.56662	0
4.041408e-07	2.56649	0
4.042008e-07	2.56637	0
4.042609e-07	2.56625	0
4.043209e-07	2.56613	0
4.043809e-07	2.56601	0
4.044409e-07	2.56589	0
4.045009e-07	2.56577	0
4.045609e-07	2.56565	0
4.046209e-07	2.56553	0
4.046809e-07	2.56541	0
4.047409e-07	2.56529	0
4.048010e-07	2.56517	0
4.048610e-07	2.56505	0
4.049210e-07	2.56493	0
4.049810e-07	2.56481	0
4.050410e-07	2.56469	0
4.051010e-07	2.56457	0
4.051610e-07	2.56445	0
4.052210e-07	2.56433	0
4.052811e-07	2.56421	0
4.053411e-07	2.56409	0
4.054011e-07	2.56397	0
4.054611e-07	2.56385	0
4.055211e-07	2.56373	0
4.055811e-07	2.56361	0
4.056411e-07	2.56349	0
4.057011e-07	2.56337	0
4.057612e-07	2.56325	0
4.058212e-07	2.56313	0
4.058812e-07	2.56301	0
4.059412e-07	2.56289	0
4.060012e-07	2.56278	0
4.060612e-07	2.56266	0
4.061212e-07	2.56254	0
4.061812e-07	2.56242	0
4.062412e-07	2.5623	0
4.063013e-07	2.56218	0
4.063613e-07	2.56206	0
4.064213e-07	2.56195	0
4.064813e-07	2.56183	0
4.065413e-07	2.56171	0
4.066013e-07	2.56159	0
4.066613e-07	2.56147	0
4.067213e-07	2.56135	0
4.067814e-07	2.56124	0
4.068414e-07	2.56112	0
4.069014e-07	2.561	0
4.069614e-07	2.56088	0
4.070214e-07	2.56077	0
4.070814e-07	2.56065	0
4.071414e-07	2.56053	0
4.072014e-07	2.56041	0
4.072615e-07	2.5603	0
4.073215e-07	2.56018	0
4.073815e-07	2.56006	0
4.074415e-07	2.55994	0
4.075015e-07	2.55983	0
4.075615e-07	2.55971	0
4.076215e-07	2.55959	0
4.076815e-07	2.55948	0
4.077415e-07	2.55936	0
4.078016e-07	2.55924	0
4.078616e-07	2.55913	0
4.079216e-07	2.55901	0
4.079816e-07	2.55889	0
4.080416e-07	2.55878	0
4.081016e-07	2.55866	0
4.081616e-07	2.55854	0
4.082216e-07	2.55843	0
4.082817e-07	2.55831	0
4.083417e-07	2.5582	0
4.084017e-07	2.55808	0
4.084617e-07	2.55796	0
4.085217e-07	2.55785	0
4.085817e-07	2.55773	0
4.086417e-07	2.55762	0
4.087017e-07	2.5575	0
4.087618e-07	2.55739	0
4.088218e-07	2.55727	0
4.088818e-07	2.55715	0
4.089418e-07	2.55704	0
4.090018e-07	2.55692	0
4.090618e-07	2.55681	0
4.091218e-07	2.55669	0
4.091818e-07	2.55658	0
4.092418e-07	2.55646	0
4.093019e-07	2.55635	0
4.093619e-07	2.55623	0
4.094219e-07	2.55612	0
4.094819e-07	2.556	0
4.095419e-07	2.55589	0
4.096019e-07	2.55578	0
4.096619e-07	2.55566	0
4.097219e-07	2.55555	0
4.097820e-07	2.55543	0
4.098420e-07	2.55532	0
4.099020e-07	2.5552	0
4.099620e-07	2.55509	0
4.100220e-07	2.55497	0
4.100820e-07	2.55486	0
4.101420e-07	2.55475	0
4.102020e-07	2.55463	0
4.102621e-07	2.55452	0
4.103221e-07	2.55441	0
4.103821e-07	2.55429	0
4.104421e-07	2.55418	0
4.105021e-07	2.55406	0
4.105621e-07	2.55395	0
4.106221e-07	2.55384	0
4.106821e-07	2.55372	0
4.107421e-07	2.55361	0
4.108022e-07	2.5535	0
4.108622e-07	2.55338	0
4.109222e-07	2.55327	0
4.109822e-07	2.55316	0
4.110422e-07	2.55305	0
4.111022e-07	2.55293	0
4.111622e-07	2.55282	0
4.112222e-07	2.55271	0
4.112823e-07	2.55259	0
4.113423e-07	2.55248	0
4.114023e-07	2.55237	0
4.114623e-07	2.55226	0
4.115223e-07	2.55214	0
4.115823e-07	2.55203	0
4.116423e-07	2.55192	0
4.117023e-07	2.55181	0
4.117624e-07	2.5517	0
4.118224e-07	2.55158	0
4.118824e-07	2.55147	0
4.119424e-07	2.55136	0
4.120024e-07	2.55125	0
4.120624e-07	2.55114	0
4.121224e-07	2.55102	0
4.121824e-07	2.55091	0
4.122424e-07	2.5508	0
4.123025e-07	2.55069	0
4.123625e-07	2.55058	0
4.124225e-07	2.55047	0
4.124825e-07	2.55036	0
4.125425e-07	2.55024	0
4.126025e-07	2.55013	0
4.126625e-07	2.55002	0
4.127225e-07	2.54991	0
4.127826e-07	2.5498	0
4.128426e-07	2.54969	0
4.129026e-07	2.54958	0
4.129626e-07	2.54947	0
4.130226e-07	2.54936	0
4.130826e-07	2.54925	0
4.131426e-07	2.54914	0
4.132026e-07	2.54902	0
4.132627e-07	2.54891	0
4.133227e-07	2.5488	0
4.133827e-07	2.54869	0
4.134427e-07	2.54858	0
4.135027e-07	2.54847	0
4.135627e-07	2.54836	0
4.136227e-07	2.54825	0
4.136827e-07	2.54814	0
4.137427e-07	2.54803	0
4.138028e-07	2.54792	0
4.138628e-07	2.54781	0
4.139228e-07	2.5477	0
4.139828e-07	2.54759	0
4.140428e-07	2.54748	0
4.141028e-07	2.54737	0
4.141628e-07	2.54727	0
4.142228e-07	2.54716	0
4.142829e-07	2.54705	0
4.143429e-07	2.54694	0
4.144029e-07	2.54683	0
4.144629e-07	2.54672	0
4.145229e-07	2.54661	0
4.145829e-07	2.5465	0
4.146429e-07	2.54639	0
4.147029e-07	2.54628	0
4.147630e-07	2.54617	0
4.148230e-07	2.54607	0
4.148830e-07	2.54596	0
4.149430e-07	2.54585	0
4.150030e-07	2.54574	0
4.150630e-07	2.54563	0
4.151230e-07	2.54552	0
4.151830e-07	2.54541	0
4.152430e-07	2.54531	0
4.153031e-07	2.5452	0
4.153631e-07	2.54509	0
4.154231e-07	2.54498	0
4.154831e-07	2.54487	0
4.155431e-07	2.54477	0
4.156031e-07	2.54466	0
4.156631e-07	2.54455	0
4.157231e-07	2.54444	0
4.157832e-07	2.54433	0
4.158432e-07	2.54423	0
4.159032e-07	2.54412	0
4.159632e-07	2.54401	0
4.160232e-07	2.5439	0
4.160832e-07	2.5438	0
4.161432e-07	2.54369	0
4.162032e-07	2.54358	0
4.162633e-07	2.54347	0
4.163233e-07	2.54337	0
4.163833e-07	2.54326	0
4.164433e-07	2.54315	0
4.165033e-07	2.54305	0
4.165633e-07	2.54294	0
4.166233e-07	2.54283	0
4.166833e-07	2.54273	0
4.167433e-07	2.54262	0
4.168034e-07	2.54251	0
4.168634e-07	2.54241	0
4.169234e-07	2.5423	0
4.169834e-07	2.54219	0
4.170434e-07	2.54209	0
4.171034e-07	2.54198	0
4.171634e-07	2.54187	0
4.172234e-07	2.54177	0
4.172835e-07	2.54166	0
4.173435e-07	2.54156	0
4.174035e-07	2.54145	0
4.174635e-07	2.54134	0
4.175235e-07	2.54124	0
4.175835e-07	2.54113	0
4.176435e-07	2.54103	0
4.177035e-07	2.54092	0
4.177636e-07	2.54081	0
4.178236e-07	2.54071	0
4.178836e-07	2.5406	0
4.179436e-07	2.5405	0
4.180036e-07	2.54039	0
4.180636e-07	2.54029	0
4.181236e-07	2.54018	0
4.181836e-07	2.54008	0
4.182436e-07	2.53997	0
4.183037e-07	2.53987	0
4.183637e-07	2.53976	0
4.184237e-07	2.53966	0
4.184837e-07	2.53955	0
4.185437e-07	2.53945	0
4.186037e-07	2.53934	0
4.186637e-07	2.53924	0
4.187237e-07	2.53913	0
4.187838e-07	2.53903	0
4.188438e-07	2.53892	0
4.189038e-07	2.53882	0
4.189638e-07	2.53871	0
4.190238e-07	2.53861	0
4.190838e-07	2.53851	0
4.191438e-07	2.5384	0
4.192038e-07	2.5383	0
4.192639e-07	2.53819	0
4.193239e-07	2.53809	0
4.193839e-07	2.53798	0
4.194439e-07	2.53788	0
4.195039e-07	2.53778	0
4.195639e-07	2.53767	0
4.196239e-07	2.53757	0
4.196839e-07	2.53747	0
4.197439e-07	2.53736	0
4.198040e-07	2.53726	0
4.198640e-07	2.53715	0
4.199240e-07	2.53705	0
4.199840e-07	2.53695	0
4.200440e-07	2.53684	0
4.201040e-07	2.53674	0
4.201640e-07	2.53664	0
4.202240e-07	2.53653	0
4.202841e-07	2.53643	0
4.203441e-07	2.53633	0
4.204041e-07	2.53623	0
4.204641e-07	2.53612	0
4.205241e-07	2.53602	0
4.205841e-07	2.53592	0
4.206441e-07	2.53581	0
4.207041e-07	2.53571	0
4.207642e-07	2.53561	0
4.208242e-07	2.53551	0
4.208842e-07	2.5354	0
4.209442e-07	2.5353	0
4.210042e-07	2.5352	0
4.210642e-07	2.5351	0
4.211242e-07	2.53499	0
4.211842e-07	2.53489	0
4.212442e-07	2.53479	0
4.213043e-07	2.53469	0
4.213643e-07	2.53459	0
4.214243e-07	2.53448	0
4.214843e-07	2.53438	0
4.215443e-07	2.53428	0
4.216043e-07	2.53418	0
4.216643e-07	2.53408	0
4.217243e-07	2.53398	0
4.217844e-07	2.53387	0
4.218444e-07	2.53377	0
4.219044e-07	2.53367	0
4.219644e-07	2.53357	0
4.220244e-07	2.53347	0
4.220844e-07	2.53337	0
4.221444e-07	2.53326	0
4.222044e-07	2.53316	0
4.222645e-07	2.53306	0
4.223245e-07	2.53296	0
4.223845e-07	2.53286	0
4.224445e-07	2.53276	0
4.225045e-07	2.53266	0
4.225645e-07	2.53256	0
4.226245e-07	2.53246	0
4.226845e-07	2.53236	0
4.227445e-07	2.53226	0
4.228046e-07	2.53215	0
4.228646e-07	2.53205	0
4.229246e-07	2.53195	0
4.229846e-07	2.53185	0
4.230446e-07	2.53175	0
4.231046e-07	2.53165	0
4.231646e-07	2.53155	0
4.232246e-07	2.53145	0
4.232847e-07	2.53135	0
4.233447e-07	2.53125	0
4.234047e-07	2.53115	0
4.234647e-07	2.53105	0
4.235247e-07	2.53095	0
4.235847e-07	2.53085	0
4.236447e-07	2.53075	0
4.237047e-07	2.53065	0
4.237648e-07	2.53055	0
4.238248e-07	2.53045	0
4.238848e-07	2.53035	0
4.239448e-07	2.53025	0
4.240048e-07	2.53015	0
4.240648e-07	2.53005	0
4.241248e-07	2.52996	0
4.241848e-07	2.52986	0
4.242448e-07	2.52976	0
4.243049e-07	2.52966	0
4.243649e-07	2.52956	0
4.244249e-07	2.52946	0
4.244849e-07	2.52936	0
4.245449e-07	2.52926	0
4.246049e-07	2.52916	0
4.246649e-07	2.52906	0
4.247249e-07	2.52896	0
4.247850e-07	2.52887	0
4.248450e-07	2.52877	0
4.249050e-07	2.52867	0
4.249650e-07	2.52857	0
4.250250e-07	2.52847	0
4.250850e-07	2.52837	0
4.251450e-07	2.52827	0
4.252050e-07	2.52818	0
4.252651e-07	2.52808	0
4.253251e-07	2.52798	0
4.253851e-07	2.52788	0
4.254451e-07	2.52778	0
4.255051e-07	2.52769	0
4.255651e-07	2.52759	0
4.256251e-07	2.52749	0
4.256851e-07	2.52739	0
4.257451e-07	2.52729	0
4.258052e-07	2.5272	0
4.258652e-07	2.5271	0
4.259252e-07	2.527	0
4.259852e-07	2.5269	0
4.260452e-07	2.52681	0
4.261052e-07	2.52671	0
4.261652e-07	2.52661	0
4.262252e-07	2.52651	0
4.262853e-07	2.52642	0
4.263453e-07	2.52632	0
4.264053e-07	2.52622	0
4.264653e-07	2.52612	0
4.265253e-07	2.52603	0
4.265853e-07	2.52593	0
4.266453e-07	2.52583	0
4.267053e-07	2.52574	0
4.267654e-07	2.52564	0
4.268254e-07	2.52554	0
4.268854e-07	2.52544	0
4.269454e-07	2.52535	0
4.270054e-07	2.52525	0
4.270654e-07	2.52515	0
4.271254e-07	2.52506	0
4.271854e-07	2.52496	0
4.272454e-07	2.52487	0
4.273055e-07	2.52477	0
4.273655e-07	2.52467	0
4.274255e-07	2.52458	0
4.274855e-07	2.52448	0
4.275455e-07	2.52438	0
4.276055e-07	2.52429	0
4.276655e-07	2.52419	0
4.277255e-07	2.5241	0
4.277856e-07	2.524	0
4.278456e-07	2.5239	0
4.279056e-07	2.52381	0
4.279656e-07	2.52371	0
4.280256e-07	2.52362	0
4.280856e-07	2.52352	0
4.281456e-07	2.52342	0
4.282056e-07	2.52333	0
4.282657e-07	2.52323	0
4.283257e-07	2.52314	0
4.283857e-07	2.52304	0
4.284457e-07	2.52295	0
4.285057e-07	2.52285	0
4.285657e-07	2.52276	0
4.286257e-07	2.52266	0
4.286857e-07	2.52257	0
4.287457e-07	2.52247	0
4.288058e-07	2.52238	0
4.288658e-07	2.52228	0
4.289258e-07	2.52219	0
4.289858e-07	2.52209	0
4.290458e-07	2.522	0
4.291058e-07	2.5219	0
4.291658e-07	2.52181	0
4.292258e-07	2.52171	0
4.292859e-07	2.52162	0
4.293459e-07	2.52152	0
4.294059e-07	2.52143	0
4.294659e-07	2.52133	0
4.295259e-07	2.52124	0
4.295859e-07	2.52114	0
4.296459e-07	2.52105	0
4.297059e-07	2.52096	0
4.297660e-07	2.52086	0
4.298260e-07	2.52077	0
4.298860e-07	2.52067	0
4.299460e-07	2.52058	0
4.300060e-07	2.52048	0
4.300660e-07	2.52039	0
4.301260e-07	2.5203	0
4.301860e-07	2.5202	0
4.302460e-07	2.52011	0
4.303061e-07	2.52002	0
4.303661e-07	2.51992	0
4.304261e-07	2.51983	0
4.304861e-07	2.51973	0
4.305461e-07	2.51964	0
4.306061e-07	2.51955	0
4.306661e-07	2.51945	0
4.307261e-07	2.51936	0
4.307862e-07	2.51927	0
4.308462e-07	2.51917	0
4.309062e-07	2.51908	0
4.309662e-07	2.51899	0
4.310262e-07	2.51889	0
4.310862e-07	2.5188	0
4.311462e-07	2.51871	0
4.312062e-07	2.51862	0
4.312663e-07	2.51852	0
4.313263e-07	2.51843	0
4.313863e-07	2.51834	0
4.314463e-07	2.51824	0
4.315063e-07	2.51815	0
4.315663e-07	2.51806	0
4.316263e-07	2.51797	0
4.316863e-07	2.51787	0
4.317463e-07	2.51778	0
4.318064e-07	2.51769	0
4.318664e-07	2.5176	0
4.319264e-07	2.5175	0
4.319864e-07	2.51741	0
4.320464e-07	2.51732	0
4.321064e-07	2.51723	0
4.321664e-07	2.51713	0
4.322264e-07	2.51704	0
4.322865e-07	2.51695	0
4.323465e-07	2.51686	0
4.324065e-07	2.51677	0
4.324665e-07	2.51667	0
4.325265e-07	2.51658	0
4.325865e-07	2.51649	0
4.326465e-07	2.5164	0
4.327065e-07	2.51631	0
4.327666e-07	2.51622	0
4.328266e-07	2.51612	0
4.328866e-07	2.51603	0
4.329466e-07	2.51594	0
4.330066e-07	2.51585	0
4.330666e-07	2.51576	0
4.331266e-07	2.51567	0
4.331866e-07	2.51558	0
4.332466e-07	2.51548	0
4.333067e-07	2.51539	0
4.333667e-07	2.5153	0
4.334267e-07	2.51521	0
4.334867e-07	2.51512	0
4.335467e-07	2.51503	0
4.336067e-07	2.51494	0
4.336667e-07	2.51485	0
4.337267e-07	2.51476	0
4.337868e-07	2.51467	0
4.338468e-07	2.51457	0
4.339068e-07	2.51448	0
4.339668e-07	2.51439	0
4.340268e-07	2.5143	0
4.340868e-07	2.51421	0
4.341468e-07	2.51412	0
4.342068e-07	2.51403	0
4.342669e-07	2.51394	0
4.343269e-07	2.51385	0
4.343869e-07	2.51376	0
4.344469e-07	2.51367	0
4.345069e-07	2.51358	0
4.345669e-07	2.51349	0
4.346269e-07	2.5134	0
4.346869e-07	2.51331	0
4.347469e-07	2.51322	0
4.348070e-07	2.51313	0
4.348670e-07	2.51304	0
4.349270e-07	2.51295	0
4.349870e-07	2.51286	0
4.350470e-07	2.51277	0
4.351070e-07	2.51268	0
4.351670e-07	2.51259	0
4.352270e-07	2.5125	0
4.352871e-07	2.51241	0
4.353471e-07	2.51232	0
4.354071e-07	2.51223	0
4.354671e-07	2.51214	0
4.355271e-07	2.51205	0
4.355871e-07	2.51196	0
4.356471e-07	2.51188	0
4.357071e-07	2.51179	0
4.357672e-07	2.5117	0
4.358272e-07	2.51161	0
4.358872e-07	2.51152	0
4.359472e-07	2.51143	0
4.360072e-07	2.51134	0
4.360672e-07	2.51125	0
4.361272e-07	2.51116	0
4.361872e-07	2.51107	0
4.362472e-07	2.51099	0
4.363073e-07	2.5109	0
4.363673e-07	2.51081	0
4.364273e-07	2.51072	0
4.364873e-07	2.51063	0
4.365473e-07	2.51054	0
4.366073e-07	2.51045	0
4.366673e-07	2.51037	0
4.367273e-07	2.51028	0
4.367874e-07	2.51019	0
4.368474e-07	2.5101	0
4.369074e-07	2.51001	0
4.369674e-07	2.50992	0
4.370274e-07	2.50984	0
4.370874e-07	2.50975	0
4.371474e-07	2.50966	0
4.372074e-07	2.50957	0
4.372675e-07	2.50948	0
4.373275e-07	2.5094	0
4.373875e-07	2.50931	0
4.374475e-07	2.50922	0
4.375075e-07	2.50913	0
4.375675e-07	2.50904	0
4.376275e-07	2.50896	0
4.376875e-07	2.50887	0
4.377475e-07	2.50878	0
4.378076e-07	2.50869	0
4.378676e-07	2.50861	0
4.379276e-07	2.50852	0
4.379876e-07	2.50843	0
4.380476e-07	2.50834	0
4.381076e-07	2.50826	0
4.381676e-07	2.50817	0
4.382276e-07	2.50808	0
4.382877e-07	2.508	0
4.383477e-07	2.50791	0
4.384077e-07	2.50782	0
4.384677e-07	2.50773	0
4.385277e-07	2.50765	0
4.385877e-07	2.50756	0
4.386477e-07	2.50747	0
4.387077e-07	2.50739	0
4.387678e-07	2.5073	0
4.388278e-07	2.50721	0
4.388878e-07	2.50713	0
4.389478e-07	2.50704	0
4.390078e-07	2.50695	0
4.390678e-07	2.50687	0
4.391278e-07	2.50678	0
4.391878e-07	2.50669	0
4.392478e-07	2.50661	0
4.393079e-07	2.50652	0
4.393679e-07	2.50644	0
4.394279e-07	2.50635	0
4.394879e-07	2.50626	0
4.395479e-07	2.50618	0
4.396079e-07	2.50609	0
4.396679e-07	2.506	0
4.397279e-07	2.50592	0
4.397880e-07	2.50583	0
4.398480e-07	2.50575	0
4.399080e-07	2.50566	0
4.399680e-07	2.50557	0
4.400280e-07	2.50549	0
4.400880e-07	2.5054	0
4.401480e-07	2.50532	0
4.402080e-07	2.50523	0
4.402681e-07	2.50515	0
4.403281e-07	2.50506	0
4.403881e-07	2.50497	0
4.404481e-07	2.50489	0
4.405081e-07	2.5048	0
4.405681e-07	2.50472	0
4.406281e-07	2.50463	0
4.406881e-07	2.50455	0
4.407481e-07	2.50446	0
4.408082e-07	2.50438	0
4.408682e-07	2.50429	0
4.409282e-07	2.50421	0
4.409882e-07	2.50412	0
4.410482e-07	2.50404	0
4.411082e-07	2.50395	0
4.411682e-07	2.50387	0
4.412282e-07	2.50378	0
4.412883e-07	2.5037	0
4.413483e-07	2.50361	0
4.414083e-07	2.50353	0
4.414683e-07	2.50344	0
4.415283e-07	2.50336	0
4.415883e-07	2.50327	0
4.416483e-07	2.50319	0
4.417083e-07	2.5031	0
4.417684e-07	2.50302	0
4.418284e-07	2.50294	0
4.418884e-07	2.50285	0
4.419484e-07	2.50277	0
4.420084e-07	2.50268	0
4.420684e-07	2.5026	0
4.421284e-07	2.50251	0
4.421884e-07	2.50243	0
4.422484e-07	2.50235	0
4.423085e-07	2.50226	0
4.423685e-07	2.50218	0
4.424285e-07	2.50209	0
4.424885e-07	2.50201	0
4.425485e-07	2.50193	0
4.426085e-07	2.50184	0
4.426685e-07	2.50176	0
4.427285e-07	2.50167	0
4.427886e-07	2.50159	0
4.428486e-07	2.50151	0
4.429086e-07	2.50142	0
4.429686e-07	2.50134	0
4.430286e-07	2.50126	0
4.430886e-07	2.50117	0
4.431486e-07	2.50109	0
4.432086e-07	2.50101	0
4.432687e-07	2.50092	0
4.433287e-07	2.50084	0
4.433887e-07	2.50076	0
4.434487e-07	2.50067	0
4.435087e-07	2.50059	0
4.435687e-07	2.50051	0
4.436287e-07	2.50042	0
4.436887e-07	2.50034	0
4.437487e-07	2.50026	0
4.438088e-07	2.50017	0
4.438688e-07	2.50009	0
4.439288e-07	2.50001	0
4.439888e-07	2.49993	0
4.440488e-07	2.49984	0
4.441088e-07	2.49976	0
4.441688e-07	2.49968	0
4.442288e-07	2.4996	0
4.442889e-07	2.49951	0
4.443489e-07	2.49943	0
4.444089e-07	2.49935	0
4.444689e-07	2.49927	0
4.445289e-07	2.49918	0
4.445889e-07	2.4991	0
4.446489e-07	2.49902	0
4.447089e-07	2.49894	0
4.447690e-07	2.49885	0
4.448290e-07	2.49877	0
4.448890e-07	2.49869	0
4.449490e-07	2.49861	0
4.450090e-07	2.49852	0
4.450690e-07	2.49844	0
4.451290e-07	2.49836	0
4.451890e-07	2.49828	0
4.452490e-07	2.4982	0
4.453091e-07	2.49812	0
4.453691e-07	2.49803	0
4.454291e-07	2.49795	0
4.454891e-07	2.49787	0
4.455491e-07	2.49779	0
4.456091e-07	2.49771	0
4.456691e-07	2.49762	0
4.457291e-07	2.49754	0
4.457892e-07	2.49746	0
4.458492e-07	2.49738	0
4.459092e-07	2.4973	0
4.459692e-07	2.49722	0
4.460292e-07	2.49714	0
4.460892e-07	2.49705	0
4.461492e-07	2.49697	0
4.462092e-07	2.49689	0
4.462693e-07	2.49681	0
4.463293e-07	2.49673	0
4.463893e-07	2.49665	0
4.464493e-07	2.49657	0
4.465093e-07	2.49649	0
4.465693e-07	2.49641	0
4.466293e-07	2.49632	0
4.466893e-07	2.49624	0
4.467493e-07	2.49616	0
4.468094e-07	2.49608	0
4.468694e-07	2.496	0
4.469294e-07	2.49592	0
4.469894e-07	2.49584	0
4.470494e-07	2.49576	0
4.471094e-07	2.49568	0
4.471694e-07	2.4956	0
4.472294e-07	2.49552	0
4.472895e-07	2.49544	0
4.473495e-07	2.49536	0
4.474095e-07	2.49528	0
4.474695e-07	2.4952	0
4.475295e-07	2.49512	0
4.475895e-07	2.49504	0
4.476495e-07	2.49496	0
4.477095e-07	2.49488	0
4.477696e-07	2.4948	0
4.478296e-07	2.49472	0
4.478896e-07	2.49464	0
4.479496e-07	2.49456	0
4.480096e-07	2.49448	0
4.480696e-07	2.4944	0
4.481296e-07	2.49432	0
4.481896e-07	2.49424	0
4.482496e-07	2.49416	0
4.483097e-07	2.49408	0
4.483697e-07	2.494	0
4.484297e-07	2.49392	0
4.484897e-07	2.49384	0
4.485497e-07	2.49376	0
4.486097e-07	2.49368	0
4.486697e-07	2.4936	0
4.487297e-07	2.49352	0
4.487898e-07	2.49344	0
4.488498e-07	2.49336	0
4.489098e-07	2.49328	0
4.489698e-07	2.4932	0
4.490298e-07	2.49312	0
4.490898e-07	2.49304	0
4.491498e-07	2.49296	0
4.492098e-07	2.49288	0
4.492699e-07	2.49281	0
4.493299e-07	2.49273	0
4.493899e-07	2.49265	0
4.494499e-07	2.49257	0
4.495099e-07	2.49249	0
4.495699e-07	2.49241	0
4.496299e-07	2.49233	0
4.496899e-07	2.49225	0
4.497499e-07	2.49217	0
4.498100e-07	2.4921	0
4.498700e-07	2.49202	0
4.499300e-07	2.49194	0
4.499900e-07	2.49186	0
4.500500e-07	2.49178	0
4.501100e-07	2.4917	0
4.501700e-07	2.49162	0
4.502300e-07	2.49155	0
4.502901e-07	2.49147	0
4.503501e-07	2.49139	0
4.504101e-07	2.49131	0
4.504701e-07	2.49123	0
4.505301e-07	2.49115	0
4.505901e-07	2.49108	0
4.506501e-07	2.491	0
4.507101e-07	2.49092	0
4.507702e-07	2.49084	0
4.508302e-07	2.49076	0
4.508902e-07	2.49069	0
4.509502e-07	2.49061	0
4.510102e-07	2.49053	0
4.510702e-07	2.49045	0
4.511302e-07	2.49037	0
4.511902e-07	2.4903	0
4.512503e-07	2.49022	0
4.513103e-07	2.49014	0
4.513703e-07	2.49006	0
4.514303e-07	2.48999	0
4.514903e-07	2.48991	0
4.515503e-07	2.48983	0
4.516103e-07	2.48975	0
4.516703e-07	2.48968	0
4.517303e-07	2.4896	0
4.517904e-07	2.48952	0
4.518504e-07	2.48944	0
4.519104e-07	2.48937	0
4.519704e-07	2.48929	0
4.520304e-07	2.48921	0
4.520904e-07	2.48913	0
4.521504e-07	2.48906	0
4.522104e-07	2.48898	0
4.522705e-07	2.4889	0
4.523305e-07	2.48883	0
4.523905e-07	2.48875	0
4.524505e-07	2.48867	0
4.525105e-07	2.4886	0
4.525705e-07	2.48852	0
4.526305e-07	2.48844	0
4.526905e-07	2.48836	0
4.527506e-07	2.48829	0
4.528106e-07	2.48821	0
4.528706e-07	2.48813	0
4.529306e-07	2.48806	0
4.529906e-07	2.48798	0
4.530506e-07	2.4879	0
4.531106e-07	2.48783	0
4.531706e-07	2.48775	0
4.532306e-07	2.48768	0
4.532907e-07	2.4876	0
4.533507e-07	2.48752	0
4.534107e-07	2.48745	0
4.534707e-07	2.48737	0
4.535307e-07	2.48729	0
4.535907e-07	2.48722	0
4.536507e-07	2.48714	0
4.537107e-07	2.48707	0
4.537708e-07	2.48699	0
4.538308e-07	2.48691	0
4.538908e-07	2.48684	0
4.539508e-07	2.48676	0
4.540108e-07	2.48669	0
4.540708e-07	2.48661	0
4.541308e-07	2.48653	0
4.541908e-07	2.48646	0
4.542509e-07	2.48638	0
4.543109e-07	2.48631	0
4.543709e-07	2.48623	0
4.544309e-07	2.48615	0
4.544909e-07	2.48608	0
4.545509e-07	2.486	0
4.546109e-07	2.48593	0
4.546709e-07	2.48585	0
4.547309e-07	2.48578	0
4.547910e-07	2.4857	0
4.548510e-07	2.48563	0
4.549110e-07	2.48555	0
4.549710e-07	2.48548	0
4.550310e-07	2.4854	0
4.550910e-07	2.48533	0
4.551510e-07	2.48525	0
4.552110e-07	2.48517	0
4.552711e-07	2.4851	0
4.553311e-07	2.48502	0
4.553911e-07	2.48495	0
4.554511e-07	2.48487	0
4.555111e-07	2.4848	0
4.555711e-07	2.48472	0
4.556311e-07	2.48465	0
4.556911e-07	2.48457	0
4.557512e-07	2.4845	0
4.558112e-07	2.48443	0
4.558712e-07	2.48435	0
4.559312e-07	2.48428	0
4.559912e-07	2.4842	0
4.560512e-07	2.48413	0
4.561112e-07	2.48405	0
4.561712e-07	2.48398	0
4.562312e-07	2.4839	0
4.562913e-07	2.48383	0
4.563513e-07	2.48375	0
4.564113e-07	2.48368	0
4.564713e-07	2.48361	0
4.565313e-07	2.48353	0
4.565913e-07	2.48346	0
4.566513e-07	2.48338	0
4.567113e-07	2.48331	0
4.567714e-07	2.48323	0
4.568314e-07	2.48316	0
4.568914e-07	2.48309	0
4.569514e-07	2.48301	0
4.570114e-07	2.48294	0
4.570714e-07	2.48286	0
4.571314e-07	2.48279	0
4.571914e-07	2.48272	0
4.572515e-07	2.48264	0
4.573115e-07	2.48257	0
4.573715e-07	2.48249	0
4.574315e-07	2.48242	0
4.574915e-07	2.48235	0
4.575515e-07	2.48227	0
4.576115e-07	2.4822	0
4.576715e-07	2.48213	0
4.577315e-07	2.48205	0
4.577916e-07	2.48198	0
4.578516e-07	2.48191	0
4.579116e-07	2.48183	0
4.579716e-07	2.48176	0
4.580316e-07	2.48169	0
4.580916e-07	2.48161	0
4.581516e-07	2.48154	0
4.582116e-07	2.48147	0
4.582717e-07	2.48139	0
4.583317e-07	2.48132	0
4.583917e-07	2.48125	0
4.584517e-07	2.48117	0
4.585117e-07	2.4811	0
4.585717e-07	2.48103	0
4.586317e-07	2.48095	0
4.586917e-07	2.48088	0
4.587518e-07	2.48081	0
4.588118e-07	2.48073	0
4.588718e-07	2.48066	0
4.589318e-07	2.48059	0
4.589918e-07	2.48052	0
4.590518e-07	2.48044	0
4.591118e-07	2.48037	0
4.591718e-07	2.4803	0
4.592318e-07	2.48023	0
4.592919e-07	2.48015	0
4.593519e-07	2.48008	0
4.594119e-07	2.48001	0
4.594719e-07	2.47993	0
4.595319e-07	2.47986	0
4.595919e-07	2.47979	0
4.596519e-07	2.47972	0
4.597119e-07	2.47965	0
4.597720e-07	2.47957	0
4.598320e-07	2.4795	0
4.598920e-07	2.47943	0
4.599520e-07	2.47936	0
4.600120e-07	2.47928	0
4.600720e-07	2.47921	0
4.601320e-07	2.47914	0
4.601920e-07	2.47907	0
4.602521e-07	2.479	0
4.603121e-07	2.47892	0
4.603721e-07	2.47885	0
4.604321e-07	2.47878	0
4.604921e-07	2.47871	0
4.605521e-07	2.47864	0
4.606121e-07	2.47856	0
4.606721e-07	2.47849	0
4.607321e-07	2.47842	0
4.607922e-07	2.47835	0
4.608522e-07	2.47828	0
4.609122e-07	2.47821	0
4.609722e-07	2.47813	0
4.610322e-07	2.47806	0
4.610922e-07	2.47799	0
4.611522e-07	2.47792	0
4.612122e-07	2.47785	0
4.612723e-07	2.47778	0
4.613323e-07	2.47771	0
4.613923e-07	2.47763	0
4.614523e-07	2.47756	0
4.615123e-07	2.47749	0
4.615723e-07	2.47742	0
4.616323e-07	2.47735	0
4.616923e-07	2.47728	0
4.617524e-07	2.47721	0
4.618124e-07	2.47714	0
4.618724e-07	2.47706	0
4.619324e-07	2.47699	0
4.619924e-07	2.47692	0
4.620524e-07	2.47685	0
4.621124e-07	2.47678	0
4.621724e-07	2.47671	0
4.622324e-07	2.47664	0
4.622925e-07	2.47657	0
4.623525e-07	2.4765	0
4.624125e-07	2.47643	0
4.624725e-07	2.47636	0
4.625325e-07	2.47628	0
4.625925e-07	2.47621	0
4.626525e-07	2.47614	0
4.627125e-07	2.47607	0
4.627726e-07	2.476	0
4.628326e-07	2.47593	0
4.628926e-07	2.47586	0
4.629526e-07	2.47579	0
4.630126e-07	2.47572	0
4.630726e-07	2.47565	0
4.631326e-07	2.47558	0
4.631926e-07	2.47551	0
4.632527e-07	2.47544	0
4.633127e-07	2.47537	0
4.633727e-07	2.4753	0
4.634327e-07	2.47523	0
4.634927e-07	2.47516	0
4.635527e-07	2.47509	0
4.636127e-07	2.47502	0
4.636727e-07	2.47495	0
4.637327e-07	2.47488	0
4.637928e-07	2.47481	0
4.638528e-07	2.47474	0
4.639128e-07	2.47467	0
4.639728e-07	2.4746	0
4.640328e-07	2.47453	0
4.640928e-07	2.47446	0
4.641528e-07	2.47439	0
4.642128e-07	2.47432	0
4.642729e-07	2.47425	0
4.643329e-07	2.47418	0
4.643929e-07	2.47411	0
4.644529e-07	2.47404	0
4.645129e-07	2.47397	0
4.645729e-07	2.4739	0
4.646329e-07	2.47383	0
4.646929e-07	2.47376	0
4.647530e-07	2.47369	0
4.648130e-07	2.47362	0
4.648730e-07	2.47356	0
4.649330e-07	2.47349	0
4.649930e-07	2.47342	0
4.650530e-07	2.47335	0
4.651130e-07	2.47328	0
4.651730e-07	2.47321	0
4.652330e-07	2.47314	0
4.652931e-07	2.47307	0
4.653531e-07	2.473	0
4.654131e-07	2.47293	0
4.654731e-07	2.47286	0
4.655331e-07	2.4728	0
4.655931e-07	2.47273	0
4.656531e-07	2.47266	0
4.657131e-07	2.47259	0
4.657732e-07	2.47252	0
4.658332e-07	2.47245	0
4.658932e-07	2.47238	0
4.659532e-07	2.47231	0
4.660132e-07	2.47224	0
4.660732e-07	2.47218	0
4.661332e-07	2.47211	0
4.661932e-07	2.47204	0
4.662533e-07	2.47197	0
4.663133e-07	2.4719	0
4.663733e-07	2.47183	0
4.664333e-07	2.47176	0
4.664933e-07	2.4717	0
4.665533e-07	2.47163	0
4.666133e-07	2.47156	0
4.666733e-07	2.47149	0
4.667333e-07	2.47142	0
4.667934e-07	2.47135	0
4.668534e-07	2.47129	0
4.669134e-07	2.47122	0
4.669734e-07	2.47115	0
4.670334e-07	2.47108	0
4.670934e-07	2.47101	0
4.671534e-07	2.47095	0
4.672134e-07	2.47088	0
4.672735e-07	2.47081	0
4.673335e-07	2.47074	0
4.673935e-07	2.47067	0
4.674535e-07	2.47061	0
4.675135e-07	2.47054	0
4.675735e-07	2.47047	0
4.676335e-07	2.4704	0
4.676935e-07	2.47034	0
4.677536e-07	2.47027	0
4.678136e-07	2.4702	0
4.678736e-07	2.47013	0
4.679336e-07	2.47006	0
4.679936e-07	2.47	0
4.680536e-07	2.46993	0
4.681136e-07	2.46986	0
4.681736e-07	2.46979	0
4.682336e-07	2.46973	0
4.682937e-07	2.46966	0
4.683537e-07	2.46959	0
4.684137e-07	2.46952	0
4.684737e-07	2.46946	0
4.685337e-07	2.46939	0
4.685937e-07	2.46932	0
4.686537e-07	2.46926	0
4.687137e-07	2.46919	0
4.687738e-07	2.46912	0
4.688338e-07	2.46905	0
4.688938e-07	2.46899	0
4.689538e-07	2.46892	0
4.690138e-07	2.46885	0
4.690738e-07	2.46879	0
4.691338e-07	2.46872	0
4.691938e-07	2.46865	0
4.692539e-07	2.46859	0
4.693139e-07	2.46852	0
4.693739e-07	2.46845	0
4.694339e-07	2.46838	0
4.694939e-07	2.46832	0
4.695539e-07	2.46825	0
4.696139e-07	2.46818	0
4.696739e-07	2.46812	0
4.697339e-07	2.46805	0
4.697940e-07	2.46798	0
4.698540e-07	2.46792	0
4.699140e-07	2.46785	0
4.699740e-07	2.46779	0
4.700340e-07	2.46772	0
4.700940e-07	2.46765	0
4.701540e-07	2.46759	0
4.702140e-07	2.46752	0
4.702741e-07	2.46745	0
4.703341e-07	2.46739	0
4.703941e-07	2.46732	0
4.704541e-07	2.46725	0
4.705141e-07	2.46719	0
4.705741e-07	2.46712	0
4.706341e-07	2.46706	0
4.706941e-07	2.46699	0
4.707542e-07	2.46692	0
4.708142e-07	2.46686	0
4.708742e-07	2.46679	0
4.709342e-07	2.46673	0
4.709942e-07	2.46666	0
4.710542e-07	2.46659	0
4.711142e-07	2.46653	0
4.711742e-07	2.46646	0
4.712342e-07	2.4664	0
4.712943e-07	2.46633	0
4.713543e-07	2.46626	0
4.714143e-07	2.4662	0
4.714743e-07	2.46613	0
4.715343e-07	2.46607	0
4.715943e-07	2.466	0
4.716543e-07	2.46594	0
4.717143e-07	2.46587	0
4.717744e-07	2.4658	0
4.718344e-07	2.46574	0
4.718944e-07	2.46567	0
4.719544e-07	2.46561	0
4.720144e-07	2.46554	0
4.720744e-07	2.46548	0
4.721344e-07	2.46541	0
4.721944e-07	2.46535	0
4.722545e-07	2.46528	0
4.723145e-07	2.46522	0
4.723745e-07	2.46515	0
4.724345e-07	2.46509	0
4.724945e-07	2.46502	0
4.725545e-07	2.46496	0
4.726145e-07	2.46489	0
4.726745e-07	2.46483	0
4.727345e-07	2.46476	0
4.727946e-07	2.4647	0
4.728546e-07	2.46463	0
4.729146e-07	2.46457	0
4.729746e-07	2.4645	0
4.730346e-07	2.46444	0
4.730946e-07	2.46437	0
4.731546e-07	2.46431	0
4.732146e-07	2.46424	0
4.732747e-07	2.46418	0
4.733347e-07	2.46411	0
4.733947e-07	2.46405	0
4.734547e-07	2.46398	0
4.735147e-07	2.46392	0
4.735747e-07	2.46385	0
4.736347e-07	2.46379	0
4.736947e-07	2.46372	0
4.737548e-07	2.46366	0
4.738148e-07	2.46359	0
4.738748e-07	2.46353	0
4.739348e-07	2.46347	0
4.739948e-07	2.4634	0
4.740548e-07	2.46334	0
4.741148e-07	2.46327	0
4.741748e-07	2.46321	0
4.742348e-07	2.46314	0
4.742949e-07	2.46308	0
4.743549e-07	2.46302	0
4.744149e-07	2.46295	0
4.744749e-07	2.46289	0
4.745349e-07	2.46282	0
4.745949e-07	2.46276	0
4.746549e-07	2.4627	0
4.747149e-07	2.46263	0
4.747750e-07	2.46257	0
4.748350e-07	2.4625	0
4.748950e-07	2.46244	0
4.749550e-07	2.46238	0
4.750150e-07	2.46231	0
4.750750e-07	2.46225	0
4.751350e-07	2.46218	0
4.751950e-07	2.46212	0
4.752551e-07	2.46206	0
4.753151e-07	2.46199	0
4.753751e-07	2.46193	0
4.754351e-07	2.46187	0
4.754951e-07	2.4618	0
4.755551e-07	2.46174	0
4.756151e-07	2.46167	0
4.756751e-07	2.46161	0
4.757351e-07	2.46155	0
4.757952e-07	2.46148	0
4.758552e-07	2.46142	0
4.759152e-07	2.46136	0
4.759752e-07	2.46129	0
4.760352e-07	2.46123	0
4.760952e-07	2.46117	0
4.761552e-07	2.4611	0
4.762152e-07	2.46104	0
4.762753e-07	2.46098	0
4.763353e-07	2.46091	0
4.763953e-07	2.46085	0
4.764553e-07	2.46079	0
4.765153e-07	2.46072	0
4.765753e-07	2.46066	0
4.766353e-07	2.4606	0
4.766953e-07	2.46054	0
4.767554e-07	2.46047	0
4.768154e-07	2.46041	0
4.768754e-07	2.46035	0
4.769354e-07	2.46028	0
4.769954e-07	2.46022	0
4.770554e-07	2.46016	0
4.771154e-07	2.4601	0
4.771754e-07	2.46003	0
4.772354e-07	2.45997	0
4.772955e-07	2.45991	0
4.773555e-07	2.45984	0
4.774155e-07	2.45978	0
4.774755e-07	2.45972	0
4.775355e-07	2.45966	0
4.775955e-07	2.45959	0
4.776555e-07	2.45953	0
4.777155e-07	2.45947	0
4.777756e-07	2.45941	0
4.778356e-07	2.45934	0
4.778956e-07	2.45928	0
4.779556e-07	2.45922	0
4.780156e-07	2.45916	0
4.780756e-07	2.45909	0
4.781356e-07	2.45903	0
4.781956e-07	2.45897	0
4.782557e-07	2.45891	0
4.783157e-07	2.45885	0
4.783757e-07	2.45878	0
4.784357e-07	2.45872	0
4.784957e-07	2.45866	0
4.785557e-07	2.4586	0
4.786157e-07	2.45853	0
4.786757e-07	2.45847	0
4.787357e-07	2.45841	0
4.787958e-07	2.45835	0
4.788558e-07	2.45829	0
4.789158e-07	2.45822	0
4.789758e-07	2.45816	0
4.790358e-07	2.4581	0
4.790958e-07	2.45804	0
4.791558e-07	2.45798	0
4.792158e-07	2.45792	0
4.792759e-07	2.45785	0
4.793359e-07	2.45779	0
4.793959e-07	2.45773	0
4.794559e-07	2.45767	0
4.795159e-07	2.45761	0
4.795759e-07	2.45755	0
4.796359e-07	2.45748	0
4.796959e-07	2.45742	0
4.797560e-07	2.45736	0
4.798160e-07	2.4573	0
4.798760e-07	2.45724	0
4.799360e-07	2.45718	0
4.799960e-07	2.45711	0
4.800560e-07	2.45705	0
4.801160e-07	2.45699	0
4.801760e-07	2.45693	0
4.802360e-07	2.45687	0
4.802961e-07	2.45681	0
4.803561e-07	2.45675	0
4.804161e-07	2.45669	0
4.804761e-07	2.45662	0
4.805361e-07	2.45656	0
4.805961e-07	2.4565	0
4.806561e-07	2.45644	0
4.807161e-07	2.45638	0
4.807762e-07	2.45632	0
4.808362e-07	2.45626	0
4.808962e-07	2.4562	0
4.809562e-07	2.45614	0
4.810162e-07	2.45608	0
4.810762e-07	2.45601	0
4.811362e-07	2.45595	0
4.811962e-07	2.45589	0
4.812563e-07	2.45583	0
4.813163e-07	2.45577	0
4.813763e-07	2.45571	0
4.814363e-07	2.45565	0
4.814963e-07	2.45559	0
4.815563e-07	2.45553	0
4.816163e-07	2.45547	0
4.816763e-07	2.45541	0
4.817363e-07	2.45535	0
4.817964e-07	2.45529	0
4.818564e-07	2.45523	0
4.819164e-07	2.45516	0
4.819764e-07	2.4551	0
4.820364e-07	2.45504	0
4.820964e-07	2.45498	0
4.821564e-07	2.45492	0
4.822164e-07	2.45486	0
4.822765e-07	2.4548	0
4.823365e-07	2.45474	0
4.823965e-07	2.45468	0
4.824565e-07	2.45462	0
4.825165e-07	2.45456	0
4.825765e-07	2.4545	0
4.826365e-07	2.45444	0
4.826965e-07	2.45438	0
4.827566e-07	2.45432	0
4.828166e-07	2.45426	0
4.828766e-07	2.4542	0
4.829366e-07	2.45414	0
4.829966e-07	2.45408	0
4.830566e-07	2.45402	0
4.831166e-07	2.45396	0
4.831766e-07	2.4539	0
4.832366e-07	2.45384	0
4.832967e-07	2.45378	0
4.833567e-07	2.45372	0
4.834167e-07	2.45366	0
4.834767e-07	2.4536	0
4.835367e-07	2.45354	0
4.835967e-07	2.45348	0
4.836567e-07	2.45342	0
4.837167e-07	2.45336	0
4.837768e-07	2.4533	0
4.838368e-07	2.45324	0
4.838968e-07	2.45318	0
4.839568e-07	2.45312	0
4.840168e-07	2.45307	0
4.840768e-07	2.45301	0
4.841368e-07	2.45295	0
4.841968e-07	2.45289	0
4.842569e-07	2.45283	0
4.843169e-07	2.45277	0
4.843769e-07	2.45271	0
4.844369e-07	2.45265	0
4.844969e-07	2.45259	0
4.845569e-07	2.45253	0
4.846169e-07	2.45247	0
4.846769e-07	2.45241	0
4.847369e-07	2.45235	0
4.847970e-07	2.45229	0
4.848570e-07	2.45223	0
4.849170e-07	2.45218	0
4.849770e-07	2.45212	0
4.850370e-07	2.45206	0
4.850970e-07	2.452	0
4.851570e-07	2.45194	0
4.852170e-07	2.45188	0
4.852771e-07	2.45182	0
4.853371e-07	2.45176	0
4.853971e-07	2.4517	0
4.854571e-07	2.45165	0
4.855171e-07	2.45159	0
4.855771e-07	2.45153	0
4.856371e-07	2.45147	0
4.856971e-07	2.45141	0
4.857572e-07	2.45135	0
4.858172e-07	2.45129	0
4.858772e-07	2.45123	0
4.859372e-07	2.45118	0
4.859972e-07	2.45112	0
4.860572e-07	2.45106	0
4.861172e-07	2.451	0
4.861772e-07	2.45094	0
4.862372e-07	2.45088	0
4.862973e-07	2.45082	0
4.863573e-07	2.45077	0
4.864173e-07	2.45071	0
4.864773e-07	2.45065	0
4.865373e-07	2.45059	0
4.865973e-07	2.45053	0
4.866573e-07	2.45047	0
4.867173e-07	2.45042	0
4.867774e-07	2.45036	0
4.868374e-07	2.4503	0
4.868974e-07	2.45024	0
4.869574e-07	2.45018	0
4.870174e-07	2.45012	0
4.870774e-07	2.45007	0
4.871374e-07	2.45001	0
4.871974e-07	2.44995	0
4.872575e-07	2.44989	0
4.873175e-07	2.44983	0
4.873775e-07	2.44978	0
4.874375e-07	2.44972	0
4.874975e-07	2.44966	0
4.875575e-07	2.4496	0
4.876175e-07	2.44954	0
4.876775e-07	2.44949	0
4.877375e-07	2.44943	0
4.877976e-07	2.44937	0
4.878576e-07	2.44931	0
4.879176e-07	2.44926	0
4.879776e-07	2.4492	0
4.880376e-07	2.44914	0
4.880976e-07	2.44908	0
4.881576e-07	2.44902	0
4.882176e-07	2.44897	0
4.882777e-07	2.44891	0
4.883377e-07	2.44885	0
4.883977e-07	2.44879	0
4.884577e-07	2.44874	0
4.885177e-07	2.44868	0
4.885777e-07	2.44862	0
4.886377e-07	2.44856	0
4.886977e-07	2.44851	0
4.887578e-07	2.44845	0
4.888178e-07	2.44839	0
4.888778e-07	2.44833	0
4.889378e-07	2.44828	0
4.889978e-07	2.44822	0
4.890578e-07	2.44816	0
4.891178e-07	2.44811	0
4.891778e-07	2.44805	0
4.892378e-07	2.44799	0
4.892979e-07	2.44793	0
4.893579e-07	2.44788	0
4.894179e-07	2.44782	0
4.894779e-07	2.44776	0
4.895379e-07	2.44771	0
4.895979e-07	2.44765	0
4.896579e-07	2.44759	0
4.897179e-07	2.44753	0
4.897780e-07	2.44748	0
4.898380e-07	2.44742	0
4.898980e-07	2.44736	0
4.899580e-07	2.44731	0
4.900180e-07	2.44725	0
4.900780e-07	2.44719	0
4.901380e-07	2.44714	0
4.901980e-07	2.44708	0
4.902581e-07	2.44702	0
4.903181e-07	2.44697	0
4.903781e-07	2.44691	0
4.904381e-07	2.44685	0
4.904981e-07	2.4468	0
4.905581e-07	2.44674	0
4.906181e-07	2.44668	0
4.906781e-07	2.44663	0
4.907381e-07	2.44657	0
4.907982e-07	2.44651	0
4.908582e-07	2.44646	0
4.909182e-07	2.4464	0
4.909782e-07	2.44634	0
4.910382e-07	2.44629	0
4.910982e-07	2.44623	0
4.911582e-07	2.44617	0
4.912182e-07	2.44612	0
4.912783e-07	2.44606	0
4.913383e-07	2.44601	0
4.913983e-07	2.44595	0
4.914583e-07	2.44589	0
4.915183e-07	2.44584	0
4.915783e-07	2.44578	0
4.916383e-07	2.44573	0
4.916983e-07	2.44567	0
4.917584e-07	2.44561	0
4.918184e-07	2.44556	0
4.918784e-07	2.4455	0
4.919384e-07	2.44544	0
4.919984e-07	2.44539	0
4.920584e-07	2.44533	0
4.921184e-07	2.44528	0
4.921784e-07	2.44522	0
4.922384e-07	2.44517	0
4.922985e-07	2.44511	0
4.923585e-07	2.44505	0
4.924185e-07	2.445	0
4.924785e-07	2.44494	0
4.925385e-07	2.44489	0
4.925985e-07	2.44483	0
4.926585e-07	2.44477	0
4.927185e-07	2.44472	0
4.927786e-07	2.44466	0
4.928386e-07	2.44461	0
4.928986e-07	2.44455	0
4.929586e-07	2.4445	0
4.930186e-07	2.44444	0
4.930786e-07	2.44439	0
4.931386e-07	2.44433	0
4.931986e-07	2.44427	0
4.932587e-07	2.44422	0
4.933187e-07	2.44416	0
4.933787e-07	2.44411	0
4.934387e-07	2.44405	0
4.934987e-07	2.444	0
4.935587e-07	2.44394	0
4.936187e-07	2.44389	0
4.936787e-07	2.44383	0
4.937387e-07	2.44378	0
4.937988e-07	2.44372	0
4.938588e-07	2.44367	0
4.939188e-07	2.44361	0
4.939788e-07	2.44356	0
4.940388e-07	2.4435	0
4.940988e-07	2.44344	0
4.941588e-07	2.44339	0
4.942188e-07	2.44333	0
4.942789e-07	2.44328	0
4.943389e-07	2.44322	0
4.943989e-07	2.44317	0
4.944589e-07	2.44311	0
4.945189e-07	2.44306	0
4.945789e-07	2.443	0
4.946389e-07	2.44295	0
4.946989e-07	2.44289	0
4.947590e-07	2.44284	0
4.948190e-07	2.44279	0
4.948790e-07	2.44273	0
4.949390e-07	2.44268	0
4.949990e-07	2.44262	0
4.950590e-07	2.44257	0
4.951190e-07	2.44251	0
4.951790e-07	2.44246	0
4.952390e-07	2.4424	0
4.952991e-07	2.44235	0
4.953591e-07	2.44229	0
4.954191e-07	2.44224	0
4.954791e-07	2.44218	0
4.955391e-07	2.44213	0
4.955991e-07	2.44207	0
4.956591e-07	2.44202	0
4.957191e-07	2.44197	0
4.957792e-07	2.44191	0
4.958392e-07	2.44186	0
4.958992e-07	2.4418	0
4.959592e-07	2.44175	0
4.960192e-07	2.44169	0
4.960792e-07	2.44164	0
4.961392e-07	2.44159	0
4.961992e-07	2.44153	0
4.962593e-07	2.44148	0
4.963193e-07	2.44142	0
4.963793e-07	2.44137	0
4.964393e-07	2.44131	0
4.964993e-07	2.44126	0
4.965593e-07	2.44121	0
4.966193e-07	2.44115	0
4.966793e-07	2.4411	0
4.967393e-07	2.44104	0
4.967994e-07	2.44099	0
4.968594e-07	2.44094	0
4.969194e-07	2.44088	0
4.969794e-07	2.44083	0
4.970394e-07	2.44077	0
4.970994e-07	2.44072	0
4.971594e-07	2.44067	0
4.972194e-07	2.44061	0
4.972795e-07	2.44056	0
4.973395e-07	2.4405	0
4.973995e-07	2.44045	0
4.974595e-07	2.4404	0
4.975195e-07	2.44034	0
4.975795e-07	2.44029	0
4.976395e-07	2.44024	0
4.976995e-07	2.44018	0
4.977596e-07	2.44013	0
4.978196e-07	2.44008	0
4.978796e-07	2.44002	0
4.979396e-07	2.43997	0
4.979996e-07	2.43991	0
4.980596e-07	2.43986	0
4.981196e-07	2.43981	0
4.981796e-07	2.43975	0
4.982396e-07	2.4397	0
4.982997e-07	2.43965	0
4.983597e-07	2.43959	0
4.984197e-07	2.43954	0
4.984797e-07	2.43949	0
4.985397e-07	2.43943	0
4.985997e-07	2.43938	0
4.986597e-07	2.43933	0
4.987197e-07	2.43927	0
4.987798e-07	2.43922	0
4.988398e-07	2.43917	0
4.988998e-07	2.43911	0
4.989598e-07	2.43906	0
4.990198e-07	2.43901	0
4.990798e-07	2.43896	0
4.991398e-07	2.4389	0
4.991998e-07	2.43885	0
4.992599e-07	2.4388	0
4.993199e-07	2.43874	0
4.993799e-07	2.43869	0
4.994399e-07	2.43864	0
4.994999e-07	2.43858	0
4.995599e-07	2.43853	0
4.996199e-07	2.43848	0
4.996799e-07	2.43843	0
4.997399e-07	2.43837	0
4.998000e-07	2.43832	0
4.998600e-07	2.43827	0
4.999200e-07	2.43821	0
4.999800e-07	2.43816	0
5.000400e-07	2.43811	0
5.001000e-07	2.43806	0
5.001600e-07	2.438	0
5.002200e-07	2.43795	0
5.002801e-07	2.4379	0
5.003401e-07	2.43785	0
5.004001e-07	2.43779	0
5.004601e-07	2.43774	0
5.005201e-07	2.43769	0
5.005801e-07	2.43763	0
5.006401e-07	2.43758	0
5.007001e-07	2.43753	0
5.007602e-07	2.43748	0
5.008202e-07	2.43743	0
5.008802e-07	2.43737	0
5.009402e-07	2.43732	0
5.010002e-07	2.43727	0
5.010602e-07	2.43722	0
5.011202e-07	2.43716	0
5.011802e-07	2.43711	0
5.012402e-07	2.43706	0
5.013003e-07	2.43701	0
5.013603e-07	2.43695	0
5.014203e-07	2.4369	0
5.014803e-07	2.43685	0
5.015403e-07	2.4368	0
5.016003e-07	2.43675	0
5.016603e-07	2.43669	0
5.017203e-07	2.43664	0
5.017804e-07	2.43659	0
5.018404e-07	2.43654	0
5.019004e-07	2.43649	0
5.019604e-07	2.43643	0
5.020204e-07	2.43638	0
5.020804e-07	2.43633	0
5.021404e-07	2.43628	0
5.022004e-07	2.43623	0
5.022605e-07	2.43617	0
5.023205e-07	2.43612	0
5.023805e-07	2.43607	0
5.024405e-07	2.43602	0
5.025005e-07	2.43597	0
5.025605e-07	2.43591	0
5.026205e-07	2.43586	0
5.026805e-07	2.43581	0
5.027405e-07	2.43576	0
5.028006e-07	2.43571	0
5.028606e-07	2.43566	0
5.029206e-07	2.4356	0
5.029806e-07	2.43555	0
5.030406e-07	2.4355	0
5.031006e-07	2.43545	0
5.031606e-07	2.4354	0
5.032206e-07	2.43535	0
5.032807e-07	2.4353	0
5.033407e-07	2.43524	0
5.034007e-07	2.43519	0
5.034607e-07	2.43514	0
5.035207e-07	2.43509	0
5.035807e-07	2.43504	0
5.036407e-07	2.43499	0
5.037007e-07	2.43494	0
5.037608e-07	2.43488	0
5.038208e-07	2.43483	0
5.038808e-07	2.43478	0
5.039408e-07	2.43473	0
5.040008e-07	2.43468	0
5.040608e-07	2.43463	0
5.041208e-07	2.43458	0
5.041808e-07	2.43453	0
5.042408e-07	2.43447	0
5.043009e-07	2.43442	0
5.043609e-07	2.43437	0
5.044209e-07	2.43432	0
5.044809e-07	2.43427	0
5.045409e-07	2.43422	0
5.046009e-07	2.43417	0
5.046609e-07	2.43412	0
5.047209e-07	2.43407	0
5.047810e-07	2.43401	0
5.048410e-07	2.43396	0
5.049010e-07	2.43391	0
5.049610e-07	2.43386	0
5.050210e-07	2.43381	0
5.050810e-07	2.43376	0
5.051410e-07	2.43371	0
5.052010e-07	2.43366	0
5.052611e-07	2.43361	0
5.053211e-07	2.43356	0
5.053811e-07	2.43351	0
5.054411e-07	2.43346	0
5.055011e-07	2.43341	0
5.055611e-07	2.43335	0
5.056211e-07	2.4333	0
5.056811e-07	2.43325	0
5.057411e-07	2.4332	0
5.058012e-07	2.43315	0
5.058612e-07	2.4331	0
5.059212e-07	2.43305	0
5.059812e-07	2.433	0
5.060412e-07	2.43295	0
5.061012e-07	2.4329	0
5.061612e-07	2.43285	0
5.062212e-07	2.4328	0
5.062813e-07	2.43275	0
5.063413e-07	2.4327	0
5.064013e-07	2.43265	0
5.064613e-07	2.4326	0
5.065213e-07	2.43255	0
5.065813e-07	2.4325	0
5.066413e-07	2.43245	0
5.067013e-07	2.4324	0
5.067614e-07	2.43235	0
5.068214e-07	2.4323	0
5.068814e-07	2.43225	0
5.069414e-07	2.4322	0
5.070014e-07	2.43215	0
5.070614e-07	2.4321	0
5.071214e-07	2.43205	0
5.071814e-07	2.432	0
5.072414e-07	2.43195	0
5.073015e-07	2.4319	0
5.073615e-07	2.43185	0
5.074215e-07	2.4318	0
5.074815e-07	2.43175	0
5.075415e-07	2.4317	0
5.076015e-07	2.43165	0
5.076615e-07	2.4316	0
5.077215e-07	2.43155	0
5.077816e-07	2.4315	0
5.078416e-07	2.43145	0
5.079016e-07	2.4314	0
5.079616e-07	2.43135	0
5.080216e-07	2.4313	0
5.080816e-07	2.43125	0
5.081416e-07	2.4312	0
5.082016e-07	2.43115	0
5.082617e-07	2.4311	0
5.083217e-07	2.43105	0
5.083817e-07	2.431	0
5.084417e-07	2.43095	0
5.085017e-07	2.4309	0
5.085617e-07	2.43085	0
5.086217e-07	2.4308	0
5.086817e-07	2.43075	0
5.087417e-07	2.4307	0
5.088018e-07	2.43065	0
5.088618e-07	2.4306	0
5.089218e-07	2.43055	0
5.089818e-07	2.4305	0
5.090418e-07	2.43045	0
5.091018e-07	2.43041	0
5.091618e-07	2.43036	0
5.092218e-07	2.43031	0
5.092819e-07	2.43026	0
5.093419e-07	2.43021	0
5.094019e-07	2.43016	0
5.094619e-07	2.43011	0
5.095219e-07	2.43006	0
5.095819e-07	2.43001	0
5.096419e-07	2.42996	0
5.097019e-07	2.42991	0
5.097620e-07	2.42986	0
5.098220e-07	2.42981	0
5.098820e-07	2.42977	0
5.099420e-07	2.42972	0
5.100020e-07	2.42967	0
5.100620e-07	2.42962	0
5.101220e-07	2.42957	0
5.101820e-07	2.42952	0
5.102420e-07	2.42947	0
5.103021e-07	2.42942	0
5.103621e-07	2.42937	0
5.104221e-07	2.42932	0
5.104821e-07	2.42928	0
5.105421e-07	2.42923	0
5.106021e-07	2.42918	0
5.106621e-07	2.42913	0
5.107221e-07	2.42908	0
5.107822e-07	2.42903	0
5.108422e-07	2.42898	0
5.109022e-07	2.42893	0
5.109622e-07	2.42889	0
5.110222e-07	2.42884	0
5.110822e-07	2.42879	0
5.111422e-07	2.42874	0
5.112022e-07	2.42869	0
5.112623e-07	2.42864	0
5.113223e-07	2.42859	0
5.113823e-07	2.42854	0
5.114423e-07	2.4285	0
5.115023e-07	2.42845	0
5.115623e-07	2.4284	0
5.116223e-07	2.42835	0
5.116823e-07	2.4283	0
5.117423e-07	2.42825	0
5.118024e-07	2.42821	0
5.118624e-07	2.42816	0
5.119224e-07	2.42811	0
5.119824e-07	2.42806	0
5.120424e-07	2.42801	0
5.121024e-07	2.42796	0
5.121624e-07	2.42792	0
5.122224e-07	2.42787	0
5.122825e-07	2.42782	0
5.123425e-07	2.42777	0
5.124025e-07	2.42772	0
5.124625e-07	2.42767	0
5.125225e-07	2.42763	0
5.125825e-07	2.42758	0
5.126425e-07	2.42753	0
5.127025e-07	2.42748	0
5.127626e-07	2.42743	0
5.128226e-07	2.42739	0
5.128826e-07	2.42734	0
5.129426e-07	2.42729	0
5.130026e-07	2.42724	0
5.130626e-07	2.42719	0
5.131226e-07	2.42715	0
5.131826e-07	2.4271	0
5.132426e-07	2.42705	0
5.133027e-07	2.427	0
5.133627e-07	2.42695	0
5.134227e-07	2.42691	0
5.134827e-07	2.42686	0
5.135427e-07	2.42681	0
5.136027e-07	2.42676	0
5.136627e-07	2.42671	0
5.137227e-07	2.42667	0
5.137828e-07	2.42662	0
5.138428e-07	2.42657	0
5.139028e-07	2.42652	0
5.139628e-07	2.42648	0
5.140228e-07	2.42643	0
5.140828e-07	2.42638	0
5.141428e-07	2.42633	0
5.142028e-07	2.42629	0
5.142629e-07	2.42624	0
5.143229e-07	2.42619	0
5.143829e-07	2.42614	0
5.144429e-07	2.42609	0
5.145029e-07	2.42605	0
5.145629e-07	2.426	0
5.146229e-07	2.42595	0
5.146829e-07	2.42591	0
5.147429e-07	2.42586	0
5.148030e-07	2.42581	0
5.148630e-07	2.42576	0
5.149230e-07	2.42572	0
5.149830e-07	2.42567	0
5.150430e-07	2.42562	0
5.151030e-07	2.42557	0
5.151630e-07	2.42553	0
5.152230e-07	2.42548	0
5.152831e-07	2.42543	0
5.153431e-07	2.42538	0
5.154031e-07	2.42534	0
5.154631e-07	2.42529	0
5.155231e-07	2.42524	0
5.155831e-07	2.4252	0
5.156431e-07	2.42515	0
5.157031e-07	2.4251	0
5.157632e-07	2.42505	0
5.158232e-07	2.42501	0
5.158832e-07	2.42496	0
5.159432e-07	2.42491	0
5.160032e-07	2.42487	0
5.160632e-07	2.42482	0
5.161232e-07	2.42477	0
5.161832e-07	2.42473	0
5.162432e-07	2.42468	0
5.163033e-07	2.42463	0
5.163633e-07	2.42458	0
5.164233e-07	2.42454	0
5.164833e-07	2.42449	0
5.165433e-07	2.42444	0
5.166033e-07	2.4244	0
5.166633e-07	2.42435	0
5.167233e-07	2.4243	0
5.167834e-07	2.42426	0
5.168434e-07	2.42421	0
5.169034e-07	2.42416	0
5.169634e-07	2.42412	0
5.170234e-07	2.42407	0
5.170834e-07	2.42402	0
5.171434e-07	2.42398	0
5.172034e-07	2.42393	0
5.172635e-07	2.42388	0
5.173235e-07	2.42384	0
5.173835e-07	2.42379	0
5.174435e-07	2.42374	0
5.175035e-07	2.4237	0
5.175635e-07	2.42365	0
5.176235e-07	2.4236	0
5.176835e-07	2.42356	0
5.177435e-07	2.42351	0
5.178036e-07	2.42347	0
5.178636e-07	2.42342	0
5.179236e-07	2.42337	0
5.179836e-07	2.42333	0
5.180436e-07	2.42328	0
5.181036e-07	2.42323	0
5.181636e-07	2.42319	0
5.182236e-07	2.42314	0
5.182837e-07	2.42309	0
5.183437e-07	2.42305	0
5.184037e-07	2.423	0
5.184637e-07	2.42296	0
5.185237e-07	2.42291	0
5.185837e-07	2.42286	0
5.186437e-07	2.42282	0
5.187037e-07	2.42277	0
5.187638e-07	2.42273	0
5.188238e-07	2.42268	0
5.188838e-07	2.42263	0
5.189438e-07	2.42259	0
5.190038e-07	2.42254	0
5.190638e-07	2.4225	0
5.191238e-07	2.42245	0
5.191838e-07	2.4224	0
5.192438e-07	2.42236	0
5.193039e-07	2.42231	0
5.193639e-07	2.42227	0
5.194239e-07	2.42222	0
5.194839e-07	2.42217	0
5.195439e-07	2.42213	0
5.196039e-07	2.42208	0
5.196639e-07	2.42204	0
5.197239e-07	2.42199	0
5.197840e-07	2.42194	0
5.198440e-07	2.4219	0
5.199040e-07	2.42185	0
5.199640e-07	2.42181	0
5.200240e-07	2.42176	0
5.200840e-07	2.42172	0
5.201440e-07	2.42167	0
5.202040e-07	2.42162	0
5.202641e-07	2.42158	0
5.203241e-07	2.42153	0
5.203841e-07	2.42149	0
5.204441e-07	2.42144	0
5.205041e-07	2.4214	0
5.205641e-07	2.42135	0
5.206241e-07	2.42131	0
5.206841e-07	2.42126	0
5.207441e-07	2.42121	0
5.208042e-07	2.42117	0
5.208642e-07	2.42112	0
5.209242e-07	2.42108	0
5.209842e-07	2.42103	0
5.210442e-07	2.42099	0
5.211042e-07	2.42094	0
5.211642e-07	2.4209	0
5.212242e-07	2.42085	0
5.212843e-07	2.42081	0
5.213443e-07	2.42076	0
5.214043e-07	2.42072	0
5.214643e-07	2.42067	0
5.215243e-07	2.42063	0
5.215843e-07	2.42058	0
5.216443e-07	2.42054	0
5.217043e-07	2.42049	0
5.217644e-07	2.42044	0
5.218244e-07	2.4204	0
5.218844e-07	2.42035	0
5.219444e-07	2.42031	0
5.220044e-07	2.42026	0
5.220644e-07	2.42022	0
5.221244e-07	2.42017	0
5.221844e-07	2.42013	0
5.222444e-07	2.42008	0
5.223045e-07	2.42004	0
5.223645e-07	2.41999	0
5.224245e-07	2.41995	0
5.224845e-07	2.4199	0
5.225445e-07	2.41986	0
5.226045e-07	2.41981	0
5.226645e-07	2.41977	0
5.227245e-07	2.41973	0
5.227846e-07	2.41968	0
5.228446e-07	2.41964	0
5.229046e-07	2.41959	0
5.229646e-07	2.41955	0
5.230246e-07	2.4195	0
5.230846e-07	2.41946	0
5.231446e-07	2.41941	0
5.232046e-07	2.41937	0
5.232647e-07	2.41932	0
5.233247e-07	2.41928	0
5.233847e-07	2.41923	0
5.234447e-07	2.41919	0
5.235047e-07	2.41914	0
5.235647e-07	2.4191	0
5.236247e-07	2.41905	0
5.236847e-07	2.41901	0
5.237447e-07	2.41897	0
5.238048e-07	2.41892	0
5.238648e-07	2.41888	0
5.239248e-07	2.41883	0
5.239848e-07	2.41879	0
5.240448e-07	2.41874	0
5.241048e-07	2.4187	0
5.241648e-07	2.41865	0
5.242248e-07	2.41861	0
5.242849e-07	2.41857	0
5.243449e-07	2.41852	0
5.244049e-07	2.41848	0
5.244649e-07	2.41843	0
5.245249e-07	2.41839	0
5.245849e-07	2.41834	0
5.246449e-07	2.4183	0
5.247049e-07	2.41826	0
5.247650e-07	2.41821	0
5.248250e-07	2.41817	0
5.248850e-07	2.41812	0
5.249450e-07	2.41808	0
5.250050e-07	2.41803	0
5.250650e-07	2.41799	0
5.251250e-07	2.41795	0
5.251850e-07	2.4179	0
5.252450e-07	2.41786	0
5.253051e-07	2.41781	0
5.253651e-07	2.41777	0
5.254251e-07	2.41773	0
5.254851e-07	2.41768	0
5.255451e-07	2.41764	0
5.256051e-07	2.41759	0
5.256651e-07	2.41755	0
5.257251e-07	2.41751	0
5.257852e-07	2.41746	0
5.258452e-07	2.41742	0
5.259052e-07	2.41737	0
5.259652e-07	2.41733	0
5.260252e-07	2.41729	0
5.260852e-07	2.41724	0
5.261452e-07	2.4172	0
5.262052e-07	2.41716	0
5.262653e-07	2.41711	0
5.263253e-07	2.41707	0
5.263853e-07	2.41702	0
5.264453e-07	2.41698	0
5.265053e-07	2.41694	0
5.265653e-07	2.41689	0
5.266253e-07	2.41685	0
5.266853e-07	2.41681	0
5.267453e-07	2.41676	0
5.268054e-07	2.41672	0
5.268654e-07	2.41667	0
5.269254e-07	2.41663	0
5.269854e-07	2.41659	0
5.270454e-07	2.41654	0
5.271054e-07	2.4165	0
5.271654e-07	2.41646	0
5.272254e-07	2.41641	0
5.272855e-07	2.41637	0
5.273455e-07	2.41633	0
5.274055e-07	2.41628	0
5.274655e-07	2.41624	0
5.275255e-07	2.4162	0
5.275855e-07	2.41615	0
5.276455e-07	2.41611	0
5.277055e-07	2.41607	0
5.277656e-07	2.41602	0
5.278256e-07	2.41598	0
5.278856e-07	2.41594	0
5.279456e-07	2.41589	0
5.280056e-07	2.41585	0
5.280656e-07	2.41581	0
5.281256e-07	2.41576	0
5.281856e-07	2.41572	0
5.282456e-07	2.41568	0
5.283057e-07	2.41563	0
5.283657e-07	2.41559	0
5.284257e-07	2.41555	0
5.284857e-07	2.4155	0
5.285457e-07	2.41546	0
5.286057e-07	2.41542	0
5.286657e-07	2.41538	0
5.287257e-07	2.41533	0
5.287858e-07	2.41529	0
5.288458e-07	2.41525	0
5.289058e-07	2.4152	0
5.289658e-07	2.41516	0
5.290258e-07	2.41512	0
5.290858e-07	2.41507	0
5.291458e-07	2.41503	0
5.292058e-07	2.41499	0
5.292659e-07	2.41495	0
5.293259e-07	2.4149	0
5.293859e-07	2.41486	0
5.294459e-07	2.41482	0
5.295059e-07	2.41477	0
5.295659e-07	2.41473	0
5.296259e-07	2.41469	0
5.296859e-07	2.41465	0
5.297459e-07	2.4146	0
5.298060e-07	2.41456	0
5.298660e-07	2.41452	0
5.299260e-07	2.41448	0
5.299860e-07	2.41443	0
5.300460e-07	2.41439	0
5.301060e-07	2.41435	0
5.301660e-07	2.4143	0
5.302260e-07	2.41426	0
5.302861e-07	2.41422	0
5.303461e-07	2.41418	0
5.304061e-07	2.41413	0
5.304661e-07	2.41409	0
5.305261e-07	2.41405	0
5.305861e-07	2.41401	0
5.306461e-07	2.41396	0
5.307061e-07	2.41392	0
5.307662e-07	2.41388	0
5.308262e-07	2.41384	0
5.308862e-07	2.41379	0
5.309462e-07	2.41375	0
5.310062e-07	2.41371	0
5.310662e-07	2.41367	0
5.311262e-07	2.41363	0
5.311862e-07	2.41358	0
5.312462e-07	2.41354	0
5.313063e-07	2.4135	0
5.313663e-07	2.41346	0
5.314263e-07	2.41341	0
5.314863e-07	2.41337	0
5.315463e-07	2.41333	0
5.316063e-07	2.41329	0
5.316663e-07	2.41324	0
5.317263e-07	2.4132	0
5.317864e-07	2.41316	0
5.318464e-07	2.41312	0
5.319064e-07	2.41308	0
5.319664e-07	2.41303	0
5.320264e-07	2.41299	0
5.320864e-07	2.41295	0
5.321464e-07	2.41291	0
5.322064e-07	2.41287	0
5.322665e-07	2.41282	0
5.323265e-07	2.41278	0
5.323865e-07	2.41274	0
5.324465e-07	2.4127	0
5.325065e-07	2.41266	0
5.325665e-07	2.41261	0
5.326265e-07	2.41257	0
5.326865e-07	2.41253	0
5.327465e-07	2.41249	0
5.328066e-07	2.41245	0
5.328666e-07	2.4124	0
5.329266e-07	2.41236	0
5.329866e-07	2.41232	0
5.330466e-07	2.41228	0
5.331066e-07	2.41224	0
5.331666e-07	2.4122	0
5.332266e-07	2.41215	0
5.332867e-07	2.41211	0
5.333467e-07	2.41207	0
5.334067e-07	2.41203	0
5.334667e-07	2.41199	0
5.335267e-07	2.41195	0
5.335867e-07	2.4119	0
5.336467e-07	2.41186	0
5.337067e-07	2.41182	0
5.337668e-07	2.41178	0
5.338268e-07	2.41174	0
5.338868e-07	2.4117	0
5.339468e-07	2.41165	0
5.340068e-07	2.41161	0
5.340668e-07	2.41157	0
5.341268e-07	2.41153	0
5.341868e-07	2.41149	0
5.342468e-07	2.41145	0
5.343069e-07	2.41141	0
5.343669e-07	2.41136	0
5.344269e-07	2.41132	0
5.344869e-07	2.41128	0
5.345469e-07	2.41124	0
5.346069e-07	2.4112	0
5.346669e-07	2.41116	0
5.347269e-07	2.41112	0
5.347870e-07	2.41107	0
5.348470e-07	2.41103	0
5.349070e-07	2.41099	0
5.349670e-07	2.41095	0
5.350270e-07	2.41091	0
5.350870e-07	2.41087	0
5.351470e-07	2.41083	0
5.352070e-07	2.41079	0
5.352671e-07	2.41074	0
5.353271e-07	2.4107	0
5.353871e-07	2.41066	0
5.354471e-07	2.41062	0
5.355071e-07	2.41058	0
5.355671e-07	2.41054	0
5.356271e-07	2.4105	0
5.356871e-07	2.41046	0
5.357471e-07	2.41042	0
5.358072e-07	2.41037	0
5.358672e-07	2.41033	0
5.359272e-07	2.41029	0
5.359872e-07	2.41025	0
5.360472e-07	2.41021	0
5.361072e-07	2.41017	0
5.361672e-07	2.41013	0
5.362272e-07	2.41009	0
5.362873e-07	2.41005	0
5.363473e-07	2.41001	0
5.364073e-07	2.40997	0
5.364673e-07	2.40992	0
5.365273e-07	2.40988	0
5.365873e-07	2.40984	0
5.366473e-07	2.4098	0
5.367073e-07	2.40976	0
5.367674e-07	2.40972	0
5.368274e-07	2.40968	0
5.368874e-07	2.40964	0
5.369474e-07	2.4096	0
5.370074e-07	2.40956	0
5.370674e-07	2.40952	0
5.371274e-07	2.40948	0
5.371874e-07	2.40944	0
5.372474e-07	2.4094	0
5.373075e-07	2.40935	0
5.373675e-07	2.40931	0
5.374275e-07	2.40927	0
5.374875e-07	2.40923	0
5.375475e-07	2.40919	0
5.376075e-07	2.40915	0
5.376675e-07	2.40911	0
5.377275e-07	2.40907	0
5.377876e-07	2.40903	0
5.378476e-07	2.40899	0
5.379076e-07	2.40895	0
5.379676e-07	2.40891	0
5.380276e-07	2.40887	0
5.380876e-07	2.40883	0
5.381476e-07	2.40879	0
5.382076e-07	2.40875	0
5.382677e-07	2.40871	0
5.383277e-07	2.40867	0
5.383877e-07	2.40863	0
5.384477e-07	2.40859	0
5.385077e-07	2.40855	0
5.385677e-07	2.40851	0
5.386277e-07	2.40846	0
5.386877e-07	2.40842	0
5.387477e-07	2.40838	0
5.388078e-07	2.40834	0
5.388678e-07	2.4083	0
5.389278e-07	2.40826	0
5.389878e-07	2.40822	0
5.390478e-07	2.40818	0
5.391078e-07	2.40814	0
5.391678e-07	2.4081	0
5.392278e-07	2.40806	0
5.392879e-07	2.40802	0
5.393479e-07	2.40798	0
5.394079e-07	2.40794	0
5.394679e-07	2.4079	0
5.395279e-07	2.40786	0
5.395879e-07	2.40782	0
5.396479e-07	2.40778	0
5.397079e-07	2.40774	0
5.397680e-07	2.4077	0
5.398280e-07	2.40766	0
5.398880e-07	2.40762	0
5.399480e-07	2.40758	0
5.400080e-07	2.40754	0
5.400680e-07	2.4075	0
5.401280e-07	2.40746	0
5.401880e-07	2.40742	0
5.402480e-07	2.40738	0
5.403081e-07	2.40734	0
5.403681e-07	2.4073	0
5.404281e-07	2.40726	0
5.404881e-07	2.40722	0
5.405481e-07	2.40718	0
5.406081e-07	2.40714	0
5.406681e-07	2.40711	0
5.407281e-07	2.40707	0
5.407882e-07	2.40703	0
5.408482e-07	2.40699	0
5.409082e-07	2.40695	0
5.409682e-07	2.40691	0
5.410282e-07	2.40687	0
5.410882e-07	2.40683	0
5.411482e-07	2.40679	0
5.412082e-07	2.40675	0
5.412683e-07	2.40671	0
5.413283e-07	2.40667	0
5.413883e-07	2.40663	0
5.414483e-07	2.40659	0
5.415083e-07	2.40655	0
5.415683e-07	2.40651	0
5.416283e-07	2.40647	0
5.416883e-07	2.40643	0
5.417483e-07	2.40639	0
5.418084e-07	2.40635	0
5.418684e-07	2.40631	0
5.419284e-07	2.40627	0
5.419884e-07	2.40624	0
5.420484e-07	2.4062	0
5.421084e-07	2.40616	0
5.421684e-07	2.40612	0
5.422284e-07	2.40608	0
5.422885e-07	2.40604	0
5.423485e-07	2.406	0
5.424085e-07	2.40596	0
5.424685e-07	2.40592	0
5.425285e-07	2.40588	0
5.425885e-07	2.40584	0
5.426485e-07	2.4058	0
5.427085e-07	2.40576	0
5.427686e-07	2.40572	0
5.428286e-07	2.40569	0
5.428886e-07	2.40565	0
5.429486e-07	2.40561	0
5.430086e-07	2.40557	0
5.430686e-07	2.40553	0
5.431286e-07	2.40549	0
5.431886e-07	2.40545	0
5.432486e-07	2.40541	0
5.433087e-07	2.40537	0
5.433687e-07	2.40533	0
5.434287e-07	2.40529	0
5.434887e-07	2.40526	0
5.435487e-07	2.40522	0
5.436087e-07	2.40518	0
5.436687e-07	2.40514	0
5.437287e-07	2.4051	0
5.437888e-07	2.40506	0
5.438488e-07	2.40502	0
5.439088e-07	2.40498	0
5.439688e-07	2.40494	0
5.440288e-07	2.40491	0
5.440888e-07	2.40487	0
5.441488e-07	2.40483	0
5.442088e-07	2.40479	0
5.442689e-07	2.40475	0
5.443289e-07	2.40471	0
5.443889e-07	2.40467	0
5.444489e-07	2.40463	0
5.445089e-07	2.4046	0
5.445689e-07	2.40456	0
5.446289e-07	2.40452	0
5.446889e-07	2.40448	0
5.447489e-07	2.40444	0
5.448090e-07	2.4044	0
5.448690e-07	2.40436	0
5.449290e-07	2.40432	0
5.449890e-07	2.40429	0
5.450490e-07	2.40425	0
5.451090e-07	2.40421	0
5.451690e-07	2.40417	0
5.452290e-07	2.40413	0
5.452891e-07	2.40409	0
5.453491e-07	2.40405	0
5.454091e-07	2.40402	0
5.454691e-07	2.40398	0
5.455291e-07	2.40394	0
5.455891e-07	2.4039	0
5.456491e-07	2.40386	0
5.457091e-07	2.40382	0
5.457692e-07	2.40379	0
5.458292e-07	2.40375	0
5.458892e-07	2.40371	0
5.459492e-07	2.40367	0
5.460092e-07	2.40363	0
5.460692e-07	2.40359	0
5.461292e-07	2.40356	0
5.461892e-07	2.40352	0
5.462492e-07	2.40348	0
5.463093e-07	2.40344	0
5.463693e-07	2.4034	0
5.464293e-07	2.40336	0
5.464893e-07	2.40333	0
5.465493e-07	2.40329	0
5.466093e-07	2.40325	0
5.466693e-07	2.40321	0
5.467293e-07	2.40317	0
5.467894e-07	2.40313	0
5.468494e-07	2.4031	0
5.469094e-07	2.40306	0
5.469694e-07	2.40302	0
5.470294e-07	2.40298	0
5.470894e-07	2.40294	0
5.471494e-07	2.40291	0
5.472094e-07	2.40287	0
5.472695e-07	2.40283	0
5.473295e-07	2.40279	0
5.473895e-07	2.40275	0
5.474495e-07	2.40272	0
5.475095e-07	2.40268	0
5.475695e-07	2.40264	0
5.476295e-07	2.4026	0
5.476895e-07	2.40256	0
5.477495e-07	2.40253	0
5.478096e-07	2.40249	0
5.478696e-07	2.40245	0
5.479296e-07	2.40241	0
5.479896e-07	2.40237	0
5.480496e-07	2.40234	0
5.481096e-07	2.4023	0
5.481696e-07	2.40226	0
5.482296e-07	2.40222	0
5.482897e-07	2.40219	0
5.483497e-07	2.40215	0
5.484097e-07	2.40211	0
5.484697e-07	2.40207	0
5.485297e-07	2.40203	0
5.485897e-07	2.402	0
5.486497e-07	2.40196	0
5.487097e-07	2.40192	0
5.487698e-07	2.40188	0
5.488298e-07	2.40185	0
5.488898e-07	2.40181	0
5.489498e-07	2.40177	0
5.490098e-07	2.40173	0
5.490698e-07	2.4017	0
5.491298e-07	2.40166	0
5.491898e-07	2.40162	0
5.492498e-07	2.40158	0
5.493099e-07	2.40154	0
5.493699e-07	2.40151	0
5.494299e-07	2.40147	0
5.494899e-07	2.40143	0
5.495499e-07	2.40139	0
5.496099e-07	2.40136	0
5.496699e-07	2.40132	0
5.497299e-07	2.40128	0
5.497900e-07	2.40125	0
5.498500e-07	2.40121	0
5.499100e-07	2.40117	0
5.499700e-07	2.40113	0
5.500300e-07	2.4011	0
5.500900e-07	2.40106	0
5.501500e-07	2.40102	0
5.502100e-07	2.40098	0
5.502701e-07	2.40095	0
5.503301e-07	2.40091	0
5.503901e-07	2.40087	0
5.504501e-07	2.40083	0
5.505101e-07	2.4008	0
5.505701e-07	2.40076	0
5.506301e-07	2.40072	0
5.506901e-07	2.40069	0
5.507502e-07	2.40065	0
5.508102e-07	2.40061	0
5.508702e-07	2.40057	0
5.509302e-07	2.40054	0
5.509902e-07	2.4005	0
5.510502e-07	2.40046	0
5.511102e-07	2.40043	0
5.511702e-07	2.40039	0
5.512302e-07	2.40035	0
5.512903e-07	2.40031	0
5.513503e-07	2.40028	0
5.514103e-07	2.40024	0
5.514703e-07	2.4002	0
5.515303e-07	2.40017	0
5.515903e-07	2.40013	0
5.516503e-07	2.40009	0
5.517103e-07	2.40005	0
5.517704e-07	2.40002	0
5.518304e-07	2.39998	0
5.518904e-07	2.39994	0
5.519504e-07	2.39991	0
5.520104e-07	2.39987	0
5.520704e-07	2.39983	0
5.521304e-07	2.3998	0
5.521904e-07	2.39976	0
5.522505e-07	2.39972	0
5.523105e-07	2.39969	0
5.523705e-07	2.39965	0
5.524305e-07	2.39961	0
5.524905e-07	2.39958	0
5.525505e-07	2.39954	0
5.526105e-07	2.3995	0
5.526705e-07	2.39947	0
5.527305e-07	2.39943	0
5.527906e-07	2.39939	0
5.528506e-07	2.39936	0
5.529106e-07	2.39932	0
5.529706e-07	2.39928	0
5.530306e-07	2.39925	0
5.530906e-07	2.39921	0
5.531506e-07	2.39917	0
5.532106e-07	2.39914	0
5.532707e-07	2.3991	0
5.533307e-07	2.39906	0
5.533907e-07	2.39903	0
5.534507e-07	2.39899	0
5.535107e-07	2.39895	0
5.535707e-07	2.39892	0
5.536307e-07	2.39888	0
5.536907e-07	2.39884	0
5.537508e-07	2.39881	0
5.538108e-07	2.39877	0
5.538708e-07	2.39873	0
5.539308e-07	2.3987	0
5.539908e-07	2.39866	0
5.540508e-07	2.39862	0
5.541108e-07	2.39859	0
5.541708e-07	2.39855	0
5.542308e-07	2.39851	0
5.542909e-07	2.39848	0
5.543509e-07	2.39844	0
5.544109e-07	2.39841	0
5.544709e-07	2.39837	0
5.545309e-07	2.39833	0
5.545909e-07	2.3983	0
5.546509e-07	2.39826	0
5.547109e-07	2.39822	0
5.547710e-07	2.39819	0
5.548310e-07	2.39815	0
5.548910e-07	2.39812	0
5.549510e-07	2.39808	0
5.550110e-07	2.39804	0
5.550710e-07	2.39801	0
5.551310e-07	2.39797	0
5.551910e-07	2.39793	0
5.552511e-07	2.3979	0
5.553111e-07	2.39786	0
5.553711e-07	2.39783	0
5.554311e-07	2.39779	0
5.554911e-07	2.39775	0
5.555511e-07	2.39772	0
5.556111e-07	2.39768	0
5.556711e-07	2.39765	0
5.557311e-07	2.39761	0
5.557912e-07	2.39757	0
5.558512e-07	2.39754	0
5.559112e-07	2.3975	0
5.559712e-07	2.39747	0
5.560312e-07	2.39743	0
5.560912e-07	2.39739	0
5.561512e-07	2.39736	0
5.562112e-07	2.39732	0
5.562713e-07	2.39729	0
5.563313e-07	2.39725	0
5.563913e-07	2.39721	0
5.564513e-07	2.39718	0
5.565113e-07	2.39714	0
5.565713e-07	2.39711	0
5.566313e-07	2.39707	0
5.566913e-07	2.39704	0
5.567514e-07	2.397	0
5.568114e-07	2.39696	0
5.568714e-07	2.39693	0
5.569314e-07	2.39689	0
5.569914e-07	2.39686	0
5.570514e-07	2.39682	0
5.571114e-07	2.39679	0
5.571714e-07	2.39675	0
5.572314e-07	2.39671	0
5.572915e-07	2.39668	0
5.573515e-07	2.39664	0
5.574115e-07	2.39661	0
5.574715e-07	2.39657	0
5.575315e-07	2.39654	0
5.575915e-07	2.3965	0
5.576515e-07	2.39646	0
5.577115e-07	2.39643	0
5.577716e-07	2.39639	0
5.578316e-07	2.39636	0
5.578916e-07	2.39632	0
5.579516e-07	2.39629	0
5.580116e-07	2.39625	0
5.580716e-07	2.39622	0
5.581316e-07	2.39618	0
5.581916e-07	2.39614	0
5.582517e-07	2.39611	0
5.583117e-07	2.39607	0
5.583717e-07	2.39604	0
5.584317e-07	2.396	0
5.584917e-07	2.39597	0
5.585517e-07	2.39593	0
5.586117e-07	2.3959	0
5.586717e-07	2.39586	0
5.587317e-07	2.39583	0
5.587918e-07	2.39579	0
5.588518e-07	2.39576	0
5.589118e-07	2.39572	0
5.589718e-07	2.39568	0
5.590318e-07	2.39565	0
5.590918e-07	2.39561	0
5.591518e-07	2.39558	0
5.592118e-07	2.39554	0
5.592719e-07	2.39551	0
5.593319e-07	2.39547	0
5.593919e-07	2.39544	0
5.594519e-07	2.3954	0
5.595119e-07	2.39537	0
5.595719e-07	2.39533	0
5.596319e-07	2.3953	0
5.596919e-07	2.39526	0
5.597520e-07	2.39523	0
5.598120e-07	2.39519	0
5.598720e-07	2.39516	0
5.599320e-07	2.39512	0
5.599920e-07	2.39509	0
5.600520e-07	2.39505	0
5.601120e-07	2.39502	0
5.601720e-07	2.39498	0
5.602320e-07	2.39495	0
5.602921e-07	2.39491	0
5.603521e-07	2.39488	0
5.604121e-07	2.39484	0
5.604721e-07	2.39481	0
5.605321e-07	2.39477	0
5.605921e-07	2.39474	0
5.606521e-07	2.3947	0
5.607121e-07	2.39467	0
5.607722e-07	2.39463	0
5.608322e-07	2.3946	0
5.608922e-07	2.39456	0
5.609522e-07	2.39453	0
5.610122e-07	2.39449	0
5.610722e-07	2.39446	0
5.611322e-07	2.39442	0
5.611922e-07	2.39439	0
5.612523e-07	2.39435	0
5.613123e-07	2.39432	0
5.613723e-07	2.39428	0
5.614323e-07	2.39425	0
5.614923e-07	2.39421	0
5.615523e-07	2.39418	0
5.616123e-07	2.39414	0
5.616723e-07	2.39411	0
5.617323e-07	2.39408	0
5.617924e-07	2.39404	0
5.618524e-07	2.39401	0
5.619124e-07	2.39397	0
5.619724e-07	2.39394	0
5.620324e-07	2.3939	0
5.620924e-07	2.39387	0
5.621524e-07	2.39383	0
5.622124e-07	2.3938	0
5.622725e-07	2.39376	0
5.623325e-07	2.39373	0
5.623925e-07	2.39369	0
5.624525e-07	2.39366	0
5.625125e-07	2.39363	0
5.625725e-07	2.39359	0
5.626325e-07	2.39356	0
5.626925e-07	2.39352	0
5.627526e-07	2.39349	0
5.628126e-07	2.39345	0
5.628726e-07	2.39342	0
5.629326e-07	2.39338	0
5.629926e-07	2.39335	0
5.630526e-07	2.39332	0
5.631126e-07	2.39328	0
5.631726e-07	2.39325	0
5.632326e-07	2.39321	0
5.632927e-07	2.39318	0
5.633527e-07	2.39314	0
5.634127e-07	2.39311	0
5.634727e-07	2.39307	0
5.635327e-07	2.39304	0
5.635927e-07	2.39301	0
5.636527e-07	2.39297	0
5.637127e-07	2.39294	0
5.637728e-07	2.3929	0
5.638328e-07	2.39287	0
5.638928e-07	2.39283	0
5.639528e-07	2.3928	0
5.640128e-07	2.39277	0
5.640728e-07	2.39273	0
5.641328e-07	2.3927	0
5.641928e-07	2.39266	0
5.642529e-07	2.39263	0
5.643129e-07	2.3926	0
5.643729e-07	2.39256	0
5.644329e-07	2.39253	0
5.644929e-07	2.39249	0
5.645529e-07	2.39246	0
5.646129e-07	2.39243	0
5.646729e-07	2.39239	0
5.647329e-07	2.39236	0
5.647930e-07	2.39232	0
5.648530e-07	2.39229	0
5.649130e-07	2.39226	0
5.649730e-07	2.39222	0
5.650330e-07	2.39219	0
5.650930e-07	2.39215	0
5.651530e-07	2.39212	0
5.652130e-07	2.39209	0
5.652731e-07	2.39205	0
5.653331e-07	2.39202	0
5.653931e-07	2.39198	0
5.654531e-07	2.39195	0
5.655131e-07	2.39192	0
5.655731e-07	2.39188	0
5.656331e-07	2.39185	0
5.656931e-07	2.39181	0
5.657532e-07	2.39178	0
5.658132e-07	2.39175	0
5.658732e-07	2.39171	0
5.659332e-07	2.39168	0
5.659932e-07	2.39165	0
5.660532e-07	2.39161	0
5.661132e-07	2.39158	0
5.661732e-07	2.39154	0
5.662332e-07	2.39151	0
5.662933e-07	2.39148	0
5.663533e-07	2.39144	0
5.664133e-07	2.39141	0
5.664733e-07	2.39138	0
5.665333e-07	2.39134	0
5.665933e-07	2.39131	0
5.666533e-07	2.39127	0
5.667133e-07	2.39124	0
5.667734e-07	2.39121	0
5.668334e-07	2.39117	0
5.668934e-07	2.39114	0
5.669534e-07	2.39111	0
5.670134e-07	2.39107	0
5.670734e-07	2.39104	0
5.671334e-07	2.39101	0
5.671934e-07	2.39097	0
5.672535e-07	2.39094	0
5.673135e-07	2.39091	0
5.673735e-07	2.39087	0
5.674335e-07	2.39084	0
5.674935e-07	2.3908	0
5.675535e-07	2.39077	0
5.676135e-07	2.39074	0
5.676735e-07	2.3907	0
5.677335e-07	2.39067	0
5.677936e-07	2.39064	0
5.678536e-07	2.3906	0
5.679136e-07	2.39057	0
5.679736e-07	2.39054	0
5.680336e-07	2.3905	0
5.680936e-07	2.39047	0
5.681536e-07	2.39044	0
5.682136e-07	2.3904	0
5.682737e-07	2.39037	0
5.683337e-07	2.39034	0
5.683937e-07	2.3903	0
5.684537e-07	2.39027	0
5.685137e-07	2.39024	0
5.685737e-07	2.3902	0
5.686337e-07	2.39017	0
5.686937e-07	2.39014	0
5.687538e-07	2.3901	0
5.688138e-07	2.39007	0
5.688738e-07	2.39004	0
5.689338e-07	2.39001	0
5.689938e-07	2.38997	0
5.690538e-07	2.38994	0
5.691138e-07	2.38991	0
5.691738e-07	2.38987	0
5.692338e-07	2.38984	0
5.692939e-07	2.38981	0
5.693539e-07	2.38977	0
5.694139e-07	2.38974	0
5.694739e-07	2.38971	0
5.695339e-07	2.38967	0
5.695939e-07	2.38964	0
5.696539e-07	2.38961	0
5.697139e-07	2.38957	0
5.697740e-07	2.38954	0
5.698340e-07	2.38951	0
5.698940e-07	2.38948	0
5.699540e-07	2.38944	0
5.700140e-07	2.38941	0
5.700740e-07	2.38938	0
5.701340e-07	2.38934	0
5.701940e-07	2.38931	0
5.702541e-07	2.38928	0
5.703141e-07	2.38925	0
5.703741e-07	2.38921	0
5.704341e-07	2.38918	0
5.704941e-07	2.38915	0
5.705541e-07	2.38911	0
5.706141e-07	2.38908	0
5.706741e-07	2.38905	0
5.707341e-07	2.38902	0
5.707942e-07	2.38898	0
5.708542e-07	2.38895	0
5.709142e-07	2.38892	0
5.709742e-07	2.38888	0
5.710342e-07	2.38885	0
5.710942e-07	2.38882	0
5.711542e-07	2.38879	0
5.712142e-07	2.38875	0
5.712743e-07	2.38872	0
5.713343e-07	2.38869	0
5.713943e-07	2.38866	0
5.714543e-07	2.38862	0
5.715143e-07	2.38859	0
5.715743e-07	2.38856	0
5.716343e-07	2.38852	0
5.716943e-07	2.38849	0
5.717544e-07	2.38846	0
5.718144e-07	2.38843	0
5.718744e-07	2.38839	0
5.719344e-07	2.38836	0
5.719944e-07	2.38833	0
5.720544e-07	2.3883	0
5.721144e-07	2.38826	0
5.721744e-07	2.38823	0
5.722344e-07	2.3882	0
5.722945e-07	2.38817	0
5.723545e-07	2.38813	0
5.724145e-07	2.3881	0
5.724745e-07	2.38807	0
5.725345e-07	2.38804	0
5.725945e-07	2.388	0
5.726545e-07	2.38797	0
5.727145e-07	2.38794	0
5.727746e-07	2.38791	0
5.728346e-07	2.38787	0
5.728946e-07	2.38784	0
5.729546e-07	2.38781	0
5.730146e-07	2.38778	0
5.730746e-07	2.38775	0
5.731346e-07	2.38771	0
5.731946e-07	2.38768	0
5.732547e-07	2.38765	0
5.733147e-07	2.38762	0
5.733747e-07	2.38758	0
5.734347e-07	2.38755	0
5.734947e-07	2.38752	0
5.735547e-07	2.38749	0
5.736147e-07	2.38745	0
5.736747e-07	2.38742	0
5.737347e-07	2.38739	0
5.737948e-07	2.38736	0
5.738548e-07	2.38733	0
5.739148e-07	2.38729	0
5.739748e-07	2.38726	0
5.740348e-07	2.38723	0
5.740948e-07	2.3872	0
5.741548e-07	2.38717	0
5.742148e-07	2.38713	0
5.742749e-07	2.3871	0
5.743349e-07	2.38707	0
5.743949e-07	2.38704	0
5.744549e-07	2.387	0
5.745149e-07	2.38697	0
5.745749e-07	2.38694	0
5.746349e-07	2.38691	0
5.746949e-07	2.38688	0
5.747550e-07	2.38684	0
5.748150e-07	2.38681	0
5.748750e-07	2.38678	0
5.749350e-07	2.38675	0
5.749950e-07	2.38672	0
5.750550e-07	2.38668	0
5.751150e-07	2.38665	0
5.751750e-07	2.38662	0
5.752350e-07	2.38659	0
5.752951e-07	2.38656	0
5.753551e-07	2.38653	0
5.754151e-07	2.38649	0
5.754751e-07	2.38646	0
5.755351e-07	2.38643	0
5.755951e-07	2.3864	0
5.756551e-07	2.38637	0
5.757151e-07	2.38633	0
5.757752e-07	2.3863	0
5.758352e-07	2.38627	0
5.758952e-07	2.38624	0
5.759552e-07	2.38621	0
5.760152e-07	2.38618	0
5.760752e-07	2.38614	0
5.761352e-07	2.38611	0
5.761952e-07	2.38608	0
5.762553e-07	2.38605	0
5.763153e-07	2.38602	0
5.763753e-07	2.38598	0
5.764353e-07	2.38595	0
5.764953e-07	2.38592	0
5.765553e-07	2.38589	0
5.766153e-07	2.38586	0
5.766753e-07	2.38583	0
5.767353e-07	2.38579	0
5.767954e-07	2.38576	0
5.768554e-07	2.38573	0
5.769154e-07	2.3857	0
5.769754e-07	2.38567	0
5.770354e-07	2.38564	0
5.770954e-07	2.38561	0
5.771554e-07	2.38557	0
5.772154e-07	2.38554	0
5.772755e-07	2.38551	0
5.773355e-07	2.38548	0
5.773955e-07	2.38545	0
5.774555e-07	2.38542	0
5.775155e-07	2.38538	0
5.775755e-07	2.38535	0
5.776355e-07	2.38532	0
5.776955e-07	2.38529	0
5.777556e-07	2.38526	0
5.778156e-07	2.38523	0
5.778756e-07	2.3852	0
5.779356e-07	2.38516	0
5.779956e-07	2.38513	0
5.780556e-07	2.3851	0
5.781156e-07	2.38507	0
5.781756e-07	2.38504	0
5.782356e-07	2.38501	0
5.782957e-07	2.38498	0
5.783557e-07	2.38495	0
5.784157e-07	2.38491	0
5.784757e-07	2.38488	0
5.785357e-07	2.38485	0
5.785957e-07	2.38482	0
5.786557e-07	2.38479	0
5.787157e-07	2.38476	0
5.787758e-07	2.38473	0
5.788358e-07	2.3847	0
5.788958e-07	2.38466	0
5.789558e-07	2.38463	0
5.790158e-07	2.3846	0
5.790758e-07	2.38457	0
5.791358e-07	2.38454	0
5.791958e-07	2.38451	0
5.792559e-07	2.38448	0
5.793159e-07	2.38445	0
5.793759e-07	2.38441	0
5.794359e-07	2.38438	0
5.794959e-07	2.38435	0
5.795559e-07	2.38432	0
5.796159e-07	2.38429	0
5.796759e-07	2.38426	0
5.797359e-07	2.38423	0
5.797960e-07	2.3842	0
5.798560e-07	2.38417	0
5.799160e-07	2.38413	0
5.799760e-07	2.3841	0
5.800360e-07	2.38407	0
5.800960e-07	2.38404	0
5.801560e-07	2.38401	0
5.802160e-07	2.38398	0
5.802761e-07	2.38395	0
5.803361e-07	2.38392	0
5.803961e-07	2.38389	0
5.804561e-07	2.38386	0
5.805161e-07	2.38383	0
5.805761e-07	2.38379	0
5.806361e-07	2.38376	0
5.806961e-07	2.38373	0
5.807562e-07	2.3837	0
5.808162e-07	2.38367	0
5.808762e-07	2.38364	0
5.809362e-07	2.38361	0
5.809962e-07	2.38358	0
5.810562e-07	2.38355	0
5.811162e-07	2.38352	0
5.811762e-07	2.38349	0
5.812362e-07	2.38345	0
5.812963e-07	2.38342	0
5.813563e-07	2.38339	0
5.814163e-07	2.38336	0
5.814763e-07	2.38333	0
5.815363e-07	2.3833	0
5.815963e-07	2.38327	0
5.816563e-07	2.38324	0
5.817163e-07	2.38321	0
5.817764e-07	2.38318	0
5.818364e-07	2.38315	0
5.818964e-07	2.38312	0
5.819564e-07	2.38309	0
5.820164e-07	2.38306	0
5.820764e-07	2.38303	0
5.821364e-07	2.38299	0
5.821964e-07	2.38296	0
5.822565e-07	2.38293	0
5.823165e-07	2.3829	0
5.823765e-07	2.38287	0
5.824365e-07	2.38284	0
5.824965e-07	2.38281	0
5.825565e-07	2.38278	0
5.826165e-07	2.38275	0
5.826765e-07	2.38272	0
5.827365e-07	2.38269	0
5.827966e-07	2.38266	0
5.828566e-07	2.38263	0
5.829166e-07	2.3826	0
5.829766e-07	2.38257	0
5.830366e-07	2.38254	0
5.830966e-07	2.38251	0
5.831566e-07	2.38248	0
5.832166e-07	2.38245	0
5.832767e-07	2.38241	0
5.833367e-07	2.38238	0
5.833967e-07	2.38235	0
5.834567e-07	2.38232	0
5.835167e-07	2.38229	0
5.835767e-07	2.38226	0
5.836367e-07	2.38223	0
5.836967e-07	2.3822	0
5.837568e-07	2.38217	0
5.838168e-07	2.38214	0
5.838768e-07	2.38211	0
5.839368e-07	2.38208	0
5.839968e-07	2.38205	0
5.840568e-07	2.38202	0
5.841168e-07	2.38199	0
5.841768e-07	2.38196	0
5.842368e-07	2.38193	0
5.842969e-07	2.3819	0
5.843569e-07	2.38187	0
5.844169e-07	2.38184	0
5.844769e-07	2.38181	0
5.845369e-07	2.38178	0
5.845969e-07	2.38175	0
5.846569e-07	2.38172	0
5.847169e-07	2.38169	0
5.847770e-07	2.38166	0
5.848370e-07	2.38163	0
5.848970e-07	2.3816	0
5.849570e-07	2.38157	0
5.850170e-07	2.38154	0
5.850770e-07	2.38151	0
5.851370e-07	2.38148	0
5.851970e-07	2.38145	0
5.852571e-07	2.38142	0
5.853171e-07	2.38139	0
5.853771e-07	2.38136	0
5.854371e-07	2.38133	0
5.854971e-07	2.3813	0
5.855571e-07	2.38127	0
5.856171e-07	2.38124	0
5.856771e-07	2.38121	0
5.857371e-07	2.38118	0
5.857972e-07	2.38115	0
5.858572e-07	2.38112	0
5.859172e-07	2.38109	0
5.859772e-07	2.38106	0
5.860372e-07	2.38103	0
5.860972e-07	2.381	0
5.861572e-07	2.38097	0
5.862172e-07	2.38094	0
5.862773e-07	2.38091	0
5.863373e-07	2.38088	0
5.863973e-07	2.38085	0
5.864573e-07	2.38082	0
5.865173e-07	2.38079	0
5.865773e-07	2.38076	0
5.866373e-07	2.38073	0
5.866973e-07	2.3807	0
5.867574e-07	2.38067	0
5.868174e-07	2.38064	0
5.868774e-07	2.38061	0
5.869374e-07	2.38058	0
5.869974e-07	2.38055	0
5.870574e-07	2.38052	0
5.871174e-07	2.38049	0
5.871774e-07	2.38046	0
5.872374e-07	2.38043	0
5.872975e-07	2.3804	0
5.873575e-07	2.38037	0
5.874175e-07	2.38034	0
5.874775e-07	2.38031	0
5.875375e-07	2.38028	0
5.875975e-07	2.38025	0
5.876575e-07	2.38022	0
5.877175e-07	2.38019	0
5.877776e-07	2.38016	0
5.878376e-07	2.38014	0
5.878976e-07	2.38011	0
5.879576e-07	2.38008	0
5.880176e-07	2.38005	0
5.880776e-07	2.38002	0
5.881376e-07	2.37999	0
5.881976e-07	2.37996	0
5.882577e-07	2.37993	0
5.883177e-07	2.3799	0
5.883777e-07	2.37987	0
5.884377e-07	2.37984	0
5.884977e-07	2.37981	0
5.885577e-07	2.37978	0
5.886177e-07	2.37975	0
5.886777e-07	2.37972	0
5.887377e-07	2.37969	0
5.887978e-07	2.37966	0
5.888578e-07	2.37963	0
5.889178e-07	2.3796	0
5.889778e-07	2.37957	0
5.890378e-07	2.37955	0
5.890978e-07	2.37952	0
5.891578e-07	2.37949	0
5.892178e-07	2.37946	0
5.892779e-07	2.37943	0
5.893379e-07	2.3794	0
5.893979e-07	2.37937	0
5.894579e-07	2.37934	0
5.895179e-07	2.37931	0
5.895779e-07	2.37928	0
5.896379e-07	2.37925	0
5.896979e-07	2.37922	0
5.897580e-07	2.37919	0
5.898180e-07	2.37916	0
5.898780e-07	2.37914	0
5.899380e-07	2.37911	0
5.899980e-07	2.37908	0
5.900580e-07	2.37905	0
5.901180e-07	2.37902	0
5.901780e-07	2.37899	0
5.902380e-07	2.37896	0
5.902981e-07	2.37893	0
5.903581e-07	2.3789	0
5.904181e-07	2.37887	0
5.904781e-07	2.37884	0
5.905381e-07	2.37881	0
5.905981e-07	2.37878	0
5.906581e-07	2.37876	0
5.907181e-07	2.37873	0
5.907782e-07	2.3787	0
5.908382e-07	2.37867	0
5.908982e-07	2.37864	0
5.909582e-07	2.37861	0
5.910182e-07	2.37858	0
5.910782e-07	2.37855	0
5.911382e-07	2.37852	0
5.911982e-07	2.37849	0
5.912583e-07	2.37847	0
5.913183e-07	2.37844	0
5.913783e-07	2.37841	0
5.914383e-07	2.37838	0
5.914983e-07	2.37835	0
5.915583e-07	2.37832	0
5.916183e-07	2.37829	0
5.916783e-07	2.37826	0
5.917383e-07	2.37823	0
5.917984e-07	2.3782	0
5.918584e-07	2.37818	0
5.919184e-07	2.37815	0
5.919784e-07	2.37812	0
5.920384e-07	2.37809	0
5.920984e-07	2.37806	0
5.921584e-07	2.37803	0
5.922184e-07	2.378	0
5.922785e-07	2.37797	0
5.923385e-07	2.37794	0
5.923985e-07	2.37792	0
5.924585e-07	2.37789	0
5.925185e-07	2.37786	0
5.925785e-07	2.37783	0
5.926385e-07	2.3778	0
5.926985e-07	2.37777	0
5.927586e-07	2.37774	0
5.928186e-07	2.37771	0
5.928786e-07	2.37769	0
5.929386e-07	2.37766	0
5.929986e-07	2.37763	0
5.930586e-07	2.3776	0
5.931186e-07	2.37757	0
5.931786e-07	2.37754	0
5.932386e-07	2.37751	0
5.932987e-07	2.37749	0
5.933587e-07	2.37746	0
5.934187e-07	2.37743	0
5.934787e-07	2.3774	0
5.935387e-07	2.37737	0
5.935987e-07	2.37734	0
5.936587e-07	2.37731	0
5.937187e-07	2.37728	0
5.937788e-07	2.37726	0
5.938388e-07	2.37723	0
5.938988e-07	2.3772	0
5.939588e-07	2.37717	0
5.940188e-07	2.37714	0
5.940788e-07	2.37711	0
5.941388e-07	2.37708	0
5.941988e-07	2.37706	0
5.942589e-07	2.37703	0
5.943189e-07	2.377	0
5.943789e-07	2.37697	0
5.944389e-07	2.37694	0
5.944989e-07	2.37691	0
5.945589e-07	2.37689	0
5.946189e-07	2.37686	0
5.946789e-07	2.37683	0
5.947389e-07	2.3768	0
5.947990e-07	2.37677	0
5.948590e-07	2.37674	0
5.949190e-07	2.37671	0
5.949790e-07	2.37669	0
5.950390e-07	2.37666	0
5.950990e-07	2.37663	0
5.951590e-07	2.3766	0
5.952190e-07	2.37657	0
5.952791e-07	2.37654	0
5.953391e-07	2.37652	0
5.953991e-07	2.37649	0
5.954591e-07	2.37646	0
5.955191e-07	2.37643	0
5.955791e-07	2.3764	0
5.956391e-07	2.37637	0
5.956991e-07	2.37635	0
5.957592e-07	2.37632	0
5.958192e-07	2.37629	0
5.958792e-07	2.37626	0
5.959392e-07	2.37623	0
5.959992e-07	2.37621	0
5.960592e-07	2.37618	0
5.961192e-07	2.37615	0
5.961792e-07	2.37612	0
5.962392e-07	2.37609	0
5.962993e-07	2.37606	0
5.963593e-07	2.37604	0
5.964193e-07	2.37601	0
5.964793e-07	2.37598	0
5.965393e-07	2.37595	0
5.965993e-07	2.37592	0
5.966593e-07	2.3759	0
5.967193e-07	2.37587	0
5.967794e-07	2.37584	0
5.968394e-07	2.37581	0
5.968994e-07	2.37578	0
5.969594e-07	2.37576	0
5.970194e-07	2.37573	0
5.970794e-07	2.3757	0
5.971394e-07	2.37567	0
5.971994e-07	2.37564	0
5.972595e-07	2.37562	0
5.973195e-07	2.37559	0
5.973795e-07	2.37556	0
5.974395e-07	2.37553	0
5.974995e-07	2.3755	0
5.975595e-07	2.37548	0
5.976195e-07	2.37545	0
5.976795e-07	2.37542	0
5.977395e-07	2.37539	0
5.977996e-07	2.37536	0
5.978596e-07	2.37534	0
5.979196e-07	2.37531	0
5.979796e-07	2.37528	0
5.980396e-07	2.37525	0
5.980996e-07	2.37522	0
5.981596e-07	2.3752	0
5.982196e-07	2.37517	0
5.982797e-07	2.37514	0
5.983397e-07	2.37511	0
5.983997e-07	2.37508	0
5.984597e-07	2.37506	0
5.985197e-07	2.37503	0
5.985797e-07	2.375	0
5.986397e-07	2.37497	0
5.986997e-07	2.37495	0
5.987598e-07	2.37492	0
5.988198e-07	2.37489	0
5.988798e-07	2.37486	0
5.989398e-07	2.37483	0
5.989998e-07	2.37481	0
5.990598e-07	2.37478	0
5.991198e-07	2.37475	0
5.991798e-07	2.37472	0
5.992398e-07	2.3747	0
5.992999e-07	2.37467	0
5.993599e-07	2.37464	0
5.994199e-07	2.37461	0
5.994799e-07	2.37459	0
5.995399e-07	2.37456	0
5.995999e-07	2.37453	0
5.996599e-07	2.3745	0
5.997199e-07	2.37447	0
5.997800e-07	2.37445	0
5.998400e-07	2.37442	0
5.999000e-07	2.37439	0
5.999600e-07	2.37436	0
6.000200e-07	2.37434	0
6.000800e-07	2.37431	0
6.001400e-07	2.37428	0
6.002000e-07	2.37425	0
6.002601e-07	2.37423	0
6.003201e-07	2.3742	0
6.003801e-07	2.37417	0
6.004401e-07	2.37414	0
6.005001e-07	2.37412	0
6.005601e-07	2.37409	0
6.006201e-07	2.37406	0
6.006801e-07	2.37403	0
6.007401e-07	2.37401	0
6.008002e-07	2.37398	0
6.008602e-07	2.37395	0
6.009202e-07	2.37392	0
6.009802e-07	2.3739	0
6.010402e-07	2.37387	0
6.011002e-07	2.37384	0
6.011602e-07	2.37381	0
6.012202e-07	2.37379	0
6.012803e-07	2.37376	0
6.013403e-07	2.37373	0
6.014003e-07	2.37371	0
6.014603e-07	2.37368	0
6.015203e-07	2.37365	0
6.015803e-07	2.37362	0
6.016403e-07	2.3736	0
6.017003e-07	2.37357	0
6.017604e-07	2.37354	0
6.018204e-07	2.37351	0
6.018804e-07	2.37349	0
6.019404e-07	2.37346	0
6.020004e-07	2.37343	0
6.020604e-07	2.37341	0
6.021204e-07	2.37338	0
6.021804e-07	2.37335	0
6.022404e-07	2.37332	0
6.023005e-07	2.3733	0
6.023605e-07	2.37327	0
6.024205e-07	2.37324	0
6.024805e-07	2.37321	0
6.025405e-07	2.37319	0
6.026005e-07	2.37316	0
6.026605e-07	2.37313	0
6.027205e-07	2.37311	0
6.027806e-07	2.37308	0
6.028406e-07	2.37305	0
6.029006e-07	2.37302	0
6.029606e-07	2.373	0
6.030206e-07	2.37297	0
6.030806e-07	2.37294	0
6.031406e-07	2.37292	0
6.032006e-07	2.37289	0
6.032607e-07	2.37286	0
6.033207e-07	2.37284	0
6.033807e-07	2.37281	0
6.034407e-07	2.37278	0
6.035007e-07	2.37275	0
6.035607e-07	2.37273	0
6.036207e-07	2.3727	0
6.036807e-07	2.37267	0
6.037407e-07	2.37265	0
6.038008e-07	2.37262	0
6.038608e-07	2.37259	0
6.039208e-07	2.37257	0
6.039808e-07	2.37254	0
6.040408e-07	2.37251	0
6.041008e-07	2.37248	0
6.041608e-07	2.37246	0
6.042208e-07	2.37243	0
6.042809e-07	2.3724	0
6.043409e-07	2.37238	0
6.044009e-07	2.37235	0
6.044609e-07	2.37232	0
6.045209e-07	2.3723	0
6.045809e-07	2.37227	0
6.046409e-07	2.37224	0
6.047009e-07	2.37222	0
6.047610e-07	2.37219	0
6.048210e-07	2.37216	0
6.048810e-07	2.37213	0
6.049410e-07	2.37211	0
6.050010e-07	2.37208	0
6.050610e-07	2.37205	0
6.051210e-07	2.37203	0
6.051810e-07	2.372	0
6.052410e-07	2.37197	0
6.053011e-07	2.37195	0
6.053611e-07	2.37192	0
6.054211e-07	2.37189	0
6.054811e-07	2.37187	0
6.055411e-07	2.37184	0
6.056011e-07	2.37181	0
6.056611e-07	2.37179	0
6.057211e-07	2.37176	0
6.057812e-07	2.37173	0
6.058412e-07	2.37171	0
6.059012e-07	2.37168	0
6.059612e-07	2.37165	0
6.060212e-07	2.37163	0
6.060812e-07	2.3716	0
6.061412e-07	2.37157	0
6.062012e-07	2.37155	0
6.062613e-07	2.37152	0
6.063213e-07	2.37149	0
6.063813e-07	2.37147	0
6.064413e-07	2.37144	0
6.065013e-07	2.37141	0
6.065613e-07	2.37139	0
6.066213e-07	2.37136	0
6.066813e-07	2.37133	0
6.067413e-07	2.37131	0
6.068014e-07	2.37128	0
6.068614e-07	2.37126	0
6.069214e-07	2.37123	0
6.069814e-07	2.3712	0
6.070414e-07	2.37118	0
6.071014e-07	2.37115	0
6.071614e-07	2.37112	0
6.072214e-07	2.3711	0
6.072815e-07	2.37107	0
6.073415e-07	2.37104	0
6.074015e-07	2.37102	0
6.074615e-07	2.37099	0
6.075215e-07	2.37096	0
6.075815e-07	2.37094	0
6.076415e-07	2.37091	0
6.077015e-07	2.37088	0
6.077616e-07	2.37086	0
6.078216e-07	2.37083	0
6.078816e-07	2.37081	0
6.079416e-07	2.37078	0
6.080016e-07	2.37075	0
6.080616e-07	2.37073	0
6.081216e-07	2.3707	0
6.081816e-07	2.37067	0
6.082416e-07	2.37065	0
6.083017e-07	2.37062	0
6.083617e-07	2.3706	0
6.084217e-07	2.37057	0
6.084817e-07	2.37054	0
6.085417e-07	2.37052	0
6.086017e-07	2.37049	0
6.086617e-07	2.37046	0
6.087217e-07	2.37044	0
6.087818e-07	2.37041	0
6.088418e-07	2.37039	0
6.089018e-07	2.37036	0
6.089618e-07	2.37033	0
6.090218e-07	2.37031	0
6.090818e-07	2.37028	0
6.091418e-07	2.37025	0
6.092018e-07	2.37023	0
6.092619e-07	2.3702	0
6.093219e-07	2.37018	0
6.093819e-07	2.37015	0
6.094419e-07	2.37012	0
6.095019e-07	2.3701	0
6.095619e-07	2.37007	0
6.096219e-07	2.37005	0
6.096819e-07	2.37002	0
6.097419e-07	2.36999	0
6.098020e-07	2.36997	0
6.098620e-07	2.36994	0
6.099220e-07	2.36991	0
6.099820e-07	2.36989	0
6.100420e-07	2.36986	0
6.101020e-07	2.36984	0
6.101620e-07	2.36981	0
6.102220e-07	2.36978	0
6.102821e-07	2.36976	0
6.103421e-07	2.36973	0
6.104021e-07	2.36971	0
6.104621e-07	2.36968	0
6.105221e-07	2.36965	0
6.105821e-07	2.36963	0
6.106421e-07	2.3696	0
6.107021e-07	2.36958	0
6.107622e-07	2.36955	0
6.108222e-07	2.36952	0
6.108822e-07	2.3695	0
6.109422e-07	2.36947	0
6.110022e-07	2.36945	0
6.110622e-07	2.36942	0
6.111222e-07	2.3694	0
6.111822e-07	2.36937	0
6.112422e-07	2.36934	0
6.113023e-07	2.36932	0
6.113623e-07	2.36929	0
6.114223e-07	2.36927	0
6.114823e-07	2.36924	0
6.115423e-07	2.36921	0
6.116023e-07	2.36919	0
6.116623e-07	2.36916	0
6.117223e-07	2.36914	0
6.117824e-07	2.36911	0
6.118424e-07	2.36909	0
6.119024e-07	2.36906	0
6.119624e-07	2.36903	0
6.120224e-07	2.36901	0
6.120824e-07	2.36898	0
6.121424e-07	2.36896	0
6.122024e-07	2.36893	0
6.122625e-07	2.36891	0
6.123225e-07	2.36888	0
6.123825e-07	2.36885	0
6.124425e-07	2.36883	0
6.125025e-07	2.3688	0
6.125625e-07	2.36878	0
6.126225e-07	2.36875	0
6.126825e-07	2.36873	0
6.127425e-07	2.3687	0
6.128026e-07	2.36867	0
6.128626e-07	2.36865	0
6.129226e-07	2.36862	0
6.129826e-07	2.3686	0
6.130426e-07	2.36857	0
6.131026e-07	2.36855	0
6.131626e-07	2.36852	0
6.132226e-07	2.36849	0
6.132827e-07	2.36847	0
6.133427e-07	2.36844	0
6.134027e-07	2.36842	0
6.134627e-07	2.36839	0
6.135227e-07	2.36837	0
6.135827e-07	2.36834	0
6.136427e-07	2.36832	0
6.137027e-07	2.36829	0
6.137628e-07	2.36826	0
6.138228e-07	2.36824	0
6.138828e-07	2.36821	0
6.139428e-07	2.36819	0
6.140028e-07	2.36816	0
6.140628e-07	2.36814	0
6.141228e-07	2.36811	0
6.141828e-07	2.36809	0
6.142428e-07	2.36806	0
6.143029e-07	2.36804	0
6.143629e-07	2.36801	0
6.144229e-07	2.36798	0
6.144829e-07	2.36796	0
6.145429e-07	2.36793	0
6.146029e-07	2.36791	0
6.146629e-07	2.36788	0
6.147229e-07	2.36786	0
6.147830e-07	2.36783	0
6.148430e-07	2.36781	0
6.149030e-07	2.36778	0
6.149630e-07	2.36776	0
6.150230e-07	2.36773	0
6.150830e-07	2.36771	0
6.151430e-07	2.36768	0
6.152030e-07	2.36766	0
6.152631e-07	2.36763	0
6.153231e-07	2.3676	0
6.153831e-07	2.36758	0
6.154431e-07	2.36755	0
6.155031e-07	2.36753	0
6.155631e-07	2.3675	0
6.156231e-07	2.36748	0
6.156831e-07	2.36745	0
6.157431e-07	2.36743	0
6.158032e-07	2.3674	0
6.158632e-07	2.36738	0
6.159232e-07	2.36735	0
6.159832e-07	2.36733	0
6.160432e-07	2.3673	0
6.161032e-07	2.36728	0
6.161632e-07	2.36725	0
6.162232e-07	2.36723	0
6.162833e-07	2.3672	0
6.163433e-07	2.36718	0
6.164033e-07	2.36715	0
6.164633e-07	2.36713	0
6.165233e-07	2.3671	0
6.165833e-07	2.36708	0
6.166433e-07	2.36705	0
6.167033e-07	2.36703	0
6.167634e-07	2.367	0
6.168234e-07	2.36698	0
6.168834e-07	2.36695	0
6.169434e-07	2.36693	0
6.170034e-07	2.3669	0
6.170634e-07	2.36688	0
6.171234e-07	2.36685	0
6.171834e-07	2.36683	0
6.172434e-07	2.3668	0
6.173035e-07	2.36678	0
6.173635e-07	2.36675	0
6.174235e-07	2.36673	0
6.174835e-07	2.3667	0
6.175435e-07	2.36668	0
6.176035e-07	2.36665	0
6.176635e-07	2.36663	0
6.177235e-07	2.3666	0
6.177836e-07	2.36658	0
6.178436e-07	2.36655	0
6.179036e-07	2.36653	0
6.179636e-07	2.3665	0
6.180236e-07	2.36648	0
6.180836e-07	2.36645	0
6.181436e-07	2.36643	0
6.182036e-07	2.3664	0
6.182637e-07	2.36638	0
6.183237e-07	2.36635	0
6.183837e-07	2.36633	0
6.184437e-07	2.3663	0
6.185037e-07	2.36628	0
6.185637e-07	2.36625	0
6.186237e-07	2.36623	0
6.186837e-07	2.3662	0
6.187437e-07	2.36618	0
6.188038e-07	2.36615	0
6.188638e-07	2.36613	0
6.189238e-07	2.3661	0
6.189838e-07	2.36608	0
6.190438e-07	2.36605	0
6.191038e-07	2.36603	0
6.191638e-07	2.366	0
6.192238e-07	2.36598	0
6.192839e-07	2.36595	0
6.193439e-07	2.36593	0
6.194039e-07	2.3659	0
6.194639e-07	2.36588	0
6.195239e-07	2.36586	0
6.195839e-07	2.36583	0
6.196439e-07	2.36581	0
6.197039e-07	2.36578	0
6.197640e-07	2.36576	0
6.198240e-07	2.36573	0
6.198840e-07	2.36571	0
6.199440e-07	2.36568	0
6.200040e-07	2.36566	0
6.200640e-07	2.36563	0
6.201240e-07	2.36561	0
6.201840e-07	2.36558	0
6.202440e-07	2.36556	0
6.203041e-07	2.36554	0
6.203641e-07	2.36551	0
6.204241e-07	2.36549	0
6.204841e-07	2.36546	0
6.205441e-07	2.36544	0
6.206041e-07	2.36541	0
6.206641e-07	2.36539	0
6.207241e-07	2.36536	0
6.207842e-07	2.36534	0
6.208442e-07	2.36531	0
6.209042e-07	2.36529	0
6.209642e-07	2.36527	0
6.210242e-07	2.36524	0
6.210842e-07	2.36522	0
6.211442e-07	2.36519	0
6.212042e-07	2.36517	0
6.212643e-07	2.36514	0
6.213243e-07	2.36512	0
6.213843e-07	2.36509	0
6.214443e-07	2.36507	0
6.215043e-07	2.36504	0
6.215643e-07	2.36502	0
6.216243e-07	2.365	0
6.216843e-07	2.36497	0
6.217443e-07	2.36495	0
6.218044e-07	2.36492	0
6.218644e-07	2.3649	0
6.219244e-07	2.36487	0
6.219844e-07	2.36485	0
6.220444e-07	2.36483	0
6.221044e-07	2.3648	0
6.221644e-07	2.36478	0
6.222244e-07	2.36475	0
6.222845e-07	2.36473	0
6.223445e-07	2.3647	0
6.224045e-07	2.36468	0
6.224645e-07	2.36465	0
6.225245e-07	2.36463	0
6.225845e-07	2.36461	0
6.226445e-07	2.36458	0
6.227045e-07	2.36456	0
6.227646e-07	2.36453	0
6.228246e-07	2.36451	0
6.228846e-07	2.36449	0
6.229446e-07	2.36446	0
6.230046e-07	2.36444	0
6.230646e-07	2.36441	0
6.231246e-07	2.36439	0
6.231846e-07	2.36436	0
6.232446e-07	2.36434	0
6.233047e-07	2.36432	0
6.233647e-07	2.36429	0
6.234247e-07	2.36427	0
6.234847e-07	2.36424	0
6.235447e-07	2.36422	0
6.236047e-07	2.36419	0
6.236647e-07	2.36417	0
6.237247e-07	2.36415	0
6.237848e-07	2.36412	0
6.238448e-07	2.3641	0
6.239048e-07	2.36407	0
6.239648e-07	2.36405	0
6.240248e-07	2.36403	0
6.240848e-07	2.364	0
6.241448e-07	2.36398	0
6.242048e-07	2.36395	0
6.242649e-07	2.36393	0
6.243249e-07	2.36391	0
6.243849e-07	2.36388	0
6.244449e-07	2.36386	0
6.245049e-07	2.36383	0
6.245649e-07	2.36381	0
6.246249e-07	2.36379	0
6.246849e-07	2.36376	0
6.247449e-07	2.36374	0
6.248050e-07	2.36371	0
6.248650e-07	2.36369	0
6.249250e-07	2.36367	0
6.249850e-07	2.36364	0
6.250450e-07	2.36362	0
6.251050e-07	2.36359	0
6.251650e-07	2.36357	0
6.252250e-07	2.36355	0
6.252851e-07	2.36352	0
6.253451e-07	2.3635	0
6.254051e-07	2.36347	0
6.254651e-07	2.36345	0
6.255251e-07	2.36343	0
6.255851e-07	2.3634	0
6.256451e-07	2.36338	0
6.257051e-07	2.36335	0
6.257652e-07	2.36333	0
6.258252e-07	2.36331	0
6.258852e-07	2.36328	0
6.259452e-07	2.36326	0
6.260052e-07	2.36323	0
6.260652e-07	2.36321	0
6.261252e-07	2.36319	0
6.261852e-07	2.36316	0
6.262452e-07	2.36314	0
6.263053e-07	2.36312	0
6.263653e-07	2.36309	0
6.264253e-07	2.36307	0
6.264853e-07	2.36304	0
6.265453e-07	2.36302	0
6.266053e-07	2.363	0
6.266653e-07	2.36297	0
6.267253e-07	2.36295	0
6.267854e-07	2.36293	0
6.268454e-07	2.3629	0
6.269054e-07	2.36288	0
6.269654e-07	2.36285	0
6.270254e-07	2.36283	0
6.270854e-07	2.36281	0
6.271454e-07	2.36278	0
6.272054e-07	2.36276	0
6.272655e-07	2.36274	0
6.273255e-07	2.36271	0
6.273855e-07	2.36269	0
6.274455e-07	2.36267	0
6.275055e-07	2.36264	0
6.275655e-07	2.36262	0
6.276255e-07	2.36259	0
6.276855e-07	2.36257	0
6.277455e-07	2.36255	0
6.278056e-07	2.36252	0
6.278656e-07	2.3625	0
6.279256e-07	2.36248	0
6.279856e-07	2.36245	0
6.280456e-07	2.36243	0
6.281056e-07	2.36241	0
6.281656e-07	2.36238	0
6.282256e-07	2.36236	0
6.282857e-07	2.36233	0
6.283457e-07	2.36231	0
6.284057e-07	2.36229	0
6.284657e-07	2.36226	0
6.285257e-07	2.36224	0
6.285857e-07	2.36222	0
6.286457e-07	2.36219	0
6.287057e-07	2.36217	0
6.287658e-07	2.36215	0
6.288258e-07	2.36212	0
6.288858e-07	2.3621	0
6.289458e-07	2.36208	0
6.290058e-07	2.36205	0
6.290658e-07	2.36203	0
6.291258e-07	2.36201	0
6.291858e-07	2.36198	0
6.292458e-07	2.36196	0
6.293059e-07	2.36194	0
6.293659e-07	2.36191	0
6.294259e-07	2.36189	0
6.294859e-07	2.36187	0
6.295459e-07	2.36184	0
6.296059e-07	2.36182	0
6.296659e-07	2.3618	0
6.297259e-07	2.36177	0
6.297860e-07	2.36175	0
6.298460e-07	2.36173	0
6.299060e-07	2.3617	0
6.299660e-07	2.36168	0
6.300260e-07	2.36166	0
6.300860e-07	2.36163	0
6.301460e-07	2.36161	0
6.302060e-07	2.36159	0
6.302661e-07	2.36156	0
6.303261e-07	2.36154	0
6.303861e-07	2.36152	0
6.304461e-07	2.36149	0
6.305061e-07	2.36147	0
6.305661e-07	2.36145	0
6.306261e-07	2.36142	0
6.306861e-07	2.3614	0
6.307461e-07	2.36138	0
6.308062e-07	2.36135	0
6.308662e-07	2.36133	0
6.309262e-07	2.36131	0
6.309862e-07	2.36128	0
6.310462e-07	2.36126	0
6.311062e-07	2.36124	0
6.311662e-07	2.36121	0
6.312262e-07	2.36119	0
6.312863e-07	2.36117	0
6.313463e-07	2.36114	0
6.314063e-07	2.36112	0
6.314663e-07	2.3611	0
6.315263e-07	2.36107	0
6.315863e-07	2.36105	0
6.316463e-07	2.36103	0
6.317063e-07	2.361	0
6.317664e-07	2.36098	0
6.318264e-07	2.36096	0
6.318864e-07	2.36094	0
6.319464e-07	2.36091	0
6.320064e-07	2.36089	0
6.320664e-07	2.36087	0
6.321264e-07	2.36084	0
6.321864e-07	2.36082	0
6.322464e-07	2.3608	0
6.323065e-07	2.36077	0
6.323665e-07	2.36075	0
6.324265e-07	2.36073	0
6.324865e-07	2.36071	0
6.325465e-07	2.36068	0
6.326065e-07	2.36066	0
6.326665e-07	2.36064	0
6.327265e-07	2.36061	0
6.327866e-07	2.36059	0
6.328466e-07	2.36057	0
6.329066e-07	2.36054	0
6.329666e-07	2.36052	0
6.330266e-07	2.3605	0
6.330866e-07	2.36048	0
6.331466e-07	2.36045	0
6.332066e-07	2.36043	0
6.332667e-07	2.36041	0
6.333267e-07	2.36038	0
6.333867e-07	2.36036	0
6.334467e-07	2.36034	0
6.335067e-07	2.36031	0
6.335667e-07	2.36029	0
6.336267e-07	2.36027	0
6.336867e-07	2.36025	0
6.337467e-07	2.36022	0
6.338068e-07	2.3602	0
6.338668e-07	2.36018	0
6.339268e-07	2.36015	0
6.339868e-07	2.36013	0
6.340468e-07	2.36011	0
6.341068e-07	2.36009	0
6.341668e-07	2.36006	0
6.342268e-07	2.36004	0
6.342869e-07	2.36002	0
6.343469e-07	2.36	0
6.344069e-07	2.35997	0
6.344669e-07	2.35995	0
6.345269e-07	2.35993	0
6.345869e-07	2.3599	0
6.346469e-07	2.35988	0
6.347069e-07	2.35986	0
6.347670e-07	2.35984	0
6.348270e-07	2.35981	0
6.348870e-07	2.35979	0
6.349470e-07	2.35977	0
6.350070e-07	2.35974	0
6.350670e-07	2.35972	0
6.351270e-07	2.3597	0
6.351870e-07	2.35968	0
6.352470e-07	2.35965	0
6.353071e-07	2.35963	0
6.353671e-07	2.35961	0
6.354271e-07	2.35959	0
6.354871e-07	2.35956	0
6.355471e-07	2.35954	0
6.356071e-07	2.35952	0
6.356671e-07	2.3595	0
6.357271e-07	2.35947	0
6.357872e-07	2.35945	0
6.358472e-07	2.35943	0
6.359072e-07	2.35941	0
6.359672e-07	2.35938	0
6.360272e-07	2.35936	0
6.360872e-07	2.35934	0
6.361472e-07	2.35931	0
6.362072e-07	2.35929	0
6.362673e-07	2.35927	0
6.363273e-07	2.35925	0
6.363873e-07	2.35922	0
6.364473e-07	2.3592	0
6.365073e-07	2.35918	0
6.365673e-07	2.35916	0
6.366273e-07	2.35913	0
6.366873e-07	2.35911	0
6.367473e-07	2.35909	0
6.368074e-07	2.35907	0
6.368674e-07	2.35904	0
6.369274e-07	2.35902	0
6.369874e-07	2.359	0
6.370474e-07	2.35898	0
6.371074e-07	2.35895	0
6.371674e-07	2.35893	0
6.372274e-07	2.35891	0
6.372875e-07	2.35889	0
6.373475e-07	2.35886	0
6.374075e-07	2.35884	0
6.374675e-07	2.35882	0
6.375275e-07	2.3588	0
6.375875e-07	2.35878	0
6.376475e-07	2.35875	0
6.377075e-07	2.35873	0
6.377676e-07	2.35871	0
6.378276e-07	2.35869	0
6.378876e-07	2.35866	0
6.379476e-07	2.35864	0
6.380076e-07	2.35862	0
6.380676e-07	2.3586	0
6.381276e-07	2.35857	0
6.381876e-07	2.35855	0
6.382476e-07	2.35853	0
6.383077e-07	2.35851	0
6.383677e-07	2.35848	0
6.384277e-07	2.35846	0
6.384877e-07	2.35844	0
6.385477e-07	2.35842	0
6.386077e-07	2.3584	0
6.386677e-07	2.35837	0
6.387277e-07	2.35835	0
6.387878e-07	2.35833	0
6.388478e-07	2.35831	0
6.389078e-07	2.35828	0
6.389678e-07	2.35826	0
6.390278e-07	2.35824	0
6.390878e-07	2.35822	0
6.391478e-07	2.3582	0
6.392078e-07	2.35817	0
6.392679e-07	2.35815	0
6.393279e-07	2.35813	0
6.393879e-07	2.35811	0
6.394479e-07	2.35808	0
6.395079e-07	2.35806	0
6.395679e-07	2.35804	0
6.396279e-07	2.35802	0
6.396879e-07	2.358	0
6.397479e-07	2.35797	0
6.398080e-07	2.35795	0
6.398680e-07	2.35793	0
6.399280e-07	2.35791	0
6.399880e-07	2.35788	0
6.400480e-07	2.35786	0
6.401080e-07	2.35784	0
6.401680e-07	2.35782	0
6.402280e-07	2.3578	0
6.402881e-07	2.35777	0
6.403481e-07	2.35775	0
6.404081e-07	2.35773	0
6.404681e-07	2.35771	0
6.405281e-07	2.35769	0
6.405881e-07	2.35766	0
6.406481e-07	2.35764	0
6.407081e-07	2.35762	0
6.407682e-07	2.3576	0
6.408282e-07	2.35758	0
6.408882e-07	2.35755	0
6.409482e-07	2.35753	0
6.410082e-07	2.35751	0
6.410682e-07	2.35749	0
6.411282e-07	2.35747	0
6.411882e-07	2.35744	0
6.412482e-07	2.35742	0
6.413083e-07	2.3574	0
6.413683e-07	2.35738	0
6.414283e-07	2.35736	0
6.414883e-07	2.35733	0
6.415483e-07	2.35731	0
6.416083e-07	2.35729	0
6.416683e-07	2.35727	0
6.417283e-07	2.35725	0
6.417884e-07	2.35722	0
6.418484e-07	2.3572	0
6.419084e-07	2.35718	0
6.419684e-07	2.35716	0
6.420284e-07	2.35714	0
6.420884e-07	2.35712	0
6.421484e-07	2.35709	0
6.422084e-07	2.35707	0
6.422685e-07	2.35705	0
6.423285e-07	2.35703	0
6.423885e-07	2.35701	0
6.424485e-07	2.35698	0
6.425085e-07	2.35696	0
6.425685e-07	2.35694	0
6.426285e-07	2.35692	0
6.426885e-07	2.3569	0
6.427485e-07	2.35688	0
6.428086e-07	2.35685	0
6.428686e-07	2.35683	0
6.429286e-07	2.35681	0
6.429886e-07	2.35679	0
6.430486e-07	2.35677	0
6.431086e-07	2.35674	0
6.431686e-07	2.35672	0
6.432286e-07	2.3567	0
6.432887e-07	2.35668	0
6.433487e-07	2.35666	0
6.434087e-07	2.35664	0
6.434687e-07	2.35661	0
6.435287e-07	2.35659	0
6.435887e-07	2.35657	0
6.436487e-07	2.35655	0
6.437087e-07	2.35653	0
6.437688e-07	2.35651	0
6.438288e-07	2.35648	0
6.438888e-07	2.35646	0
6.439488e-07	2.35644	0
6.440088e-07	2.35642	0
6.440688e-07	2.3564	0
6.441288e-07	2.35638	0
6.441888e-07	2.35635	0
6.442488e-07	2.35633	0
6.443089e-07	2.35631	0
6.443689e-07	2.35629	0
6.444289e-07	2.35627	0
6.444889e-07	2.35625	0
6.445489e-07	2.35622	0
6.446089e-07	2.3562	0
6.446689e-07	2.35618	0
6.447289e-07	2.35616	0
6.447890e-07	2.35614	0
6.448490e-07	2.35612	0
6.449090e-07	2.35609	0
6.449690e-07	2.35607	0
6.450290e-07	2.35605	0
6.450890e-07	2.35603	0
6.451490e-07	2.35601	0
6.452090e-07	2.35599	0
6.452691e-07	2.35597	0
6.453291e-07	2.35594	0
6.453891e-07	2.35592	0
6.454491e-07	2.3559	0
6.455091e-07	2.35588	0
6.455691e-07	2.35586	0
6.456291e-07	2.35584	0
6.456891e-07	2.35582	0
6.457491e-07	2.35579	0
6.458092e-07	2.35577	0
6.458692e-07	2.35575	0
6.459292e-07	2.35573	0
6.459892e-07	2.35571	0
6.460492e-07	2.35569	0
6.461092e-07	2.35567	0
6.461692e-07	2.35564	0
6.462292e-07	2.35562	0
6.462893e-07	2.3556	0
6.463493e-07	2.35558	0
6.464093e-07	2.35556	0
6.464693e-07	2.35554	0
6.465293e-07	2.35552	0
6.465893e-07	2.35549	0
6.466493e-07	2.35547	0
6.467093e-07	2.35545	0
6.467694e-07	2.35543	0
6.468294e-07	2.35541	0
6.468894e-07	2.35539	0
6.469494e-07	2.35537	0
6.470094e-07	2.35534	0
6.470694e-07	2.35532	0
6.471294e-07	2.3553	0
6.471894e-07	2.35528	0
6.472494e-07	2.35526	0
6.473095e-07	2.35524	0
6.473695e-07	2.35522	0
6.474295e-07	2.3552	0
6.474895e-07	2.35517	0
6.475495e-07	2.35515	0
6.476095e-07	2.35513	0
6.476695e-07	2.35511	0
6.477295e-07	2.35509	0
6.477896e-07	2.35507	0
6.478496e-07	2.35505	0
6.479096e-07	2.35503	0
6.479696e-07	2.355	0
6.480296e-07	2.35498	0
6.480896e-07	2.35496	0
6.481496e-07	2.35494	0
6.482096e-07	2.35492	0
6.482697e-07	2.3549	0
6.483297e-07	2.35488	0
6.483897e-07	2.35486	0
6.484497e-07	2.35484	0
6.485097e-07	2.35481	0
6.485697e-07	2.35479	0
6.486297e-07	2.35477	0
6.486897e-07	2.35475	0
6.487497e-07	2.35473	0
6.488098e-07	2.35471	0
6.488698e-07	2.35469	0
6.489298e-07	2.35467	0
6.489898e-07	2.35465	0
6.490498e-07	2.35462	0
6.491098e-07	2.3546	0
6.491698e-07	2.35458	0
6.492298e-07	2.35456	0
6.492899e-07	2.35454	0
6.493499e-07	2.35452	0
6.494099e-07	2.3545	0
6.494699e-07	2.35448	0
6.495299e-07	2.35446	0
6.495899e-07	2.35443	0
6.496499e-07	2.35441	0
6.497099e-07	2.35439	0
6.497700e-07	2.35437	0
6.498300e-07	2.35435	0
6.498900e-07	2.35433	0
6.499500e-07	2.35431	0
6.500100e-07	2.35429	0
6.500700e-07	2.35427	0
6.501300e-07	2.35425	0
6.501900e-07	2.35422	0
6.502501e-07	2.3542	0
6.503101e-07	2.35418	0
6.503701e-07	2.35416	0
6.504301e-07	2.35414	0
6.504901e-07	2.35412	0
6.505501e-07	2.3541	0
6.506101e-07	2.35408	0
6.506701e-07	2.35406	0
6.507301e-07	2.35404	0
6.507902e-07	2.35402	0
6.508502e-07	2.35399	0
6.509102e-07	2.35397	0
6.509702e-07	2.35395	0
6.510302e-07	2.35393	0
6.510902e-07	2.35391	0
6.511502e-07	2.35389	0
6.512102e-07	2.35387	0
6.512703e-07	2.35385	0
6.513303e-07	2.35383	0
6.513903e-07	2.35381	0
6.514503e-07	2.35379	0
6.515103e-07	2.35377	0
6.515703e-07	2.35374	0
6.516303e-07	2.35372	0
6.516903e-07	2.3537	0
6.517504e-07	2.35368	0
6.518104e-07	2.35366	0
6.518704e-07	2.35364	0
6.519304e-07	2.35362	0
6.519904e-07	2.3536	0
6.520504e-07	2.35358	0
6.521104e-07	2.35356	0
6.521704e-07	2.35354	0
6.522304e-07	2.35352	0
6.522905e-07	2.35349	0
6.523505e-07	2.35347	0
6.524105e-07	2.35345	0
6.524705e-07	2.35343	0
6.525305e-07	2.35341	0
6.525905e-07	2.35339	0
6.526505e-07	2.35337	0
6.527105e-07	2.35335	0
6.527706e-07	2.35333	0
6.528306e-07	2.35331	0
6.528906e-07	2.35329	0
6.529506e-07	2.35327	0
6.530106e-07	2.35325	0
6.530706e-07	2.35323	0
6.531306e-07	2.35321	0
6.531906e-07	2.35318	0
6.532507e-07	2.35316	0
6.533107e-07	2.35314	0
6.533707e-07	2.35312	0
6.534307e-07	2.3531	0
6.534907e-07	2.35308	0
6.535507e-07	2.35306	0
6.536107e-07	2.35304	0
6.536707e-07	2.35302	0
6.537307e-07	2.353	0
6.537908e-07	2.35298	0
6.538508e-07	2.35296	0
6.539108e-07	2.35294	0
6.539708e-07	2.35292	0
6.540308e-07	2.3529	0
6.540908e-07	2.35288	0
6.541508e-07	2.35286	0
6.542108e-07	2.35283	0
6.542709e-07	2.35281	0
6.543309e-07	2.35279	0
6.543909e-07	2.35277	0
6.544509e-07	2.35275	0
6.545109e-07	2.35273	0
6.545709e-07	2.35271	0
6.546309e-07	2.35269	0
6.546909e-07	2.35267	0
6.547510e-07	2.35265	0
6.548110e-07	2.35263	0
6.548710e-07	2.35261	0
6.549310e-07	2.35259	0
6.549910e-07	2.35257	0
6.550510e-07	2.35255	0
6.551110e-07	2.35253	0
6.551710e-07	2.35251	0
6.552310e-07	2.35249	0
6.552911e-07	2.35247	0
6.553511e-07	2.35245	0
6.554111e-07	2.35243	0
6.554711e-07	2.3524	0
6.555311e-07	2.35238	0
6.555911e-07	2.35236	0
6.556511e-07	2.35234	0
6.557111e-07	2.35232	0
6.557712e-07	2.3523	0
6.558312e-07	2.35228	0
6.558912e-07	2.35226	0
6.559512e-07	2.35224	0
6.560112e-07	2.35222	0
6.560712e-07	2.3522	0
6.561312e-07	2.35218	0
6.561912e-07	2.35216	0
6.562513e-07	2.35214	0
6.563113e-07	2.35212	0
6.563713e-07	2.3521	0
6.564313e-07	2.35208	0
6.564913e-07	2.35206	0
6.565513e-07	2.35204	0
6.566113e-07	2.35202	0
6.566713e-07	2.352	0
6.567313e-07	2.35198	0
6.567914e-07	2.35196	0
6.568514e-07	2.35194	0
6.569114e-07	2.35192	0
6.569714e-07	2.3519	0
6.570314e-07	2.35188	0
6.570914e-07	2.35186	0
6.571514e-07	2.35184	0
6.572114e-07	2.35182	0
6.572715e-07	2.3518	0
6.573315e-07	2.35178	0
6.573915e-07	2.35176	0
6.574515e-07	2.35174	0
6.575115e-07	2.35171	0
6.575715e-07	2.35169	0
6.576315e-07	2.35167	0
6.576915e-07	2.35165	0
6.577516e-07	2.35163	0
6.578116e-07	2.35161	0
6.578716e-07	2.35159	0
6.579316e-07	2.35157	0
6.579916e-07	2.35155	0
6.580516e-07	2.35153	0
6.581116e-07	2.35151	0
6.581716e-07	2.35149	0
6.582316e-07	2.35147	0
6.582917e-07	2.35145	0
6.583517e-07	2.35143	0
6.584117e-07	2.35141	0
6.584717e-07	2.35139	0
6.585317e-07	2.35137	0
6.585917e-07	2.35135	0
6.586517e-07	2.35133	0
6.587117e-07	2.35131	0
6.587718e-07	2.35129	0
6.588318e-07	2.35127	0
6.588918e-07	2.35125	0
6.589518e-07	2.35123	0
6.590118e-07	2.35121	0
6.590718e-07	2.35119	0
6.591318e-07	2.35117	0
6.591918e-07	2.35115	0
6.592519e-07	2.35113	0
6.593119e-07	2.35111	0
6.593719e-07	2.35109	0
6.594319e-07	2.35107	0
6.594919e-07	2.35105	0
6.595519e-07	2.35103	0
6.596119e-07	2.35101	0
6.596719e-07	2.35099	0
6.597319e-07	2.35097	0
6.597920e-07	2.35095	0
6.598520e-07	2.35093	0
6.599120e-07	2.35091	0
6.599720e-07	2.35089	0
6.600320e-07	2.35087	0
6.600920e-07	2.35085	0
6.601520e-07	2.35083	0
6.602120e-07	2.35081	0
6.602721e-07	2.35079	0
6.603321e-07	2.35077	0
6.603921e-07	2.35075	0
6.604521e-07	2.35073	0
6.605121e-07	2.35071	0
6.605721e-07	2.35069	0
6.606321e-07	2.35067	0
6.606921e-07	2.35065	0
6.607522e-07	2.35063	0
6.608122e-07	2.35061	0
6.608722e-07	2.35059	0
6.609322e-07	2.35057	0
6.609922e-07	2.35055	0
6.610522e-07	2.35053	0
6.611122e-07	2.35051	0
6.611722e-07	2.35049	0
6.612322e-07	2.35048	0
6.612923e-07	2.35046	0
6.613523e-07	2.35044	0
6.614123e-07	2.35042	0
6.614723e-07	2.3504	0
6.615323e-07	2.35038	0
6.615923e-07	2.35036	0
6.616523e-07	2.35034	0
6.617123e-07	2.35032	0
6.617724e-07	2.3503	0
6.618324e-07	2.35028	0
6.618924e-07	2.35026	0
6.619524e-07	2.35024	0
6.620124e-07	2.35022	0
6.620724e-07	2.3502	0
6.621324e-07	2.35018	0
6.621924e-07	2.35016	0
6.622525e-07	2.35014	0
6.623125e-07	2.35012	0
6.623725e-07	2.3501	0
6.624325e-07	2.35008	0
6.624925e-07	2.35006	0
6.625525e-07	2.35004	0
6.626125e-07	2.35002	0
6.626725e-07	2.35	0
6.627325e-07	2.34998	0
6.627926e-07	2.34996	0
6.628526e-07	2.34994	0
6.629126e-07	2.34992	0
6.629726e-07	2.3499	0
6.630326e-07	2.34988	0
6.630926e-07	2.34986	0
6.631526e-07	2.34984	0
6.632126e-07	2.34982	0
6.632727e-07	2.34981	0
6.633327e-07	2.34979	0
6.633927e-07	2.34977	0
6.634527e-07	2.34975	0
6.635127e-07	2.34973	0
6.635727e-07	2.34971	0
6.636327e-07	2.34969	0
6.636927e-07	2.34967	0
6.637528e-07	2.34965	0
6.638128e-07	2.34963	0
6.638728e-07	2.34961	0
6.639328e-07	2.34959	0
6.639928e-07	2.34957	0
6.640528e-07	2.34955	0
6.641128e-07	2.34953	0
6.641728e-07	2.34951	0
6.642328e-07	2.34949	0
6.642929e-07	2.34947	0
6.643529e-07	2.34945	0
6.644129e-07	2.34943	0
6.644729e-07	2.34941	0
6.645329e-07	2.34939	0
6.645929e-07	2.34938	0
6.646529e-07	2.34936	0
6.647129e-07	2.34934	0
6.647730e-07	2.34932	0
6.648330e-07	2.3493	0
6.648930e-07	2.34928	0
6.649530e-07	2.34926	0
6.650130e-07	2.34924	0
6.650730e-07	2.34922	0
6.651330e-07	2.3492	0
6.651930e-07	2.34918	0
6.652531e-07	2.34916	0
6.653131e-07	2.34914	0
6.653731e-07	2.34912	0
6.654331e-07	2.3491	0
6.654931e-07	2.34908	0
6.655531e-07	2.34906	0
6.656131e-07	2.34905	0
6.656731e-07	2.34903	0
6.657331e-07	2.34901	0
6.657932e-07	2.34899	0
6.658532e-07	2.34897	0
6.659132e-07	2.34895	0
6.659732e-07	2.34893	0
6.660332e-07	2.34891	0
6.660932e-07	2.34889	0
6.661532e-07	2.34887	0
6.662132e-07	2.34885	0
6.662733e-07	2.34883	0
6.663333e-07	2.34881	0
6.663933e-07	2.34879	0
6.664533e-07	2.34877	0
6.665133e-07	2.34876	0
6.665733e-07	2.34874	0
6.666333e-07	2.34872	0
6.666933e-07	2.3487	0
6.667534e-07	2.34868	0
6.668134e-07	2.34866	0
6.668734e-07	2.34864	0
6.669334e-07	2.34862	0
6.669934e-07	2.3486	0
6.670534e-07	2.34858	0
6.671134e-07	2.34856	0
6.671734e-07	2.34854	0
6.672334e-07	2.34852	0
6.672935e-07	2.34851	0
6.673535e-07	2.34849	0
6.674135e-07	2.34847	0
6.674735e-07	2.34845	0
6.675335e-07	2.34843	0
6.675935e-07	2.34841	0
6.676535e-07	2.34839	0
6.677135e-07	2.34837	0
6.677736e-07	2.34835	0
6.678336e-07	2.34833	0
6.678936e-07	2.34831	0
6.679536e-07	2.34829	0
6.680136e-07	2.34827	0
6.680736e-07	2.34826	0
6.681336e-07	2.34824	0
6.681936e-07	2.34822	0
6.682537e-07	2.3482	0
6.683137e-07	2.34818	0
6.683737e-07	2.34816	0
6.684337e-07	2.34814	0
6.684937e-07	2.34812	0
6.685537e-07	2.3481	0
6.686137e-07	2.34808	0
6.686737e-07	2.34806	0
6.687337e-07	2.34805	0
6.687938e-07	2.34803	0
6.688538e-07	2.34801	0
6.689138e-07	2.34799	0
6.689738e-07	2.34797	0
6.690338e-07	2.34795	0
6.690938e-07	2.34793	0
6.691538e-07	2.34791	0
6.692138e-07	2.34789	0
6.692739e-07	2.34787	0
6.693339e-07	2.34786	0
6.693939e-07	2.34784	0
6.694539e-07	2.34782	0
6.695139e-07	2.3478	0
6.695739e-07	2.34778	0
6.696339e-07	2.34776	0
6.696939e-07	2.34774	0
6.697540e-07	2.34772	0
6.698140e-07	2.3477	0
6.698740e-07	2.34768	0
6.699340e-07	2.34767	0
6.699940e-07	2.34765	0
6.700540e-07	2.34763	0
6.701140e-07	2.34761	0
6.701740e-07	2.34759	0
6.702340e-07	2.34757	0
6.702941e-07	2.34755	0
6.703541e-07	2.34753	0
6.704141e-07	2.34751	0
6.704741e-07	2.3475	0
6.705341e-07	2.34748	0
6.705941e-07	2.34746	0
6.706541e-07	2.34744	0
6.707141e-07	2.34742	0
6.707742e-07	2.3474	0
6.708342e-07	2.34738	0
6.708942e-07	2.34736	0
6.709542e-07	2.34734	0
6.710142e-07	2.34733	0
6.710742e-07	2.34731	0
6.711342e-07	2.34729	0
6.711942e-07	2.34727	0
6.712543e-07	2.34725	0
6.713143e-07	2.34723	0
6.713743e-07	2.34721	0
6.714343e-07	2.34719	0
6.714943e-07	2.34717	0
6.715543e-07	2.34716	0
6.716143e-07	2.34714	0
6.716743e-07	2.34712	0
6.717343e-07	2.3471	0
6.717944e-07	2.34708	0
6.718544e-07	2.34706	0
6.719144e-07	2.34704	0
6.719744e-07	2.34702	0
6.720344e-07	2.34701	0
6.720944e-07	2.34699	0
6.721544e-07	2.34697	0
6.722144e-07	2.34695	0
6.722745e-07	2.34693	0
6.723345e-07	2.34691	0
6.723945e-07	2.34689	0
6.724545e-07	2.34687	0
6.725145e-07	2.34686	0
6.725745e-07	2.34684	0
6.726345e-07	2.34682	0
6.726945e-07	2.3468	0
6.727546e-07	2.34678	0
6.728146e-07	2.34676	0
6.728746e-07	2.34674	0
6.729346e-07	2.34672	0
6.729946e-07	2.34671	0
6.730546e-07	2.34669	0
6.731146e-07	2.34667	0
6.731746e-07	2.34665	0
6.732346e-07	2.34663	0
6.732947e-07	2.34661	0
6.733547e-07	2.34659	0
6.734147e-07	2.34658	0
6.734747e-07	2.34656	0
6.735347e-07	2.34654	0
6.735947e-07	2.34652	0
6.736547e-07	2.3465	0
6.737147e-07	2.34648	0
6.737748e-07	2.34646	0
6.738348e-07	2.34645	0
6.738948e-07	2.34643	0
6.739548e-07	2.34641	0
6.740148e-07	2.34639	0
6.740748e-07	2.34637	0
6.741348e-07	2.34635	0
6.741948e-07	2.34633	0
6.742549e-07	2.34632	0
6.743149e-07	2.3463	0
6.743749e-07	2.34628	0
6.744349e-07	2.34626	0
6.744949e-07	2.34624	0
6.745549e-07	2.34622	0
6.746149e-07	2.3462	0
6.746749e-07	2.34619	0
6.747349e-07	2.34617	0
6.747950e-07	2.34615	0
6.748550e-07	2.34613	0
6.749150e-07	2.34611	0
6.749750e-07	2.34609	0
6.750350e-07	2.34607	0
6.750950e-07	2.34606	0
6.751550e-07	2.34604	0
6.752150e-07	2.34602	0
6.752751e-07	2.346	0
6.753351e-07	2.34598	0
6.753951e-07	2.34596	0
6.754551e-07	2.34595	0
6.755151e-07	2.34593	0
6.755751e-07	2.34591	0
6.756351e-07	2.34589	0
6.756951e-07	2.34587	0
6.757552e-07	2.34585	0
6.758152e-07	2.34583	0
6.758752e-07	2.34582	0
6.759352e-07	2.3458	0
6.759952e-07	2.34578	0
6.760552e-07	2.34576	0
6.761152e-07	2.34574	0
6.761752e-07	2.34572	0
6.762352e-07	2.34571	0
6.762953e-07	2.34569	0
6.763553e-07	2.34567	0
6.764153e-07	2.34565	0
6.764753e-07	2.34563	0
6.765353e-07	2.34561	0
6.765953e-07	2.3456	0
6.766553e-07	2.34558	0
6.767153e-07	2.34556	0
6.767754e-07	2.34554	0
6.768354e-07	2.34552	0
6.768954e-07	2.3455	0
6.769554e-07	2.34549	0
6.770154e-07	2.34547	0
6.770754e-07	2.34545	0
6.771354e-07	2.34543	0
6.771954e-07	2.34541	0
6.772555e-07	2.34539	0
6.773155e-07	2.34538	0
6.773755e-07	2.34536	0
6.774355e-07	2.34534	0
6.774955e-07	2.34532	0
6.775555e-07	2.3453	0
6.776155e-07	2.34528	0
6.776755e-07	2.34527	0
6.777355e-07	2.34525	0
6.777956e-07	2.34523	0
6.778556e-07	2.34521	0
6.779156e-07	2.34519	0
6.779756e-07	2.34518	0
6.780356e-07	2.34516	0
6.780956e-07	2.34514	0
6.781556e-07	2.34512	0
6.782156e-07	2.3451	0
6.782757e-07	2.34508	0
6.783357e-07	2.34507	0
6.783957e-07	2.34505	0
6.784557e-07	2.34503	0
6.785157e-07	2.34501	0
6.785757e-07	2.34499	0
6.786357e-07	2.34498	0
6.786957e-07	2.34496	0
6.787558e-07	2.34494	0
6.788158e-07	2.34492	0
6.788758e-07	2.3449	0
6.789358e-07	2.34488	0
6.789958e-07	2.34487	0
6.790558e-07	2.34485	0
6.791158e-07	2.34483	0
6.791758e-07	2.34481	0
6.792358e-07	2.34479	0
6.792959e-07	2.34478	0
6.793559e-07	2.34476	0
6.794159e-07	2.34474	0
6.794759e-07	2.34472	0
6.795359e-07	2.3447	0
6.795959e-07	2.34469	0
6.796559e-07	2.34467	0
6.797159e-07	2.34465	0
6.797760e-07	2.34463	0
6.798360e-07	2.34461	0
6.798960e-07	2.3446	0
6.799560e-07	2.34458	0
6.800160e-07	2.34456	0
6.800760e-07	2.34454	0
6.801360e-07	2.34452	0
6.801960e-07	2.34451	0
6.802561e-07	2.34449	0
6.803161e-07	2.34447	0
6.803761e-07	2.34445	0
6.804361e-07	2.34443	0
6.804961e-07	2.34442	0
6.805561e-07	2.3444	0
6.806161e-07	2.34438	0
6.806761e-07	2.34436	0
6.807361e-07	2.34434	0
6.807962e-07	2.34433	0
6.808562e-07	2.34431	0
6.809162e-07	2.34429	0
6.809762e-07	2.34427	0
6.810362e-07	2.34425	0
6.810962e-07	2.34424	0
6.811562e-07	2.34422	0
6.812162e-07	2.3442	0
6.812763e-07	2.34418	0
6.813363e-07	2.34416	0
6.813963e-07	2.34415	0
6.814563e-07	2.34413	0
6.815163e-07	2.34411	0
6.815763e-07	2.34409	0
6.816363e-07	2.34407	0
6.816963e-07	2.34406	0
6.817564e-07	2.34404	0
6.818164e-07	2.34402	0
6.818764e-07	2.344	0
6.819364e-07	2.34398	0
6.819964e-07	2.34397	0
6.820564e-07	2.34395	0
6.821164e-07	2.34393	0
6.821764e-07	2.34391	0
6.822364e-07	2.3439	0
6.822965e-07	2.34388	0
6.823565e-07	2.34386	0
6.824165e-07	2.34384	0
6.824765e-07	2.34382	0
6.825365e-07	2.34381	0
6.825965e-07	2.34379	0
6.826565e-07	2.34377	0
6.827165e-07	2.34375	0
6.827766e-07	2.34374	0
6.828366e-07	2.34372	0
6.828966e-07	2.3437	0
6.829566e-07	2.34368	0
6.830166e-07	2.34366	0
6.830766e-07	2.34365	0
6.831366e-07	2.34363	0
6.831966e-07	2.34361	0
6.832567e-07	2.34359	0
6.833167e-07	2.34358	0
6.833767e-07	2.34356	0
6.834367e-07	2.34354	0
6.834967e-07	2.34352	0
6.835567e-07	2.3435	0
6.836167e-07	2.34349	0
6.836767e-07	2.34347	0
6.837367e-07	2.34345	0
6.837968e-07	2.34343	0
6.838568e-07	2.34342	0
6.839168e-07	2.3434	0
6.839768e-07	2.34338	0
6.840368e-07	2.34336	0
6.840968e-07	2.34335	0
6.841568e-07	2.34333	0
6.842168e-07	2.34331	0
6.842769e-07	2.34329	0
6.843369e-07	2.34327	0
6.843969e-07	2.34326	0
6.844569e-07	2.34324	0
6.845169e-07	2.34322	0
6.845769e-07	2.3432	0
6.846369e-07	2.34319	0
6.846969e-07	2.34317	0
6.847570e-07	2.34315	0
6.848170e-07	2.34313	0
6.848770e-07	2.34312	0
6.849370e-07	2.3431	0
6.849970e-07	2.34308	0
6.850570e-07	2.34306	0
6.851170e-07	2.34305	0
6.851770e-07	2.34303	0
6.852370e-07	2.34301	0
6.852971e-07	2.34299	0
6.853571e-07	2.34298	0
6.854171e-07	2.34296	0
6.854771e-07	2.34294	0
6.855371e-07	2.34292	0
6.855971e-07	2.3429	0
6.856571e-07	2.34289	0
6.857171e-07	2.34287	0
6.857772e-07	2.34285	0
6.858372e-07	2.34283	0
6.858972e-07	2.34282	0
6.859572e-07	2.3428	0
6.860172e-07	2.34278	0
6.860772e-07	2.34276	0
6.861372e-07	2.34275	0
6.861972e-07	2.34273	0
6.862573e-07	2.34271	0
6.863173e-07	2.34269	0
6.863773e-07	2.34268	0
6.864373e-07	2.34266	0
6.864973e-07	2.34264	0
6.865573e-07	2.34262	0
6.866173e-07	2.34261	0
6.866773e-07	2.34259	0
6.867373e-07	2.34257	0
6.867974e-07	2.34255	0
6.868574e-07	2.34254	0
6.869174e-07	2.34252	0
6.869774e-07	2.3425	0
6.870374e-07	2.34249	0
6.870974e-07	2.34247	0
6.871574e-07	2.34245	0
6.872174e-07	2.34243	0
6.872775e-07	2.34242	0
6.873375e-07	2.3424	0
6.873975e-07	2.34238	0
6.874575e-07	2.34236	0
6.875175e-07	2.34235	0
6.875775e-07	2.34233	0
6.876375e-07	2.34231	0
6.876975e-07	2.34229	0
6.877576e-07	2.34228	0
6.878176e-07	2.34226	0
6.878776e-07	2.34224	0
6.879376e-07	2.34222	0
6.879976e-07	2.34221	0
6.880576e-07	2.34219	0
6.881176e-07	2.34217	0
6.881776e-07	2.34215	0
6.882376e-07	2.34214	0
6.882977e-07	2.34212	0
6.883577e-07	2.3421	0
6.884177e-07	2.34209	0
6.884777e-07	2.34207	0
6.885377e-07	2.34205	0
6.885977e-07	2.34203	0
6.886577e-07	2.34202	0
6.887177e-07	2.342	0
6.887778e-07	2.34198	0
6.888378e-07	2.34196	0
6.888978e-07	2.34195	0
6.889578e-07	2.34193	0
6.890178e-07	2.34191	0
6.890778e-07	2.3419	0
6.891378e-07	2.34188	0
6.891978e-07	2.34186	0
6.892579e-07	2.34184	0
6.893179e-07	2.34183	0
6.893779e-07	2.34181	0
6.894379e-07	2.34179	0
6.894979e-07	2.34177	0
6.895579e-07	2.34176	0
6.896179e-07	2.34174	0
6.896779e-07	2.34172	0
6.897379e-07	2.34171	0
6.897980e-07	2.34169	0
6.898580e-07	2.34167	0
6.899180e-07	2.34165	0
6.899780e-07	2.34164	0
6.900380e-07	2.34162	0
6.900980e-07	2.3416	0
6.901580e-07	2.34159	0
6.902180e-07	2.34157	0
6.902781e-07	2.34155	0
6.903381e-07	2.34153	0
6.903981e-07	2.34152	0
6.904581e-07	2.3415	0
6.905181e-07	2.34148	0
6.905781e-07	2.34147	0
6.906381e-07	2.34145	0
6.906981e-07	2.34143	0
6.907582e-07	2.34141	0
6.908182e-07	2.3414	0
6.908782e-07	2.34138	0
6.909382e-07	2.34136	0
6.909982e-07	2.34135	0
6.910582e-07	2.34133	0
6.911182e-07	2.34131	0
6.911782e-07	2.34129	0
6.912382e-07	2.34128	0
6.912983e-07	2.34126	0
6.913583e-07	2.34124	0
6.914183e-07	2.34123	0
6.914783e-07	2.34121	0
6.915383e-07	2.34119	0
6.915983e-07	2.34118	0
6.916583e-07	2.34116	0
6.917183e-07	2.34114	0
6.917784e-07	2.34112	0
6.918384e-07	2.34111	0
6.918984e-07	2.34109	0
6.919584e-07	2.34107	0
6.920184e-07	2.34106	0
6.920784e-07	2.34104	0
6.921384e-07	2.34102	0
6.921984e-07	2.34101	0
6.922585e-07	2.34099	0
6.923185e-07	2.34097	0
6.923785e-07	2.34095	0
6.924385e-07	2.34094	0
6.924985e-07	2.34092	0
6.925585e-07	2.3409	0
6.926185e-07	2.34089	0
6.926785e-07	2.34087	0
6.927385e-07	2.34085	0
6.927986e-07	2.34084	0
6.928586e-07	2.34082	0
6.929186e-07	2.3408	0
6.929786e-07	2.34078	0
6.930386e-07	2.34077	0
6.930986e-07	2.34075	0
6.931586e-07	2.34073	0
6.932186e-07	2.34072	0
6.932787e-07	2.3407	0
6.933387e-07	2.34068	0
6.933987e-07	2.34067	0
6.934587e-07	2.34065	0
6.935187e-07	2.34063	0
6.935787e-07	2.34062	0
6.936387e-07	2.3406	0
6.936987e-07	2.34058	0
6.937588e-07	2.34056	0
6.938188e-07	2.34055	0
6.938788e-07	2.34053	0
6.939388e-07	2.34051	0
6.939988e-07	2.3405	0
6.940588e-07	2.34048	0
6.941188e-07	2.34046	0
6.941788e-07	2.34045	0
6.942388e-07	2.34043	0
6.942989e-07	2.34041	0
6.943589e-07	2.3404	0
6.944189e-07	2.34038	0
6.944789e-07	2.34036	0
6.945389e-07	2.34035	0
6.945989e-07	2.34033	0
6.946589e-07	2.34031	0
6.947189e-07	2.3403	0
6.947790e-07	2.34028	0
6.948390e-07	2.34026	0
6.948990e-07	2.34025	0
6.949590e-07	2.34023	0
6.950190e-07	2.34021	0
6.950790e-07	2.34019	0
6.951390e-07	2.34018	0
6.951990e-07	2.34016	0
6.952591e-07	2.34014	0
6.953191e-07	2.34013	0
6.953791e-07	2.34011	0
6.954391e-07	2.34009	0
6.954991e-07	2.34008	0
6.955591e-07	2.34006	0
6.956191e-07	2.34004	0
6.956791e-07	2.34003	0
6.957391e-07	2.34001	0
6.957992e-07	2.33999	0
6.958592e-07	2.33998	0
6.959192e-07	2.33996	0
6.959792e-07	2.33994	0
6.960392e-07	2.33993	0
6.960992e-07	2.33991	0
6.961592e-07	2.33989	0
6.962192e-07	2.33988	0
6.962793e-07	2.33986	0
6.963393e-07	2.33984	0
6.963993e-07	2.33983	0
6.964593e-07	2.33981	0
6.965193e-07	2.33979	0
6.965793e-07	2.33978	0
6.966393e-07	2.33976	0
6.966993e-07	2.33974	0
6.967594e-07	2.33973	0
6.968194e-07	2.33971	0
6.968794e-07	2.33969	0
6.969394e-07	2.33968	0
6.969994e-07	2.33966	0
6.970594e-07	2.33964	0
6.971194e-07	2.33963	0
6.971794e-07	2.33961	0
6.972394e-07	2.33959	0
6.972995e-07	2.33958	0
6.973595e-07	2.33956	0
6.974195e-07	2.33954	0
6.974795e-07	2.33953	0
6.975395e-07	2.33951	0
6.975995e-07	2.33949	0
6.976595e-07	2.33948	0
6.977195e-07	2.33946	0
6.977796e-07	2.33945	0
6.978396e-07	2.33943	0
6.978996e-07	2.33941	0
6.979596e-07	2.3394	0
6.980196e-07	2.33938	0
6.980796e-07	2.33936	0
6.981396e-07	2.33935	0
6.981996e-07	2.33933	0
6.982597e-07	2.33931	0
6.983197e-07	2.3393	0
6.983797e-07	2.33928	0
6.984397e-07	2.33926	0
6.984997e-07	2.33925	0
6.985597e-07	2.33923	0
6.986197e-07	2.33921	0
6.986797e-07	2.3392	0
6.987397e-07	2.33918	0
6.987998e-07	2.33916	0
6.988598e-07	2.33915	0
6.989198e-07	2.33913	0
6.989798e-07	2.33912	0
6.990398e-07	2.3391	0
6.990998e-07	2.33908	0
6.991598e-07	2.33907	0
6.992198e-07	2.33905	0
6.992799e-07	2.33903	0
6.993399e-07	2.33902	0
6.993999e-07	2.339	0
6.994599e-07	2.33898	0
6.995199e-07	2.33897	0
6.995799e-07	2.33895	0
6.996399e-07	2.33893	0
6.996999e-07	2.33892	0
6.997600e-07	2.3389	0
6.998200e-07	2.33889	0
6.998800e-07	2.33887	0
6.999400e-07	2.33885	0
7.000000e-07	2.33884	0
