Wavelength(m)	n	k
# material: BaTiO3
# source: S.H. Wemple, M. Didomenico Jr., I. Camlibel. Dielectric and optical properties of melt-grown BaTiO3. J. Phys. Chem. Solids 29, 1797-1803 (1968)
# conditions: Ordinary ray (o). Room temperature.
# upstream: polyanskiy/refractiveindex.info-database@ff11b58 main/BaTiO3/nk/Wemple-o.yml
# type: formula 1
# note: dispersion formula sampled at 5000 points; k set to 0
# range: 4.0000e-07 - 7.0000e-07 m
# converted: 2026-07-31 by tools/convert_refractiveindex_info.py (wavelength um -> m)
4.000000e-07	2.65993	0
4.000600e-07	2.65977	0
4.001200e-07	2.65962	0
4.001800e-07	2.65946	0
4.002400e-07	2.65931	0
4.003001e-07	2.65916	0
4.003601e-07	2.659	0
4.004201e-07	2.65885	0
4.004801e-07	2.65869	0
4.005401e-07	2.65854	0
4.006001e-07	2.65839	0
4.006601e-07	2.65823	0
4.007201e-07	2.65808	0
4.007802e-07	2.65793	0
4.008402e-07	2.65777	0
4.009002e-07	2.65762	0
4.009602e-07	2.65747	0
4.010202e-07	2.65732	0
4.010802e-07	2.65716	0
4.011402e-07	2.65701	0
4.012002e-07	2.65686	0
4.012603e-07	2.6567	0
4.013203e-07	2.65655	0
4.013803e-07	2.6564	0
4.014403e-07	2.65625	0
4.015003e-07	2.6561	0
4.015603e-07	2.65594	0
4.016203e-07	2.65579	0
4.016803e-07	2.65564	0
4.017403e-07	2.65549	0
4.018004e-07	2.65534	0
4.018604e-07	2.65519	0
4.019204e-07	2.65503	0
4.019804e-07	2.65488	0
4.020404e-07	2.65473	0
4.021004e-07	2.65458	0
4.021604e-07	2.65443	0
4.022204e-07	2.65428	0
4.022805e-07	2.65413	0
4.023405e-07	2.65398	0
4.024005e-07	2.65383	0
4.024605e-07	2.65368	0
4.025205e-07	2.65353	0
4.025805e-07	2.65338	0
4.026405e-07	2.65323	0
4.027005e-07	2.65308	0
4.027606e-07	2.65293	0
4.028206e-07	2.65278	0
4.028806e-07	2.65263	0
4.029406e-07	2.65248	0
4.030006e-07	2.65233	0
4.030606e-07	2.65218	0
4.031206e-07	2.65203	0
4.031806e-07	2.65188	0
4.032406e-07	2.65173	0
4.033007e-07	2.65158	0
4.033607e-07	2.65143	0
4.034207e-07	2.65128	0
4.034807e-07	2.65113	0
4.035407e-07	2.65099	0
4.036007e-07	2.65084	0
4.036607e-07	2.65069	0
4.037207e-07	2.65054	0
4.037808e-07	2.65039	0
4.038408e-07	2.65024	0
4.039008e-07	2.65009	0
4.039608e-07	2.64995	0
4.040208e-07	2.6498	0
4.040808e-07	2.64965	0
4.041408e-07	2.6495	0
4.042008e-07	2.64936	0
4.042609e-07	2.64921	0
4.043209e-07	2.64906	0
4.043809e-07	2.64891	0
4.044409e-07	2.64877	0
4.045009e-07	2.64862	0
4.045609e-07	2.64847	0
4.046209e-07	2.64832	0
4.046809e-07	2.64818	0
4.047409e-07	2.64803	0
4.048010e-07	2.64788	0
4.048610e-07	2.64774	0
4.049210e-07	2.64759	0
4.049810e-07	2.64745	0
4.050410e-07	2.6473	0
4.051010e-07	2.64715	0
4.051610e-07	2.64701	0
4.052210e-07	2.64686	0
4.052811e-07	2.64671	0
4.053411e-07	2.64657	0
4.054011e-07	2.64642	0
4.054611e-07	2.64628	0
4.055211e-07	2.64613	0
4.055811e-07	2.64599	0
4.056411e-07	2.64584	0
4.057011e-07	2.6457	0
4.057612e-07	2.64555	0
4.058212e-07	2.64541	0
4.058812e-07	2.64526	0
4.059412e-07	2.64512	0
4.060012e-07	2.64497	0
4.060612e-07	2.64483	0
4.061212e-07	2.64468	0
4.061812e-07	2.64454	0
4.062412e-07	2.64439	0
4.063013e-07	2.64425	0
4.063613e-07	2.6441	0
4.064213e-07	2.64396	0
4.064813e-07	2.64382	0
4.065413e-07	2.64367	0
4.066013e-07	2.64353	0
4.066613e-07	2.64338	0
4.067213e-07	2.64324	0
4.067814e-07	2.6431	0
4.068414e-07	2.64295	0
4.069014e-07	2.64281	0
4.069614e-07	2.64267	0
4.070214e-07	2.64252	0
4.070814e-07	2.64238	0
4.071414e-07	2.64224	0
4.072014e-07	2.64209	0
4.072615e-07	2.64195	0
4.073215e-07	2.64181	0
4.073815e-07	2.64167	0
4.074415e-07	2.64152	0
4.075015e-07	2.64138	0
4.075615e-07	2.64124	0
4.076215e-07	2.6411	0
4.076815e-07	2.64095	0
4.077415e-07	2.64081	0
4.078016e-07	2.64067	0
4.078616e-07	2.64053	0
4.079216e-07	2.64039	0
4.079816e-07	2.64024	0
4.080416e-07	2.6401	0
4.081016e-07	2.63996	0
4.081616e-07	2.63982	0
4.082216e-07	2.63968	0
4.082817e-07	2.63954	0
4.083417e-07	2.6394	0
4.084017e-07	2.63925	0
4.084617e-07	2.63911	0
4.085217e-07	2.63897	0
4.085817e-07	2.63883	0
4.086417e-07	2.63869	0
4.087017e-07	2.63855	0
4.087618e-07	2.63841	0
4.088218e-07	2.63827	0
4.088818e-07	2.63813	0
4.089418e-07	2.63799	0
4.090018e-07	2.63785	0
4.090618e-07	2.63771	0
4.091218e-07	2.63757	0
4.091818e-07	2.63743	0
4.092418e-07	2.63729	0
4.093019e-07	2.63715	0
4.093619e-07	2.63701	0
4.094219e-07	2.63687	0
4.094819e-07	2.63673	0
4.095419e-07	2.63659	0
4.096019e-07	2.63645	0
4.096619e-07	2.63631	0
4.097219e-07	2.63617	0
4.097820e-07	2.63603	0
4.098420e-07	2.63589	0
4.099020e-07	2.63575	0
4.099620e-07	2.63562	0
4.100220e-07	2.63548	0
4.100820e-07	2.63534	0
4.101420e-07	2.6352	0
4.102020e-07	2.63506	0
4.102621e-07	2.63492	0
4.103221e-07	2.63478	0
4.103821e-07	2.63465	0
4.104421e-07	2.63451	0
4.105021e-07	2.63437	0
4.105621e-07	2.63423	0
4.106221e-07	2.63409	0
4.106821e-07	2.63396	0
4.107421e-07	2.63382	0
4.108022e-07	2.63368	0
4.108622e-07	2.63354	0
4.109222e-07	2.63341	0
4.109822e-07	2.63327	0
4.110422e-07	2.63313	0
4.111022e-07	2.63299	0
4.111622e-07	2.63286	0
4.112222e-07	2.63272	0
4.112823e-07	2.63258	0
4.113423e-07	2.63245	0
4.114023e-07	2.63231	0
4.114623e-07	2.63217	0
4.115223e-07	2.63204	0
4.115823e-07	2.6319	0
4.116423e-07	2.63176	0
4.117023e-07	2.63163	0
4.117624e-07	2.63149	0
4.118224e-07	2.63135	0
4.118824e-07	2.63122	0
4.119424e-07	2.63108	0
4.120024e-07	2.63095	0
4.120624e-07	2.63081	0
4.121224e-07	2.63068	0
4.121824e-07	2.63054	0
4.122424e-07	2.6304	0
4.123025e-07	2.63027	0
4.123625e-07	2.63013	0
4.124225e-07	2.63	0
4.124825e-07	2.62986	0
4.125425e-07	2.62973	0
4.126025e-07	2.62959	0
4.126625e-07	2.62946	0
4.127225e-07	2.62932	0
4.127826e-07	2.62919	0
4.128426e-07	2.62905	0
4.129026e-07	2.62892	0
4.129626e-07	2.62878	0
4.130226e-07	2.62865	0
4.130826e-07	2.62852	0
4.131426e-07	2.62838	0
4.132026e-07	2.62825	0
4.132627e-07	2.62811	0
4.133227e-07	2.62798	0
4.133827e-07	2.62784	0
4.134427e-07	2.62771	0
4.135027e-07	2.62758	0
4.135627e-07	2.62744	0
4.136227e-07	2.62731	0
4.136827e-07	2.62718	0
4.137427e-07	2.62704	0
4.138028e-07	2.62691	0
4.138628e-07	2.62678	0
4.139228e-07	2.62664	0
4.139828e-07	2.62651	0
4.140428e-07	2.62638	0
4.141028e-07	2.62624	0
4.141628e-07	2.62611	0
4.142228e-07	2.62598	0
4.142829e-07	2.62585	0
4.143429e-07	2.62571	0
4.144029e-07	2.62558	0
4.144629e-07	2.62545	0
4.145229e-07	2.62532	0
4.145829e-07	2.62518	0
4.146429e-07	2.62505	0
4.147029e-07	2.62492	0
4.147630e-07	2.62479	0
4.148230e-07	2.62465	0
4.148830e-07	2.62452	0
4.149430e-07	2.62439	0
4.150030e-07	2.62426	0
4.150630e-07	2.62413	0
4.151230e-07	2.624	0
4.151830e-07	2.62386	0
4.152430e-07	2.62373	0
4.153031e-07	2.6236	0
4.153631e-07	2.62347	0
4.154231e-07	2.62334	0
4.154831e-07	2.62321	0
4.155431e-07	2.62308	0
4.156031e-07	2.62295	0
4.156631e-07	2.62282	0
4.157231e-07	2.62269	0
4.157832e-07	2.62255	0
4.158432e-07	2.62242	0
4.159032e-07	2.62229	0
4.159632e-07	2.62216	0
4.160232e-07	2.62203	0
4.160832e-07	2.6219	0
4.161432e-07	2.62177	0
4.162032e-07	2.62164	0
4.162633e-07	2.62151	0
4.163233e-07	2.62138	0
4.163833e-07	2.62125	0
4.164433e-07	2.62112	0
4.165033e-07	2.62099	0
4.165633e-07	2.62086	0
4.166233e-07	2.62073	0
4.166833e-07	2.6206	0
4.167433e-07	2.62047	0
4.168034e-07	2.62035	0
4.168634e-07	2.62022	0
4.169234e-07	2.62009	0
4.169834e-07	2.61996	0
4.170434e-07	2.61983	0
4.171034e-07	2.6197	0
4.171634e-07	2.61957	0
4.172234e-07	2.61944	0
4.172835e-07	2.61931	0
4.173435e-07	2.61919	0
4.174035e-07	2.61906	0
4.174635e-07	2.61893	0
4.175235e-07	2.6188	0
4.175835e-07	2.61867	0
4.176435e-07	2.61854	0
4.177035e-07	2.61842	0
4.177636e-07	2.61829	0
4.178236e-07	2.61816	0
4.178836e-07	2.61803	0
4.179436e-07	2.6179	0
4.180036e-07	2.61778	0
4.180636e-07	2.61765	0
4.181236e-07	2.61752	0
4.181836e-07	2.61739	0
4.182436e-07	2.61727	0
4.183037e-07	2.61714	0
4.183637e-07	2.61701	0
4.184237e-07	2.61688	0
4.184837e-07	2.61676	0
4.185437e-07	2.61663	0
4.186037e-07	2.6165	0
4.186637e-07	2.61638	0
4.187237e-07	2.61625	0
4.187838e-07	2.61612	0
4.188438e-07	2.616	0
4.189038e-07	2.61587	0
4.189638e-07	2.61574	0
4.190238e-07	2.61562	0
4.190838e-07	2.61549	0
4.191438e-07	2.61536	0
4.192038e-07	2.61524	0
4.192639e-07	2.61511	0
4.193239e-07	2.61498	0
4.193839e-07	2.61486	0
4.194439e-07	2.61473	0
4.195039e-07	2.61461	0
4.195639e-07	2.61448	0
4.196239e-07	2.61436	0
4.196839e-07	2.61423	0
4.197439e-07	2.6141	0
4.198040e-07	2.61398	0
4.198640e-07	2.61385	0
4.199240e-07	2.61373	0
4.199840e-07	2.6136	0
4.200440e-07	2.61348	0
4.201040e-07	2.61335	0
4.201640e-07	2.61323	0
4.202240e-07	2.6131	0
4.202841e-07	2.61298	0
4.203441e-07	2.61285	0
4.204041e-07	2.61273	0
4.204641e-07	2.6126	0
4.205241e-07	2.61248	0
4.205841e-07	2.61236	0
4.206441e-07	2.61223	0
4.207041e-07	2.61211	0
4.207642e-07	2.61198	0
4.208242e-07	2.61186	0
4.208842e-07	2.61173	0
4.209442e-07	2.61161	0
4.210042e-07	2.61149	0
4.210642e-07	2.61136	0
4.211242e-07	2.61124	0
4.211842e-07	2.61112	0
4.212442e-07	2.61099	0
4.213043e-07	2.61087	0
4.213643e-07	2.61074	0
4.214243e-07	2.61062	0
4.214843e-07	2.6105	0
4.215443e-07	2.61037	0
4.216043e-07	2.61025	0
4.216643e-07	2.61013	0
4.217243e-07	2.61001	0
4.217844e-07	2.60988	0
4.218444e-07	2.60976	0
4.219044e-07	2.60964	0
4.219644e-07	2.60951	0
4.220244e-07	2.60939	0
4.220844e-07	2.60927	0
4.221444e-07	2.60915	0
4.222044e-07	2.60902	0
4.222645e-07	2.6089	0
4.223245e-07	2.60878	0
4.223845e-07	2.60866	0
4.224445e-07	2.60853	0
4.225045e-07	2.60841	0
4.225645e-07	2.60829	0
4.226245e-07	2.60817	0
4.226845e-07	2.60805	0
4.227445e-07	2.60793	0
4.228046e-07	2.6078	0
4.228646e-07	2.60768	0
4.229246e-07	2.60756	0
4.229846e-07	2.60744	0
4.230446e-07	2.60732	0
4.231046e-07	2.6072	0
4.231646e-07	2.60707	0
4.232246e-07	2.60695	0
4.232847e-07	2.60683	0
4.233447e-07	2.60671	0
4.234047e-07	2.60659	0
4.234647e-07	2.60647	0
4.235247e-07	2.60635	0
4.235847e-07	2.60623	0
4.236447e-07	2.60611	0
4.237047e-07	2.60599	0
4.237648e-07	2.60587	0
4.238248e-07	2.60575	0
4.238848e-07	2.60562	0
4.239448e-07	2.6055	0
4.240048e-07	2.60538	0
4.240648e-07	2.60526	0
4.241248e-07	2.60514	0
4.241848e-07	2.60502	0
4.242448e-07	2.6049	0
4.243049e-07	2.60478	0
4.243649e-07	2.60466	0
4.244249e-07	2.60454	0
4.244849e-07	2.60442	0
4.245449e-07	2.60431	0
4.246049e-07	2.60419	0
4.246649e-07	2.60407	0
4.247249e-07	2.60395	0
4.247850e-07	2.60383	0
4.248450e-07	2.60371	0
4.249050e-07	2.60359	0
4.249650e-07	2.60347	0
4.250250e-07	2.60335	0
4.250850e-07	2.60323	0
4.251450e-07	2.60311	0
4.252050e-07	2.60299	0
4.252651e-07	2.60288	0
4.253251e-07	2.60276	0
4.253851e-07	2.60264	0
4.254451e-07	2.60252	0
4.255051e-07	2.6024	0
4.255651e-07	2.60228	0
4.256251e-07	2.60216	0
4.256851e-07	2.60205	0
4.257451e-07	2.60193	0
4.258052e-07	2.60181	0
4.258652e-07	2.60169	0
4.259252e-07	2.60157	0
4.259852e-07	2.60146	0
4.260452e-07	2.60134	0
4.261052e-07	2.60122	0
4.261652e-07	2.6011	0
4.262252e-07	2.60098	0
4.262853e-07	2.60087	0
4.263453e-07	2.60075	0
4.264053e-07	2.60063	0
4.264653e-07	2.60051	0
4.265253e-07	2.6004	0
4.265853e-07	2.60028	0
4.266453e-07	2.60016	0
4.267053e-07	2.60005	0
4.267654e-07	2.59993	0
4.268254e-07	2.59981	0
4.268854e-07	2.59969	0
4.269454e-07	2.59958	0
4.270054e-07	2.59946	0
4.270654e-07	2.59934	0
4.271254e-07	2.59923	0
4.271854e-07	2.59911	0
4.272454e-07	2.59899	0
4.273055e-07	2.59888	0
4.273655e-07	2.59876	0
4.274255e-07	2.59865	0
4.274855e-07	2.59853	0
4.275455e-07	2.59841	0
4.276055e-07	2.5983	0
4.276655e-07	2.59818	0
4.277255e-07	2.59807	0
4.277856e-07	2.59795	0
4.278456e-07	2.59783	0
4.279056e-07	2.59772	0
4.279656e-07	2.5976	0
4.280256e-07	2.59749	0
4.280856e-07	2.59737	0
4.281456e-07	2.59726	0
4.282056e-07	2.59714	0
4.282657e-07	2.59702	0
4.283257e-07	2.59691	0
4.283857e-07	2.59679	0
4.284457e-07	2.59668	0
4.285057e-07	2.59656	0
4.285657e-07	2.59645	0
4.286257e-07	2.59633	0
4.286857e-07	2.59622	0
4.287457e-07	2.5961	0
4.288058e-07	2.59599	0
4.288658e-07	2.59587	0
4.289258e-07	2.59576	0
4.289858e-07	2.59565	0
4.290458e-07	2.59553	0
4.291058e-07	2.59542	0
4.291658e-07	2.5953	0
4.292258e-07	2.59519	0
4.292859e-07	2.59507	0
4.293459e-07	2.59496	0
4.294059e-07	2.59485	0
4.294659e-07	2.59473	0
4.295259e-07	2.59462	0
4.295859e-07	2.5945	0
4.296459e-07	2.59439	0
4.297059e-07	2.59428	0
4.297660e-07	2.59416	0
4.298260e-07	2.59405	0
4.298860e-07	2.59394	0
4.299460e-07	2.59382	0
4.300060e-07	2.59371	0
4.300660e-07	2.5936	0
4.301260e-07	2.59348	0
4.301860e-07	2.59337	0
4.302460e-07	2.59326	0
4.303061e-07	2.59314	0
4.303661e-07	2.59303	0
4.304261e-07	2.59292	0
4.304861e-07	2.5928	0
4.305461e-07	2.59269	0
4.306061e-07	2.59258	0
4.306661e-07	2.59247	0
4.307261e-07	2.59235	0
4.307862e-07	2.59224	0
4.308462e-07	2.59213	0
4.309062e-07	2.59202	0
4.309662e-07	2.5919	0
4.310262e-07	2.59179	0
4.310862e-07	2.59168	0
4.311462e-07	2.59157	0
4.312062e-07	2.59145	0
4.312663e-07	2.59134	0
4.313263e-07	2.59123	0
4.313863e-07	2.59112	0
4.314463e-07	2.59101	0
4.315063e-07	2.5909	0
4.315663e-07	2.59078	0
4.316263e-07	2.59067	0
4.316863e-07	2.59056	0
4.317463e-07	2.59045	0
4.318064e-07	2.59034	0
4.318664e-07	2.59023	0
4.319264e-07	2.59011	0
4.319864e-07	2.59	0
4.320464e-07	2.58989	0
4.321064e-07	2.58978	0
4.321664e-07	2.58967	0
4.322264e-07	2.58956	0
4.322865e-07	2.58945	0
4.323465e-07	2.58934	0
4.324065e-07	2.58923	0
4.324665e-07	2.58912	0
4.325265e-07	2.589	0
4.325865e-07	2.58889	0
4.326465e-07	2.58878	0
4.327065e-07	2.58867	0
4.327666e-07	2.58856	0
4.328266e-07	2.58845	0
4.328866e-07	2.58834	0
4.329466e-07	2.58823	0
4.330066e-07	2.58812	0
4.330666e-07	2.58801	0
4.331266e-07	2.5879	0
4.331866e-07	2.58779	0
4.332466e-07	2.58768	0
4.333067e-07	2.58757	0
4.333667e-07	2.58746	0
4.334267e-07	2.58735	0
4.334867e-07	2.58724	0
4.335467e-07	2.58713	0
4.336067e-07	2.58702	0
4.336667e-07	2.58691	0
4.337267e-07	2.5868	0
4.337868e-07	2.58669	0
4.338468e-07	2.58659	0
4.339068e-07	2.58648	0
4.339668e-07	2.58637	0
4.340268e-07	2.58626	0
4.340868e-07	2.58615	0
4.341468e-07	2.58604	0
4.342068e-07	2.58593	0
4.342669e-07	2.58582	0
4.343269e-07	2.58571	0
4.343869e-07	2.5856	0
4.344469e-07	2.5855	0
4.345069e-07	2.58539	0
4.345669e-07	2.58528	0
4.346269e-07	2.58517	0
4.346869e-07	2.58506	0
4.347469e-07	2.58495	0
4.348070e-07	2.58485	0
4.348670e-07	2.58474	0
4.349270e-07	2.58463	0
4.349870e-07	2.58452	0
4.350470e-07	2.58441	0
4.351070e-07	2.5843	0
4.351670e-07	2.5842	0
4.352270e-07	2.58409	0
4.352871e-07	2.58398	0
4.353471e-07	2.58387	0
4.354071e-07	2.58377	0
4.354671e-07	2.58366	0
4.355271e-07	2.58355	0
4.355871e-07	2.58344	0
4.356471e-07	2.58334	0
4.357071e-07	2.58323	0
4.357672e-07	2.58312	0
4.358272e-07	2.58301	0
4.358872e-07	2.58291	0
4.359472e-07	2.5828	0
4.360072e-07	2.58269	0
4.360672e-07	2.58258	0
4.361272e-07	2.58248	0
4.361872e-07	2.58237	0
4.362472e-07	2.58226	0
4.363073e-07	2.58216	0
4.363673e-07	2.58205	0
4.364273e-07	2.58194	0
4.364873e-07	2.58184	0
4.365473e-07	2.58173	0
4.366073e-07	2.58162	0
4.366673e-07	2.58152	0
4.367273e-07	2.58141	0
4.367874e-07	2.58131	0
4.368474e-07	2.5812	0
4.369074e-07	2.58109	0
4.369674e-07	2.58099	0
4.370274e-07	2.58088	0
4.370874e-07	2.58077	0
4.371474e-07	2.58067	0
4.372074e-07	2.58056	0
4.372675e-07	2.58046	0
4.373275e-07	2.58035	0
4.373875e-07	2.58025	0
4.374475e-07	2.58014	0
4.375075e-07	2.58003	0
4.375675e-07	2.57993	0
4.376275e-07	2.57982	0
4.376875e-07	2.57972	0
4.377475e-07	2.57961	0
4.378076e-07	2.57951	0
4.378676e-07	2.5794	0
4.379276e-07	2.5793	0
4.379876e-07	2.57919	0
4.380476e-07	2.57909	0
4.381076e-07	2.57898	0
4.381676e-07	2.57888	0
4.382276e-07	2.57877	0
4.382877e-07	2.57867	0
4.383477e-07	2.57856	0
4.384077e-07	2.57846	0
4.384677e-07	2.57835	0
4.385277e-07	2.57825	0
4.385877e-07	2.57814	0
4.386477e-07	2.57804	0
4.387077e-07	2.57794	0
4.387678e-07	2.57783	0
4.388278e-07	2.57773	0
4.388878e-07	2.57762	0
4.389478e-07	2.57752	0
4.390078e-07	2.57741	0
4.390678e-07	2.57731	0
4.391278e-07	2.57721	0
4.391878e-07	2.5771	0
4.392478e-07	2.577	0
4.393079e-07	2.57689	0
4.393679e-07	2.57679	0
4.394279e-07	2.57669	0
4.394879e-07	2.57658	0
4.395479e-07	2.57648	0
4.396079e-07	2.57638	0
4.396679e-07	2.57627	0
4.397279e-07	2.57617	0
4.397880e-07	2.57607	0
4.398480e-07	2.57596	0
4.399080e-07	2.57586	0
4.399680e-07	2.57576	0
4.400280e-07	2.57565	0
4.400880e-07	2.57555	0
4.401480e-07	2.57545	0
4.402080e-07	2.57534	0
4.402681e-07	2.57524	0
4.403281e-07	2.57514	0
4.403881e-07	2.57504	0
4.404481e-07	2.57493	0
4.405081e-07	2.57483	0
4.405681e-07	2.57473	0
4.406281e-07	2.57462	0
4.406881e-07	2.57452	0
4.407481e-07	2.57442	0
4.408082e-07	2.57432	0
4.408682e-07	2.57422	0
4.409282e-07	2.57411	0
4.409882e-07	2.57401	0
4.410482e-07	2.57391	0
4.411082e-07	2.57381	0
4.411682e-07	2.5737	0
4.412282e-07	2.5736	0
4.412883e-07	2.5735	0
4.413483e-07	2.5734	0
4.414083e-07	2.5733	0
4.414683e-07	2.5732	0
4.415283e-07	2.57309	0
4.415883e-07	2.57299	0
4.416483e-07	2.57289	0
4.417083e-07	2.57279	0
4.417684e-07	2.57269	0
4.418284e-07	2.57259	0
4.418884e-07	2.57248	0
4.419484e-07	2.57238	0
4.420084e-07	2.57228	0
4.420684e-07	2.57218	0
4.421284e-07	2.57208	0
4.421884e-07	2.57198	0
4.422484e-07	2.57188	0
4.423085e-07	2.57178	0
4.423685e-07	2.57168	0
4.424285e-07	2.57157	0
4.424885e-07	2.57147	0
4.425485e-07	2.57137	0
4.426085e-07	2.57127	0
4.426685e-07	2.57117	0
4.427285e-07	2.57107	0
4.427886e-07	2.57097	0
4.428486e-07	2.57087	0
4.429086e-07	2.57077	0
4.429686e-07	2.57067	0
4.430286e-07	2.57057	0
4.430886e-07	2.57047	0
4.431486e-07	2.57037	0
4.432086e-07	2.57027	0
4.432687e-07	2.57017	0
4.433287e-07	2.57007	0
4.433887e-07	2.56997	0
4.434487e-07	2.56987	0
4.435087e-07	2.56977	0
4.435687e-07	2.56967	0
4.436287e-07	2.56957	0
4.436887e-07	2.56947	0
4.437487e-07	2.56937	0
4.438088e-07	2.56927	0
4.438688e-07	2.56917	0
4.439288e-07	2.56907	0
4.439888e-07	2.56897	0
4.440488e-07	2.56887	0
4.441088e-07	2.56877	0
4.441688e-07	2.56867	0
4.442288e-07	2.56857	0
4.442889e-07	2.56848	0
4.443489e-07	2.56838	0
4.444089e-07	2.56828	0
4.444689e-07	2.56818	0
4.445289e-07	2.56808	0
4.445889e-07	2.56798	0
4.446489e-07	2.56788	0
4.447089e-07	2.56778	0
4.447690e-07	2.56768	0
4.448290e-07	2.56759	0
4.448890e-07	2.56749	0
4.449490e-07	2.56739	0
4.450090e-07	2.56729	0
4.450690e-07	2.56719	0
4.451290e-07	2.56709	0
4.451890e-07	2.56699	0
4.452490e-07	2.5669	0
4.453091e-07	2.5668	0
4.453691e-07	2.5667	0
4.454291e-07	2.5666	0
4.454891e-07	2.5665	0
4.455491e-07	2.56641	0
4.456091e-07	2.56631	0
4.456691e-07	2.56621	0
4.457291e-07	2.56611	0
4.457892e-07	2.56601	0
4.458492e-07	2.56592	0
4.459092e-07	2.56582	0
4.459692e-07	2.56572	0
4.460292e-07	2.56562	0
4.460892e-07	2.56553	0
4.461492e-07	2.56543	0
4.462092e-07	2.56533	0
4.462693e-07	2.56523	0
4.463293e-07	2.56514	0
4.463893e-07	2.56504	0
4.464493e-07	2.56494	0
4.465093e-07	2.56484	0
4.465693e-07	2.56475	0
4.466293e-07	2.56465	0
4.466893e-07	2.56455	0
4.467493e-07	2.56446	0
4.468094e-07	2.56436	0
4.468694e-07	2.56426	0
4.469294e-07	2.56417	0
4.469894e-07	2.56407	0
4.470494e-07	2.56397	0
4.471094e-07	2.56388	0
4.471694e-07	2.56378	0
4.472294e-07	2.56368	0
4.472895e-07	2.56359	0
4.473495e-07	2.56349	0
4.474095e-07	2.56339	0
4.474695e-07	2.5633	0
4.475295e-07	2.5632	0
4.475895e-07	2.5631	0
4.476495e-07	2.56301	0
4.477095e-07	2.56291	0
4.477696e-07	2.56282	0
4.478296e-07	2.56272	0
4.478896e-07	2.56262	0
4.479496e-07	2.56253	0
4.480096e-07	2.56243	0
4.480696e-07	2.56234	0
4.481296e-07	2.56224	0
4.481896e-07	2.56215	0
4.482496e-07	2.56205	0
4.483097e-07	2.56195	0
4.483697e-07	2.56186	0
4.484297e-07	2.56176	0
4.484897e-07	2.56167	0
4.485497e-07	2.56157	0
4.486097e-07	2.56148	0
4.486697e-07	2.56138	0
4.487297e-07	2.56129	0
4.487898e-07	2.56119	0
4.488498e-07	2.5611	0
4.489098e-07	2.561	0
4.489698e-07	2.56091	0
4.490298e-07	2.56081	0
4.490898e-07	2.56072	0
4.491498e-07	2.56062	0
4.492098e-07	2.56053	0
4.492699e-07	2.56043	0
4.493299e-07	2.56034	0
4.493899e-07	2.56024	0
4.494499e-07	2.56015	0
4.495099e-07	2.56005	0
4.495699e-07	2.55996	0
4.496299e-07	2.55986	0
4.496899e-07	2.55977	0
4.497499e-07	2.55967	0
4.498100e-07	2.55958	0
4.498700e-07	2.55949	0
4.499300e-07	2.55939	0
4.499900e-07	2.5593	0
4.500500e-07	2.5592	0
4.501100e-07	2.55911	0
4.501700e-07	2.55902	0
4.502300e-07	2.55892	0
4.502901e-07	2.55883	0
4.503501e-07	2.55873	0
4.504101e-07	2.55864	0
4.504701e-07	2.55855	0
4.505301e-07	2.55845	0
4.505901e-07	2.55836	0
4.506501e-07	2.55827	0
4.507101e-07	2.55817	0
4.507702e-07	2.55808	0
4.508302e-07	2.55798	0
4.508902e-07	2.55789	0
4.509502e-07	2.5578	0
4.510102e-07	2.5577	0
4.510702e-07	2.55761	0
4.511302e-07	2.55752	0
4.511902e-07	2.55742	0
4.512503e-07	2.55733	0
4.513103e-07	2.55724	0
4.513703e-07	2.55715	0
4.514303e-07	2.55705	0
4.514903e-07	2.55696	0
4.515503e-07	2.55687	0
4.516103e-07	2.55677	0
4.516703e-07	2.55668	0
4.517303e-07	2.55659	0
4.517904e-07	2.5565	0
4.518504e-07	2.5564	0
4.519104e-07	2.55631	0
4.519704e-07	2.55622	0
4.520304e-07	2.55613	0
4.520904e-07	2.55603	0
4.521504e-07	2.55594	0
4.522104e-07	2.55585	0
4.522705e-07	2.55576	0
4.523305e-07	2.55566	0
4.523905e-07	2.55557	0
4.524505e-07	2.55548	0
4.525105e-07	2.55539	0
4.525705e-07	2.5553	0
4.526305e-07	2.5552	0
4.526905e-07	2.55511	0
4.527506e-07	2.55502	0
4.528106e-07	2.55493	0
4.528706e-07	2.55484	0
4.529306e-07	2.55474	0
4.529906e-07	2.55465	0
4.530506e-07	2.55456	0
4.531106e-07	2.55447	0
4.531706e-07	2.55438	0
4.532306e-07	2.55429	0
4.532907e-07	2.5542	0
4.533507e-07	2.5541	0
4.534107e-07	2.55401	0
4.534707e-07	2.55392	0
4.535307e-07	2.55383	0
4.535907e-07	2.55374	0
4.536507e-07	2.55365	0
4.537107e-07	2.55356	0
4.537708e-07	2.55347	0
4.538308e-07	2.55337	0
4.538908e-07	2.55328	0
4.539508e-07	2.55319	0
4.540108e-07	2.5531	0
4.540708e-07	2.55301	0
4.541308e-07	2.55292	0
4.541908e-07	2.55283	0
4.542509e-07	2.55274	0
4.543109e-07	2.55265	0
4.543709e-07	2.55256	0
4.544309e-07	2.55247	0
4.544909e-07	2.55238	0
4.545509e-07	2.55229	0
4.546109e-07	2.5522	0
4.546709e-07	2.55211	0
4.547309e-07	2.55201	0
4.547910e-07	2.55192	0
4.548510e-07	2.55183	0
4.549110e-07	2.55174	0
4.549710e-07	2.55165	0
4.550310e-07	2.55156	0
4.550910e-07	2.55147	0
4.551510e-07	2.55138	0
4.552110e-07	2.55129	0
4.552711e-07	2.5512	0
4.553311e-07	2.55111	0
4.553911e-07	2.55102	0
4.554511e-07	2.55094	0
4.555111e-07	2.55085	0
4.555711e-07	2.55076	0
4.556311e-07	2.55067	0
4.556911e-07	2.55058	0
4.557512e-07	2.55049	0
4.558112e-07	2.5504	0
4.558712e-07	2.55031	0
4.559312e-07	2.55022	0
4.559912e-07	2.55013	0
4.560512e-07	2.55004	0
4.561112e-07	2.54995	0
4.561712e-07	2.54986	0
4.562312e-07	2.54977	0
4.562913e-07	2.54968	0
4.563513e-07	2.54959	0
4.564113e-07	2.54951	0
4.564713e-07	2.54942	0
4.565313e-07	2.54933	0
4.565913e-07	2.54924	0
4.566513e-07	2.54915	0
4.567113e-07	2.54906	0
4.567714e-07	2.54897	0
4.568314e-07	2.54888	0
4.568914e-07	2.5488	0
4.569514e-07	2.54871	0
4.570114e-07	2.54862	0
4.570714e-07	2.54853	0
4.571314e-07	2.54844	0
4.571914e-07	2.54835	0
4.572515e-07	2.54827	0
4.573115e-07	2.54818	0
4.573715e-07	2.54809	0
4.574315e-07	2.548	0
4.574915e-07	2.54791	0
4.575515e-07	2.54782	0
4.576115e-07	2.54774	0
4.576715e-07	2.54765	0
4.577315e-07	2.54756	0
4.577916e-07	2.54747	0
4.578516e-07	2.54738	0
4.579116e-07	2.5473	0
4.579716e-07	2.54721	0
4.580316e-07	2.54712	0
4.580916e-07	2.54703	0
4.581516e-07	2.54695	0
4.582116e-07	2.54686	0
4.582717e-07	2.54677	0
4.583317e-07	2.54668	0
4.583917e-07	2.5466	0
4.584517e-07	2.54651	0
4.585117e-07	2.54642	0
4.585717e-07	2.54633	0
4.586317e-07	2.54625	0
4.586917e-07	2.54616	0
4.587518e-07	2.54607	0
4.588118e-07	2.54598	0
4.588718e-07	2.5459	0
4.589318e-07	2.54581	0
4.589918e-07	2.54572	0
4.590518e-07	2.54564	0
4.591118e-07	2.54555	0
4.591718e-07	2.54546	0
4.592318e-07	2.54538	0
4.592919e-07	2.54529	0
4.593519e-07	2.5452	0
4.594119e-07	2.54512	0
4.594719e-07	2.54503	0
4.595319e-07	2.54494	0
4.595919e-07	2.54486	0
4.596519e-07	2.54477	0
4.597119e-07	2.54468	0
4.597720e-07	2.5446	0
4.598320e-07	2.54451	0
4.598920e-07	2.54442	0
4.599520e-07	2.54434	0
4.600120e-07	2.54425	0
4.600720e-07	2.54417	0
4.601320e-07	2.54408	0
4.601920e-07	2.54399	0
4.602521e-07	2.54391	0
4.603121e-07	2.54382	0
4.603721e-07	2.54374	0
4.604321e-07	2.54365	0
4.604921e-07	2.54356	0
4.605521e-07	2.54348	0
4.606121e-07	2.54339	0
4.606721e-07	2.54331	0
4.607321e-07	2.54322	0
4.607922e-07	2.54313	0
4.608522e-07	2.54305	0
4.609122e-07	2.54296	0
4.609722e-07	2.54288	0
4.610322e-07	2.54279	0
4.610922e-07	2.54271	0
4.611522e-07	2.54262	0
4.612122e-07	2.54254	0
4.612723e-07	2.54245	0
4.613323e-07	2.54237	0
4.613923e-07	2.54228	0
4.614523e-07	2.5422	0
4.615123e-07	2.54211	0
4.615723e-07	2.54203	0
4.616323e-07	2.54194	0
4.616923e-07	2.54186	0
4.617524e-07	2.54177	0
4.618124e-07	2.54169	0
4.618724e-07	2.5416	0
4.619324e-07	2.54152	0
4.619924e-07	2.54143	0
4.620524e-07	2.54135	0
4.621124e-07	2.54126	0
4.621724e-07	2.54118	0
4.622324e-07	2.54109	0
4.622925e-07	2.54101	0
4.623525e-07	2.54092	0
4.624125e-07	2.54084	0
4.624725e-07	2.54075	0
4.625325e-07	2.54067	0
4.625925e-07	2.54059	0
4.626525e-07	2.5405	0
4.627125e-07	2.54042	0
4.627726e-07	2.54033	0
4.628326e-07	2.54025	0
4.628926e-07	2.54016	0
4.629526e-07	2.54008	0
4.630126e-07	2.54	0
4.630726e-07	2.53991	0
4.631326e-07	2.53983	0
4.631926e-07	2.53974	0
4.632527e-07	2.53966	0
4.633127e-07	2.53958	0
4.633727e-07	2.53949	0
4.634327e-07	2.53941	0
4.634927e-07	2.53933	0
4.635527e-07	2.53924	0
4.636127e-07	2.53916	0
4.636727e-07	2.53907	0
4.637327e-07	2.53899	0
4.637928e-07	2.53891	0
4.638528e-07	2.53882	0
4.639128e-07	2.53874	0
4.639728e-07	2.53866	0
4.640328e-07	2.53857	0
4.640928e-07	2.53849	0
4.641528e-07	2.53841	0
4.642128e-07	2.53832	0
4.642729e-07	2.53824	0
4.643329e-07	2.53816	0
4.643929e-07	2.53808	0
4.644529e-07	2.53799	0
4.645129e-07	2.53791	0
4.645729e-07	2.53783	0
4.646329e-07	2.53774	0
4.646929e-07	2.53766	0
4.647530e-07	2.53758	0
4.648130e-07	2.53749	0
4.648730e-07	2.53741	0
4.649330e-07	2.53733	0
4.649930e-07	2.53725	0
4.650530e-07	2.53716	0
4.651130e-07	2.53708	0
4.651730e-07	2.537	0
4.652330e-07	2.53692	0
4.652931e-07	2.53683	0
4.653531e-07	2.53675	0
4.654131e-07	2.53667	0
4.654731e-07	2.53659	0
4.655331e-07	2.5365	0
4.655931e-07	2.53642	0
4.656531e-07	2.53634	0
4.657131e-07	2.53626	0
4.657732e-07	2.53618	0
4.658332e-07	2.53609	0
4.658932e-07	2.53601	0
4.659532e-07	2.53593	0
4.660132e-07	2.53585	0
4.660732e-07	2.53577	0
4.661332e-07	2.53568	0
4.661932e-07	2.5356	0
4.662533e-07	2.53552	0
4.663133e-07	2.53544	0
4.663733e-07	2.53536	0
4.664333e-07	2.53528	0
4.664933e-07	2.53519	0
4.665533e-07	2.53511	0
4.666133e-07	2.53503	0
4.666733e-07	2.53495	0
4.667333e-07	2.53487	0
4.667934e-07	2.53479	0
4.668534e-07	2.53471	0
4.669134e-07	2.53462	0
4.669734e-07	2.53454	0
4.670334e-07	2.53446	0
4.670934e-07	2.53438	0
4.671534e-07	2.5343	0
4.672134e-07	2.53422	0
4.672735e-07	2.53414	0
4.673335e-07	2.53406	0
4.673935e-07	2.53398	0
4.674535e-07	2.53389	0
4.675135e-07	2.53381	0
4.675735e-07	2.53373	0
4.676335e-07	2.53365	0
4.676935e-07	2.53357	0
4.677536e-07	2.53349	0
4.678136e-07	2.53341	0
4.678736e-07	2.53333	0
4.679336e-07	2.53325	0
4.679936e-07	2.53317	0
4.680536e-07	2.53309	0
4.681136e-07	2.53301	0
4.681736e-07	2.53293	0
4.682336e-07	2.53285	0
4.682937e-07	2.53277	0
4.683537e-07	2.53269	0
4.684137e-07	2.53261	0
4.684737e-07	2.53252	0
4.685337e-07	2.53244	0
4.685937e-07	2.53236	0
4.686537e-07	2.53228	0
4.687137e-07	2.5322	0
4.687738e-07	2.53212	0
4.688338e-07	2.53204	0
4.688938e-07	2.53196	0
4.689538e-07	2.53188	0
4.690138e-07	2.5318	0
4.690738e-07	2.53172	0
4.691338e-07	2.53164	0
4.691938e-07	2.53157	0
4.692539e-07	2.53149	0
4.693139e-07	2.53141	0
4.693739e-07	2.53133	0
4.694339e-07	2.53125	0
4.694939e-07	2.53117	0
4.695539e-07	2.53109	0
4.696139e-07	2.53101	0
4.696739e-07	2.53093	0
4.697339e-07	2.53085	0
4.697940e-07	2.53077	0
4.698540e-07	2.53069	0
4.699140e-07	2.53061	0
4.699740e-07	2.53053	0
4.700340e-07	2.53045	0
4.700940e-07	2.53037	0
4.701540e-07	2.53029	0
4.702140e-07	2.53022	0
4.702741e-07	2.53014	0
4.703341e-07	2.53006	0
4.703941e-07	2.52998	0
4.704541e-07	2.5299	0
4.705141e-07	2.52982	0
4.705741e-07	2.52974	0
4.706341e-07	2.52966	0
4.706941e-07	2.52958	0
4.707542e-07	2.52951	0
4.708142e-07	2.52943	0
4.708742e-07	2.52935	0
4.709342e-07	2.52927	0
4.709942e-07	2.52919	0
4.710542e-07	2.52911	0
4.711142e-07	2.52903	0
4.711742e-07	2.52896	0
4.712342e-07	2.52888	0
4.712943e-07	2.5288	0
4.713543e-07	2.52872	0
4.714143e-07	2.52864	0
4.714743e-07	2.52856	0
4.715343e-07	2.52849	0
4.715943e-07	2.52841	0
4.716543e-07	2.52833	0
4.717143e-07	2.52825	0
4.717744e-07	2.52817	0
4.718344e-07	2.52809	0
4.718944e-07	2.52802	0
4.719544e-07	2.52794	0
4.720144e-07	2.52786	0
4.720744e-07	2.52778	0
4.721344e-07	2.5277	0
4.721944e-07	2.52763	0
4.722545e-07	2.52755	0
4.723145e-07	2.52747	0
4.723745e-07	2.52739	0
4.724345e-07	2.52732	0
4.724945e-07	2.52724	0
4.725545e-07	2.52716	0
4.726145e-07	2.52708	0
4.726745e-07	2.52701	0
4.727345e-07	2.52693	0
4.727946e-07	2.52685	0
4.728546e-07	2.52677	0
4.729146e-07	2.5267	0
4.729746e-07	2.52662	0
4.730346e-07	2.52654	0
4.730946e-07	2.52646	0
4.731546e-07	2.52639	0
4.732146e-07	2.52631	0
4.732747e-07	2.52623	0
4.733347e-07	2.52616	0
4.733947e-07	2.52608	0
4.734547e-07	2.526	0
4.735147e-07	2.52593	0
4.735747e-07	2.52585	0
4.736347e-07	2.52577	0
4.736947e-07	2.52569	0
4.737548e-07	2.52562	0
4.738148e-07	2.52554	0
4.738748e-07	2.52546	0
4.739348e-07	2.52539	0
4.739948e-07	2.52531	0
4.740548e-07	2.52523	0
4.741148e-07	2.52516	0
4.741748e-07	2.52508	0
4.742348e-07	2.525	0
4.742949e-07	2.52493	0
4.743549e-07	2.52485	0
4.744149e-07	2.52478	0
4.744749e-07	2.5247	0
4.745349e-07	2.52462	0
4.745949e-07	2.52455	0
4.746549e-07	2.52447	0
4.747149e-07	2.52439	0
4.747750e-07	2.52432	0
4.748350e-07	2.52424	0
4.748950e-07	2.52417	0
4.749550e-07	2.52409	0
4.750150e-07	2.52401	0
4.750750e-07	2.52394	0
4.751350e-07	2.52386	0
4.751950e-07	2.52379	0
4.752551e-07	2.52371	0
4.753151e-07	2.52363	0
4.753751e-07	2.52356	0
4.754351e-07	2.52348	0
4.754951e-07	2.52341	0
4.755551e-07	2.52333	0
4.756151e-07	2.52326	0
4.756751e-07	2.52318	0
4.757351e-07	2.5231	0
4.757952e-07	2.52303	0
4.758552e-07	2.52295	0
4.759152e-07	2.52288	0
4.759752e-07	2.5228	0
4.760352e-07	2.52273	0
4.760952e-07	2.52265	0
4.761552e-07	2.52258	0
4.762152e-07	2.5225	0
4.762753e-07	2.52243	0
4.763353e-07	2.52235	0
4.763953e-07	2.52228	0
4.764553e-07	2.5222	0
4.765153e-07	2.52213	0
4.765753e-07	2.52205	0
4.766353e-07	2.52198	0
4.766953e-07	2.5219	0
4.767554e-07	2.52183	0
4.768154e-07	2.52175	0
4.768754e-07	2.52168	0
4.769354e-07	2.5216	0
4.769954e-07	2.52153	0
4.770554e-07	2.52145	0
4.771154e-07	2.52138	0
4.771754e-07	2.5213	0
4.772354e-07	2.52123	0
4.772955e-07	2.52115	0
4.773555e-07	2.52108	0
4.774155e-07	2.521	0
4.774755e-07	2.52093	0
4.775355e-07	2.52085	0
4.775955e-07	2.52078	0
4.776555e-07	2.52071	0
4.777155e-07	2.52063	0
4.777756e-07	2.52056	0
4.778356e-07	2.52048	0
4.778956e-07	2.52041	0
4.779556e-07	2.52033	0
4.780156e-07	2.52026	0
4.780756e-07	2.52019	0
4.781356e-07	2.52011	0
4.781956e-07	2.52004	0
4.782557e-07	2.51996	0
4.783157e-07	2.51989	0
4.783757e-07	2.51982	0
4.784357e-07	2.51974	0
4.784957e-07	2.51967	0
4.785557e-07	2.51959	0
4.786157e-07	2.51952	0
4.786757e-07	2.51945	0
4.787357e-07	2.51937	0
4.787958e-07	2.5193	0
4.788558e-07	2.51923	0
4.789158e-07	2.51915	0
4.789758e-07	2.51908	0
4.790358e-07	2.519	0
4.790958e-07	2.51893	0
4.791558e-07	2.51886	0
4.792158e-07	2.51878	0
4.792759e-07	2.51871	0
4.793359e-07	2.51864	0
4.793959e-07	2.51856	0
4.794559e-07	2.51849	0
4.795159e-07	2.51842	0
4.795759e-07	2.51834	0
4.796359e-07	2.51827	0
4.796959e-07	2.5182	0
4.797560e-07	2.51812	0
4.798160e-07	2.51805	0
4.798760e-07	2.51798	0
4.799360e-07	2.51791	0
4.799960e-07	2.51783	0
4.800560e-07	2.51776	0
4.801160e-07	2.51769	0
4.801760e-07	2.51761	0
4.802360e-07	2.51754	0
4.802961e-07	2.51747	0
4.803561e-07	2.5174	0
4.804161e-07	2.51732	0
4.804761e-07	2.51725	0
4.805361e-07	2.51718	0
4.805961e-07	2.5171	0
4.806561e-07	2.51703	0
4.807161e-07	2.51696	0
4.807762e-07	2.51689	0
4.808362e-07	2.51681	0
4.808962e-07	2.51674	0
4.809562e-07	2.51667	0
4.810162e-07	2.5166	0
4.810762e-07	2.51652	0
4.811362e-07	2.51645	0
4.811962e-07	2.51638	0
4.812563e-07	2.51631	0
4.813163e-07	2.51624	0
4.813763e-07	2.51616	0
4.814363e-07	2.51609	0
4.814963e-07	2.51602	0
4.815563e-07	2.51595	0
4.816163e-07	2.51587	0
4.816763e-07	2.5158	0
4.817363e-07	2.51573	0
4.817964e-07	2.51566	0
4.818564e-07	2.51559	0
4.819164e-07	2.51552	0
4.819764e-07	2.51544	0
4.820364e-07	2.51537	0
4.820964e-07	2.5153	0
4.821564e-07	2.51523	0
4.822164e-07	2.51516	0
4.822765e-07	2.51508	0
4.823365e-07	2.51501	0
4.823965e-07	2.51494	0
4.824565e-07	2.51487	0
4.825165e-07	2.5148	0
4.825765e-07	2.51473	0
4.826365e-07	2.51466	0
4.826965e-07	2.51458	0
4.827566e-07	2.51451	0
4.828166e-07	2.51444	0
4.828766e-07	2.51437	0
4.829366e-07	2.5143	0
4.829966e-07	2.51423	0
4.830566e-07	2.51416	0
4.831166e-07	2.51408	0
4.831766e-07	2.51401	0
4.832366e-07	2.51394	0
4.832967e-07	2.51387	0
4.833567e-07	2.5138	0
4.834167e-07	2.51373	0
4.834767e-07	2.51366	0
4.835367e-07	2.51359	0
4.835967e-07	2.51352	0
4.836567e-07	2.51345	0
4.837167e-07	2.51337	0
4.837768e-07	2.5133	0
4.838368e-07	2.51323	0
4.838968e-07	2.51316	0
4.839568e-07	2.51309	0
4.840168e-07	2.51302	0
4.840768e-07	2.51295	0
4.841368e-07	2.51288	0
4.841968e-07	2.51281	0
4.842569e-07	2.51274	0
4.843169e-07	2.51267	0
4.843769e-07	2.5126	0
4.844369e-07	2.51253	0
4.844969e-07	2.51246	0
4.845569e-07	2.51239	0
4.846169e-07	2.51232	0
4.846769e-07	2.51225	0
4.847369e-07	2.51218	0
4.847970e-07	2.51211	0
4.848570e-07	2.51203	0
4.849170e-07	2.51196	0
4.849770e-07	2.51189	0
4.850370e-07	2.51182	0
4.850970e-07	2.51175	0
4.851570e-07	2.51168	0
4.852170e-07	2.51161	0
4.852771e-07	2.51154	0
4.853371e-07	2.51147	0
4.853971e-07	2.5114	0
4.854571e-07	2.51133	0
4.855171e-07	2.51126	0
4.855771e-07	2.51119	0
4.856371e-07	2.51113	0
4.856971e-07	2.51106	0
4.857572e-07	2.51099	0
4.858172e-07	2.51092	0
4.858772e-07	2.51085	0
4.859372e-07	2.51078	0
4.859972e-07	2.51071	0
4.860572e-07	2.51064	0
4.861172e-07	2.51057	0
4.861772e-07	2.5105	0
4.862372e-07	2.51043	0
4.862973e-07	2.51036	0
4.863573e-07	2.51029	0
4.864173e-07	2.51022	0
4.864773e-07	2.51015	0
4.865373e-07	2.51008	0
4.865973e-07	2.51001	0
4.866573e-07	2.50994	0
4.867173e-07	2.50987	0
4.867774e-07	2.50981	0
4.868374e-07	2.50974	0
4.868974e-07	2.50967	0
4.869574e-07	2.5096	0
4.870174e-07	2.50953	0
4.870774e-07	2.50946	0
4.871374e-07	2.50939	0
4.871974e-07	2.50932	0
4.872575e-07	2.50925	0
4.873175e-07	2.50918	0
4.873775e-07	2.50912	0
4.874375e-07	2.50905	0
4.874975e-07	2.50898	0
4.875575e-07	2.50891	0
4.876175e-07	2.50884	0
4.876775e-07	2.50877	0
4.877375e-07	2.5087	0
4.877976e-07	2.50863	0
4.878576e-07	2.50857	0
4.879176e-07	2.5085	0
4.879776e-07	2.50843	0
4.880376e-07	2.50836	0
4.880976e-07	2.50829	0
4.881576e-07	2.50822	0
4.882176e-07	2.50816	0
4.882777e-07	2.50809	0
4.883377e-07	2.50802	0
4.883977e-07	2.50795	0
4.884577e-07	2.50788	0
4.885177e-07	2.50781	0
4.885777e-07	2.50775	0
4.886377e-07	2.50768	0
4.886977e-07	2.50761	0
4.887578e-07	2.50754	0
4.888178e-07	2.50747	0
4.888778e-07	2.50741	0
4.889378e-07	2.50734	0
4.889978e-07	2.50727	0
4.890578e-07	2.5072	0
4.891178e-07	2.50713	0
4.891778e-07	2.50707	0
4.892378e-07	2.507	0
4.892979e-07	2.50693	0
4.893579e-07	2.50686	0
4.894179e-07	2.50679	0
4.894779e-07	2.50673	0
4.895379e-07	2.50666	0
4.895979e-07	2.50659	0
4.896579e-07	2.50652	0
4.897179e-07	2.50646	0
4.897780e-07	2.50639	0
4.898380e-07	2.50632	0
4.898980e-07	2.50625	0
4.899580e-07	2.50619	0
4.900180e-07	2.50612	0
4.900780e-07	2.50605	0
4.901380e-07	2.50598	0
4.901980e-07	2.50592	0
4.902581e-07	2.50585	0
4.903181e-07	2.50578	0
4.903781e-07	2.50572	0
4.904381e-07	2.50565	0
4.904981e-07	2.50558	0
4.905581e-07	2.50551	0
4.906181e-07	2.50545	0
4.906781e-07	2.50538	0
4.907381e-07	2.50531	0
4.907982e-07	2.50525	0
4.908582e-07	2.50518	0
4.909182e-07	2.50511	0
4.909782e-07	2.50504	0
4.910382e-07	2.50498	0
4.910982e-07	2.50491	0
4.911582e-07	2.50484	0
4.912182e-07	2.50478	0
4.912783e-07	2.50471	0
4.913383e-07	2.50464	0
4.913983e-07	2.50458	0
4.914583e-07	2.50451	0
4.915183e-07	2.50444	0
4.915783e-07	2.50438	0
4.916383e-07	2.50431	0
4.916983e-07	2.50424	0
4.917584e-07	2.50418	0
4.918184e-07	2.50411	0
4.918784e-07	2.50404	0
4.919384e-07	2.50398	0
4.919984e-07	2.50391	0
4.920584e-07	2.50385	0
4.921184e-07	2.50378	0
4.921784e-07	2.50371	0
4.922384e-07	2.50365	0
4.922985e-07	2.50358	0
4.923585e-07	2.50351	0
4.924185e-07	2.50345	0
4.924785e-07	2.50338	0
4.925385e-07	2.50332	0
4.925985e-07	2.50325	0
4.926585e-07	2.50318	0
4.927185e-07	2.50312	0
4.927786e-07	2.50305	0
4.928386e-07	2.50299	0
4.928986e-07	2.50292	0
4.929586e-07	2.50285	0
4.930186e-07	2.50279	0
4.930786e-07	2.50272	0
4.931386e-07	2.50266	0
4.931986e-07	2.50259	0
4.932587e-07	2.50252	0
4.933187e-07	2.50246	0
4.933787e-07	2.50239	0
4.934387e-07	2.50233	0
4.934987e-07	2.50226	0
4.935587e-07	2.5022	0
4.936187e-07	2.50213	0
4.936787e-07	2.50207	0
4.937387e-07	2.502	0
4.937988e-07	2.50193	0
4.938588e-07	2.50187	0
4.939188e-07	2.5018	0
4.939788e-07	2.50174	0
4.940388e-07	2.50167	0
4.940988e-07	2.50161	0
4.941588e-07	2.50154	0
4.942188e-07	2.50148	0
4.942789e-07	2.50141	0
4.943389e-07	2.50135	0
4.943989e-07	2.50128	0
4.944589e-07	2.50122	0
4.945189e-07	2.50115	0
4.945789e-07	2.50109	0
4.946389e-07	2.50102	0
4.946989e-07	2.50096	0
4.947590e-07	2.50089	0
4.948190e-07	2.50083	0
4.948790e-07	2.50076	0
4.949390e-07	2.5007	0
4.949990e-07	2.50063	0
4.950590e-07	2.50057	0
4.951190e-07	2.5005	0
4.951790e-07	2.50044	0
4.952390e-07	2.50037	0
4.952991e-07	2.50031	0
4.953591e-07	2.50024	0
4.954191e-07	2.50018	0
4.954791e-07	2.50011	0
4.955391e-07	2.50005	0
4.955991e-07	2.49998	0
4.956591e-07	2.49992	0
4.957191e-07	2.49986	0
4.957792e-07	2.49979	0
4.958392e-07	2.49973	0
4.958992e-07	2.49966	0
4.959592e-07	2.4996	0
4.960192e-07	2.49953	0
4.960792e-07	2.49947	0
4.961392e-07	2.4994	0
4.961992e-07	2.49934	0
4.962593e-07	2.49928	0
4.963193e-07	2.49921	0
4.963793e-07	2.49915	0
4.964393e-07	2.49908	0
4.964993e-07	2.49902	0
4.965593e-07	2.49896	0
4.966193e-07	2.49889	0
4.966793e-07	2.49883	0
4.967393e-07	2.49876	0
4.967994e-07	2.4987	0
4.968594e-07	2.49864	0
4.969194e-07	2.49857	0
4.969794e-07	2.49851	0
4.970394e-07	2.49844	0
4.970994e-07	2.49838	0
4.971594e-07	2.49832	0
4.972194e-07	2.49825	0
4.972795e-07	2.49819	0
4.973395e-07	2.49812	0
4.973995e-07	2.49806	0
4.974595e-07	2.498	0
4.975195e-07	2.49793	0
4.975795e-07	2.49787	0
4.976395e-07	2.49781	0
4.976995e-07	2.49774	0
4.977596e-07	2.49768	0
4.978196e-07	2.49762	0
4.978796e-07	2.49755	0
4.979396e-07	2.49749	0
4.979996e-07	2.49743	0
4.980596e-07	2.49736	0
4.981196e-07	2.4973	0
4.981796e-07	2.49724	0
4.982396e-07	2.49717	0
4.982997e-07	2.49711	0
4.983597e-07	2.49705	0
4.984197e-07	2.49698	0
4.984797e-07	2.49692	0
4.985397e-07	2.49686	0
4.985997e-07	2.49679	0
4.986597e-07	2.49673	0
4.987197e-07	2.49667	0
4.987798e-07	2.4966	0
4.988398e-07	2.49654	0
4.988998e-07	2.49648	0
4.989598e-07	2.49642	0
4.990198e-07	2.49635	0
4.990798e-07	2.49629	0
4.991398e-07	2.49623	0
4.991998e-07	2.49616	0
4.992599e-07	2.4961	0
4.993199e-07	2.49604	0
4.993799e-07	2.49598	0
4.994399e-07	2.49591	0
4.994999e-07	2.49585	0
4.995599e-07	2.49579	0
4.996199e-07	2.49573	0
4.996799e-07	2.49566	0
4.997399e-07	2.4956	0
4.998000e-07	2.49554	0
4.998600e-07	2.49547	0
4.999200e-07	2.49541	0
4.999800e-07	2.49535	0
5.000400e-07	2.49529	0
5.001000e-07	2.49523	0
5.001600e-07	2.49516	0
5.002200e-07	2.4951	0
5.002801e-07	2.49504	0
5.003401e-07	2.49498	0
5.004001e-07	2.49491	0
5.004601e-07	2.49485	0
5.005201e-07	2.49479	0
5.005801e-07	2.49473	0
5.006401e-07	2.49466	0
5.007001e-07	2.4946	0
5.007602e-07	2.49454	0
5.008202e-07	2.49448	0
5.008802e-07	2.49442	0
5.009402e-07	2.49435	0
5.010002e-07	2.49429	0
5.010602e-07	2.49423	0
5.011202e-07	2.49417	0
5.011802e-07	2.49411	0
5.012402e-07	2.49405	0
5.013003e-07	2.49398	0
5.013603e-07	2.49392	0
5.014203e-07	2.49386	0
5.014803e-07	2.4938	0
5.015403e-07	2.49374	0
5.016003e-07	2.49367	0
5.016603e-07	2.49361	0
5.017203e-07	2.49355	0
5.017804e-07	2.49349	0
5.018404e-07	2.49343	0
5.019004e-07	2.49337	0
5.019604e-07	2.49331	0
5.020204e-07	2.49324	0
5.020804e-07	2.49318	0
5.021404e-07	2.49312	0
5.022004e-07	2.49306	0
5.022605e-07	2.493	0
5.023205e-07	2.49294	0
5.023805e-07	2.49288	0
5.024405e-07	2.49281	0
5.025005e-07	2.49275	0
5.025605e-07	2.49269	0
5.026205e-07	2.49263	0
5.026805e-07	2.49257	0
5.027405e-07	2.49251	0
5.028006e-07	2.49245	0
5.028606e-07	2.49239	0
5.029206e-07	2.49232	0
5.029806e-07	2.49226	0
5.030406e-07	2.4922	0
5.031006e-07	2.49214	0
5.031606e-07	2.49208	0
5.032206e-07	2.49202	0
5.032807e-07	2.49196	0
5.033407e-07	2.4919	0
5.034007e-07	2.49184	0
5.034607e-07	2.49178	0
5.035207e-07	2.49172	0
5.035807e-07	2.49165	0
5.036407e-07	2.49159	0
5.037007e-07	2.49153	0
5.037608e-07	2.49147	0
5.038208e-07	2.49141	0
5.038808e-07	2.49135	0
5.039408e-07	2.49129	0
5.040008e-07	2.49123	0
5.040608e-07	2.49117	0
5.041208e-07	2.49111	0
5.041808e-07	2.49105	0
5.042408e-07	2.49099	0
5.043009e-07	2.49093	0
5.043609e-07	2.49087	0
5.044209e-07	2.49081	0
5.044809e-07	2.49075	0
5.045409e-07	2.49069	0
5.046009e-07	2.49063	0
5.046609e-07	2.49057	0
5.047209e-07	2.4905	0
5.047810e-07	2.49044	0
5.048410e-07	2.49038	0
5.049010e-07	2.49032	0
5.049610e-07	2.49026	0
5.050210e-07	2.4902	0
5.050810e-07	2.49014	0
5.051410e-07	2.49008	0
5.052010e-07	2.49002	0
5.052611e-07	2.48996	0
5.053211e-07	2.4899	0
5.053811e-07	2.48984	0
5.054411e-07	2.48978	0
5.055011e-07	2.48972	0
5.055611e-07	2.48966	0
5.056211e-07	2.4896	0
5.056811e-07	2.48954	0
5.057411e-07	2.48948	0
5.058012e-07	2.48942	0
5.058612e-07	2.48936	0
5.059212e-07	2.48931	0
5.059812e-07	2.48925	0
5.060412e-07	2.48919	0
5.061012e-07	2.48913	0
5.061612e-07	2.48907	0
5.062212e-07	2.48901	0
5.062813e-07	2.48895	0
5.063413e-07	2.48889	0
5.064013e-07	2.48883	0
5.064613e-07	2.48877	0
5.065213e-07	2.48871	0
5.065813e-07	2.48865	0
5.066413e-07	2.48859	0
5.067013e-07	2.48853	0
5.067614e-07	2.48847	0
5.068214e-07	2.48841	0
5.068814e-07	2.48835	0
5.069414e-07	2.48829	0
5.070014e-07	2.48823	0
5.070614e-07	2.48818	0
5.071214e-07	2.48812	0
5.071814e-07	2.48806	0
5.072414e-07	2.488	0
5.073015e-07	2.48794	0
5.073615e-07	2.48788	0
5.074215e-07	2.48782	0
5.074815e-07	2.48776	0
5.075415e-07	2.4877	0
5.076015e-07	2.48764	0
5.076615e-07	2.48758	0
5.077215e-07	2.48753	0
5.077816e-07	2.48747	0
5.078416e-07	2.48741	0
5.079016e-07	2.48735	0
5.079616e-07	2.48729	0
5.080216e-07	2.48723	0
5.080816e-07	2.48717	0
5.081416e-07	2.48711	0
5.082016e-07	2.48706	0
5.082617e-07	2.487	0
5.083217e-07	2.48694	0
5.083817e-07	2.48688	0
5.084417e-07	2.48682	0
5.085017e-07	2.48676	0
5.085617e-07	2.4867	0
5.086217e-07	2.48664	0
5.086817e-07	2.48659	0
5.087417e-07	2.48653	0
5.088018e-07	2.48647	0
5.088618e-07	2.48641	0
5.089218e-07	2.48635	0
5.089818e-07	2.48629	0
5.090418e-07	2.48624	0
5.091018e-07	2.48618	0
5.091618e-07	2.48612	0
5.092218e-07	2.48606	0
5.092819e-07	2.486	0
5.093419e-07	2.48594	0
5.094019e-07	2.48589	0
5.094619e-07	2.48583	0
5.095219e-07	2.48577	0
5.095819e-07	2.48571	0
5.096419e-07	2.48565	0
5.097019e-07	2.4856	0
5.097620e-07	2.48554	0
5.098220e-07	2.48548	0
5.098820e-07	2.48542	0
5.099420e-07	2.48536	0
5.100020e-07	2.48531	0
5.100620e-07	2.48525	0
5.101220e-07	2.48519	0
5.101820e-07	2.48513	0
5.102420e-07	2.48507	0
5.103021e-07	2.48502	0
5.103621e-07	2.48496	0
5.104221e-07	2.4849	0
5.104821e-07	2.48484	0
5.105421e-07	2.48479	0
5.106021e-07	2.48473	0
5.106621e-07	2.48467	0
5.107221e-07	2.48461	0
5.107822e-07	2.48455	0
5.108422e-07	2.4845	0
5.109022e-07	2.48444	0
5.109622e-07	2.48438	0
5.110222e-07	2.48432	0
5.110822e-07	2.48427	0
5.111422e-07	2.48421	0
5.112022e-07	2.48415	0
5.112623e-07	2.48409	0
5.113223e-07	2.48404	0
5.113823e-07	2.48398	0
5.114423e-07	2.48392	0
5.115023e-07	2.48386	0
5.115623e-07	2.48381	0
5.116223e-07	2.48375	0
5.116823e-07	2.48369	0
5.117423e-07	2.48364	0
5.118024e-07	2.48358	0
5.118624e-07	2.48352	0
5.119224e-07	2.48346	0
5.119824e-07	2.48341	0
5.120424e-07	2.48335	0
5.121024e-07	2.48329	0
5.121624e-07	2.48324	0
5.122224e-07	2.48318	0
5.122825e-07	2.48312	0
5.123425e-07	2.48307	0
5.124025e-07	2.48301	0
5.124625e-07	2.48295	0
5.125225e-07	2.48289	0
5.125825e-07	2.48284	0
5.126425e-07	2.48278	0
5.127025e-07	2.48272	0
5.127626e-07	2.48267	0
5.128226e-07	2.48261	0
5.128826e-07	2.48255	0
5.129426e-07	2.4825	0
5.130026e-07	2.48244	0
5.130626e-07	2.48238	0
5.131226e-07	2.48233	0
5.131826e-07	2.48227	0
5.132426e-07	2.48221	0
5.133027e-07	2.48216	0
5.133627e-07	2.4821	0
5.134227e-07	2.48204	0
5.134827e-07	2.48199	0
5.135427e-07	2.48193	0
5.136027e-07	2.48187	0
5.136627e-07	2.48182	0
5.137227e-07	2.48176	0
5.137828e-07	2.48171	0
5.138428e-07	2.48165	0
5.139028e-07	2.48159	0
5.139628e-07	2.48154	0
5.140228e-07	2.48148	0
5.140828e-07	2.48142	0
5.141428e-07	2.48137	0
5.142028e-07	2.48131	0
5.142629e-07	2.48126	0
5.143229e-07	2.4812	0
5.143829e-07	2.48114	0
5.144429e-07	2.48109	0
5.145029e-07	2.48103	0
5.145629e-07	2.48097	0
5.146229e-07	2.48092	0
5.146829e-07	2.48086	0
5.147429e-07	2.48081	0
5.148030e-07	2.48075	0
5.148630e-07	2.48069	0
5.149230e-07	2.48064	0
5.149830e-07	2.48058	0
5.150430e-07	2.48053	0
5.151030e-07	2.48047	0
5.151630e-07	2.48042	0
5.152230e-07	2.48036	0
5.152831e-07	2.4803	0
5.153431e-07	2.48025	0
5.154031e-07	2.48019	0
5.154631e-07	2.48014	0
5.155231e-07	2.48008	0
5.155831e-07	2.48003	0
5.156431e-07	2.47997	0
5.157031e-07	2.47991	0
5.157632e-07	2.47986	0
5.158232e-07	2.4798	0
5.158832e-07	2.47975	0
5.159432e-07	2.47969	0
5.160032e-07	2.47964	0
5.160632e-07	2.47958	0
5.161232e-07	2.47953	0
5.161832e-07	2.47947	0
5.162432e-07	2.47942	0
5.163033e-07	2.47936	0
5.163633e-07	2.4793	0
5.164233e-07	2.47925	0
5.164833e-07	2.47919	0
5.165433e-07	2.47914	0
5.166033e-07	2.47908	0
5.166633e-07	2.47903	0
5.167233e-07	2.47897	0
5.167834e-07	2.47892	0
5.168434e-07	2.47886	0
5.169034e-07	2.47881	0
5.169634e-07	2.47875	0
5.170234e-07	2.4787	0
5.170834e-07	2.47864	0
5.171434e-07	2.47859	0
5.172034e-07	2.47853	0
5.172635e-07	2.47848	0
5.173235e-07	2.47842	0
5.173835e-07	2.47837	0
5.174435e-07	2.47831	0
5.175035e-07	2.47826	0
5.175635e-07	2.4782	0
5.176235e-07	2.47815	0
5.176835e-07	2.47809	0
5.177435e-07	2.47804	0
5.178036e-07	2.47798	0
5.178636e-07	2.47793	0
5.179236e-07	2.47787	0
5.179836e-07	2.47782	0
5.180436e-07	2.47777	0
5.181036e-07	2.47771	0
5.181636e-07	2.47766	0
5.182236e-07	2.4776	0
5.182837e-07	2.47755	0
5.183437e-07	2.47749	0
5.184037e-07	2.47744	0
5.184637e-07	2.47738	0
5.185237e-07	2.47733	0
5.185837e-07	2.47727	0
5.186437e-07	2.47722	0
5.187037e-07	2.47717	0
5.187638e-07	2.47711	0
5.188238e-07	2.47706	0
5.188838e-07	2.477	0
5.189438e-07	2.47695	0
5.190038e-07	2.47689	0
5.190638e-07	2.47684	0
5.191238e-07	2.47679	0
5.191838e-07	2.47673	0
5.192438e-07	2.47668	0
5.193039e-07	2.47662	0
5.193639e-07	2.47657	0
5.194239e-07	2.47651	0
5.194839e-07	2.47646	0
5.195439e-07	2.47641	0
5.196039e-07	2.47635	0
5.196639e-07	2.4763	0
5.197239e-07	2.47624	0
5.197840e-07	2.47619	0
5.198440e-07	2.47614	0
5.199040e-07	2.47608	0
5.199640e-07	2.47603	0
5.200240e-07	2.47597	0
5.200840e-07	2.47592	0
5.201440e-07	2.47587	0
5.202040e-07	2.47581	0
5.202641e-07	2.47576	0
5.203241e-07	2.47571	0
5.203841e-07	2.47565	0
5.204441e-07	2.4756	0
5.205041e-07	2.47554	0
5.205641e-07	2.47549	0
5.206241e-07	2.47544	0
5.206841e-07	2.47538	0
5.207441e-07	2.47533	0
5.208042e-07	2.47528	0
5.208642e-07	2.47522	0
5.209242e-07	2.47517	0
5.209842e-07	2.47512	0
5.210442e-07	2.47506	0
5.211042e-07	2.47501	0
5.211642e-07	2.47495	0
5.212242e-07	2.4749	0
5.212843e-07	2.47485	0
5.213443e-07	2.47479	0
5.214043e-07	2.47474	0
5.214643e-07	2.47469	0
5.215243e-07	2.47463	0
5.215843e-07	2.47458	0
5.216443e-07	2.47453	0
5.217043e-07	2.47447	0
5.217644e-07	2.47442	0
5.218244e-07	2.47437	0
5.218844e-07	2.47431	0
5.219444e-07	2.47426	0
5.220044e-07	2.47421	0
5.220644e-07	2.47416	0
5.221244e-07	2.4741	0
5.221844e-07	2.47405	0
5.222444e-07	2.474	0
5.223045e-07	2.47394	0
5.223645e-07	2.47389	0
5.224245e-07	2.47384	0
5.224845e-07	2.47378	0
5.225445e-07	2.47373	0
5.226045e-07	2.47368	0
5.226645e-07	2.47363	0
5.227245e-07	2.47357	0
5.227846e-07	2.47352	0
5.228446e-07	2.47347	0
5.229046e-07	2.47341	0
5.229646e-07	2.47336	0
5.230246e-07	2.47331	0
5.230846e-07	2.47326	0
5.231446e-07	2.4732	0
5.232046e-07	2.47315	0
5.232647e-07	2.4731	0
5.233247e-07	2.47305	0
5.233847e-07	2.47299	0
5.234447e-07	2.47294	0
5.235047e-07	2.47289	0
5.235647e-07	2.47284	0
5.236247e-07	2.47278	0
5.236847e-07	2.47273	0
5.237447e-07	2.47268	0
5.238048e-07	2.47263	0
5.238648e-07	2.47257	0
5.239248e-07	2.47252	0
5.239848e-07	2.47247	0
5.240448e-07	2.47242	0
5.241048e-07	2.47236	0
5.241648e-07	2.47231	0
5.242248e-07	2.47226	0
5.242849e-07	2.47221	0
5.243449e-07	2.47215	0
5.244049e-07	2.4721	0
5.244649e-07	2.47205	0
5.245249e-07	2.472	0
5.245849e-07	2.47194	0
5.246449e-07	2.47189	0
5.247049e-07	2.47184	0
5.247650e-07	2.47179	0
5.248250e-07	2.47174	0
5.248850e-07	2.47168	0
5.249450e-07	2.47163	0
5.250050e-07	2.47158	0
5.250650e-07	2.47153	0
5.251250e-07	2.47148	0
5.251850e-07	2.47142	0
5.252450e-07	2.47137	0
5.253051e-07	2.47132	0
5.253651e-07	2.47127	0
5.254251e-07	2.47122	0
5.254851e-07	2.47116	0
5.255451e-07	2.47111	0
5.256051e-07	2.47106	0
5.256651e-07	2.47101	0
5.257251e-07	2.47096	0
5.257852e-07	2.47091	0
5.258452e-07	2.47085	0
5.259052e-07	2.4708	0
5.259652e-07	2.47075	0
5.260252e-07	2.4707	0
5.260852e-07	2.47065	0
5.261452e-07	2.4706	0
5.262052e-07	2.47054	0
5.262653e-07	2.47049	0
5.263253e-07	2.47044	0
5.263853e-07	2.47039	0
5.264453e-07	2.47034	0
5.265053e-07	2.47029	0
5.265653e-07	2.47024	0
5.266253e-07	2.47018	0
5.266853e-07	2.47013	0
5.267453e-07	2.47008	0
5.268054e-07	2.47003	0
5.268654e-07	2.46998	0
5.269254e-07	2.46993	0
5.269854e-07	2.46988	0
5.270454e-07	2.46982	0
5.271054e-07	2.46977	0
5.271654e-07	2.46972	0
5.272254e-07	2.46967	0
5.272855e-07	2.46962	0
5.273455e-07	2.46957	0
5.274055e-07	2.46952	0
5.274655e-07	2.46947	0
5.275255e-07	2.46942	0
5.275855e-07	2.46936	0
5.276455e-07	2.46931	0
5.277055e-07	2.46926	0
5.277656e-07	2.46921	0
5.278256e-07	2.46916	0
5.278856e-07	2.46911	0
5.279456e-07	2.46906	0
5.280056e-07	2.46901	0
5.280656e-07	2.46896	0
5.281256e-07	2.46891	0
5.281856e-07	2.46885	0
5.282456e-07	2.4688	0
5.283057e-07	2.46875	0
5.283657e-07	2.4687	0
5.284257e-07	2.46865	0
5.284857e-07	2.4686	0
5.285457e-07	2.46855	0
5.286057e-07	2.4685	0
5.286657e-07	2.46845	0
5.287257e-07	2.4684	0
5.287858e-07	2.46835	0
5.288458e-07	2.4683	0
5.289058e-07	2.46825	0
5.289658e-07	2.46819	0
5.290258e-07	2.46814	0
5.290858e-07	2.46809	0
5.291458e-07	2.46804	0
5.292058e-07	2.46799	0
5.292659e-07	2.46794	0
5.293259e-07	2.46789	0
5.293859e-07	2.46784	0
5.294459e-07	2.46779	0
5.295059e-07	2.46774	0
5.295659e-07	2.46769	0
5.296259e-07	2.46764	0
5.296859e-07	2.46759	0
5.297459e-07	2.46754	0
5.298060e-07	2.46749	0
5.298660e-07	2.46744	0
5.299260e-07	2.46739	0
5.299860e-07	2.46734	0
5.300460e-07	2.46729	0
5.301060e-07	2.46724	0
5.301660e-07	2.46719	0
5.302260e-07	2.46714	0
5.302861e-07	2.46709	0
5.303461e-07	2.46704	0
5.304061e-07	2.46699	0
5.304661e-07	2.46694	0
5.305261e-07	2.46689	0
5.305861e-07	2.46684	0
5.306461e-07	2.46679	0
5.307061e-07	2.46674	0
5.307662e-07	2.46669	0
5.308262e-07	2.46664	0
5.308862e-07	2.46659	0
5.309462e-07	2.46654	0
5.310062e-07	2.46649	0
5.310662e-07	2.46644	0
5.311262e-07	2.46639	0
5.311862e-07	2.46634	0
5.312462e-07	2.46629	0
5.313063e-07	2.46624	0
5.313663e-07	2.46619	0
5.314263e-07	2.46614	0
5.314863e-07	2.46609	0
5.315463e-07	2.46604	0
5.316063e-07	2.46599	0
5.316663e-07	2.46594	0
5.317263e-07	2.46589	0
5.317864e-07	2.46584	0
5.318464e-07	2.46579	0
5.319064e-07	2.46574	0
5.319664e-07	2.46569	0
5.320264e-07	2.46564	0
5.320864e-07	2.46559	0
5.321464e-07	2.46554	0
5.322064e-07	2.46549	0
5.322665e-07	2.46544	0
5.323265e-07	2.46539	0
5.323865e-07	2.46535	0
5.324465e-07	2.4653	0
5.325065e-07	2.46525	0
5.325665e-07	2.4652	0
5.326265e-07	2.46515	0
5.326865e-07	2.4651	0
5.327465e-07	2.46505	0
5.328066e-07	2.465	0
5.328666e-07	2.46495	0
5.329266e-07	2.4649	0
5.329866e-07	2.46485	0
5.330466e-07	2.4648	0
5.331066e-07	2.46475	0
5.331666e-07	2.4647	0
5.332266e-07	2.46466	0
5.332867e-07	2.46461	0
5.333467e-07	2.46456	0
5.334067e-07	2.46451	0
5.334667e-07	2.46446	0
5.335267e-07	2.46441	0
5.335867e-07	2.46436	0
5.336467e-07	2.46431	0
5.337067e-07	2.46426	0
5.337668e-07	2.46421	0
5.338268e-07	2.46417	0
5.338868e-07	2.46412	0
5.339468e-07	2.46407	0
5.340068e-07	2.46402	0
5.340668e-07	2.46397	0
5.341268e-07	2.46392	0
5.341868e-07	2.46387	0
5.342468e-07	2.46382	0
5.343069e-07	2.46377	0
5.343669e-07	2.46373	0
5.344269e-07	2.46368	0
5.344869e-07	2.46363	0
5.345469e-07	2.46358	0
5.346069e-07	2.46353	0
5.346669e-07	2.46348	0
5.347269e-07	2.46343	0
5.347870e-07	2.46339	0
5.348470e-07	2.46334	0
5.349070e-07	2.46329	0
5.349670e-07	2.46324	0
5.350270e-07	2.46319	0
5.350870e-07	2.46314	0
5.351470e-07	2.46309	0
5.352070e-07	2.46305	0
5.352671e-07	2.463	0
5.353271e-07	2.46295	0
5.353871e-07	2.4629	0
5.354471e-07	2.46285	0
5.355071e-07	2.4628	0
5.355671e-07	2.46276	0
5.356271e-07	2.46271	0
5.356871e-07	2.46266	0
5.357471e-07	2.46261	0
5.358072e-07	2.46256	0
5.358672e-07	2.46251	0
5.359272e-07	2.46247	0
5.359872e-07	2.46242	0
5.360472e-07	2.46237	0
5.361072e-07	2.46232	0
5.361672e-07	2.46227	0
5.362272e-07	2.46222	0
5.362873e-07	2.46218	0
5.363473e-07	2.46213	0
5.364073e-07	2.46208	0
5.364673e-07	2.46203	0
5.365273e-07	2.46198	0
5.365873e-07	2.46194	0
5.366473e-07	2.46189	0
5.367073e-07	2.46184	0
5.367674e-07	2.46179	0
5.368274e-07	2.46174	0
5.368874e-07	2.4617	0
5.369474e-07	2.46165	0
5.370074e-07	2.4616	0
5.370674e-07	2.46155	0
5.371274e-07	2.46151	0
5.371874e-07	2.46146	0
5.372474e-07	2.46141	0
5.373075e-07	2.46136	0
5.373675e-07	2.46131	0
5.374275e-07	2.46127	0
5.374875e-07	2.46122	0
5.375475e-07	2.46117	0
5.376075e-07	2.46112	0
5.376675e-07	2.46108	0
5.377275e-07	2.46103	0
5.377876e-07	2.46098	0
5.378476e-07	2.46093	0
5.379076e-07	2.46089	0
5.379676e-07	2.46084	0
5.380276e-07	2.46079	0
5.380876e-07	2.46074	0
5.381476e-07	2.4607	0
5.382076e-07	2.46065	0
5.382677e-07	2.4606	0
5.383277e-07	2.46055	0
5.383877e-07	2.46051	0
5.384477e-07	2.46046	0
5.385077e-07	2.46041	0
5.385677e-07	2.46036	0
5.386277e-07	2.46032	0
5.386877e-07	2.46027	0
5.387477e-07	2.46022	0
5.388078e-07	2.46017	0
5.388678e-07	2.46013	0
5.389278e-07	2.46008	0
5.389878e-07	2.46003	0
5.390478e-07	2.45998	0
5.391078e-07	2.45994	0
5.391678e-07	2.45989	0
5.392278e-07	2.45984	0
5.392879e-07	2.4598	0
5.393479e-07	2.45975	0
5.394079e-07	2.4597	0
5.394679e-07	2.45965	0
5.395279e-07	2.45961	0
5.395879e-07	2.45956	0
5.396479e-07	2.45951	0
5.397079e-07	2.45947	0
5.397680e-07	2.45942	0
5.398280e-07	2.45937	0
5.398880e-07	2.45933	0
5.399480e-07	2.45928	0
5.400080e-07	2.45923	0
5.400680e-07	2.45919	0
5.401280e-07	2.45914	0
5.401880e-07	2.45909	0
5.402480e-07	2.45904	0
5.403081e-07	2.459	0
5.403681e-07	2.45895	0
5.404281e-07	2.4589	0
5.404881e-07	2.45886	0
5.405481e-07	2.45881	0
5.406081e-07	2.45876	0
5.406681e-07	2.45872	0
5.407281e-07	2.45867	0
5.407882e-07	2.45862	0
5.408482e-07	2.45858	0
5.409082e-07	2.45853	0
5.409682e-07	2.45848	0
5.410282e-07	2.45844	0
5.410882e-07	2.45839	0
5.411482e-07	2.45834	0
5.412082e-07	2.4583	0
5.412683e-07	2.45825	0
5.413283e-07	2.4582	0
5.413883e-07	2.45816	0
5.414483e-07	2.45811	0
5.415083e-07	2.45807	0
5.415683e-07	2.45802	0
5.416283e-07	2.45797	0
5.416883e-07	2.45793	0
5.417483e-07	2.45788	0
5.418084e-07	2.45783	0
5.418684e-07	2.45779	0
5.419284e-07	2.45774	0
5.419884e-07	2.45769	0
5.420484e-07	2.45765	0
5.421084e-07	2.4576	0
5.421684e-07	2.45756	0
5.422284e-07	2.45751	0
5.422885e-07	2.45746	0
5.423485e-07	2.45742	0
5.424085e-07	2.45737	0
5.424685e-07	2.45733	0
5.425285e-07	2.45728	0
5.425885e-07	2.45723	0
5.426485e-07	2.45719	0
5.427085e-07	2.45714	0
5.427686e-07	2.45709	0
5.428286e-07	2.45705	0
5.428886e-07	2.457	0
5.429486e-07	2.45696	0
5.430086e-07	2.45691	0
5.430686e-07	2.45686	0
5.431286e-07	2.45682	0
5.431886e-07	2.45677	0
5.432486e-07	2.45673	0
5.433087e-07	2.45668	0
5.433687e-07	2.45664	0
5.434287e-07	2.45659	0
5.434887e-07	2.45654	0
5.435487e-07	2.4565	0
5.436087e-07	2.45645	0
5.436687e-07	2.45641	0
5.437287e-07	2.45636	0
5.437888e-07	2.45631	0
5.438488e-07	2.45627	0
5.439088e-07	2.45622	0
5.439688e-07	2.45618	0
5.440288e-07	2.45613	0
5.440888e-07	2.45609	0
5.441488e-07	2.45604	0
5.442088e-07	2.456	0
5.442689e-07	2.45595	0
5.443289e-07	2.4559	0
5.443889e-07	2.45586	0
5.444489e-07	2.45581	0
5.445089e-07	2.45577	0
5.445689e-07	2.45572	0
5.446289e-07	2.45568	0
5.446889e-07	2.45563	0
5.447489e-07	2.45559	0
5.448090e-07	2.45554	0
5.448690e-07	2.45549	0
5.449290e-07	2.45545	0
5.449890e-07	2.4554	0
5.450490e-07	2.45536	0
5.451090e-07	2.45531	0
5.451690e-07	2.45527	0
5.452290e-07	2.45522	0
5.452891e-07	2.45518	0
5.453491e-07	2.45513	0
5.454091e-07	2.45509	0
5.454691e-07	2.45504	0
5.455291e-07	2.455	0
5.455891e-07	2.45495	0
5.456491e-07	2.45491	0
5.457091e-07	2.45486	0
5.457692e-07	2.45482	0
5.458292e-07	2.45477	0
5.458892e-07	2.45473	0
5.459492e-07	2.45468	0
5.460092e-07	2.45464	0
5.460692e-07	2.45459	0
5.461292e-07	2.45455	0
5.461892e-07	2.4545	0
5.462492e-07	2.45446	0
5.463093e-07	2.45441	0
5.463693e-07	2.45437	0
5.464293e-07	2.45432	0
5.464893e-07	2.45428	0
5.465493e-07	2.45423	0
5.466093e-07	2.45419	0
5.466693e-07	2.45414	0
5.467293e-07	2.4541	0
5.467894e-07	2.45405	0
5.468494e-07	2.45401	0
5.469094e-07	2.45396	0
5.469694e-07	2.45392	0
5.470294e-07	2.45387	0
5.470894e-07	2.45383	0
5.471494e-07	2.45378	0
5.472094e-07	2.45374	0
5.472695e-07	2.45369	0
5.473295e-07	2.45365	0
5.473895e-07	2.4536	0
5.474495e-07	2.45356	0
5.475095e-07	2.45352	0
5.475695e-07	2.45347	0
5.476295e-07	2.45343	0
5.476895e-07	2.45338	0
5.477495e-07	2.45334	0
5.478096e-07	2.45329	0
5.478696e-07	2.45325	0
5.479296e-07	2.4532	0
5.479896e-07	2.45316	0
5.480496e-07	2.45311	0
5.481096e-07	2.45307	0
5.481696e-07	2.45303	0
5.482296e-07	2.45298	0
5.482897e-07	2.45294	0
5.483497e-07	2.45289	0
5.484097e-07	2.45285	0
5.484697e-07	2.4528	0
5.485297e-07	2.45276	0
5.485897e-07	2.45272	0
5.486497e-07	2.45267	0
5.487097e-07	2.45263	0
5.487698e-07	2.45258	0
5.488298e-07	2.45254	0
5.488898e-07	2.45249	0
5.489498e-07	2.45245	0
5.490098e-07	2.45241	0
5.490698e-07	2.45236	0
5.491298e-07	2.45232	0
5.491898e-07	2.45227	0
5.492498e-07	2.45223	0
5.493099e-07	2.45218	0
5.493699e-07	2.45214	0
5.494299e-07	2.4521	0
5.494899e-07	2.45205	0
5.495499e-07	2.45201	0
5.496099e-07	2.45196	0
5.496699e-07	2.45192	0
5.497299e-07	2.45188	0
5.497900e-07	2.45183	0
5.498500e-07	2.45179	0
5.499100e-07	2.45175	0
5.499700e-07	2.4517	0
5.500300e-07	2.45166	0
5.500900e-07	2.45161	0
5.501500e-07	2.45157	0
5.502100e-07	2.45153	0
5.502701e-07	2.45148	0
5.503301e-07	2.45144	0
5.503901e-07	2.45139	0
5.504501e-07	2.45135	0
5.505101e-07	2.45131	0
5.505701e-07	2.45126	0
5.506301e-07	2.45122	0
5.506901e-07	2.45118	0
5.507502e-07	2.45113	0
5.508102e-07	2.45109	0
5.508702e-07	2.45104	0
5.509302e-07	2.451	0
5.509902e-07	2.45096	0
5.510502e-07	2.45091	0
5.511102e-07	2.45087	0
5.511702e-07	2.45083	0
5.512302e-07	2.45078	0
5.512903e-07	2.45074	0
5.513503e-07	2.4507	0
5.514103e-07	2.45065	0
5.514703e-07	2.45061	0
5.515303e-07	2.45057	0
5.515903e-07	2.45052	0
5.516503e-07	2.45048	0
5.517103e-07	2.45044	0
5.517704e-07	2.45039	0
5.518304e-07	2.45035	0
5.518904e-07	2.45031	0
5.519504e-07	2.45026	0
5.520104e-07	2.45022	0
5.520704e-07	2.45018	0
5.521304e-07	2.45013	0
5.521904e-07	2.45009	0
5.522505e-07	2.45005	0
5.523105e-07	2.45	0
5.523705e-07	2.44996	0
5.524305e-07	2.44992	0
5.524905e-07	2.44987	0
5.525505e-07	2.44983	0
5.526105e-07	2.44979	0
5.526705e-07	2.44974	0
5.527305e-07	2.4497	0
5.527906e-07	2.44966	0
5.528506e-07	2.44961	0
5.529106e-07	2.44957	0
5.529706e-07	2.44953	0
5.530306e-07	2.44949	0
5.530906e-07	2.44944	0
5.531506e-07	2.4494	0
5.532106e-07	2.44936	0
5.532707e-07	2.44931	0
5.533307e-07	2.44927	0
5.533907e-07	2.44923	0
5.534507e-07	2.44918	0
5.535107e-07	2.44914	0
5.535707e-07	2.4491	0
5.536307e-07	2.44906	0
5.536907e-07	2.44901	0
5.537508e-07	2.44897	0
5.538108e-07	2.44893	0
5.538708e-07	2.44889	0
5.539308e-07	2.44884	0
5.539908e-07	2.4488	0
5.540508e-07	2.44876	0
5.541108e-07	2.44871	0
5.541708e-07	2.44867	0
5.542308e-07	2.44863	0
5.542909e-07	2.44859	0
5.543509e-07	2.44854	0
5.544109e-07	2.4485	0
5.544709e-07	2.44846	0
5.545309e-07	2.44842	0
5.545909e-07	2.44837	0
5.546509e-07	2.44833	0
5.547109e-07	2.44829	0
5.547710e-07	2.44825	0
5.548310e-07	2.4482	0
5.548910e-07	2.44816	0
5.549510e-07	2.44812	0
5.550110e-07	2.44808	0
5.550710e-07	2.44803	0
5.551310e-07	2.44799	0
5.551910e-07	2.44795	0
5.552511e-07	2.44791	0
5.553111e-07	2.44786	0
5.553711e-07	2.44782	0
5.554311e-07	2.44778	0
5.554911e-07	2.44774	0
5.555511e-07	2.44769	0
5.556111e-07	2.44765	0
5.556711e-07	2.44761	0
5.557311e-07	2.44757	0
5.557912e-07	2.44752	0
5.558512e-07	2.44748	0
5.559112e-07	2.44744	0
5.559712e-07	2.4474	0
5.560312e-07	2.44736	0
5.560912e-07	2.44731	0
5.561512e-07	2.44727	0
5.562112e-07	2.44723	0
5.562713e-07	2.44719	0
5.563313e-07	2.44715	0
5.563913e-07	2.4471	0
5.564513e-07	2.44706	0
5.565113e-07	2.44702	0
5.565713e-07	2.44698	0
5.566313e-07	2.44694	0
5.566913e-07	2.44689	0
5.567514e-07	2.44685	0
5.568114e-07	2.44681	0
5.568714e-07	2.44677	0
5.569314e-07	2.44673	0
5.569914e-07	2.44668	0
5.570514e-07	2.44664	0
5.571114e-07	2.4466	0
5.571714e-07	2.44656	0
5.572314e-07	2.44652	0
5.572915e-07	2.44647	0
5.573515e-07	2.44643	0
5.574115e-07	2.44639	0
5.574715e-07	2.44635	0
5.575315e-07	2.44631	0
5.575915e-07	2.44626	0
5.576515e-07	2.44622	0
5.577115e-07	2.44618	0
5.577716e-07	2.44614	0
5.578316e-07	2.4461	0
5.578916e-07	2.44606	0
5.579516e-07	2.44601	0
5.580116e-07	2.44597	0
5.580716e-07	2.44593	0
5.581316e-07	2.44589	0
5.581916e-07	2.44585	0
5.582517e-07	2.44581	0
5.583117e-07	2.44577	0
5.583717e-07	2.44572	0
5.584317e-07	2.44568	0
5.584917e-07	2.44564	0
5.585517e-07	2.4456	0
5.586117e-07	2.44556	0
5.586717e-07	2.44552	0
5.587317e-07	2.44547	0
5.587918e-07	2.44543	0
5.588518e-07	2.44539	0
5.589118e-07	2.44535	0
5.589718e-07	2.44531	0
5.590318e-07	2.44527	0
5.590918e-07	2.44523	0
5.591518e-07	2.44518	0
5.592118e-07	2.44514	0
5.592719e-07	2.4451	0
5.593319e-07	2.44506	0
5.593919e-07	2.44502	0
5.594519e-07	2.44498	0
5.595119e-07	2.44494	0
5.595719e-07	2.4449	0
5.596319e-07	2.44485	0
5.596919e-07	2.44481	0
5.597520e-07	2.44477	0
5.598120e-07	2.44473	0
5.598720e-07	2.44469	0
5.599320e-07	2.44465	0
5.599920e-07	2.44461	0
5.600520e-07	2.44457	0
5.601120e-07	2.44453	0
5.601720e-07	2.44448	0
5.602320e-07	2.44444	0
5.602921e-07	2.4444	0
5.603521e-07	2.44436	0
5.604121e-07	2.44432	0
5.604721e-07	2.44428	0
5.605321e-07	2.44424	0
5.605921e-07	2.4442	0
5.606521e-07	2.44416	0
5.607121e-07	2.44412	0
5.607722e-07	2.44407	0
5.608322e-07	2.44403	0
5.608922e-07	2.44399	0
5.609522e-07	2.44395	0
5.610122e-07	2.44391	0
5.610722e-07	2.44387	0
5.611322e-07	2.44383	0
5.611922e-07	2.44379	0
5.612523e-07	2.44375	0
5.613123e-07	2.44371	0
5.613723e-07	2.44367	0
5.614323e-07	2.44363	0
5.614923e-07	2.44358	0
5.615523e-07	2.44354	0
5.616123e-07	2.4435	0
5.616723e-07	2.44346	0
5.617323e-07	2.44342	0
5.617924e-07	2.44338	0
5.618524e-07	2.44334	0
5.619124e-07	2.4433	0
5.619724e-07	2.44326	0
5.620324e-07	2.44322	0
5.620924e-07	2.44318	0
5.621524e-07	2.44314	0
5.622124e-07	2.4431	0
5.622725e-07	2.44306	0
5.623325e-07	2.44302	0
5.623925e-07	2.44298	0
5.624525e-07	2.44294	0
5.625125e-07	2.44289	0
5.625725e-07	2.44285	0
5.626325e-07	2.44281	0
5.626925e-07	2.44277	0
5.627526e-07	2.44273	0
5.628126e-07	2.44269	0
5.628726e-07	2.44265	0
5.629326e-07	2.44261	0
5.629926e-07	2.44257	0
5.630526e-07	2.44253	0
5.631126e-07	2.44249	0
5.631726e-07	2.44245	0
5.632326e-07	2.44241	0
5.632927e-07	2.44237	0
5.633527e-07	2.44233	0
5.634127e-07	2.44229	0
5.634727e-07	2.44225	0
5.635327e-07	2.44221	0
5.635927e-07	2.44217	0
5.636527e-07	2.44213	0
5.637127e-07	2.44209	0
5.637728e-07	2.44205	0
5.638328e-07	2.44201	0
5.638928e-07	2.44197	0
5.639528e-07	2.44193	0
5.640128e-07	2.44189	0
5.640728e-07	2.44185	0
5.641328e-07	2.44181	0
5.641928e-07	2.44177	0
5.642529e-07	2.44173	0
5.643129e-07	2.44169	0
5.643729e-07	2.44165	0
5.644329e-07	2.44161	0
5.644929e-07	2.44157	0
5.645529e-07	2.44153	0
5.646129e-07	2.44149	0
5.646729e-07	2.44145	0
5.647329e-07	2.44141	0
5.647930e-07	2.44137	0
5.648530e-07	2.44133	0
5.649130e-07	2.44129	0
5.649730e-07	2.44125	0
5.650330e-07	2.44121	0
5.650930e-07	2.44117	0
5.651530e-07	2.44113	0
5.652130e-07	2.44109	0
5.652731e-07	2.44105	0
5.653331e-07	2.44101	0
5.653931e-07	2.44097	0
5.654531e-07	2.44093	0
5.655131e-07	2.44089	0
5.655731e-07	2.44085	0
5.656331e-07	2.44081	0
5.656931e-07	2.44077	0
5.657532e-07	2.44073	0
5.658132e-07	2.44069	0
5.658732e-07	2.44065	0
5.659332e-07	2.44061	0
5.659932e-07	2.44057	0
5.660532e-07	2.44053	0
5.661132e-07	2.4405	0
5.661732e-07	2.44046	0
5.662332e-07	2.44042	0
5.662933e-07	2.44038	0
5.663533e-07	2.44034	0
5.664133e-07	2.4403	0
5.664733e-07	2.44026	0
5.665333e-07	2.44022	0
5.665933e-07	2.44018	0
5.666533e-07	2.44014	0
5.667133e-07	2.4401	0
5.667734e-07	2.44006	0
5.668334e-07	2.44002	0
5.668934e-07	2.43998	0
5.669534e-07	2.43994	0
5.670134e-07	2.4399	0
5.670734e-07	2.43986	0
5.671334e-07	2.43983	0
5.671934e-07	2.43979	0
5.672535e-07	2.43975	0
5.673135e-07	2.43971	0
5.673735e-07	2.43967	0
5.674335e-07	2.43963	0
5.674935e-07	2.43959	0
5.675535e-07	2.43955	0
5.676135e-07	2.43951	0
5.676735e-07	2.43947	0
5.677335e-07	2.43943	0
5.677936e-07	2.43939	0
5.678536e-07	2.43935	0
5.679136e-07	2.43932	0
5.679736e-07	2.43928	0
5.680336e-07	2.43924	0
5.680936e-07	2.4392	0
5.681536e-07	2.43916	0
5.682136e-07	2.43912	0
5.682737e-07	2.43908	0
5.683337e-07	2.43904	0
5.683937e-07	2.439	0
5.684537e-07	2.43896	0
5.685137e-07	2.43893	0
5.685737e-07	2.43889	0
5.686337e-07	2.43885	0
5.686937e-07	2.43881	0
5.687538e-07	2.43877	0
5.688138e-07	2.43873	0
5.688738e-07	2.43869	0
5.689338e-07	2.43865	0
5.689938e-07	2.43861	0
5.690538e-07	2.43858	0
5.691138e-07	2.43854	0
5.691738e-07	2.4385	0
5.692338e-07	2.43846	0
5.692939e-07	2.43842	0
5.693539e-07	2.43838	0
5.694139e-07	2.43834	0
5.694739e-07	2.4383	0
5.695339e-07	2.43827	0
5.695939e-07	2.43823	0
5.696539e-07	2.43819	0
5.697139e-07	2.43815	0
5.697740e-07	2.43811	0
5.698340e-07	2.43807	0
5.698940e-07	2.43803	0
5.699540e-07	2.438	0
5.700140e-07	2.43796	0
5.700740e-07	2.43792	0
5.701340e-07	2.43788	0
5.701940e-07	2.43784	0
5.702541e-07	2.4378	0
5.703141e-07	2.43776	0
5.703741e-07	2.43773	0
5.704341e-07	2.43769	0
5.704941e-07	2.43765	0
5.705541e-07	2.43761	0
5.706141e-07	2.43757	0
5.706741e-07	2.43753	0
5.707341e-07	2.43749	0
5.707942e-07	2.43746	0
5.708542e-07	2.43742	0
5.709142e-07	2.43738	0
5.709742e-07	2.43734	0
5.710342e-07	2.4373	0
5.710942e-07	2.43726	0
5.711542e-07	2.43723	0
5.712142e-07	2.43719	0
5.712743e-07	2.43715	0
5.713343e-07	2.43711	0
5.713943e-07	2.43707	0
5.714543e-07	2.43703	0
5.715143e-07	2.437	0
5.715743e-07	2.43696	0
5.716343e-07	2.43692	0
5.716943e-07	2.43688	0
5.717544e-07	2.43684	0
5.718144e-07	2.43681	0
5.718744e-07	2.43677	0
5.719344e-07	2.43673	0
5.719944e-07	2.43669	0
5.720544e-07	2.43665	0
5.721144e-07	2.43662	0
5.721744e-07	2.43658	0
5.722344e-07	2.43654	0
5.722945e-07	2.4365	0
5.723545e-07	2.43646	0
5.724145e-07	2.43642	0
5.724745e-07	2.43639	0
5.725345e-07	2.43635	0
5.725945e-07	2.43631	0
5.726545e-07	2.43627	0
5.727145e-07	2.43624	0
5.727746e-07	2.4362	0
5.728346e-07	2.43616	0
5.728946e-07	2.43612	0
5.729546e-07	2.43608	0
5.730146e-07	2.43605	0
5.730746e-07	2.43601	0
5.731346e-07	2.43597	0
5.731946e-07	2.43593	0
5.732547e-07	2.43589	0
5.733147e-07	2.43586	0
5.733747e-07	2.43582	0
5.734347e-07	2.43578	0
5.734947e-07	2.43574	0
5.735547e-07	2.43571	0
5.736147e-07	2.43567	0
5.736747e-07	2.43563	0
5.737347e-07	2.43559	0
5.737948e-07	2.43555	0
5.738548e-07	2.43552	0
5.739148e-07	2.43548	0
5.739748e-07	2.43544	0
5.740348e-07	2.4354	0
5.740948e-07	2.43537	0
5.741548e-07	2.43533	0
5.742148e-07	2.43529	0
5.742749e-07	2.43525	0
5.743349e-07	2.43522	0
5.743949e-07	2.43518	0
5.744549e-07	2.43514	0
5.745149e-07	2.4351	0
5.745749e-07	2.43507	0
5.746349e-07	2.43503	0
5.746949e-07	2.43499	0
5.747550e-07	2.43495	0
5.748150e-07	2.43492	0
5.748750e-07	2.43488	0
5.749350e-07	2.43484	0
5.749950e-07	2.4348	0
5.750550e-07	2.43477	0
5.751150e-07	2.43473	0
5.751750e-07	2.43469	0
5.752350e-07	2.43465	0
5.752951e-07	2.43462	0
5.753551e-07	2.43458	0
5.754151e-07	2.43454	0
5.754751e-07	2.4345	0
5.755351e-07	2.43447	0
5.755951e-07	2.43443	0
5.756551e-07	2.43439	0
5.757151e-07	2.43436	0
5.757752e-07	2.43432	0
5.758352e-07	2.43428	0
5.758952e-07	2.43424	0
5.759552e-07	2.43421	0
5.760152e-07	2.43417	0
5.760752e-07	2.43413	0
5.761352e-07	2.4341	0
5.761952e-07	2.43406	0
5.762553e-07	2.43402	0
5.763153e-07	2.43398	0
5.763753e-07	2.43395	0
5.764353e-07	2.43391	0
5.764953e-07	2.43387	0
5.765553e-07	2.43384	0
5.766153e-07	2.4338	0
5.766753e-07	2.43376	0
5.767353e-07	2.43372	0
5.767954e-07	2.43369	0
5.768554e-07	2.43365	0
5.769154e-07	2.43361	0
5.769754e-07	2.43358	0
5.770354e-07	2.43354	0
5.770954e-07	2.4335	0
5.771554e-07	2.43347	0
5.772154e-07	2.43343	0
5.772755e-07	2.43339	0
5.773355e-07	2.43336	0
5.773955e-07	2.43332	0
5.774555e-07	2.43328	0
5.775155e-07	2.43325	0
5.775755e-07	2.43321	0
5.776355e-07	2.43317	0
5.776955e-07	2.43313	0
5.777556e-07	2.4331	0
5.778156e-07	2.43306	0
5.778756e-07	2.43302	0
5.779356e-07	2.43299	0
5.779956e-07	2.43295	0
5.780556e-07	2.43291	0
5.781156e-07	2.43288	0
5.781756e-07	2.43284	0
5.782356e-07	2.4328	0
5.782957e-07	2.43277	0
5.783557e-07	2.43273	0
5.784157e-07	2.43269	0
5.784757e-07	2.43266	0
5.785357e-07	2.43262	0
5.785957e-07	2.43258	0
5.786557e-07	2.43255	0
5.787157e-07	2.43251	0
5.787758e-07	2.43247	0
5.788358e-07	2.43244	0
5.788958e-07	2.4324	0
5.789558e-07	2.43237	0
5.790158e-07	2.43233	0
5.790758e-07	2.43229	0
5.791358e-07	2.43226	0
5.791958e-07	2.43222	0
5.792559e-07	2.43218	0
5.793159e-07	2.43215	0
5.793759e-07	2.43211	0
5.794359e-07	2.43207	0
5.794959e-07	2.43204	0
5.795559e-07	2.432	0
5.796159e-07	2.43196	0
5.796759e-07	2.43193	0
5.797359e-07	2.43189	0
5.797960e-07	2.43186	0
5.798560e-07	2.43182	0
5.799160e-07	2.43178	0
5.799760e-07	2.43175	0
5.800360e-07	2.43171	0
5.800960e-07	2.43167	0
5.801560e-07	2.43164	0
5.802160e-07	2.4316	0
5.802761e-07	2.43157	0
5.803361e-07	2.43153	0
5.803961e-07	2.43149	0
5.804561e-07	2.43146	0
5.805161e-07	2.43142	0
5.805761e-07	2.43138	0
5.806361e-07	2.43135	0
5.806961e-07	2.43131	0
5.807562e-07	2.43128	0
5.808162e-07	2.43124	0
5.808762e-07	2.4312	0
5.809362e-07	2.43117	0
5.809962e-07	2.43113	0
5.810562e-07	2.4311	0
5.811162e-07	2.43106	0
5.811762e-07	2.43102	0
5.812362e-07	2.43099	0
5.812963e-07	2.43095	0
5.813563e-07	2.43092	0
5.814163e-07	2.43088	0
5.814763e-07	2.43084	0
5.815363e-07	2.43081	0
5.815963e-07	2.43077	0
5.816563e-07	2.43074	0
5.817163e-07	2.4307	0
5.817764e-07	2.43066	0
5.818364e-07	2.43063	0
5.818964e-07	2.43059	0
5.819564e-07	2.43056	0
5.820164e-07	2.43052	0
5.820764e-07	2.43049	0
5.821364e-07	2.43045	0
5.821964e-07	2.43041	0
5.822565e-07	2.43038	0
5.823165e-07	2.43034	0
5.823765e-07	2.43031	0
5.824365e-07	2.43027	0
5.824965e-07	2.43024	0
5.825565e-07	2.4302	0
5.826165e-07	2.43016	0
5.826765e-07	2.43013	0
5.827365e-07	2.43009	0
5.827966e-07	2.43006	0
5.828566e-07	2.43002	0
5.829166e-07	2.42999	0
5.829766e-07	2.42995	0
5.830366e-07	2.42991	0
5.830966e-07	2.42988	0
5.831566e-07	2.42984	0
5.832166e-07	2.42981	0
5.832767e-07	2.42977	0
5.833367e-07	2.42974	0
5.833967e-07	2.4297	0
5.834567e-07	2.42967	0
5.835167e-07	2.42963	0
5.835767e-07	2.42959	0
5.836367e-07	2.42956	0
5.836967e-07	2.42952	0
5.837568e-07	2.42949	0
5.838168e-07	2.42945	0
5.838768e-07	2.42942	0
5.839368e-07	2.42938	0
5.839968e-07	2.42935	0
5.840568e-07	2.42931	0
5.841168e-07	2.42928	0
5.841768e-07	2.42924	0
5.842368e-07	2.4292	0
5.842969e-07	2.42917	0
5.843569e-07	2.42913	0
5.844169e-07	2.4291	0
5.844769e-07	2.42906	0
5.845369e-07	2.42903	0
5.845969e-07	2.42899	0
5.846569e-07	2.42896	0
5.847169e-07	2.42892	0
5.847770e-07	2.42889	0
5.848370e-07	2.42885	0
5.848970e-07	2.42882	0
5.849570e-07	2.42878	0
5.850170e-07	2.42875	0
5.850770e-07	2.42871	0
5.851370e-07	2.42868	0
5.851970e-07	2.42864	0
5.852571e-07	2.42861	0
5.853171e-07	2.42857	0
5.853771e-07	2.42854	0
5.854371e-07	2.4285	0
5.854971e-07	2.42847	0
5.855571e-07	2.42843	0
5.856171e-07	2.4284	0
5.856771e-07	2.42836	0
5.857371e-07	2.42833	0
5.857972e-07	2.42829	0
5.858572e-07	2.42826	0
5.859172e-07	2.42822	0
5.859772e-07	2.42819	0
5.860372e-07	2.42815	0
5.860972e-07	2.42812	0
5.861572e-07	2.42808	0
5.862172e-07	2.42805	0
5.862773e-07	2.42801	0
5.863373e-07	2.42798	0
5.863973e-07	2.42794	0
5.864573e-07	2.42791	0
5.865173e-07	2.42787	0
5.865773e-07	2.42784	0
5.866373e-07	2.4278	0
5.866973e-07	2.42777	0
5.867574e-07	2.42773	0
5.868174e-07	2.4277	0
5.868774e-07	2.42766	0
5.869374e-07	2.42763	0
5.869974e-07	2.42759	0
5.870574e-07	2.42756	0
5.871174e-07	2.42752	0
5.871774e-07	2.42749	0
5.872374e-07	2.42745	0
5.872975e-07	2.42742	0
5.873575e-07	2.42738	0
5.874175e-07	2.42735	0
5.874775e-07	2.42731	0
5.875375e-07	2.42728	0
5.875975e-07	2.42725	0
5.876575e-07	2.42721	0
5.877175e-07	2.42718	0
5.877776e-07	2.42714	0
5.878376e-07	2.42711	0
5.878976e-07	2.42707	0
5.879576e-07	2.42704	0
5.880176e-07	2.427	0
5.880776e-07	2.42697	0
5.881376e-07	2.42693	0
5.881976e-07	2.4269	0
5.882577e-07	2.42687	0
5.883177e-07	2.42683	0
5.883777e-07	2.4268	0
5.884377e-07	2.42676	0
5.884977e-07	2.42673	0
5.885577e-07	2.42669	0
5.886177e-07	2.42666	0
5.886777e-07	2.42662	0
5.887377e-07	2.42659	0
5.887978e-07	2.42656	0
5.888578e-07	2.42652	0
5.889178e-07	2.42649	0
5.889778e-07	2.42645	0
5.890378e-07	2.42642	0
5.890978e-07	2.42638	0
5.891578e-07	2.42635	0
5.892178e-07	2.42631	0
5.892779e-07	2.42628	0
5.893379e-07	2.42625	0
5.893979e-07	2.42621	0
5.894579e-07	2.42618	0
5.895179e-07	2.42614	0
5.895779e-07	2.42611	0
5.896379e-07	2.42608	0
5.896979e-07	2.42604	0
5.897580e-07	2.42601	0
5.898180e-07	2.42597	0
5.898780e-07	2.42594	0
5.899380e-07	2.4259	0
5.899980e-07	2.42587	0
5.900580e-07	2.42584	0
5.901180e-07	2.4258	0
5.901780e-07	2.42577	0
5.902380e-07	2.42573	0
5.902981e-07	2.4257	0
5.903581e-07	2.42567	0
5.904181e-07	2.42563	0
5.904781e-07	2.4256	0
5.905381e-07	2.42556	0
5.905981e-07	2.42553	0
5.906581e-07	2.4255	0
5.907181e-07	2.42546	0
5.907782e-07	2.42543	0
5.908382e-07	2.42539	0
5.908982e-07	2.42536	0
5.909582e-07	2.42533	0
5.910182e-07	2.42529	0
5.910782e-07	2.42526	0
5.911382e-07	2.42522	0
5.911982e-07	2.42519	0
5.912583e-07	2.42516	0
5.913183e-07	2.42512	0
5.913783e-07	2.42509	0
5.914383e-07	2.42505	0
5.914983e-07	2.42502	0
5.915583e-07	2.42499	0
5.916183e-07	2.42495	0
5.916783e-07	2.42492	0
5.917383e-07	2.42489	0
5.917984e-07	2.42485	0
5.918584e-07	2.42482	0
5.919184e-07	2.42478	0
5.919784e-07	2.42475	0
5.920384e-07	2.42472	0
5.920984e-07	2.42468	0
5.921584e-07	2.42465	0
5.922184e-07	2.42462	0
5.922785e-07	2.42458	0
5.923385e-07	2.42455	0
5.923985e-07	2.42451	0
5.924585e-07	2.42448	0
5.925185e-07	2.42445	0
5.925785e-07	2.42441	0
5.926385e-07	2.42438	0
5.926985e-07	2.42435	0
5.927586e-07	2.42431	0
5.928186e-07	2.42428	0
5.928786e-07	2.42425	0
5.929386e-07	2.42421	0
5.929986e-07	2.42418	0
5.930586e-07	2.42414	0
5.931186e-07	2.42411	0
5.931786e-07	2.42408	0
5.932386e-07	2.42404	0
5.932987e-07	2.42401	0
5.933587e-07	2.42398	0
5.934187e-07	2.42394	0
5.934787e-07	2.42391	0
5.935387e-07	2.42388	0
5.935987e-07	2.42384	0
5.936587e-07	2.42381	0
5.937187e-07	2.42378	0
5.937788e-07	2.42374	0
5.938388e-07	2.42371	0
5.938988e-07	2.42368	0
5.939588e-07	2.42364	0
5.940188e-07	2.42361	0
5.940788e-07	2.42358	0
5.941388e-07	2.42354	0
5.941988e-07	2.42351	0
5.942589e-07	2.42348	0
5.943189e-07	2.42344	0
5.943789e-07	2.42341	0
5.944389e-07	2.42338	0
5.944989e-07	2.42334	0
5.945589e-07	2.42331	0
5.946189e-07	2.42328	0
5.946789e-07	2.42324	0
5.947389e-07	2.42321	0
5.947990e-07	2.42318	0
5.948590e-07	2.42314	0
5.949190e-07	2.42311	0
5.949790e-07	2.42308	0
5.950390e-07	2.42305	0
5.950990e-07	2.42301	0
5.951590e-07	2.42298	0
5.952190e-07	2.42295	0
5.952791e-07	2.42291	0
5.953391e-07	2.42288	0
5.953991e-07	2.42285	0
5.954591e-07	2.42281	0
5.955191e-07	2.42278	0
5.955791e-07	2.42275	0
5.956391e-07	2.42271	0
5.956991e-07	2.42268	0
5.957592e-07	2.42265	0
5.958192e-07	2.42262	0
5.958792e-07	2.42258	0
5.959392e-07	2.42255	0
5.959992e-07	2.42252	0
5.960592e-07	2.42248	0
5.961192e-07	2.42245	0
5.961792e-07	2.42242	0
5.962392e-07	2.42238	0
5.962993e-07	2.42235	0
5.963593e-07	2.42232	0
5.964193e-07	2.42229	0
5.964793e-07	2.42225	0
5.965393e-07	2.42222	0
5.965993e-07	2.42219	0
5.966593e-07	2.42216	0
5.967193e-07	2.42212	0
5.967794e-07	2.42209	0
5.968394e-07	2.42206	0
5.968994e-07	2.42202	0
5.969594e-07	2.42199	0
5.970194e-07	2.42196	0
5.970794e-07	2.42193	0
5.971394e-07	2.42189	0
5.971994e-07	2.42186	0
5.972595e-07	2.42183	0
5.973195e-07	2.42179	0
5.973795e-07	2.42176	0
5.974395e-07	2.42173	0
5.974995e-07	2.4217	0
5.975595e-07	2.42166	0
5.976195e-07	2.42163	0
5.976795e-07	2.4216	0
5.977395e-07	2.42157	0
5.977996e-07	2.42153	0
5.978596e-07	2.4215	0
5.979196e-07	2.42147	0
5.979796e-07	2.42144	0
5.980396e-07	2.4214	0
5.980996e-07	2.42137	0
5.981596e-07	2.42134	0
5.982196e-07	2.42131	0
5.982797e-07	2.42127	0
5.983397e-07	2.42124	0
5.983997e-07	2.42121	0
5.984597e-07	2.42118	0
5.985197e-07	2.42114	0
5.985797e-07	2.42111	0
5.986397e-07	2.42108	0
5.986997e-07	2.42105	0
5.987598e-07	2.42101	0
5.988198e-07	2.42098	0
5.988798e-07	2.42095	0
5.989398e-07	2.42092	0
5.989998e-07	2.42088	0
5.990598e-07	2.42085	0
5.991198e-07	2.42082	0
5.991798e-07	2.42079	0
5.992398e-07	2.42075	0
5.992999e-07	2.42072	0
5.993599e-07	2.42069	0
5.994199e-07	2.42066	0
5.994799e-07	2.42063	0
5.995399e-07	2.42059	0
5.995999e-07	2.42056	0
5.996599e-07	2.42053	0
5.997199e-07	2.4205	0
5.997800e-07	2.42046	0
5.998400e-07	2.42043	0
5.999000e-07	2.4204	0
5.999600e-07	2.42037	0
6.000200e-07	2.42034	0
6.000800e-07	2.4203	0
6.001400e-07	2.42027	0
6.002000e-07	2.42024	0
6.002601e-07	2.42021	0
6.003201e-07	2.42017	0
6.003801e-07	2.42014	0
6.004401e-07	2.42011	0
6.005001e-07	2.42008	0
6.005601e-07	2.42005	0
6.006201e-07	2.42001	0
6.006801e-07	2.41998	0
6.007401e-07	2.41995	0
6.008002e-07	2.41992	0
6.008602e-07	2.41989	0
6.009202e-07	2.41985	0
6.009802e-07	2.41982	0
6.010402e-07	2.41979	0
6.011002e-07	2.41976	0
6.011602e-07	2.41973	0
6.012202e-07	2.41969	0
6.012803e-07	2.41966	0
6.013403e-07	2.41963	0
6.014003e-07	2.4196	0
6.014603e-07	2.41957	0
6.015203e-07	2.41953	0
6.015803e-07	2.4195	0
6.016403e-07	2.41947	0
6.017003e-07	2.41944	0
6.017604e-07	2.41941	0
6.018204e-07	2.41938	0
6.018804e-07	2.41934	0
6.019404e-07	2.41931	0
6.020004e-07	2.41928	0
6.020604e-07	2.41925	0
6.021204e-07	2.41922	0
6.021804e-07	2.41918	0
6.022404e-07	2.41915	0
6.023005e-07	2.41912	0
6.023605e-07	2.41909	0
6.024205e-07	2.41906	0
6.024805e-07	2.41903	0
6.025405e-07	2.41899	0
6.026005e-07	2.41896	0
6.026605e-07	2.41893	0
6.027205e-07	2.4189	0
6.027806e-07	2.41887	0
6.028406e-07	2.41884	0
6.029006e-07	2.4188	0
6.029606e-07	2.41877	0
6.030206e-07	2.41874	0
6.030806e-07	2.41871	0
6.031406e-07	2.41868	0
6.032006e-07	2.41865	0
6.032607e-07	2.41861	0
6.033207e-07	2.41858	0
6.033807e-07	2.41855	0
6.034407e-07	2.41852	0
6.035007e-07	2.41849	0
6.035607e-07	2.41846	0
6.036207e-07	2.41843	0
6.036807e-07	2.41839	0
6.037407e-07	2.41836	0
6.038008e-07	2.41833	0
6.038608e-07	2.4183	0
6.039208e-07	2.41827	0
6.039808e-07	2.41824	0
6.040408e-07	2.4182	0
6.041008e-07	2.41817	0
6.041608e-07	2.41814	0
6.042208e-07	2.41811	0
6.042809e-07	2.41808	0
6.043409e-07	2.41805	0
6.044009e-07	2.41802	0
6.044609e-07	2.41799	0
6.045209e-07	2.41795	0
6.045809e-07	2.41792	0
6.046409e-07	2.41789	0
6.047009e-07	2.41786	0
6.047610e-07	2.41783	0
6.048210e-07	2.4178	0
6.048810e-07	2.41777	0
6.049410e-07	2.41773	0
6.050010e-07	2.4177	0
6.050610e-07	2.41767	0
6.051210e-07	2.41764	0
6.051810e-07	2.41761	0
6.052410e-07	2.41758	0
6.053011e-07	2.41755	0
6.053611e-07	2.41752	0
6.054211e-07	2.41748	0
6.054811e-07	2.41745	0
6.055411e-07	2.41742	0
6.056011e-07	2.41739	0
6.056611e-07	2.41736	0
6.057211e-07	2.41733	0
6.057812e-07	2.4173	0
6.058412e-07	2.41727	0
6.059012e-07	2.41724	0
6.059612e-07	2.4172	0
6.060212e-07	2.41717	0
6.060812e-07	2.41714	0
6.061412e-07	2.41711	0
6.062012e-07	2.41708	0
6.062613e-07	2.41705	0
6.063213e-07	2.41702	0
6.063813e-07	2.41699	0
6.064413e-07	2.41696	0
6.065013e-07	2.41693	0
6.065613e-07	2.41689	0
6.066213e-07	2.41686	0
6.066813e-07	2.41683	0
6.067413e-07	2.4168	0
6.068014e-07	2.41677	0
6.068614e-07	2.41674	0
6.069214e-07	2.41671	0
6.069814e-07	2.41668	0
6.070414e-07	2.41665	0
6.071014e-07	2.41662	0
6.071614e-07	2.41659	0
6.072214e-07	2.41655	0
6.072815e-07	2.41652	0
6.073415e-07	2.41649	0
6.074015e-07	2.41646	0
6.074615e-07	2.41643	0
6.075215e-07	2.4164	0
6.075815e-07	2.41637	0
6.076415e-07	2.41634	0
6.077015e-07	2.41631	0
6.077616e-07	2.41628	0
6.078216e-07	2.41625	0
6.078816e-07	2.41622	0
6.079416e-07	2.41618	0
6.080016e-07	2.41615	0
6.080616e-07	2.41612	0
6.081216e-07	2.41609	0
6.081816e-07	2.41606	0
6.082416e-07	2.41603	0
6.083017e-07	2.416	0
6.083617e-07	2.41597	0
6.084217e-07	2.41594	0
6.084817e-07	2.41591	0
6.085417e-07	2.41588	0
6.086017e-07	2.41585	0
6.086617e-07	2.41582	0
6.087217e-07	2.41579	0
6.087818e-07	2.41576	0
6.088418e-07	2.41573	0
6.089018e-07	2.41569	0
6.089618e-07	2.41566	0
6.090218e-07	2.41563	0
6.090818e-07	2.4156	0
6.091418e-07	2.41557	0
6.092018e-07	2.41554	0
6.092619e-07	2.41551	0
6.093219e-07	2.41548	0
6.093819e-07	2.41545	0
6.094419e-07	2.41542	0
6.095019e-07	2.41539	0
6.095619e-07	2.41536	0
6.096219e-07	2.41533	0
6.096819e-07	2.4153	0
6.097419e-07	2.41527	0
6.098020e-07	2.41524	0
6.098620e-07	2.41521	0
6.099220e-07	2.41518	0
6.099820e-07	2.41515	0
6.100420e-07	2.41512	0
6.101020e-07	2.41509	0
6.101620e-07	2.41506	0
6.102220e-07	2.41502	0
6.102821e-07	2.41499	0
6.103421e-07	2.41496	0
6.104021e-07	2.41493	0
6.104621e-07	2.4149	0
6.105221e-07	2.41487	0
6.105821e-07	2.41484	0
6.106421e-07	2.41481	0
6.107021e-07	2.41478	0
6.107622e-07	2.41475	0
6.108222e-07	2.41472	0
6.108822e-07	2.41469	0
6.109422e-07	2.41466	0
6.110022e-07	2.41463	0
6.110622e-07	2.4146	0
6.111222e-07	2.41457	0
6.111822e-07	2.41454	0
6.112422e-07	2.41451	0
6.113023e-07	2.41448	0
6.113623e-07	2.41445	0
6.114223e-07	2.41442	0
6.114823e-07	2.41439	0
6.115423e-07	2.41436	0
6.116023e-07	2.41433	0
6.116623e-07	2.4143	0
6.117223e-07	2.41427	0
6.117824e-07	2.41424	0
6.118424e-07	2.41421	0
6.119024e-07	2.41418	0
6.119624e-07	2.41415	0
6.120224e-07	2.41412	0
6.120824e-07	2.41409	0
6.121424e-07	2.41406	0
6.122024e-07	2.41403	0
6.122625e-07	2.414	0
6.123225e-07	2.41397	0
6.123825e-07	2.41394	0
6.124425e-07	2.41391	0
6.125025e-07	2.41388	0
6.125625e-07	2.41385	0
6.126225e-07	2.41382	0
6.126825e-07	2.41379	0
6.127425e-07	2.41376	0
6.128026e-07	2.41373	0
6.128626e-07	2.4137	0
6.129226e-07	2.41367	0
6.129826e-07	2.41364	0
6.130426e-07	2.41361	0
6.131026e-07	2.41358	0
6.131626e-07	2.41355	0
6.132226e-07	2.41352	0
6.132827e-07	2.41349	0
6.133427e-07	2.41346	0
6.134027e-07	2.41343	0
6.134627e-07	2.4134	0
6.135227e-07	2.41337	0
6.135827e-07	2.41334	0
6.136427e-07	2.41331	0
6.137027e-07	2.41328	0
6.137628e-07	2.41325	0
6.138228e-07	2.41322	0
6.138828e-07	2.41319	0
6.139428e-07	2.41316	0
6.140028e-07	2.41313	0
6.140628e-07	2.4131	0
6.141228e-07	2.41308	0
6.141828e-07	2.41305	0
6.142428e-07	2.41302	0
6.143029e-07	2.41299	0
6.143629e-07	2.41296	0
6.144229e-07	2.41293	0
6.144829e-07	2.4129	0
6.145429e-07	2.41287	0
6.146029e-07	2.41284	0
6.146629e-07	2.41281	0
6.147229e-07	2.41278	0
6.147830e-07	2.41275	0
6.148430e-07	2.41272	0
6.149030e-07	2.41269	0
6.149630e-07	2.41266	0
6.150230e-07	2.41263	0
6.150830e-07	2.4126	0
6.151430e-07	2.41257	0
6.152030e-07	2.41254	0
6.152631e-07	2.41251	0
6.153231e-07	2.41248	0
6.153831e-07	2.41245	0
6.154431e-07	2.41242	0
6.155031e-07	2.4124	0
6.155631e-07	2.41237	0
6.156231e-07	2.41234	0
6.156831e-07	2.41231	0
6.157431e-07	2.41228	0
6.158032e-07	2.41225	0
6.158632e-07	2.41222	0
6.159232e-07	2.41219	0
6.159832e-07	2.41216	0
6.160432e-07	2.41213	0
6.161032e-07	2.4121	0
6.161632e-07	2.41207	0
6.162232e-07	2.41204	0
6.162833e-07	2.41201	0
6.163433e-07	2.41198	0
6.164033e-07	2.41196	0
6.164633e-07	2.41193	0
6.165233e-07	2.4119	0
6.165833e-07	2.41187	0
6.166433e-07	2.41184	0
6.167033e-07	2.41181	0
6.167634e-07	2.41178	0
6.168234e-07	2.41175	0
6.168834e-07	2.41172	0
6.169434e-07	2.41169	0
6.170034e-07	2.41166	0
6.170634e-07	2.41163	0
6.171234e-07	2.4116	0
6.171834e-07	2.41158	0
6.172434e-07	2.41155	0
6.173035e-07	2.41152	0
6.173635e-07	2.41149	0
6.174235e-07	2.41146	0
6.174835e-07	2.41143	0
6.175435e-07	2.4114	0
6.176035e-07	2.41137	0
6.176635e-07	2.41134	0
6.177235e-07	2.41131	0
6.177836e-07	2.41128	0
6.178436e-07	2.41126	0
6.179036e-07	2.41123	0
6.179636e-07	2.4112	0
6.180236e-07	2.41117	0
6.180836e-07	2.41114	0
6.181436e-07	2.41111	0
6.182036e-07	2.41108	0
6.182637e-07	2.41105	0
6.183237e-07	2.41102	0
6.183837e-07	2.41099	0
6.184437e-07	2.41097	0
6.185037e-07	2.41094	0
6.185637e-07	2.41091	0
6.186237e-07	2.41088	0
6.186837e-07	2.41085	0
6.187437e-07	2.41082	0
6.188038e-07	2.41079	0
6.188638e-07	2.41076	0
6.189238e-07	2.41073	0
6.189838e-07	2.41071	0
6.190438e-07	2.41068	0
6.191038e-07	2.41065	0
6.191638e-07	2.41062	0
6.192238e-07	2.41059	0
6.192839e-07	2.41056	0
6.193439e-07	2.41053	0
6.194039e-07	2.4105	0
6.194639e-07	2.41047	0
6.195239e-07	2.41045	0
6.195839e-07	2.41042	0
6.196439e-07	2.41039	0
6.197039e-07	2.41036	0
6.197640e-07	2.41033	0
6.198240e-07	2.4103	0
6.198840e-07	2.41027	0
6.199440e-07	2.41024	0
6.200040e-07	2.41022	0
6.200640e-07	2.41019	0
6.201240e-07	2.41016	0
6.201840e-07	2.41013	0
6.202440e-07	2.4101	0
6.203041e-07	2.41007	0
6.203641e-07	2.41004	0
6.204241e-07	2.41002	0
6.204841e-07	2.40999	0
6.205441e-07	2.40996	0
6.206041e-07	2.40993	0
6.206641e-07	2.4099	0
6.207241e-07	2.40987	0
6.207842e-07	2.40984	0
6.208442e-07	2.40981	0
6.209042e-07	2.40979	0
6.209642e-07	2.40976	0
6.210242e-07	2.40973	0
6.210842e-07	2.4097	0
6.211442e-07	2.40967	0
6.212042e-07	2.40964	0
6.212643e-07	2.40962	0
6.213243e-07	2.40959	0
6.213843e-07	2.40956	0
6.214443e-07	2.40953	0
6.215043e-07	2.4095	0
6.215643e-07	2.40947	0
6.216243e-07	2.40944	0
6.216843e-07	2.40942	0
6.217443e-07	2.40939	0
6.218044e-07	2.40936	0
6.218644e-07	2.40933	0
6.219244e-07	2.4093	0
6.219844e-07	2.40927	0
6.220444e-07	2.40925	0
6.221044e-07	2.40922	0
6.221644e-07	2.40919	0
6.222244e-07	2.40916	0
6.222845e-07	2.40913	0
6.223445e-07	2.4091	0
6.224045e-07	2.40908	0
6.224645e-07	2.40905	0
6.225245e-07	2.40902	0
6.225845e-07	2.40899	0
6.226445e-07	2.40896	0
6.227045e-07	2.40893	0
6.227646e-07	2.40891	0
6.228246e-07	2.40888	0
6.228846e-07	2.40885	0
6.229446e-07	2.40882	0
6.230046e-07	2.40879	0
6.230646e-07	2.40876	0
6.231246e-07	2.40874	0
6.231846e-07	2.40871	0
6.232446e-07	2.40868	0
6.233047e-07	2.40865	0
6.233647e-07	2.40862	0
6.234247e-07	2.4086	0
6.234847e-07	2.40857	0
6.235447e-07	2.40854	0
6.236047e-07	2.40851	0
6.236647e-07	2.40848	0
6.237247e-07	2.40845	0
6.237848e-07	2.40843	0
6.238448e-07	2.4084	0
6.239048e-07	2.40837	0
6.239648e-07	2.40834	0
6.240248e-07	2.40831	0
6.240848e-07	2.40829	0
6.241448e-07	2.40826	0
6.242048e-07	2.40823	0
6.242649e-07	2.4082	0
6.243249e-07	2.40817	0
6.243849e-07	2.40815	0
6.244449e-07	2.40812	0
6.245049e-07	2.40809	0
6.245649e-07	2.40806	0
6.246249e-07	2.40803	0
6.246849e-07	2.40801	0
6.247449e-07	2.40798	0
6.248050e-07	2.40795	0
6.248650e-07	2.40792	0
6.249250e-07	2.40789	0
6.249850e-07	2.40787	0
6.250450e-07	2.40784	0
6.251050e-07	2.40781	0
6.251650e-07	2.40778	0
6.252250e-07	2.40776	0
6.252851e-07	2.40773	0
6.253451e-07	2.4077	0
6.254051e-07	2.40767	0
6.254651e-07	2.40764	0
6.255251e-07	2.40762	0
6.255851e-07	2.40759	0
6.256451e-07	2.40756	0
6.257051e-07	2.40753	0
6.257652e-07	2.4075	0
6.258252e-07	2.40748	0
6.258852e-07	2.40745	0
6.259452e-07	2.40742	0
6.260052e-07	2.40739	0
6.260652e-07	2.40737	0
6.261252e-07	2.40734	0
6.261852e-07	2.40731	0
6.262452e-07	2.40728	0
6.263053e-07	2.40725	0
6.263653e-07	2.40723	0
6.264253e-07	2.4072	0
6.264853e-07	2.40717	0
6.265453e-07	2.40714	0
6.266053e-07	2.40712	0
6.266653e-07	2.40709	0
6.267253e-07	2.40706	0
6.267854e-07	2.40703	0
6.268454e-07	2.40701	0
6.269054e-07	2.40698	0
6.269654e-07	2.40695	0
6.270254e-07	2.40692	0
6.270854e-07	2.4069	0
6.271454e-07	2.40687	0
6.272054e-07	2.40684	0
6.272655e-07	2.40681	0
6.273255e-07	2.40679	0
6.273855e-07	2.40676	0
6.274455e-07	2.40673	0
6.275055e-07	2.4067	0
6.275655e-07	2.40667	0
6.276255e-07	2.40665	0
6.276855e-07	2.40662	0
6.277455e-07	2.40659	0
6.278056e-07	2.40657	0
6.278656e-07	2.40654	0
6.279256e-07	2.40651	0
6.279856e-07	2.40648	0
6.280456e-07	2.40646	0
6.281056e-07	2.40643	0
6.281656e-07	2.4064	0
6.282256e-07	2.40637	0
6.282857e-07	2.40635	0
6.283457e-07	2.40632	0
6.284057e-07	2.40629	0
6.284657e-07	2.40626	0
6.285257e-07	2.40624	0
6.285857e-07	2.40621	0
6.286457e-07	2.40618	0
6.287057e-07	2.40615	0
6.287658e-07	2.40613	0
6.288258e-07	2.4061	0
6.288858e-07	2.40607	0
6.289458e-07	2.40604	0
6.290058e-07	2.40602	0
6.290658e-07	2.40599	0
6.291258e-07	2.40596	0
6.291858e-07	2.40594	0
6.292458e-07	2.40591	0
6.293059e-07	2.40588	0
6.293659e-07	2.40585	0
6.294259e-07	2.40583	0
6.294859e-07	2.4058	0
6.295459e-07	2.40577	0
6.296059e-07	2.40574	0
6.296659e-07	2.40572	0
6.297259e-07	2.40569	0
6.297860e-07	2.40566	0
6.298460e-07	2.40564	0
6.299060e-07	2.40561	0
6.299660e-07	2.40558	0
6.300260e-07	2.40555	0
6.300860e-07	2.40553	0
6.301460e-07	2.4055	0
6.302060e-07	2.40547	0
6.302661e-07	2.40545	0
6.303261e-07	2.40542	0
6.303861e-07	2.40539	0
6.304461e-07	2.40536	0
6.305061e-07	2.40534	0
6.305661e-07	2.40531	0
6.306261e-07	2.40528	0
6.306861e-07	2.40526	0
6.307461e-07	2.40523	0
6.308062e-07	2.4052	0
6.308662e-07	2.40518	0
6.309262e-07	2.40515	0
6.309862e-07	2.40512	0
6.310462e-07	2.40509	0
6.311062e-07	2.40507	0
6.311662e-07	2.40504	0
6.312262e-07	2.40501	0
6.312863e-07	2.40499	0
6.313463e-07	2.40496	0
6.314063e-07	2.40493	0
6.314663e-07	2.40491	0
6.315263e-07	2.40488	0
6.315863e-07	2.40485	0
6.316463e-07	2.40482	0
6.317063e-07	2.4048	0
6.317664e-07	2.40477	0
6.318264e-07	2.40474	0
6.318864e-07	2.40472	0
6.319464e-07	2.40469	0
6.320064e-07	2.40466	0
6.320664e-07	2.40464	0
6.321264e-07	2.40461	0
6.321864e-07	2.40458	0
6.322464e-07	2.40456	0
6.323065e-07	2.40453	0
6.323665e-07	2.4045	0
6.324265e-07	2.40448	0
6.324865e-07	2.40445	0
6.325465e-07	2.40442	0
6.326065e-07	2.4044	0
6.326665e-07	2.40437	0
6.327265e-07	2.40434	0
6.327866e-07	2.40432	0
6.328466e-07	2.40429	0
6.329066e-07	2.40426	0
6.329666e-07	2.40423	0
6.330266e-07	2.40421	0
6.330866e-07	2.40418	0
6.331466e-07	2.40415	0
6.332066e-07	2.40413	0
6.332667e-07	2.4041	0
6.333267e-07	2.40407	0
6.333867e-07	2.40405	0
6.334467e-07	2.40402	0
6.335067e-07	2.40399	0
6.335667e-07	2.40397	0
6.336267e-07	2.40394	0
6.336867e-07	2.40391	0
6.337467e-07	2.40389	0
6.338068e-07	2.40386	0
6.338668e-07	2.40384	0
6.339268e-07	2.40381	0
6.339868e-07	2.40378	0
6.340468e-07	2.40376	0
6.341068e-07	2.40373	0
6.341668e-07	2.4037	0
6.342268e-07	2.40368	0
6.342869e-07	2.40365	0
6.343469e-07	2.40362	0
6.344069e-07	2.4036	0
6.344669e-07	2.40357	0
6.345269e-07	2.40354	0
6.345869e-07	2.40352	0
6.346469e-07	2.40349	0
6.347069e-07	2.40346	0
6.347670e-07	2.40344	0
6.348270e-07	2.40341	0
6.348870e-07	2.40338	0
6.349470e-07	2.40336	0
6.350070e-07	2.40333	0
6.350670e-07	2.40331	0
6.351270e-07	2.40328	0
6.351870e-07	2.40325	0
6.352470e-07	2.40323	0
6.353071e-07	2.4032	0
6.353671e-07	2.40317	0
6.354271e-07	2.40315	0
6.354871e-07	2.40312	0
6.355471e-07	2.40309	0
6.356071e-07	2.40307	0
6.356671e-07	2.40304	0
6.357271e-07	2.40302	0
6.357872e-07	2.40299	0
6.358472e-07	2.40296	0
6.359072e-07	2.40294	0
6.359672e-07	2.40291	0
6.360272e-07	2.40288	0
6.360872e-07	2.40286	0
6.361472e-07	2.40283	0
6.362072e-07	2.4028	0
6.362673e-07	2.40278	0
6.363273e-07	2.40275	0
6.363873e-07	2.40273	0
6.364473e-07	2.4027	0
6.365073e-07	2.40267	0
6.365673e-07	2.40265	0
6.366273e-07	2.40262	0
6.366873e-07	2.4026	0
6.367473e-07	2.40257	0
6.368074e-07	2.40254	0
6.368674e-07	2.40252	0
6.369274e-07	2.40249	0
6.369874e-07	2.40246	0
6.370474e-07	2.40244	0
6.371074e-07	2.40241	0
6.371674e-07	2.40239	0
6.372274e-07	2.40236	0
6.372875e-07	2.40233	0
6.373475e-07	2.40231	0
6.374075e-07	2.40228	0
6.374675e-07	2.40226	0
6.375275e-07	2.40223	0
6.375875e-07	2.4022	0
6.376475e-07	2.40218	0
6.377075e-07	2.40215	0
6.377676e-07	2.40213	0
6.378276e-07	2.4021	0
6.378876e-07	2.40207	0
6.379476e-07	2.40205	0
6.380076e-07	2.40202	0
6.380676e-07	2.402	0
6.381276e-07	2.40197	0
6.381876e-07	2.40194	0
6.382476e-07	2.40192	0
6.383077e-07	2.40189	0
6.383677e-07	2.40187	0
6.384277e-07	2.40184	0
6.384877e-07	2.40181	0
6.385477e-07	2.40179	0
6.386077e-07	2.40176	0
6.386677e-07	2.40174	0
6.387277e-07	2.40171	0
6.387878e-07	2.40168	0
6.388478e-07	2.40166	0
6.389078e-07	2.40163	0
6.389678e-07	2.40161	0
6.390278e-07	2.40158	0
6.390878e-07	2.40155	0
6.391478e-07	2.40153	0
6.392078e-07	2.4015	0
6.392679e-07	2.40148	0
6.393279e-07	2.40145	0
6.393879e-07	2.40143	0
6.394479e-07	2.4014	0
6.395079e-07	2.40137	0
6.395679e-07	2.40135	0
6.396279e-07	2.40132	0
6.396879e-07	2.4013	0
6.397479e-07	2.40127	0
6.398080e-07	2.40125	0
6.398680e-07	2.40122	0
6.399280e-07	2.40119	0
6.399880e-07	2.40117	0
6.400480e-07	2.40114	0
6.401080e-07	2.40112	0
6.401680e-07	2.40109	0
6.402280e-07	2.40107	0
6.402881e-07	2.40104	0
6.403481e-07	2.40101	0
6.404081e-07	2.40099	0
6.404681e-07	2.40096	0
6.405281e-07	2.40094	0
6.405881e-07	2.40091	0
6.406481e-07	2.40089	0
6.407081e-07	2.40086	0
6.407682e-07	2.40083	0
6.408282e-07	2.40081	0
6.408882e-07	2.40078	0
6.409482e-07	2.40076	0
6.410082e-07	2.40073	0
6.410682e-07	2.40071	0
6.411282e-07	2.40068	0
6.411882e-07	2.40066	0
6.412482e-07	2.40063	0
6.413083e-07	2.4006	0
6.413683e-07	2.40058	0
6.414283e-07	2.40055	0
6.414883e-07	2.40053	0
6.415483e-07	2.4005	0
6.416083e-07	2.40048	0
6.416683e-07	2.40045	0
6.417283e-07	2.40043	0
6.417884e-07	2.4004	0
6.418484e-07	2.40037	0
6.419084e-07	2.40035	0
6.419684e-07	2.40032	0
6.420284e-07	2.4003	0
6.420884e-07	2.40027	0
6.421484e-07	2.40025	0
6.422084e-07	2.40022	0
6.422685e-07	2.4002	0
6.423285e-07	2.40017	0
6.423885e-07	2.40015	0
6.424485e-07	2.40012	0
6.425085e-07	2.4001	0
6.425685e-07	2.40007	0
6.426285e-07	2.40004	0
6.426885e-07	2.40002	0
6.427485e-07	2.39999	0
6.428086e-07	2.39997	0
6.428686e-07	2.39994	0
6.429286e-07	2.39992	0
6.429886e-07	2.39989	0
6.430486e-07	2.39987	0
6.431086e-07	2.39984	0
6.431686e-07	2.39982	0
6.432286e-07	2.39979	0
6.432887e-07	2.39977	0
6.433487e-07	2.39974	0
6.434087e-07	2.39972	0
6.434687e-07	2.39969	0
6.435287e-07	2.39966	0
6.435887e-07	2.39964	0
6.436487e-07	2.39961	0
6.437087e-07	2.39959	0
6.437688e-07	2.39956	0
6.438288e-07	2.39954	0
6.438888e-07	2.39951	0
6.439488e-07	2.39949	0
6.440088e-07	2.39946	0
6.440688e-07	2.39944	0
6.441288e-07	2.39941	0
6.441888e-07	2.39939	0
6.442488e-07	2.39936	0
6.443089e-07	2.39934	0
6.443689e-07	2.39931	0
6.444289e-07	2.39929	0
6.444889e-07	2.39926	0
6.445489e-07	2.39924	0
6.446089e-07	2.39921	0
6.446689e-07	2.39919	0
6.447289e-07	2.39916	0
6.447890e-07	2.39914	0
6.448490e-07	2.39911	0
6.449090e-07	2.39909	0
6.449690e-07	2.39906	0
6.450290e-07	2.39904	0
6.450890e-07	2.39901	0
6.451490e-07	2.39899	0
6.452090e-07	2.39896	0
6.452691e-07	2.39894	0
6.453291e-07	2.39891	0
6.453891e-07	2.39889	0
6.454491e-07	2.39886	0
6.455091e-07	2.39884	0
6.455691e-07	2.39881	0
6.456291e-07	2.39879	0
6.456891e-07	2.39876	0
6.457491e-07	2.39874	0
6.458092e-07	2.39871	0
6.458692e-07	2.39869	0
6.459292e-07	2.39866	0
6.459892e-07	2.39864	0
6.460492e-07	2.39861	0
6.461092e-07	2.39859	0
6.461692e-07	2.39856	0
6.462292e-07	2.39854	0
6.462893e-07	2.39851	0
6.463493e-07	2.39849	0
6.464093e-07	2.39846	0
6.464693e-07	2.39844	0
6.465293e-07	2.39841	0
6.465893e-07	2.39839	0
6.466493e-07	2.39836	0
6.467093e-07	2.39834	0
6.467694e-07	2.39831	0
6.468294e-07	2.39829	0
6.468894e-07	2.39826	0
6.469494e-07	2.39824	0
6.470094e-07	2.39821	0
6.470694e-07	2.39819	0
6.471294e-07	2.39817	0
6.471894e-07	2.39814	0
6.472494e-07	2.39812	0
6.473095e-07	2.39809	0
6.473695e-07	2.39807	0
6.474295e-07	2.39804	0
6.474895e-07	2.39802	0
6.475495e-07	2.39799	0
6.476095e-07	2.39797	0
6.476695e-07	2.39794	0
6.477295e-07	2.39792	0
6.477896e-07	2.39789	0
6.478496e-07	2.39787	0
6.479096e-07	2.39784	0
6.479696e-07	2.39782	0
6.480296e-07	2.39779	0
6.480896e-07	2.39777	0
6.481496e-07	2.39775	0
6.482096e-07	2.39772	0
6.482697e-07	2.3977	0
6.483297e-07	2.39767	0
6.483897e-07	2.39765	0
6.484497e-07	2.39762	0
6.485097e-07	2.3976	0
6.485697e-07	2.39757	0
6.486297e-07	2.39755	0
6.486897e-07	2.39752	0
6.487497e-07	2.3975	0
6.488098e-07	2.39748	0
6.488698e-07	2.39745	0
6.489298e-07	2.39743	0
6.489898e-07	2.3974	0
6.490498e-07	2.39738	0
6.491098e-07	2.39735	0
6.491698e-07	2.39733	0
6.492298e-07	2.3973	0
6.492899e-07	2.39728	0
6.493499e-07	2.39725	0
6.494099e-07	2.39723	0
6.494699e-07	2.39721	0
6.495299e-07	2.39718	0
6.495899e-07	2.39716	0
6.496499e-07	2.39713	0
6.497099e-07	2.39711	0
6.497700e-07	2.39708	0
6.498300e-07	2.39706	0
6.498900e-07	2.39703	0
6.499500e-07	2.39701	0
6.500100e-07	2.39699	0
6.500700e-07	2.39696	0
6.501300e-07	2.39694	0
6.501900e-07	2.39691	0
6.502501e-07	2.39689	0
6.503101e-07	2.39686	0
6.503701e-07	2.39684	0
6.504301e-07	2.39682	0
6.504901e-07	2.39679	0
6.505501e-07	2.39677	0
6.506101e-07	2.39674	0
6.506701e-07	2.39672	0
6.507301e-07	2.39669	0
6.507902e-07	2.39667	0
6.508502e-07	2.39665	0
6.509102e-07	2.39662	0
6.509702e-07	2.3966	0
6.510302e-07	2.39657	0
6.510902e-07	2.39655	0
6.511502e-07	2.39652	0
6.512102e-07	2.3965	0
6.512703e-07	2.39648	0
6.513303e-07	2.39645	0
6.513903e-07	2.39643	0
6.514503e-07	2.3964	0
6.515103e-07	2.39638	0
6.515703e-07	2.39635	0
6.516303e-07	2.39633	0
6.516903e-07	2.39631	0
6.517504e-07	2.39628	0
6.518104e-07	2.39626	0
6.518704e-07	2.39623	0
6.519304e-07	2.39621	0
6.519904e-07	2.39619	0
6.520504e-07	2.39616	0
6.521104e-07	2.39614	0
6.521704e-07	2.39611	0
6.522304e-07	2.39609	0
6.522905e-07	2.39606	0
6.523505e-07	2.39604	0
6.524105e-07	2.39602	0
6.524705e-07	2.39599	0
6.525305e-07	2.39597	0
6.525905e-07	2.39594	0
6.526505e-07	2.39592	0
6.527105e-07	2.3959	0
6.527706e-07	2.39587	0
6.528306e-07	2.39585	0
6.528906e-07	2.39582	0
6.529506e-07	2.3958	0
6.530106e-07	2.39578	0
6.530706e-07	2.39575	0
6.531306e-07	2.39573	0
6.531906e-07	2.3957	0
6.532507e-07	2.39568	0
6.533107e-07	2.39566	0
6.533707e-07	2.39563	0
6.534307e-07	2.39561	0
6.534907e-07	2.39558	0
6.535507e-07	2.39556	0
6.536107e-07	2.39554	0
6.536707e-07	2.39551	0
6.537307e-07	2.39549	0
6.537908e-07	2.39546	0
6.538508e-07	2.39544	0
6.539108e-07	2.39542	0
6.539708e-07	2.39539	0
6.540308e-07	2.39537	0
6.540908e-07	2.39535	0
6.541508e-07	2.39532	0
6.542108e-07	2.3953	0
6.542709e-07	2.39527	0
6.543309e-07	2.39525	0
6.543909e-07	2.39523	0
6.544509e-07	2.3952	0
6.545109e-07	2.39518	0
6.545709e-07	2.39515	0
6.546309e-07	2.39513	0
6.546909e-07	2.39511	0
6.547510e-07	2.39508	0
6.548110e-07	2.39506	0
6.548710e-07	2.39504	0
6.549310e-07	2.39501	0
6.549910e-07	2.39499	0
6.550510e-07	2.39496	0
6.551110e-07	2.39494	0
6.551710e-07	2.39492	0
6.552310e-07	2.39489	0
6.552911e-07	2.39487	0
6.553511e-07	2.39485	0
6.554111e-07	2.39482	0
6.554711e-07	2.3948	0
6.555311e-07	2.39477	0
6.555911e-07	2.39475	0
6.556511e-07	2.39473	0
6.557111e-07	2.3947	0
6.557712e-07	2.39468	0
6.558312e-07	2.39466	0
6.558912e-07	2.39463	0
6.559512e-07	2.39461	0
6.560112e-07	2.39459	0
6.560712e-07	2.39456	0
6.561312e-07	2.39454	0
6.561912e-07	2.39451	0
6.562513e-07	2.39449	0
6.563113e-07	2.39447	0
6.563713e-07	2.39444	0
6.564313e-07	2.39442	0
6.564913e-07	2.3944	0
6.565513e-07	2.39437	0
6.566113e-07	2.39435	0
6.566713e-07	2.39433	0
6.567313e-07	2.3943	0
6.567914e-07	2.39428	0
6.568514e-07	2.39426	0
6.569114e-07	2.39423	0
6.569714e-07	2.39421	0
6.570314e-07	2.39418	0
6.570914e-07	2.39416	0
6.571514e-07	2.39414	0
6.572114e-07	2.39411	0
6.572715e-07	2.39409	0
6.573315e-07	2.39407	0
6.573915e-07	2.39404	0
6.574515e-07	2.39402	0
6.575115e-07	2.394	0
6.575715e-07	2.39397	0
6.576315e-07	2.39395	0
6.576915e-07	2.39393	0
6.577516e-07	2.3939	0
6.578116e-07	2.39388	0
6.578716e-07	2.39386	0
6.579316e-07	2.39383	0
6.579916e-07	2.39381	0
6.580516e-07	2.39379	0
6.581116e-07	2.39376	0
6.581716e-07	2.39374	0
6.582316e-07	2.39372	0
6.582917e-07	2.39369	0
6.583517e-07	2.39367	0
6.584117e-07	2.39365	0
6.584717e-07	2.39362	0
6.585317e-07	2.3936	0
6.585917e-07	2.39358	0
6.586517e-07	2.39355	0
6.587117e-07	2.39353	0
6.587718e-07	2.39351	0
6.588318e-07	2.39348	0
6.588918e-07	2.39346	0
6.589518e-07	2.39344	0
6.590118e-07	2.39341	0
6.590718e-07	2.39339	0
6.591318e-07	2.39337	0
6.591918e-07	2.39334	0
6.592519e-07	2.39332	0
6.593119e-07	2.3933	0
6.593719e-07	2.39327	0
6.594319e-07	2.39325	0
6.594919e-07	2.39323	0
6.595519e-07	2.3932	0
6.596119e-07	2.39318	0
6.596719e-07	2.39316	0
6.597319e-07	2.39313	0
6.597920e-07	2.39311	0
6.598520e-07	2.39309	0
6.599120e-07	2.39307	0
6.599720e-07	2.39304	0
6.600320e-07	2.39302	0
6.600920e-07	2.393	0
6.601520e-07	2.39297	0
6.602120e-07	2.39295	0
6.602721e-07	2.39293	0
6.603321e-07	2.3929	0
6.603921e-07	2.39288	0
6.604521e-07	2.39286	0
6.605121e-07	2.39283	0
6.605721e-07	2.39281	0
6.606321e-07	2.39279	0
6.606921e-07	2.39276	0
6.607522e-07	2.39274	0
6.608122e-07	2.39272	0
6.608722e-07	2.3927	0
6.609322e-07	2.39267	0
6.609922e-07	2.39265	0
6.610522e-07	2.39263	0
6.611122e-07	2.3926	0
6.611722e-07	2.39258	0
6.612322e-07	2.39256	0
6.612923e-07	2.39253	0
6.613523e-07	2.39251	0
6.614123e-07	2.39249	0
6.614723e-07	2.39247	0
6.615323e-07	2.39244	0
6.615923e-07	2.39242	0
6.616523e-07	2.3924	0
6.617123e-07	2.39237	0
6.617724e-07	2.39235	0
6.618324e-07	2.39233	0
6.618924e-07	2.3923	0
6.619524e-07	2.39228	0
6.620124e-07	2.39226	0
6.620724e-07	2.39224	0
6.621324e-07	2.39221	0
6.621924e-07	2.39219	0
6.622525e-07	2.39217	0
6.623125e-07	2.39214	0
6.623725e-07	2.39212	0
6.624325e-07	2.3921	0
6.624925e-07	2.39208	0
6.625525e-07	2.39205	0
6.626125e-07	2.39203	0
6.626725e-07	2.39201	0
6.627325e-07	2.39198	0
6.627926e-07	2.39196	0
6.628526e-07	2.39194	0
6.629126e-07	2.39192	0
6.629726e-07	2.39189	0
6.630326e-07	2.39187	0
6.630926e-07	2.39185	0
6.631526e-07	2.39183	0
6.632126e-07	2.3918	0
6.632727e-07	2.39178	0
6.633327e-07	2.39176	0
6.633927e-07	2.39173	0
6.634527e-07	2.39171	0
6.635127e-07	2.39169	0
6.635727e-07	2.39167	0
6.636327e-07	2.39164	0
6.636927e-07	2.39162	0
6.637528e-07	2.3916	0
6.638128e-07	2.39158	0
6.638728e-07	2.39155	0
6.639328e-07	2.39153	0
6.639928e-07	2.39151	0
6.640528e-07	2.39148	0
6.641128e-07	2.39146	0
6.641728e-07	2.39144	0
6.642328e-07	2.39142	0
6.642929e-07	2.39139	0
6.643529e-07	2.39137	0
6.644129e-07	2.39135	0
6.644729e-07	2.39133	0
6.645329e-07	2.3913	0
6.645929e-07	2.39128	0
6.646529e-07	2.39126	0
6.647129e-07	2.39124	0
6.647730e-07	2.39121	0
6.648330e-07	2.39119	0
6.648930e-07	2.39117	0
6.649530e-07	2.39115	0
6.650130e-07	2.39112	0
6.650730e-07	2.3911	0
6.651330e-07	2.39108	0
6.651930e-07	2.39105	0
6.652531e-07	2.39103	0
6.653131e-07	2.39101	0
6.653731e-07	2.39099	0
6.654331e-07	2.39096	0
6.654931e-07	2.39094	0
6.655531e-07	2.39092	0
6.656131e-07	2.3909	0
6.656731e-07	2.39087	0
6.657331e-07	2.39085	0
6.657932e-07	2.39083	0
6.658532e-07	2.39081	0
6.659132e-07	2.39078	0
6.659732e-07	2.39076	0
6.660332e-07	2.39074	0
6.660932e-07	2.39072	0
6.661532e-07	2.3907	0
6.662132e-07	2.39067	0
6.662733e-07	2.39065	0
6.663333e-07	2.39063	0
6.663933e-07	2.39061	0
6.664533e-07	2.39058	0
6.665133e-07	2.39056	0
6.665733e-07	2.39054	0
6.666333e-07	2.39052	0
6.666933e-07	2.39049	0
6.667534e-07	2.39047	0
6.668134e-07	2.39045	0
6.668734e-07	2.39043	0
6.669334e-07	2.3904	0
6.669934e-07	2.39038	0
6.670534e-07	2.39036	0
6.671134e-07	2.39034	0
6.671734e-07	2.39031	0
6.672334e-07	2.39029	0
6.672935e-07	2.39027	0
6.673535e-07	2.39025	0
6.674135e-07	2.39023	0
6.674735e-07	2.3902	0
6.675335e-07	2.39018	0
6.675935e-07	2.39016	0
6.676535e-07	2.39014	0
6.677135e-07	2.39011	0
6.677736e-07	2.39009	0
6.678336e-07	2.39007	0
6.678936e-07	2.39005	0
6.679536e-07	2.39003	0
6.680136e-07	2.39	0
6.680736e-07	2.38998	0
6.681336e-07	2.38996	0
6.681936e-07	2.38994	0
6.682537e-07	2.38991	0
6.683137e-07	2.38989	0
6.683737e-07	2.38987	0
6.684337e-07	2.38985	0
6.684937e-07	2.38983	0
6.685537e-07	2.3898	0
6.686137e-07	2.38978	0
6.686737e-07	2.38976	0
6.687337e-07	2.38974	0
6.687938e-07	2.38972	0
6.688538e-07	2.38969	0
6.689138e-07	2.38967	0
6.689738e-07	2.38965	0
6.690338e-07	2.38963	0
6.690938e-07	2.3896	0
6.691538e-07	2.38958	0
6.692138e-07	2.38956	0
6.692739e-07	2.38954	0
6.693339e-07	2.38952	0
6.693939e-07	2.38949	0
6.694539e-07	2.38947	0
6.695139e-07	2.38945	0
6.695739e-07	2.38943	0
6.696339e-07	2.38941	0
6.696939e-07	2.38938	0
6.697540e-07	2.38936	0
6.698140e-07	2.38934	0
6.698740e-07	2.38932	0
6.699340e-07	2.3893	0
6.699940e-07	2.38927	0
6.700540e-07	2.38925	0
6.701140e-07	2.38923	0
6.701740e-07	2.38921	0
6.702340e-07	2.38919	0
6.702941e-07	2.38916	0
6.703541e-07	2.38914	0
6.704141e-07	2.38912	0
6.704741e-07	2.3891	0
6.705341e-07	2.38908	0
6.705941e-07	2.38905	0
6.706541e-07	2.38903	0
6.707141e-07	2.38901	0
6.707742e-07	2.38899	0
6.708342e-07	2.38897	0
6.708942e-07	2.38894	0
6.709542e-07	2.38892	0
6.710142e-07	2.3889	0
6.710742e-07	2.38888	0
6.711342e-07	2.38886	0
6.711942e-07	2.38884	0
6.712543e-07	2.38881	0
6.713143e-07	2.38879	0
6.713743e-07	2.38877	0
6.714343e-07	2.38875	0
6.714943e-07	2.38873	0
6.715543e-07	2.3887	0
6.716143e-07	2.38868	0
6.716743e-07	2.38866	0
6.717343e-07	2.38864	0
6.717944e-07	2.38862	0
6.718544e-07	2.3886	0
6.719144e-07	2.38857	0
6.719744e-07	2.38855	0
6.720344e-07	2.38853	0
6.720944e-07	2.38851	0
6.721544e-07	2.38849	0
6.722144e-07	2.38846	0
6.722745e-07	2.38844	0
6.723345e-07	2.38842	0
6.723945e-07	2.3884	0
6.724545e-07	2.38838	0
6.725145e-07	2.38836	0
6.725745e-07	2.38833	0
6.726345e-07	2.38831	0
6.726945e-07	2.38829	0
6.727546e-07	2.38827	0
6.728146e-07	2.38825	0
6.728746e-07	2.38823	0
6.729346e-07	2.3882	0
6.729946e-07	2.38818	0
6.730546e-07	2.38816	0
6.731146e-07	2.38814	0
6.731746e-07	2.38812	0
6.732346e-07	2.3881	0
6.732947e-07	2.38807	0
6.733547e-07	2.38805	0
6.734147e-07	2.38803	0
6.734747e-07	2.38801	0
6.735347e-07	2.38799	0
6.735947e-07	2.38797	0
6.736547e-07	2.38794	0
6.737147e-07	2.38792	0
6.737748e-07	2.3879	0
6.738348e-07	2.38788	0
6.738948e-07	2.38786	0
6.739548e-07	2.38784	0
6.740148e-07	2.38782	0
6.740748e-07	2.38779	0
6.741348e-07	2.38777	0
6.741948e-07	2.38775	0
6.742549e-07	2.38773	0
6.743149e-07	2.38771	0
6.743749e-07	2.38769	0
6.744349e-07	2.38766	0
6.744949e-07	2.38764	0
6.745549e-07	2.38762	0
6.746149e-07	2.3876	0
6.746749e-07	2.38758	0
6.747349e-07	2.38756	0
6.747950e-07	2.38754	0
6.748550e-07	2.38751	0
6.749150e-07	2.38749	0
6.749750e-07	2.38747	0
6.750350e-07	2.38745	0
6.750950e-07	2.38743	0
6.751550e-07	2.38741	0
6.752150e-07	2.38739	0
6.752751e-07	2.38736	0
6.753351e-07	2.38734	0
6.753951e-07	2.38732	0
6.754551e-07	2.3873	0
6.755151e-07	2.38728	0
6.755751e-07	2.38726	0
6.756351e-07	2.38724	0
6.756951e-07	2.38721	0
6.757552e-07	2.38719	0
6.758152e-07	2.38717	0
6.758752e-07	2.38715	0
6.759352e-07	2.38713	0
6.759952e-07	2.38711	0
6.760552e-07	2.38709	0
6.761152e-07	2.38707	0
6.761752e-07	2.38704	0
6.762352e-07	2.38702	0
6.762953e-07	2.387	0
6.763553e-07	2.38698	0
6.764153e-07	2.38696	0
6.764753e-07	2.38694	0
6.765353e-07	2.38692	0
6.765953e-07	2.38689	0
6.766553e-07	2.38687	0
6.767153e-07	2.38685	0
6.767754e-07	2.38683	0
6.768354e-07	2.38681	0
6.768954e-07	2.38679	0
6.769554e-07	2.38677	0
6.770154e-07	2.38675	0
6.770754e-07	2.38672	0
6.771354e-07	2.3867	0
6.771954e-07	2.38668	0
6.772555e-07	2.38666	0
6.773155e-07	2.38664	0
6.773755e-07	2.38662	0
6.774355e-07	2.3866	0
6.774955e-07	2.38658	0
6.775555e-07	2.38656	0
6.776155e-07	2.38653	0
6.776755e-07	2.38651	0
6.777355e-07	2.38649	0
6.777956e-07	2.38647	0
6.778556e-07	2.38645	0
6.779156e-07	2.38643	0
6.779756e-07	2.38641	0
6.780356e-07	2.38639	0
6.780956e-07	2.38636	0
6.781556e-07	2.38634	0
6.782156e-07	2.38632	0
6.782757e-07	2.3863	0
6.783357e-07	2.38628	0
6.783957e-07	2.38626	0
6.784557e-07	2.38624	0
6.785157e-07	2.38622	0
6.785757e-07	2.3862	0
6.786357e-07	2.38618	0
6.786957e-07	2.38615	0
6.787558e-07	2.38613	0
6.788158e-07	2.38611	0
6.788758e-07	2.38609	0
6.789358e-07	2.38607	0
6.789958e-07	2.38605	0
6.790558e-07	2.38603	0
6.791158e-07	2.38601	0
6.791758e-07	2.38599	0
6.792358e-07	2.38596	0
6.792959e-07	2.38594	0
6.793559e-07	2.38592	0
6.794159e-07	2.3859	0
6.794759e-07	2.38588	0
6.795359e-07	2.38586	0
6.795959e-07	2.38584	0
6.796559e-07	2.38582	0
6.797159e-07	2.3858	0
6.797760e-07	2.38578	0
6.798360e-07	2.38576	0
6.798960e-07	2.38573	0
6.799560e-07	2.38571	0
6.800160e-07	2.38569	0
6.800760e-07	2.38567	0
6.801360e-07	2.38565	0
6.801960e-07	2.38563	0
6.802561e-07	2.38561	0
6.803161e-07	2.38559	0
6.803761e-07	2.38557	0
6.804361e-07	2.38555	0
6.804961e-07	2.38553	0
6.805561e-07	2.3855	0
6.806161e-07	2.38548	0
6.806761e-07	2.38546	0
6.807361e-07	2.38544	0
6.807962e-07	2.38542	0
6.808562e-07	2.3854	0
6.809162e-07	2.38538	0
6.809762e-07	2.38536	0
6.810362e-07	2.38534	0
6.810962e-07	2.38532	0
6.811562e-07	2.3853	0
6.812162e-07	2.38528	0
6.812763e-07	2.38525	0
6.813363e-07	2.38523	0
6.813963e-07	2.38521	0
6.814563e-07	2.38519	0
6.815163e-07	2.38517	0
6.815763e-07	2.38515	0
6.816363e-07	2.38513	0
6.816963e-07	2.38511	0
6.817564e-07	2.38509	0
6.818164e-07	2.38507	0
6.818764e-07	2.38505	0
6.819364e-07	2.38503	0
6.819964e-07	2.38501	0
6.820564e-07	2.38499	0
6.821164e-07	2.38496	0
6.821764e-07	2.38494	0
6.822364e-07	2.38492	0
6.822965e-07	2.3849	0
6.823565e-07	2.38488	0
6.824165e-07	2.38486	0
6.824765e-07	2.38484	0
6.825365e-07	2.38482	0
6.825965e-07	2.3848	0
6.826565e-07	2.38478	0
6.827165e-07	2.38476	0
6.827766e-07	2.38474	0
6.828366e-07	2.38472	0
6.828966e-07	2.3847	0
6.829566e-07	2.38468	0
6.830166e-07	2.38465	0
6.830766e-07	2.38463	0
6.831366e-07	2.38461	0
6.831966e-07	2.38459	0
6.832567e-07	2.38457	0
6.833167e-07	2.38455	0
6.833767e-07	2.38453	0
6.834367e-07	2.38451	0
6.834967e-07	2.38449	0
6.835567e-07	2.38447	0
6.836167e-07	2.38445	0
6.836767e-07	2.38443	0
6.837367e-07	2.38441	0
6.837968e-07	2.38439	0
6.838568e-07	2.38437	0
6.839168e-07	2.38435	0
6.839768e-07	2.38433	0
6.840368e-07	2.38431	0
6.840968e-07	2.38428	0
6.841568e-07	2.38426	0
6.842168e-07	2.38424	0
6.842769e-07	2.38422	0
6.843369e-07	2.3842	0
6.843969e-07	2.38418	0
6.844569e-07	2.38416	0
6.845169e-07	2.38414	0
6.845769e-07	2.38412	0
6.846369e-07	2.3841	0
6.846969e-07	2.38408	0
6.847570e-07	2.38406	0
6.848170e-07	2.38404	0
6.848770e-07	2.38402	0
6.849370e-07	2.384	0
6.849970e-07	2.38398	0
6.850570e-07	2.38396	0
6.851170e-07	2.38394	0
6.851770e-07	2.38392	0
6.852370e-07	2.3839	0
6.852971e-07	2.38388	0
6.853571e-07	2.38386	0
6.854171e-07	2.38384	0
6.854771e-07	2.38382	0
6.855371e-07	2.38379	0
6.855971e-07	2.38377	0
6.856571e-07	2.38375	0
6.857171e-07	2.38373	0
6.857772e-07	2.38371	0
6.858372e-07	2.38369	0
6.858972e-07	2.38367	0
6.859572e-07	2.38365	0
6.860172e-07	2.38363	0
6.860772e-07	2.38361	0
6.861372e-07	2.38359	0
6.861972e-07	2.38357	0
6.862573e-07	2.38355	0
6.863173e-07	2.38353	0
6.863773e-07	2.38351	0
6.864373e-07	2.38349	0
6.864973e-07	2.38347	0
6.865573e-07	2.38345	0
6.866173e-07	2.38343	0
6.866773e-07	2.38341	0
6.867373e-07	2.38339	0
6.867974e-07	2.38337	0
6.868574e-07	2.38335	0
6.869174e-07	2.38333	0
6.869774e-07	2.38331	0
6.870374e-07	2.38329	0
6.870974e-07	2.38327	0
6.871574e-07	2.38325	0
6.872174e-07	2.38323	0
6.872775e-07	2.38321	0
6.873375e-07	2.38319	0
6.873975e-07	2.38317	0
6.874575e-07	2.38315	0
6.875175e-07	2.38313	0
6.875775e-07	2.38311	0
6.876375e-07	2.38309	0
6.876975e-07	2.38307	0
6.877576e-07	2.38305	0
6.878176e-07	2.38303	0
6.878776e-07	2.38301	0
6.879376e-07	2.38299	0
6.879976e-07	2.38297	0
6.880576e-07	2.38295	0
6.881176e-07	2.38293	0
6.881776e-07	2.38291	0
6.882376e-07	2.38289	0
6.882977e-07	2.38286	0
6.883577e-07	2.38284	0
6.884177e-07	2.38282	0
6.884777e-07	2.3828	0
6.885377e-07	2.38278	0
6.885977e-07	2.38276	0
6.886577e-07	2.38274	0
6.887177e-07	2.38272	0
6.887778e-07	2.3827	0
6.888378e-07	2.38268	0
6.888978e-07	2.38266	0
6.889578e-07	2.38264	0
6.890178e-07	2.38262	0
6.890778e-07	2.3826	0
6.891378e-07	2.38258	0
6.891978e-07	2.38256	0
6.892579e-07	2.38254	0
6.893179e-07	2.38252	0
6.893779e-07	2.3825	0
6.894379e-07	2.38248	0
6.894979e-07	2.38246	0
6.895579e-07	2.38244	0
6.896179e-07	2.38242	0
6.896779e-07	2.3824	0
6.897379e-07	2.38238	0
6.897980e-07	2.38236	0
6.898580e-07	2.38234	0
6.899180e-07	2.38233	0
6.899780e-07	2.38231	0
6.900380e-07	2.38229	0
6.900980e-07	2.38227	0
6.901580e-07	2.38225	0
6.902180e-07	2.38223	0
6.902781e-07	2.38221	0
6.903381e-07	2.38219	0
6.903981e-07	2.38217	0
6.904581e-07	2.38215	0
6.905181e-07	2.38213	0
6.905781e-07	2.38211	0
6.906381e-07	2.38209	0
6.906981e-07	2.38207	0
6.907582e-07	2.38205	0
6.908182e-07	2.38203	0
6.908782e-07	2.38201	0
6.909382e-07	2.38199	0
6.909982e-07	2.38197	0
6.910582e-07	2.38195	0
6.911182e-07	2.38193	0
6.911782e-07	2.38191	0
6.912382e-07	2.38189	0
6.912983e-07	2.38187	0
6.913583e-07	2.38185	0
6.914183e-07	2.38183	0
6.914783e-07	2.38181	0
6.915383e-07	2.38179	0
6.915983e-07	2.38177	0
6.916583e-07	2.38175	0
6.917183e-07	2.38173	0
6.917784e-07	2.38171	0
6.918384e-07	2.38169	0
6.918984e-07	2.38167	0
6.919584e-07	2.38165	0
6.920184e-07	2.38163	0
6.920784e-07	2.38161	0
6.921384e-07	2.38159	0
6.921984e-07	2.38157	0
6.922585e-07	2.38155	0
6.923185e-07	2.38153	0
6.923785e-07	2.38151	0
6.924385e-07	2.38149	0
6.924985e-07	2.38147	0
6.925585e-07	2.38145	0
6.926185e-07	2.38143	0
6.926785e-07	2.38142	0
6.927385e-07	2.3814	0
6.927986e-07	2.38138	0
6.928586e-07	2.38136	0
6.929186e-07	2.38134	0
6.929786e-07	2.38132	0
6.930386e-07	2.3813	0
6.930986e-07	2.38128	0
6.931586e-07	2.38126	0
6.932186e-07	2.38124	0
6.932787e-07	2.38122	0
6.933387e-07	2.3812	0
6.933987e-07	2.38118	0
6.934587e-07	2.38116	0
6.935187e-07	2.38114	0
6.935787e-07	2.38112	0
6.936387e-07	2.3811	0
6.936987e-07	2.38108	0
6.937588e-07	2.38106	0
6.938188e-07	2.38104	0
6.938788e-07	2.38102	0
6.939388e-07	2.381	0
6.939988e-07	2.38098	0
6.940588e-07	2.38096	0
6.941188e-07	2.38095	0
6.941788e-07	2.38093	0
6.942388e-07	2.38091	0
6.942989e-07	2.38089	0
6.943589e-07	2.38087	0
6.944189e-07	2.38085	0
6.944789e-07	2.38083	0
6.945389e-07	2.38081	0
6.945989e-07	2.38079	0
6.946589e-07	2.38077	0
6.947189e-07	2.38075	0
6.947790e-07	2.38073	0
6.948390e-07	2.38071	0
6.948990e-07	2.38069	0
6.949590e-07	2.38067	0
6.950190e-07	2.38065	0
6.950790e-07	2.38063	0
6.951390e-07	2.38061	0
6.951990e-07	2.38059	0
6.952591e-07	2.38058	0
6.953191e-07	2.38056	0
6.953791e-07	2.38054	0
6.954391e-07	2.38052	0
6.954991e-07	2.3805	0
6.955591e-07	2.38048	0
6.956191e-07	2.38046	0
6.956791e-07	2.38044	0
6.957391e-07	2.38042	0
6.957992e-07	2.3804	0
6.958592e-07	2.38038	0
6.959192e-07	2.38036	0
6.959792e-07	2.38034	0
6.960392e-07	2.38032	0
6.960992e-07	2.3803	0
6.961592e-07	2.38028	0
6.962192e-07	2.38027	0
6.962793e-07	2.38025	0
6.963393e-07	2.38023	0
6.963993e-07	2.38021	0
6.964593e-07	2.38019	0
6.965193e-07	2.38017	0
6.965793e-07	2.38015	0
6.966393e-07	2.38013	0
6.966993e-07	2.38011	0
6.967594e-07	2.38009	0
6.968194e-07	2.38007	0
6.968794e-07	2.38005	0
6.969394e-07	2.38003	0
6.969994e-07	2.38001	0
6.970594e-07	2.38	0
6.971194e-07	2.37998	0
6.971794e-07	2.37996	0
6.972394e-07	2.37994	0
6.972995e-07	2.37992	0
6.973595e-07	2.3799	0
6.974195e-07	2.37988	0
6.974795e-07	2.37986	0
6.975395e-07	2.37984	0
6.975995e-07	2.37982	0
6.976595e-07	2.3798	0
6.977195e-07	2.37978	0
6.977796e-07	2.37977	0
6.978396e-07	2.37975	0
6.978996e-07	2.37973	0
6.979596e-07	2.37971	0
6.980196e-07	2.37969	0
6.980796e-07	2.37967	0
6.981396e-07	2.37965	0
6.981996e-07	2.37963	0
6.982597e-07	2.37961	0
6.983197e-07	2.37959	0
6.983797e-07	2.37957	0
6.984397e-07	2.37955	0
6.984997e-07	2.37954	0
6.985597e-07	2.37952	0
6.986197e-07	2.3795	0
6.986797e-07	2.37948	0
6.987397e-07	2.37946	0
6.987998e-07	2.37944	0
6.988598e-07	2.37942	0
6.989198e-07	2.3794	0
6.989798e-07	2.37938	0
6.990398e-07	2.37936	0
6.990998e-07	2.37934	0
6.991598e-07	2.37933	0
6.992198e-07	2.37931	0
6.992799e-07	2.37929	0
6.993399e-07	2.37927	0
6.993999e-07	2.37925	0
6.994599e-07	2.37923	0
6.995199e-07	2.37921	0
6.995799e-07	2.37919	0
6.996399e-07	2.37917	0
6.996999e-07	2.37915	0
6.997600e-07	2.37914	0
6.998200e-07	2.37912	0
6.998800e-07	2.3791	0
6.999400e-07	2.37908	0
7.000000e-07	2.37906	0
