Wavelength(m)	n	k
# material: Si3N4
# source: K. Luke, Y. Okawachi, M. R. E. Lamont, A. L. Gaeta, M. Lipson. Broadband mid-infrared frequency comb generation in a Si3N4 microresonator. Opt. Lett. 40, 4823-4826 (2015)
# conditions: 340 nm Si3N4 on 3.1 um of thermal SiO2 on silicon.
# upstream: polyanskiy/refractiveindex.info-database@ff11b58 main/Si3N4/nk/Luke.yml
# type: formula 1
# note: dispersion formula sampled at 5000 points; k set to 0
# range: 3.1000e-07 - 5.5040e-06 m
# converted: 2026-07-31 by tools/convert_refractiveindex_info.py (wavelength um -> m)
3.100000e-07	2.17594	0
3.110390e-07	2.17459	0
3.120780e-07	2.17325	0
3.131170e-07	2.17194	0
3.141560e-07	2.17063	0
3.151950e-07	2.16935	0
3.162340e-07	2.16808	0
3.172731e-07	2.16682	0
3.183121e-07	2.16558	0
3.193511e-07	2.16436	0
3.203901e-07	2.16315	0
3.214291e-07	2.16195	0
3.224681e-07	2.16077	0
3.235071e-07	2.1596	0
3.245461e-07	2.15845	0
3.255851e-07	2.15731	0
3.266241e-07	2.15618	0
3.276631e-07	2.15507	0
3.287021e-07	2.15397	0
3.297411e-07	2.15288	0
3.307802e-07	2.1518	0
3.318192e-07	2.15074	0
3.328582e-07	2.14968	0
3.338972e-07	2.14864	0
3.349362e-07	2.14761	0
3.359752e-07	2.1466	0
3.370142e-07	2.14559	0
3.380532e-07	2.14459	0
3.390922e-07	2.14361	0
3.401312e-07	2.14264	0
3.411702e-07	2.14167	0
3.422092e-07	2.14072	0
3.432482e-07	2.13978	0
3.442873e-07	2.13885	0
3.453263e-07	2.13793	0
3.463653e-07	2.13701	0
3.474043e-07	2.13611	0
3.484433e-07	2.13522	0
3.494823e-07	2.13433	0
3.505213e-07	2.13346	0
3.515603e-07	2.13259	0
3.525993e-07	2.13174	0
3.536383e-07	2.13089	0
3.546773e-07	2.13005	0
3.557163e-07	2.12922	0
3.567554e-07	2.1284	0
3.577944e-07	2.12759	0
3.588334e-07	2.12678	0
3.598724e-07	2.12598	0
3.609114e-07	2.1252	0
3.619504e-07	2.12441	0
3.629894e-07	2.12364	0
3.640284e-07	2.12288	0
3.650674e-07	2.12212	0
3.661064e-07	2.12137	0
3.671454e-07	2.12063	0
3.681844e-07	2.11989	0
3.692234e-07	2.11916	0
3.702625e-07	2.11844	0
3.713015e-07	2.11772	0
3.723405e-07	2.11702	0
3.733795e-07	2.11632	0
3.744185e-07	2.11562	0
3.754575e-07	2.11493	0
3.764965e-07	2.11425	0
3.775355e-07	2.11358	0
3.785745e-07	2.11291	0
3.796135e-07	2.11225	0
3.806525e-07	2.11159	0
3.816915e-07	2.11094	0
3.827305e-07	2.1103	0
3.837696e-07	2.10966	0
3.848086e-07	2.10903	0
3.858476e-07	2.10841	0
3.868866e-07	2.10779	0
3.879256e-07	2.10717	0
3.889646e-07	2.10656	0
3.900036e-07	2.10596	0
3.910426e-07	2.10536	0
3.920816e-07	2.10477	0
3.931206e-07	2.10418	0
3.941596e-07	2.1036	0
3.951986e-07	2.10302	0
3.962376e-07	2.10245	0
3.972767e-07	2.10188	0
3.983157e-07	2.10132	0
3.993547e-07	2.10076	0
4.003937e-07	2.10021	0
4.014327e-07	2.09967	0
4.024717e-07	2.09912	0
4.035107e-07	2.09859	0
4.045497e-07	2.09805	0
4.055887e-07	2.09752	0
4.066277e-07	2.097	0
4.076667e-07	2.09648	0
4.087057e-07	2.09597	0
4.097447e-07	2.09546	0
4.107838e-07	2.09495	0
4.118228e-07	2.09445	0
4.128618e-07	2.09395	0
4.139008e-07	2.09346	0
4.149398e-07	2.09297	0
4.159788e-07	2.09248	0
4.170178e-07	2.092	0
4.180568e-07	2.09152	0
4.190958e-07	2.09105	0
4.201348e-07	2.09058	0
4.211738e-07	2.09011	0
4.222128e-07	2.08965	0
4.232519e-07	2.08919	0
4.242909e-07	2.08874	0
4.253299e-07	2.08829	0
4.263689e-07	2.08784	0
4.274079e-07	2.0874	0
4.284469e-07	2.08695	0
4.294859e-07	2.08652	0
4.305249e-07	2.08609	0
4.315639e-07	2.08566	0
4.326029e-07	2.08523	0
4.336419e-07	2.08481	0
4.346809e-07	2.08439	0
4.357199e-07	2.08397	0
4.367590e-07	2.08356	0
4.377980e-07	2.08315	0
4.388370e-07	2.08274	0
4.398760e-07	2.08234	0
4.409150e-07	2.08194	0
4.419540e-07	2.08154	0
4.429930e-07	2.08114	0
4.440320e-07	2.08075	0
4.450710e-07	2.08036	0
4.461100e-07	2.07998	0
4.471490e-07	2.0796	0
4.481880e-07	2.07922	0
4.492270e-07	2.07884	0
4.502661e-07	2.07847	0
4.513051e-07	2.07809	0
4.523441e-07	2.07773	0
4.533831e-07	2.07736	0
4.544221e-07	2.077	0
4.554611e-07	2.07664	0
4.565001e-07	2.07628	0
4.575391e-07	2.07592	0
4.585781e-07	2.07557	0
4.596171e-07	2.07522	0
4.606561e-07	2.07487	0
4.616951e-07	2.07453	0
4.627341e-07	2.07419	0
4.637732e-07	2.07385	0
4.648122e-07	2.07351	0
4.658512e-07	2.07318	0
4.668902e-07	2.07284	0
4.679292e-07	2.07251	0
4.689682e-07	2.07219	0
4.700072e-07	2.07186	0
4.710462e-07	2.07154	0
4.720852e-07	2.07122	0
4.731242e-07	2.0709	0
4.741632e-07	2.07058	0
4.752022e-07	2.07027	0
4.762412e-07	2.06995	0
4.772803e-07	2.06964	0
4.783193e-07	2.06934	0
4.793583e-07	2.06903	0
4.803973e-07	2.06873	0
4.814363e-07	2.06843	0
4.824753e-07	2.06813	0
4.835143e-07	2.06783	0
4.845533e-07	2.06753	0
4.855923e-07	2.06724	0
4.866313e-07	2.06695	0
4.876703e-07	2.06666	0
4.887093e-07	2.06637	0
4.897483e-07	2.06609	0
4.907874e-07	2.0658	0
4.918264e-07	2.06552	0
4.928654e-07	2.06524	0
4.939044e-07	2.06496	0
4.949434e-07	2.06469	0
4.959824e-07	2.06441	0
4.970214e-07	2.06414	0
4.980604e-07	2.06387	0
4.990994e-07	2.0636	0
5.001384e-07	2.06333	0
5.011774e-07	2.06307	0
5.022164e-07	2.06281	0
5.032555e-07	2.06254	0
5.042945e-07	2.06228	0
5.053335e-07	2.06202	0
5.063725e-07	2.06177	0
5.074115e-07	2.06151	0
5.084505e-07	2.06126	0
5.094895e-07	2.06101	0
5.105285e-07	2.06076	0
5.115675e-07	2.06051	0
5.126065e-07	2.06026	0
5.136455e-07	2.06001	0
5.146845e-07	2.05977	0
5.157235e-07	2.05953	0
5.167626e-07	2.05929	0
5.178016e-07	2.05905	0
5.188406e-07	2.05881	0
5.198796e-07	2.05857	0
5.209186e-07	2.05834	0
5.219576e-07	2.0581	0
5.229966e-07	2.05787	0
5.240356e-07	2.05764	0
5.250746e-07	2.05741	0
5.261136e-07	2.05718	0
5.271526e-07	2.05696	0
5.281916e-07	2.05673	0
5.292306e-07	2.05651	0
5.302697e-07	2.05628	0
5.313087e-07	2.05606	0
5.323477e-07	2.05584	0
5.333867e-07	2.05562	0
5.344257e-07	2.05541	0
5.354647e-07	2.05519	0
5.365037e-07	2.05498	0
5.375427e-07	2.05476	0
5.385817e-07	2.05455	0
5.396207e-07	2.05434	0
5.406597e-07	2.05413	0
5.416987e-07	2.05392	0
5.427377e-07	2.05372	0
5.437768e-07	2.05351	0
5.448158e-07	2.0533	0
5.458548e-07	2.0531	0
5.468938e-07	2.0529	0
5.479328e-07	2.0527	0
5.489718e-07	2.0525	0
5.500108e-07	2.0523	0
5.510498e-07	2.0521	0
5.520888e-07	2.0519	0
5.531278e-07	2.05171	0
5.541668e-07	2.05151	0
5.552058e-07	2.05132	0
5.562448e-07	2.05113	0
5.572839e-07	2.05094	0
5.583229e-07	2.05075	0
5.593619e-07	2.05056	0
5.604009e-07	2.05037	0
5.614399e-07	2.05018	0
5.624789e-07	2.05	0
5.635179e-07	2.04981	0
5.645569e-07	2.04963	0
5.655959e-07	2.04945	0
5.666349e-07	2.04927	0
5.676739e-07	2.04908	0
5.687129e-07	2.0489	0
5.697520e-07	2.04873	0
5.707910e-07	2.04855	0
5.718300e-07	2.04837	0
5.728690e-07	2.0482	0
5.739080e-07	2.04802	0
5.749470e-07	2.04785	0
5.759860e-07	2.04767	0
5.770250e-07	2.0475	0
5.780640e-07	2.04733	0
5.791030e-07	2.04716	0
5.801420e-07	2.04699	0
5.811810e-07	2.04682	0
5.822200e-07	2.04666	0
5.832591e-07	2.04649	0
5.842981e-07	2.04632	0
5.853371e-07	2.04616	0
5.863761e-07	2.04599	0
5.874151e-07	2.04583	0
5.884541e-07	2.04567	0
5.894931e-07	2.04551	0
5.905321e-07	2.04535	0
5.915711e-07	2.04519	0
5.926101e-07	2.04503	0
5.936491e-07	2.04487	0
5.946881e-07	2.04471	0
5.957271e-07	2.04456	0
5.967662e-07	2.0444	0
5.978052e-07	2.04425	0
5.988442e-07	2.04409	0
5.998832e-07	2.04394	0
6.009222e-07	2.04379	0
6.019612e-07	2.04364	0
6.030002e-07	2.04348	0
6.040392e-07	2.04333	0
6.050782e-07	2.04319	0
6.061172e-07	2.04304	0
6.071562e-07	2.04289	0
6.081952e-07	2.04274	0
6.092342e-07	2.04259	0
6.102733e-07	2.04245	0
6.113123e-07	2.0423	0
6.123513e-07	2.04216	0
6.133903e-07	2.04202	0
6.144293e-07	2.04187	0
6.154683e-07	2.04173	0
6.165073e-07	2.04159	0
6.175463e-07	2.04145	0
6.185853e-07	2.04131	0
6.196243e-07	2.04117	0
6.206633e-07	2.04103	0
6.217023e-07	2.04089	0
6.227413e-07	2.04076	0
6.237804e-07	2.04062	0
6.248194e-07	2.04048	0
6.258584e-07	2.04035	0
6.268974e-07	2.04021	0
6.279364e-07	2.04008	0
6.289754e-07	2.03995	0
6.300144e-07	2.03981	0
6.310534e-07	2.03968	0
6.320924e-07	2.03955	0
6.331314e-07	2.03942	0
6.341704e-07	2.03929	0
6.352094e-07	2.03916	0
6.362484e-07	2.03903	0
6.372875e-07	2.0389	0
6.383265e-07	2.03877	0
6.393655e-07	2.03865	0
6.404045e-07	2.03852	0
6.414435e-07	2.03839	0
6.424825e-07	2.03827	0
6.435215e-07	2.03814	0
6.445605e-07	2.03802	0
6.455995e-07	2.03789	0
6.466385e-07	2.03777	0
6.476775e-07	2.03765	0
6.487165e-07	2.03753	0
6.497556e-07	2.03741	0
6.507946e-07	2.03728	0
6.518336e-07	2.03716	0
6.528726e-07	2.03704	0
6.539116e-07	2.03692	0
6.549506e-07	2.03681	0
6.559896e-07	2.03669	0
6.570286e-07	2.03657	0
6.580676e-07	2.03645	0
6.591066e-07	2.03634	0
6.601456e-07	2.03622	0
6.611846e-07	2.0361	0
6.622236e-07	2.03599	0
6.632627e-07	2.03587	0
6.643017e-07	2.03576	0
6.653407e-07	2.03565	0
6.663797e-07	2.03553	0
6.674187e-07	2.03542	0
6.684577e-07	2.03531	0
6.694967e-07	2.0352	0
6.705357e-07	2.03509	0
6.715747e-07	2.03498	0
6.726137e-07	2.03486	0
6.736527e-07	2.03476	0
6.746917e-07	2.03465	0
6.757307e-07	2.03454	0
6.767698e-07	2.03443	0
6.778088e-07	2.03432	0
6.788478e-07	2.03421	0
6.798868e-07	2.03411	0
6.809258e-07	2.034	0
6.819648e-07	2.03389	0
6.830038e-07	2.03379	0
6.840428e-07	2.03368	0
6.850818e-07	2.03358	0
6.861208e-07	2.03347	0
6.871598e-07	2.03337	0
6.881988e-07	2.03327	0
6.892378e-07	2.03316	0
6.902769e-07	2.03306	0
6.913159e-07	2.03296	0
6.923549e-07	2.03286	0
6.933939e-07	2.03276	0
6.944329e-07	2.03265	0
6.954719e-07	2.03255	0
6.965109e-07	2.03245	0
6.975499e-07	2.03235	0
6.985889e-07	2.03226	0
6.996279e-07	2.03216	0
7.006669e-07	2.03206	0
7.017059e-07	2.03196	0
7.027449e-07	2.03186	0
7.037840e-07	2.03177	0
7.048230e-07	2.03167	0
7.058620e-07	2.03157	0
7.069010e-07	2.03148	0
7.079400e-07	2.03138	0
7.089790e-07	2.03128	0
7.100180e-07	2.03119	0
7.110570e-07	2.03109	0
7.120960e-07	2.031	0
7.131350e-07	2.03091	0
7.141740e-07	2.03081	0
7.152130e-07	2.03072	0
7.162521e-07	2.03063	0
7.172911e-07	2.03054	0
7.183301e-07	2.03044	0
7.193691e-07	2.03035	0
7.204081e-07	2.03026	0
7.214471e-07	2.03017	0
7.224861e-07	2.03008	0
7.235251e-07	2.02999	0
7.245641e-07	2.0299	0
7.256031e-07	2.02981	0
7.266421e-07	2.02972	0
7.276811e-07	2.02963	0
7.287201e-07	2.02954	0
7.297592e-07	2.02945	0
7.307982e-07	2.02937	0
7.318372e-07	2.02928	0
7.328762e-07	2.02919	0
7.339152e-07	2.0291	0
7.349542e-07	2.02902	0
7.359932e-07	2.02893	0
7.370322e-07	2.02884	0
7.380712e-07	2.02876	0
7.391102e-07	2.02867	0
7.401492e-07	2.02859	0
7.411882e-07	2.0285	0
7.422272e-07	2.02842	0
7.432663e-07	2.02834	0
7.443053e-07	2.02825	0
7.453443e-07	2.02817	0
7.463833e-07	2.02809	0
7.474223e-07	2.028	0
7.484613e-07	2.02792	0
7.495003e-07	2.02784	0
7.505393e-07	2.02776	0
7.515783e-07	2.02767	0
7.526173e-07	2.02759	0
7.536563e-07	2.02751	0
7.546953e-07	2.02743	0
7.557343e-07	2.02735	0
7.567734e-07	2.02727	0
7.578124e-07	2.02719	0
7.588514e-07	2.02711	0
7.598904e-07	2.02703	0
7.609294e-07	2.02695	0
7.619684e-07	2.02687	0
7.630074e-07	2.02679	0
7.640464e-07	2.02672	0
7.650854e-07	2.02664	0
7.661244e-07	2.02656	0
7.671634e-07	2.02648	0
7.682024e-07	2.02641	0
7.692414e-07	2.02633	0
7.702805e-07	2.02625	0
7.713195e-07	2.02618	0
7.723585e-07	2.0261	0
7.733975e-07	2.02602	0
7.744365e-07	2.02595	0
7.754755e-07	2.02587	0
7.765145e-07	2.0258	0
7.775535e-07	2.02572	0
7.785925e-07	2.02565	0
7.796315e-07	2.02557	0
7.806705e-07	2.0255	0
7.817095e-07	2.02543	0
7.827485e-07	2.02535	0
7.837876e-07	2.02528	0
7.848266e-07	2.02521	0
7.858656e-07	2.02513	0
7.869046e-07	2.02506	0
7.879436e-07	2.02499	0
7.889826e-07	2.02492	0
7.900216e-07	2.02484	0
7.910606e-07	2.02477	0
7.920996e-07	2.0247	0
7.931386e-07	2.02463	0
7.941776e-07	2.02456	0
7.952166e-07	2.02449	0
7.962557e-07	2.02442	0
7.972947e-07	2.02435	0
7.983337e-07	2.02428	0
7.993727e-07	2.02421	0
8.004117e-07	2.02414	0
8.014507e-07	2.02407	0
8.024897e-07	2.024	0
8.035287e-07	2.02393	0
8.045677e-07	2.02386	0
8.056067e-07	2.02379	0
8.066457e-07	2.02372	0
8.076847e-07	2.02366	0
8.087237e-07	2.02359	0
8.097628e-07	2.02352	0
8.108018e-07	2.02345	0
8.118408e-07	2.02338	0
8.128798e-07	2.02332	0
8.139188e-07	2.02325	0
8.149578e-07	2.02318	0
8.159968e-07	2.02312	0
8.170358e-07	2.02305	0
8.180748e-07	2.02299	0
8.191138e-07	2.02292	0
8.201528e-07	2.02285	0
8.211918e-07	2.02279	0
8.222308e-07	2.02272	0
8.232699e-07	2.02266	0
8.243089e-07	2.02259	0
8.253479e-07	2.02253	0
8.263869e-07	2.02246	0
8.274259e-07	2.0224	0
8.284649e-07	2.02234	0
8.295039e-07	2.02227	0
8.305429e-07	2.02221	0
8.315819e-07	2.02214	0
8.326209e-07	2.02208	0
8.336599e-07	2.02202	0
8.346989e-07	2.02195	0
8.357379e-07	2.02189	0
8.367770e-07	2.02183	0
8.378160e-07	2.02177	0
8.388550e-07	2.0217	0
8.398940e-07	2.02164	0
8.409330e-07	2.02158	0
8.419720e-07	2.02152	0
8.430110e-07	2.02146	0
8.440500e-07	2.0214	0
8.450890e-07	2.02133	0
8.461280e-07	2.02127	0
8.471670e-07	2.02121	0
8.482060e-07	2.02115	0
8.492450e-07	2.02109	0
8.502841e-07	2.02103	0
8.513231e-07	2.02097	0
8.523621e-07	2.02091	0
8.534011e-07	2.02085	0
8.544401e-07	2.02079	0
8.554791e-07	2.02073	0
8.565181e-07	2.02067	0
8.575571e-07	2.02061	0
8.585961e-07	2.02055	0
8.596351e-07	2.0205	0
8.606741e-07	2.02044	0
8.617131e-07	2.02038	0
8.627522e-07	2.02032	0
8.637912e-07	2.02026	0
8.648302e-07	2.0202	0
8.658692e-07	2.02015	0
8.669082e-07	2.02009	0
8.679472e-07	2.02003	0
8.689862e-07	2.01997	0
8.700252e-07	2.01992	0
8.710642e-07	2.01986	0
8.721032e-07	2.0198	0
8.731422e-07	2.01975	0
8.741812e-07	2.01969	0
8.752202e-07	2.01963	0
8.762593e-07	2.01958	0
8.772983e-07	2.01952	0
8.783373e-07	2.01946	0
8.793763e-07	2.01941	0
8.804153e-07	2.01935	0
8.814543e-07	2.0193	0
8.824933e-07	2.01924	0
8.835323e-07	2.01919	0
8.845713e-07	2.01913	0
8.856103e-07	2.01908	0
8.866493e-07	2.01902	0
8.876883e-07	2.01897	0
8.887273e-07	2.01891	0
8.897664e-07	2.01886	0
8.908054e-07	2.0188	0
8.918444e-07	2.01875	0
8.928834e-07	2.01869	0
8.939224e-07	2.01864	0
8.949614e-07	2.01859	0
8.960004e-07	2.01853	0
8.970394e-07	2.01848	0
8.980784e-07	2.01843	0
8.991174e-07	2.01837	0
9.001564e-07	2.01832	0
9.011954e-07	2.01827	0
9.022344e-07	2.01821	0
9.032735e-07	2.01816	0
9.043125e-07	2.01811	0
9.053515e-07	2.01806	0
9.063905e-07	2.018	0
9.074295e-07	2.01795	0
9.084685e-07	2.0179	0
9.095075e-07	2.01785	0
9.105465e-07	2.01779	0
9.115855e-07	2.01774	0
9.126245e-07	2.01769	0
9.136635e-07	2.01764	0
9.147025e-07	2.01759	0
9.157415e-07	2.01754	0
9.167806e-07	2.01749	0
9.178196e-07	2.01743	0
9.188586e-07	2.01738	0
9.198976e-07	2.01733	0
9.209366e-07	2.01728	0
9.219756e-07	2.01723	0
9.230146e-07	2.01718	0
9.240536e-07	2.01713	0
9.250926e-07	2.01708	0
9.261316e-07	2.01703	0
9.271706e-07	2.01698	0
9.282096e-07	2.01693	0
9.292486e-07	2.01688	0
9.302877e-07	2.01683	0
9.313267e-07	2.01678	0
9.323657e-07	2.01673	0
9.334047e-07	2.01668	0
9.344437e-07	2.01663	0
9.354827e-07	2.01659	0
9.365217e-07	2.01654	0
9.375607e-07	2.01649	0
9.385997e-07	2.01644	0
9.396387e-07	2.01639	0
9.406777e-07	2.01634	0
9.417167e-07	2.01629	0
9.427558e-07	2.01624	0
9.437948e-07	2.0162	0
9.448338e-07	2.01615	0
9.458728e-07	2.0161	0
9.469118e-07	2.01605	0
9.479508e-07	2.016	0
9.489898e-07	2.01596	0
9.500288e-07	2.01591	0
9.510678e-07	2.01586	0
9.521068e-07	2.01581	0
9.531458e-07	2.01577	0
9.541848e-07	2.01572	0
9.552238e-07	2.01567	0
9.562629e-07	2.01563	0
9.573019e-07	2.01558	0
9.583409e-07	2.01553	0
9.593799e-07	2.01549	0
9.604189e-07	2.01544	0
9.614579e-07	2.01539	0
9.624969e-07	2.01535	0
9.635359e-07	2.0153	0
9.645749e-07	2.01525	0
9.656139e-07	2.01521	0
9.666529e-07	2.01516	0
9.676919e-07	2.01512	0
9.687309e-07	2.01507	0
9.697700e-07	2.01502	0
9.708090e-07	2.01498	0
9.718480e-07	2.01493	0
9.728870e-07	2.01489	0
9.739260e-07	2.01484	0
9.749650e-07	2.0148	0
9.760040e-07	2.01475	0
9.770430e-07	2.01471	0
9.780820e-07	2.01466	0
9.791210e-07	2.01462	0
9.801600e-07	2.01457	0
9.811990e-07	2.01453	0
9.822380e-07	2.01448	0
9.832771e-07	2.01444	0
9.843161e-07	2.01439	0
9.853551e-07	2.01435	0
9.863941e-07	2.0143	0
9.874331e-07	2.01426	0
9.884721e-07	2.01422	0
9.895111e-07	2.01417	0
9.905501e-07	2.01413	0
9.915891e-07	2.01408	0
9.926281e-07	2.01404	0
9.936671e-07	2.014	0
9.947061e-07	2.01395	0
9.957451e-07	2.01391	0
9.967842e-07	2.01387	0
9.978232e-07	2.01382	0
9.988622e-07	2.01378	0
9.999012e-07	2.01374	0
1.000940e-06	2.01369	0
1.001979e-06	2.01365	0
1.003018e-06	2.01361	0
1.004057e-06	2.01356	0
1.005096e-06	2.01352	0
1.006135e-06	2.01348	0
1.007174e-06	2.01344	0
1.008213e-06	2.01339	0
1.009252e-06	2.01335	0
1.010291e-06	2.01331	0
1.011330e-06	2.01327	0
1.012369e-06	2.01322	0
1.013408e-06	2.01318	0
1.014447e-06	2.01314	0
1.015486e-06	2.0131	0
1.016525e-06	2.01305	0
1.017564e-06	2.01301	0
1.018603e-06	2.01297	0
1.019642e-06	2.01293	0
1.020681e-06	2.01289	0
1.021720e-06	2.01285	0
1.022759e-06	2.0128	0
1.023798e-06	2.01276	0
1.024837e-06	2.01272	0
1.025876e-06	2.01268	0
1.026915e-06	2.01264	0
1.027954e-06	2.0126	0
1.028993e-06	2.01256	0
1.030032e-06	2.01251	0
1.031071e-06	2.01247	0
1.032110e-06	2.01243	0
1.033149e-06	2.01239	0
1.034188e-06	2.01235	0
1.035227e-06	2.01231	0
1.036266e-06	2.01227	0
1.037305e-06	2.01223	0
1.038344e-06	2.01219	0
1.039383e-06	2.01215	0
1.040422e-06	2.01211	0
1.041461e-06	2.01207	0
1.042501e-06	2.01203	0
1.043540e-06	2.01199	0
1.044579e-06	2.01195	0
1.045618e-06	2.01191	0
1.046657e-06	2.01187	0
1.047696e-06	2.01183	0
1.048735e-06	2.01179	0
1.049774e-06	2.01175	0
1.050813e-06	2.01171	0
1.051852e-06	2.01167	0
1.052891e-06	2.01163	0
1.053930e-06	2.01159	0
1.054969e-06	2.01155	0
1.056008e-06	2.01151	0
1.057047e-06	2.01147	0
1.058086e-06	2.01143	0
1.059125e-06	2.01139	0
1.060164e-06	2.01135	0
1.061203e-06	2.01131	0
1.062242e-06	2.01127	0
1.063281e-06	2.01123	0
1.064320e-06	2.0112	0
1.065359e-06	2.01116	0
1.066398e-06	2.01112	0
1.067437e-06	2.01108	0
1.068476e-06	2.01104	0
1.069515e-06	2.011	0
1.070554e-06	2.01096	0
1.071593e-06	2.01092	0
1.072632e-06	2.01089	0
1.073671e-06	2.01085	0
1.074710e-06	2.01081	0
1.075749e-06	2.01077	0
1.076788e-06	2.01073	0
1.077827e-06	2.01069	0
1.078866e-06	2.01066	0
1.079905e-06	2.01062	0
1.080944e-06	2.01058	0
1.081983e-06	2.01054	0
1.083022e-06	2.0105	0
1.084061e-06	2.01047	0
1.085100e-06	2.01043	0
1.086139e-06	2.01039	0
1.087178e-06	2.01035	0
1.088217e-06	2.01032	0
1.089256e-06	2.01028	0
1.090295e-06	2.01024	0
1.091334e-06	2.0102	0
1.092373e-06	2.01016	0
1.093412e-06	2.01013	0
1.094451e-06	2.01009	0
1.095490e-06	2.01005	0
1.096529e-06	2.01002	0
1.097568e-06	2.00998	0
1.098607e-06	2.00994	0
1.099646e-06	2.0099	0
1.100685e-06	2.00987	0
1.101724e-06	2.00983	0
1.102763e-06	2.00979	0
1.103802e-06	2.00976	0
1.104841e-06	2.00972	0
1.105880e-06	2.00968	0
1.106919e-06	2.00965	0
1.107958e-06	2.00961	0
1.108997e-06	2.00957	0
1.110036e-06	2.00954	0
1.111075e-06	2.0095	0
1.112114e-06	2.00946	0
1.113153e-06	2.00943	0
1.114192e-06	2.00939	0
1.115231e-06	2.00935	0
1.116270e-06	2.00932	0
1.117309e-06	2.00928	0
1.118348e-06	2.00924	0
1.119387e-06	2.00921	0
1.120426e-06	2.00917	0
1.121465e-06	2.00913	0
1.122504e-06	2.0091	0
1.123543e-06	2.00906	0
1.124582e-06	2.00903	0
1.125621e-06	2.00899	0
1.126660e-06	2.00895	0
1.127699e-06	2.00892	0
1.128738e-06	2.00888	0
1.129777e-06	2.00885	0
1.130816e-06	2.00881	0
1.131855e-06	2.00878	0
1.132894e-06	2.00874	0
1.133933e-06	2.0087	0
1.134972e-06	2.00867	0
1.136011e-06	2.00863	0
1.137050e-06	2.0086	0
1.138089e-06	2.00856	0
1.139128e-06	2.00853	0
1.140167e-06	2.00849	0
1.141206e-06	2.00846	0
1.142245e-06	2.00842	0
1.143284e-06	2.00839	0
1.144323e-06	2.00835	0
1.145362e-06	2.00832	0
1.146401e-06	2.00828	0
1.147440e-06	2.00824	0
1.148479e-06	2.00821	0
1.149518e-06	2.00817	0
1.150557e-06	2.00814	0
1.151596e-06	2.0081	0
1.152635e-06	2.00807	0
1.153674e-06	2.00804	0
1.154713e-06	2.008	0
1.155752e-06	2.00797	0
1.156791e-06	2.00793	0
1.157830e-06	2.0079	0
1.158869e-06	2.00786	0
1.159908e-06	2.00783	0
1.160947e-06	2.00779	0
1.161986e-06	2.00776	0
1.163025e-06	2.00772	0
1.164064e-06	2.00769	0
1.165103e-06	2.00765	0
1.166142e-06	2.00762	0
1.167181e-06	2.00759	0
1.168220e-06	2.00755	0
1.169259e-06	2.00752	0
1.170298e-06	2.00748	0
1.171337e-06	2.00745	0
1.172376e-06	2.00741	0
1.173415e-06	2.00738	0
1.174454e-06	2.00735	0
1.175493e-06	2.00731	0
1.176533e-06	2.00728	0
1.177572e-06	2.00724	0
1.178611e-06	2.00721	0
1.179650e-06	2.00718	0
1.180689e-06	2.00714	0
1.181728e-06	2.00711	0
1.182767e-06	2.00707	0
1.183806e-06	2.00704	0
1.184845e-06	2.00701	0
1.185884e-06	2.00697	0
1.186923e-06	2.00694	0
1.187962e-06	2.0069	0
1.189001e-06	2.00687	0
1.190040e-06	2.00684	0
1.191079e-06	2.0068	0
1.192118e-06	2.00677	0
1.193157e-06	2.00674	0
1.194196e-06	2.0067	0
1.195235e-06	2.00667	0
1.196274e-06	2.00664	0
1.197313e-06	2.0066	0
1.198352e-06	2.00657	0
1.199391e-06	2.00654	0
1.200430e-06	2.0065	0
1.201469e-06	2.00647	0
1.202508e-06	2.00644	0
1.203547e-06	2.0064	0
1.204586e-06	2.00637	0
1.205625e-06	2.00634	0
1.206664e-06	2.0063	0
1.207703e-06	2.00627	0
1.208742e-06	2.00624	0
1.209781e-06	2.0062	0
1.210820e-06	2.00617	0
1.211859e-06	2.00614	0
1.212898e-06	2.00611	0
1.213937e-06	2.00607	0
1.214976e-06	2.00604	0
1.216015e-06	2.00601	0
1.217054e-06	2.00597	0
1.218093e-06	2.00594	0
1.219132e-06	2.00591	0
1.220171e-06	2.00587	0
1.221210e-06	2.00584	0
1.222249e-06	2.00581	0
1.223288e-06	2.00578	0
1.224327e-06	2.00574	0
1.225366e-06	2.00571	0
1.226405e-06	2.00568	0
1.227444e-06	2.00565	0
1.228483e-06	2.00561	0
1.229522e-06	2.00558	0
1.230561e-06	2.00555	0
1.231600e-06	2.00552	0
1.232639e-06	2.00548	0
1.233678e-06	2.00545	0
1.234717e-06	2.00542	0
1.235756e-06	2.00539	0
1.236795e-06	2.00535	0
1.237834e-06	2.00532	0
1.238873e-06	2.00529	0
1.239912e-06	2.00526	0
1.240951e-06	2.00522	0
1.241990e-06	2.00519	0
1.243029e-06	2.00516	0
1.244068e-06	2.00513	0
1.245107e-06	2.0051	0
1.246146e-06	2.00506	0
1.247185e-06	2.00503	0
1.248224e-06	2.005	0
1.249263e-06	2.00497	0
1.250302e-06	2.00494	0
1.251341e-06	2.0049	0
1.252380e-06	2.00487	0
1.253419e-06	2.00484	0
1.254458e-06	2.00481	0
1.255497e-06	2.00478	0
1.256536e-06	2.00474	0
1.257575e-06	2.00471	0
1.258614e-06	2.00468	0
1.259653e-06	2.00465	0
1.260692e-06	2.00462	0
1.261731e-06	2.00458	0
1.262770e-06	2.00455	0
1.263809e-06	2.00452	0
1.264848e-06	2.00449	0
1.265887e-06	2.00446	0
1.266926e-06	2.00443	0
1.267965e-06	2.00439	0
1.269004e-06	2.00436	0
1.270043e-06	2.00433	0
1.271082e-06	2.0043	0
1.272121e-06	2.00427	0
1.273160e-06	2.00424	0
1.274199e-06	2.0042	0
1.275238e-06	2.00417	0
1.276277e-06	2.00414	0
1.277316e-06	2.00411	0
1.278355e-06	2.00408	0
1.279394e-06	2.00405	0
1.280433e-06	2.00402	0
1.281472e-06	2.00398	0
1.282511e-06	2.00395	0
1.283550e-06	2.00392	0
1.284589e-06	2.00389	0
1.285628e-06	2.00386	0
1.286667e-06	2.00383	0
1.287706e-06	2.0038	0
1.288745e-06	2.00377	0
1.289784e-06	2.00373	0
1.290823e-06	2.0037	0
1.291862e-06	2.00367	0
1.292901e-06	2.00364	0
1.293940e-06	2.00361	0
1.294979e-06	2.00358	0
1.296018e-06	2.00355	0
1.297057e-06	2.00352	0
1.298096e-06	2.00348	0
1.299135e-06	2.00345	0
1.300174e-06	2.00342	0
1.301213e-06	2.00339	0
1.302252e-06	2.00336	0
1.303291e-06	2.00333	0
1.304330e-06	2.0033	0
1.305369e-06	2.00327	0
1.306408e-06	2.00324	0
1.307447e-06	2.00321	0
1.308486e-06	2.00317	0
1.309526e-06	2.00314	0
1.310565e-06	2.00311	0
1.311604e-06	2.00308	0
1.312643e-06	2.00305	0
1.313682e-06	2.00302	0
1.314721e-06	2.00299	0
1.315760e-06	2.00296	0
1.316799e-06	2.00293	0
1.317838e-06	2.0029	0
1.318877e-06	2.00287	0
1.319916e-06	2.00284	0
1.320955e-06	2.00281	0
1.321994e-06	2.00277	0
1.323033e-06	2.00274	0
1.324072e-06	2.00271	0
1.325111e-06	2.00268	0
1.326150e-06	2.00265	0
1.327189e-06	2.00262	0
1.328228e-06	2.00259	0
1.329267e-06	2.00256	0
1.330306e-06	2.00253	0
1.331345e-06	2.0025	0
1.332384e-06	2.00247	0
1.333423e-06	2.00244	0
1.334462e-06	2.00241	0
1.335501e-06	2.00238	0
1.336540e-06	2.00235	0
1.337579e-06	2.00232	0
1.338618e-06	2.00229	0
1.339657e-06	2.00225	0
1.340696e-06	2.00222	0
1.341735e-06	2.00219	0
1.342774e-06	2.00216	0
1.343813e-06	2.00213	0
1.344852e-06	2.0021	0
1.345891e-06	2.00207	0
1.346930e-06	2.00204	0
1.347969e-06	2.00201	0
1.349008e-06	2.00198	0
1.350047e-06	2.00195	0
1.351086e-06	2.00192	0
1.352125e-06	2.00189	0
1.353164e-06	2.00186	0
1.354203e-06	2.00183	0
1.355242e-06	2.0018	0
1.356281e-06	2.00177	0
1.357320e-06	2.00174	0
1.358359e-06	2.00171	0
1.359398e-06	2.00168	0
1.360437e-06	2.00165	0
1.361476e-06	2.00162	0
1.362515e-06	2.00159	0
1.363554e-06	2.00156	0
1.364593e-06	2.00153	0
1.365632e-06	2.0015	0
1.366671e-06	2.00147	0
1.367710e-06	2.00144	0
1.368749e-06	2.00141	0
1.369788e-06	2.00138	0
1.370827e-06	2.00135	0
1.371866e-06	2.00132	0
1.372905e-06	2.00129	0
1.373944e-06	2.00126	0
1.374983e-06	2.00123	0
1.376022e-06	2.0012	0
1.377061e-06	2.00117	0
1.378100e-06	2.00114	0
1.379139e-06	2.00111	0
1.380178e-06	2.00108	0
1.381217e-06	2.00105	0
1.382256e-06	2.00102	0
1.383295e-06	2.00099	0
1.384334e-06	2.00096	0
1.385373e-06	2.00093	0
1.386412e-06	2.0009	0
1.387451e-06	2.00087	0
1.388490e-06	2.00084	0
1.389529e-06	2.00081	0
1.390568e-06	2.00078	0
1.391607e-06	2.00075	0
1.392646e-06	2.00072	0
1.393685e-06	2.00069	0
1.394724e-06	2.00066	0
1.395763e-06	2.00063	0
1.396802e-06	2.0006	0
1.397841e-06	2.00057	0
1.398880e-06	2.00054	0
1.399919e-06	2.00051	0
1.400958e-06	2.00048	0
1.401997e-06	2.00045	0
1.403036e-06	2.00042	0
1.404075e-06	2.00039	0
1.405114e-06	2.00036	0
1.406153e-06	2.00033	0
1.407192e-06	2.0003	0
1.408231e-06	2.00027	0
1.409270e-06	2.00024	0
1.410309e-06	2.00021	0
1.411348e-06	2.00018	0
1.412387e-06	2.00015	0
1.413426e-06	2.00012	0
1.414465e-06	2.0001	0
1.415504e-06	2.00007	0
1.416543e-06	2.00004	0
1.417582e-06	2.00001	0
1.418621e-06	1.99998	0
1.419660e-06	1.99995	0
1.420699e-06	1.99992	0
1.421738e-06	1.99989	0
1.422777e-06	1.99986	0
1.423816e-06	1.99983	0
1.424855e-06	1.9998	0
1.425894e-06	1.99977	0
1.426933e-06	1.99974	0
1.427972e-06	1.99971	0
1.429011e-06	1.99968	0
1.430050e-06	1.99965	0
1.431089e-06	1.99962	0
1.432128e-06	1.99959	0
1.433167e-06	1.99956	0
1.434206e-06	1.99953	0
1.435245e-06	1.9995	0
1.436284e-06	1.99947	0
1.437323e-06	1.99945	0
1.438362e-06	1.99942	0
1.439401e-06	1.99939	0
1.440440e-06	1.99936	0
1.441479e-06	1.99933	0
1.442519e-06	1.9993	0
1.443558e-06	1.99927	0
1.444597e-06	1.99924	0
1.445636e-06	1.99921	0
1.446675e-06	1.99918	0
1.447714e-06	1.99915	0
1.448753e-06	1.99912	0
1.449792e-06	1.99909	0
1.450831e-06	1.99906	0
1.451870e-06	1.99903	0
1.452909e-06	1.999	0
1.453948e-06	1.99897	0
1.454987e-06	1.99895	0
1.456026e-06	1.99892	0
1.457065e-06	1.99889	0
1.458104e-06	1.99886	0
1.459143e-06	1.99883	0
1.460182e-06	1.9988	0
1.461221e-06	1.99877	0
1.462260e-06	1.99874	0
1.463299e-06	1.99871	0
1.464338e-06	1.99868	0
1.465377e-06	1.99865	0
1.466416e-06	1.99862	0
1.467455e-06	1.99859	0
1.468494e-06	1.99856	0
1.469533e-06	1.99853	0
1.470572e-06	1.99851	0
1.471611e-06	1.99848	0
1.472650e-06	1.99845	0
1.473689e-06	1.99842	0
1.474728e-06	1.99839	0
1.475767e-06	1.99836	0
1.476806e-06	1.99833	0
1.477845e-06	1.9983	0
1.478884e-06	1.99827	0
1.479923e-06	1.99824	0
1.480962e-06	1.99821	0
1.482001e-06	1.99818	0
1.483040e-06	1.99815	0
1.484079e-06	1.99813	0
1.485118e-06	1.9981	0
1.486157e-06	1.99807	0
1.487196e-06	1.99804	0
1.488235e-06	1.99801	0
1.489274e-06	1.99798	0
1.490313e-06	1.99795	0
1.491352e-06	1.99792	0
1.492391e-06	1.99789	0
1.493430e-06	1.99786	0
1.494469e-06	1.99783	0
1.495508e-06	1.9978	0
1.496547e-06	1.99778	0
1.497586e-06	1.99775	0
1.498625e-06	1.99772	0
1.499664e-06	1.99769	0
1.500703e-06	1.99766	0
1.501742e-06	1.99763	0
1.502781e-06	1.9976	0
1.503820e-06	1.99757	0
1.504859e-06	1.99754	0
1.505898e-06	1.99751	0
1.506937e-06	1.99748	0
1.507976e-06	1.99746	0
1.509015e-06	1.99743	0
1.510054e-06	1.9974	0
1.511093e-06	1.99737	0
1.512132e-06	1.99734	0
1.513171e-06	1.99731	0
1.514210e-06	1.99728	0
1.515249e-06	1.99725	0
1.516288e-06	1.99722	0
1.517327e-06	1.99719	0
1.518366e-06	1.99716	0
1.519405e-06	1.99714	0
1.520444e-06	1.99711	0
1.521483e-06	1.99708	0
1.522522e-06	1.99705	0
1.523561e-06	1.99702	0
1.524600e-06	1.99699	0
1.525639e-06	1.99696	0
1.526678e-06	1.99693	0
1.527717e-06	1.9969	0
1.528756e-06	1.99687	0
1.529795e-06	1.99684	0
1.530834e-06	1.99682	0
1.531873e-06	1.99679	0
1.532912e-06	1.99676	0
1.533951e-06	1.99673	0
1.534990e-06	1.9967	0
1.536029e-06	1.99667	0
1.537068e-06	1.99664	0
1.538107e-06	1.99661	0
1.539146e-06	1.99658	0
1.540185e-06	1.99655	0
1.541224e-06	1.99652	0
1.542263e-06	1.9965	0
1.543302e-06	1.99647	0
1.544341e-06	1.99644	0
1.545380e-06	1.99641	0
1.546419e-06	1.99638	0
1.547458e-06	1.99635	0
1.548497e-06	1.99632	0
1.549536e-06	1.99629	0
1.550575e-06	1.99626	0
1.551614e-06	1.99623	0
1.552653e-06	1.99621	0
1.553692e-06	1.99618	0
1.554731e-06	1.99615	0
1.555770e-06	1.99612	0
1.556809e-06	1.99609	0
1.557848e-06	1.99606	0
1.558887e-06	1.99603	0
1.559926e-06	1.996	0
1.560965e-06	1.99597	0
1.562004e-06	1.99594	0
1.563043e-06	1.99592	0
1.564082e-06	1.99589	0
1.565121e-06	1.99586	0
1.566160e-06	1.99583	0
1.567199e-06	1.9958	0
1.568238e-06	1.99577	0
1.569277e-06	1.99574	0
1.570316e-06	1.99571	0
1.571355e-06	1.99568	0
1.572394e-06	1.99565	0
1.573433e-06	1.99563	0
1.574472e-06	1.9956	0
1.575512e-06	1.99557	0
1.576551e-06	1.99554	0
1.577590e-06	1.99551	0
1.578629e-06	1.99548	0
1.579668e-06	1.99545	0
1.580707e-06	1.99542	0
1.581746e-06	1.99539	0
1.582785e-06	1.99536	0
1.583824e-06	1.99534	0
1.584863e-06	1.99531	0
1.585902e-06	1.99528	0
1.586941e-06	1.99525	0
1.587980e-06	1.99522	0
1.589019e-06	1.99519	0
1.590058e-06	1.99516	0
1.591097e-06	1.99513	0
1.592136e-06	1.9951	0
1.593175e-06	1.99507	0
1.594214e-06	1.99505	0
1.595253e-06	1.99502	0
1.596292e-06	1.99499	0
1.597331e-06	1.99496	0
1.598370e-06	1.99493	0
1.599409e-06	1.9949	0
1.600448e-06	1.99487	0
1.601487e-06	1.99484	0
1.602526e-06	1.99481	0
1.603565e-06	1.99478	0
1.604604e-06	1.99476	0
1.605643e-06	1.99473	0
1.606682e-06	1.9947	0
1.607721e-06	1.99467	0
1.608760e-06	1.99464	0
1.609799e-06	1.99461	0
1.610838e-06	1.99458	0
1.611877e-06	1.99455	0
1.612916e-06	1.99452	0
1.613955e-06	1.99449	0
1.614994e-06	1.99447	0
1.616033e-06	1.99444	0
1.617072e-06	1.99441	0
1.618111e-06	1.99438	0
1.619150e-06	1.99435	0
1.620189e-06	1.99432	0
1.621228e-06	1.99429	0
1.622267e-06	1.99426	0
1.623306e-06	1.99423	0
1.624345e-06	1.9942	0
1.625384e-06	1.99418	0
1.626423e-06	1.99415	0
1.627462e-06	1.99412	0
1.628501e-06	1.99409	0
1.629540e-06	1.99406	0
1.630579e-06	1.99403	0
1.631618e-06	1.994	0
1.632657e-06	1.99397	0
1.633696e-06	1.99394	0
1.634735e-06	1.99391	0
1.635774e-06	1.99388	0
1.636813e-06	1.99386	0
1.637852e-06	1.99383	0
1.638891e-06	1.9938	0
1.639930e-06	1.99377	0
1.640969e-06	1.99374	0
1.642008e-06	1.99371	0
1.643047e-06	1.99368	0
1.644086e-06	1.99365	0
1.645125e-06	1.99362	0
1.646164e-06	1.99359	0
1.647203e-06	1.99357	0
1.648242e-06	1.99354	0
1.649281e-06	1.99351	0
1.650320e-06	1.99348	0
1.651359e-06	1.99345	0
1.652398e-06	1.99342	0
1.653437e-06	1.99339	0
1.654476e-06	1.99336	0
1.655515e-06	1.99333	0
1.656554e-06	1.9933	0
1.657593e-06	1.99327	0
1.658632e-06	1.99325	0
1.659671e-06	1.99322	0
1.660710e-06	1.99319	0
1.661749e-06	1.99316	0
1.662788e-06	1.99313	0
1.663827e-06	1.9931	0
1.664866e-06	1.99307	0
1.665905e-06	1.99304	0
1.666944e-06	1.99301	0
1.667983e-06	1.99298	0
1.669022e-06	1.99295	0
1.670061e-06	1.99293	0
1.671100e-06	1.9929	0
1.672139e-06	1.99287	0
1.673178e-06	1.99284	0
1.674217e-06	1.99281	0
1.675256e-06	1.99278	0
1.676295e-06	1.99275	0
1.677334e-06	1.99272	0
1.678373e-06	1.99269	0
1.679412e-06	1.99266	0
1.680451e-06	1.99263	0
1.681490e-06	1.9926	0
1.682529e-06	1.99258	0
1.683568e-06	1.99255	0
1.684607e-06	1.99252	0
1.685646e-06	1.99249	0
1.686685e-06	1.99246	0
1.687724e-06	1.99243	0
1.688763e-06	1.9924	0
1.689802e-06	1.99237	0
1.690841e-06	1.99234	0
1.691880e-06	1.99231	0
1.692919e-06	1.99228	0
1.693958e-06	1.99225	0
1.694997e-06	1.99223	0
1.696036e-06	1.9922	0
1.697075e-06	1.99217	0
1.698114e-06	1.99214	0
1.699153e-06	1.99211	0
1.700192e-06	1.99208	0
1.701231e-06	1.99205	0
1.702270e-06	1.99202	0
1.703309e-06	1.99199	0
1.704348e-06	1.99196	0
1.705387e-06	1.99193	0
1.706426e-06	1.9919	0
1.707465e-06	1.99188	0
1.708505e-06	1.99185	0
1.709544e-06	1.99182	0
1.710583e-06	1.99179	0
1.711622e-06	1.99176	0
1.712661e-06	1.99173	0
1.713700e-06	1.9917	0
1.714739e-06	1.99167	0
1.715778e-06	1.99164	0
1.716817e-06	1.99161	0
1.717856e-06	1.99158	0
1.718895e-06	1.99155	0
1.719934e-06	1.99152	0
1.720973e-06	1.99149	0
1.722012e-06	1.99147	0
1.723051e-06	1.99144	0
1.724090e-06	1.99141	0
1.725129e-06	1.99138	0
1.726168e-06	1.99135	0
1.727207e-06	1.99132	0
1.728246e-06	1.99129	0
1.729285e-06	1.99126	0
1.730324e-06	1.99123	0
1.731363e-06	1.9912	0
1.732402e-06	1.99117	0
1.733441e-06	1.99114	0
1.734480e-06	1.99111	0
1.735519e-06	1.99108	0
1.736558e-06	1.99105	0
1.737597e-06	1.99103	0
1.738636e-06	1.991	0
1.739675e-06	1.99097	0
1.740714e-06	1.99094	0
1.741753e-06	1.99091	0
1.742792e-06	1.99088	0
1.743831e-06	1.99085	0
1.744870e-06	1.99082	0
1.745909e-06	1.99079	0
1.746948e-06	1.99076	0
1.747987e-06	1.99073	0
1.749026e-06	1.9907	0
1.750065e-06	1.99067	0
1.751104e-06	1.99064	0
1.752143e-06	1.99061	0
1.753182e-06	1.99058	0
1.754221e-06	1.99056	0
1.755260e-06	1.99053	0
1.756299e-06	1.9905	0
1.757338e-06	1.99047	0
1.758377e-06	1.99044	0
1.759416e-06	1.99041	0
1.760455e-06	1.99038	0
1.761494e-06	1.99035	0
1.762533e-06	1.99032	0
1.763572e-06	1.99029	0
1.764611e-06	1.99026	0
1.765650e-06	1.99023	0
1.766689e-06	1.9902	0
1.767728e-06	1.99017	0
1.768767e-06	1.99014	0
1.769806e-06	1.99011	0
1.770845e-06	1.99008	0
1.771884e-06	1.99005	0
1.772923e-06	1.99002	0
1.773962e-06	1.98999	0
1.775001e-06	1.98997	0
1.776040e-06	1.98994	0
1.777079e-06	1.98991	0
1.778118e-06	1.98988	0
1.779157e-06	1.98985	0
1.780196e-06	1.98982	0
1.781235e-06	1.98979	0
1.782274e-06	1.98976	0
1.783313e-06	1.98973	0
1.784352e-06	1.9897	0
1.785391e-06	1.98967	0
1.786430e-06	1.98964	0
1.787469e-06	1.98961	0
1.788508e-06	1.98958	0
1.789547e-06	1.98955	0
1.790586e-06	1.98952	0
1.791625e-06	1.98949	0
1.792664e-06	1.98946	0
1.793703e-06	1.98943	0
1.794742e-06	1.9894	0
1.795781e-06	1.98937	0
1.796820e-06	1.98934	0
1.797859e-06	1.98931	0
1.798898e-06	1.98928	0
1.799937e-06	1.98925	0
1.800976e-06	1.98923	0
1.802015e-06	1.9892	0
1.803054e-06	1.98917	0
1.804093e-06	1.98914	0
1.805132e-06	1.98911	0
1.806171e-06	1.98908	0
1.807210e-06	1.98905	0
1.808249e-06	1.98902	0
1.809288e-06	1.98899	0
1.810327e-06	1.98896	0
1.811366e-06	1.98893	0
1.812405e-06	1.9889	0
1.813444e-06	1.98887	0
1.814483e-06	1.98884	0
1.815522e-06	1.98881	0
1.816561e-06	1.98878	0
1.817600e-06	1.98875	0
1.818639e-06	1.98872	0
1.819678e-06	1.98869	0
1.820717e-06	1.98866	0
1.821756e-06	1.98863	0
1.822795e-06	1.9886	0
1.823834e-06	1.98857	0
1.824873e-06	1.98854	0
1.825912e-06	1.98851	0
1.826951e-06	1.98848	0
1.827990e-06	1.98845	0
1.829029e-06	1.98842	0
1.830068e-06	1.98839	0
1.831107e-06	1.98836	0
1.832146e-06	1.98833	0
1.833185e-06	1.9883	0
1.834224e-06	1.98827	0
1.835263e-06	1.98824	0
1.836302e-06	1.98821	0
1.837341e-06	1.98818	0
1.838380e-06	1.98815	0
1.839419e-06	1.98812	0
1.840458e-06	1.98809	0
1.841497e-06	1.98806	0
1.842537e-06	1.98803	0
1.843576e-06	1.988	0
1.844615e-06	1.98797	0
1.845654e-06	1.98794	0
1.846693e-06	1.98791	0
1.847732e-06	1.98788	0
1.848771e-06	1.98785	0
1.849810e-06	1.98782	0
1.850849e-06	1.98779	0
1.851888e-06	1.98776	0
1.852927e-06	1.98773	0
1.853966e-06	1.9877	0
1.855005e-06	1.98767	0
1.856044e-06	1.98764	0
1.857083e-06	1.98761	0
1.858122e-06	1.98758	0
1.859161e-06	1.98755	0
1.860200e-06	1.98752	0
1.861239e-06	1.98749	0
1.862278e-06	1.98746	0
1.863317e-06	1.98743	0
1.864356e-06	1.9874	0
1.865395e-06	1.98737	0
1.866434e-06	1.98734	0
1.867473e-06	1.98731	0
1.868512e-06	1.98728	0
1.869551e-06	1.98725	0
1.870590e-06	1.98722	0
1.871629e-06	1.98719	0
1.872668e-06	1.98716	0
1.873707e-06	1.98713	0
1.874746e-06	1.9871	0
1.875785e-06	1.98707	0
1.876824e-06	1.98704	0
1.877863e-06	1.98701	0
1.878902e-06	1.98698	0
1.879941e-06	1.98695	0
1.880980e-06	1.98692	0
1.882019e-06	1.98689	0
1.883058e-06	1.98686	0
1.884097e-06	1.98683	0
1.885136e-06	1.9868	0
1.886175e-06	1.98677	0
1.887214e-06	1.98674	0
1.888253e-06	1.98671	0
1.889292e-06	1.98668	0
1.890331e-06	1.98665	0
1.891370e-06	1.98662	0
1.892409e-06	1.98659	0
1.893448e-06	1.98656	0
1.894487e-06	1.98653	0
1.895526e-06	1.9865	0
1.896565e-06	1.98647	0
1.897604e-06	1.98644	0
1.898643e-06	1.98641	0
1.899682e-06	1.98638	0
1.900721e-06	1.98635	0
1.901760e-06	1.98632	0
1.902799e-06	1.98628	0
1.903838e-06	1.98625	0
1.904877e-06	1.98622	0
1.905916e-06	1.98619	0
1.906955e-06	1.98616	0
1.907994e-06	1.98613	0
1.909033e-06	1.9861	0
1.910072e-06	1.98607	0
1.911111e-06	1.98604	0
1.912150e-06	1.98601	0
1.913189e-06	1.98598	0
1.914228e-06	1.98595	0
1.915267e-06	1.98592	0
1.916306e-06	1.98589	0
1.917345e-06	1.98586	0
1.918384e-06	1.98583	0
1.919423e-06	1.9858	0
1.920462e-06	1.98577	0
1.921501e-06	1.98574	0
1.922540e-06	1.98571	0
1.923579e-06	1.98568	0
1.924618e-06	1.98565	0
1.925657e-06	1.98562	0
1.926696e-06	1.98558	0
1.927735e-06	1.98555	0
1.928774e-06	1.98552	0
1.929813e-06	1.98549	0
1.930852e-06	1.98546	0
1.931891e-06	1.98543	0
1.932930e-06	1.9854	0
1.933969e-06	1.98537	0
1.935008e-06	1.98534	0
1.936047e-06	1.98531	0
1.937086e-06	1.98528	0
1.938125e-06	1.98525	0
1.939164e-06	1.98522	0
1.940203e-06	1.98519	0
1.941242e-06	1.98516	0
1.942281e-06	1.98513	0
1.943320e-06	1.9851	0
1.944359e-06	1.98506	0
1.945398e-06	1.98503	0
1.946437e-06	1.985	0
1.947476e-06	1.98497	0
1.948515e-06	1.98494	0
1.949554e-06	1.98491	0
1.950593e-06	1.98488	0
1.951632e-06	1.98485	0
1.952671e-06	1.98482	0
1.953710e-06	1.98479	0
1.954749e-06	1.98476	0
1.955788e-06	1.98473	0
1.956827e-06	1.9847	0
1.957866e-06	1.98466	0
1.958905e-06	1.98463	0
1.959944e-06	1.9846	0
1.960983e-06	1.98457	0
1.962022e-06	1.98454	0
1.963061e-06	1.98451	0
1.964100e-06	1.98448	0
1.965139e-06	1.98445	0
1.966178e-06	1.98442	0
1.967217e-06	1.98439	0
1.968256e-06	1.98436	0
1.969295e-06	1.98433	0
1.970334e-06	1.98429	0
1.971373e-06	1.98426	0
1.972412e-06	1.98423	0
1.973451e-06	1.9842	0
1.974490e-06	1.98417	0
1.975530e-06	1.98414	0
1.976569e-06	1.98411	0
1.977608e-06	1.98408	0
1.978647e-06	1.98405	0
1.979686e-06	1.98402	0
1.980725e-06	1.98399	0
1.981764e-06	1.98395	0
1.982803e-06	1.98392	0
1.983842e-06	1.98389	0
1.984881e-06	1.98386	0
1.985920e-06	1.98383	0
1.986959e-06	1.9838	0
1.987998e-06	1.98377	0
1.989037e-06	1.98374	0
1.990076e-06	1.98371	0
1.991115e-06	1.98368	0
1.992154e-06	1.98364	0
1.993193e-06	1.98361	0
1.994232e-06	1.98358	0
1.995271e-06	1.98355	0
1.996310e-06	1.98352	0
1.997349e-06	1.98349	0
1.998388e-06	1.98346	0
1.999427e-06	1.98343	0
2.000466e-06	1.9834	0
2.001505e-06	1.98336	0
2.002544e-06	1.98333	0
2.003583e-06	1.9833	0
2.004622e-06	1.98327	0
2.005661e-06	1.98324	0
2.006700e-06	1.98321	0
2.007739e-06	1.98318	0
2.008778e-06	1.98315	0
2.009817e-06	1.98311	0
2.010856e-06	1.98308	0
2.011895e-06	1.98305	0
2.012934e-06	1.98302	0
2.013973e-06	1.98299	0
2.015012e-06	1.98296	0
2.016051e-06	1.98293	0
2.017090e-06	1.9829	0
2.018129e-06	1.98286	0
2.019168e-06	1.98283	0
2.020207e-06	1.9828	0
2.021246e-06	1.98277	0
2.022285e-06	1.98274	0
2.023324e-06	1.98271	0
2.024363e-06	1.98268	0
2.025402e-06	1.98265	0
2.026441e-06	1.98261	0
2.027480e-06	1.98258	0
2.028519e-06	1.98255	0
2.029558e-06	1.98252	0
2.030597e-06	1.98249	0
2.031636e-06	1.98246	0
2.032675e-06	1.98243	0
2.033714e-06	1.98239	0
2.034753e-06	1.98236	0
2.035792e-06	1.98233	0
2.036831e-06	1.9823	0
2.037870e-06	1.98227	0
2.038909e-06	1.98224	0
2.039948e-06	1.98221	0
2.040987e-06	1.98217	0
2.042026e-06	1.98214	0
2.043065e-06	1.98211	0
2.044104e-06	1.98208	0
2.045143e-06	1.98205	0
2.046182e-06	1.98202	0
2.047221e-06	1.98198	0
2.048260e-06	1.98195	0
2.049299e-06	1.98192	0
2.050338e-06	1.98189	0
2.051377e-06	1.98186	0
2.052416e-06	1.98183	0
2.053455e-06	1.9818	0
2.054494e-06	1.98176	0
2.055533e-06	1.98173	0
2.056572e-06	1.9817	0
2.057611e-06	1.98167	0
2.058650e-06	1.98164	0
2.059689e-06	1.98161	0
2.060728e-06	1.98157	0
2.061767e-06	1.98154	0
2.062806e-06	1.98151	0
2.063845e-06	1.98148	0
2.064884e-06	1.98145	0
2.065923e-06	1.98142	0
2.066962e-06	1.98138	0
2.068001e-06	1.98135	0
2.069040e-06	1.98132	0
2.070079e-06	1.98129	0
2.071118e-06	1.98126	0
2.072157e-06	1.98122	0
2.073196e-06	1.98119	0
2.074235e-06	1.98116	0
2.075274e-06	1.98113	0
2.076313e-06	1.9811	0
2.077352e-06	1.98107	0
2.078391e-06	1.98103	0
2.079430e-06	1.981	0
2.080469e-06	1.98097	0
2.081508e-06	1.98094	0
2.082547e-06	1.98091	0
2.083586e-06	1.98087	0
2.084625e-06	1.98084	0
2.085664e-06	1.98081	0
2.086703e-06	1.98078	0
2.087742e-06	1.98075	0
2.088781e-06	1.98071	0
2.089820e-06	1.98068	0
2.090859e-06	1.98065	0
2.091898e-06	1.98062	0
2.092937e-06	1.98059	0
2.093976e-06	1.98055	0
2.095015e-06	1.98052	0
2.096054e-06	1.98049	0
2.097093e-06	1.98046	0
2.098132e-06	1.98043	0
2.099171e-06	1.98039	0
2.100210e-06	1.98036	0
2.101249e-06	1.98033	0
2.102288e-06	1.9803	0
2.103327e-06	1.98027	0
2.104366e-06	1.98023	0
2.105405e-06	1.9802	0
2.106444e-06	1.98017	0
2.107483e-06	1.98014	0
2.108523e-06	1.98011	0
2.109562e-06	1.98007	0
2.110601e-06	1.98004	0
2.111640e-06	1.98001	0
2.112679e-06	1.97998	0
2.113718e-06	1.97994	0
2.114757e-06	1.97991	0
2.115796e-06	1.97988	0
2.116835e-06	1.97985	0
2.117874e-06	1.97982	0
2.118913e-06	1.97978	0
2.119952e-06	1.97975	0
2.120991e-06	1.97972	0
2.122030e-06	1.97969	0
2.123069e-06	1.97965	0
2.124108e-06	1.97962	0
2.125147e-06	1.97959	0
2.126186e-06	1.97956	0
2.127225e-06	1.97953	0
2.128264e-06	1.97949	0
2.129303e-06	1.97946	0
2.130342e-06	1.97943	0
2.131381e-06	1.9794	0
2.132420e-06	1.97936	0
2.133459e-06	1.97933	0
2.134498e-06	1.9793	0
2.135537e-06	1.97927	0
2.136576e-06	1.97923	0
2.137615e-06	1.9792	0
2.138654e-06	1.97917	0
2.139693e-06	1.97914	0
2.140732e-06	1.9791	0
2.141771e-06	1.97907	0
2.142810e-06	1.97904	0
2.143849e-06	1.97901	0
2.144888e-06	1.97897	0
2.145927e-06	1.97894	0
2.146966e-06	1.97891	0
2.148005e-06	1.97888	0
2.149044e-06	1.97884	0
2.150083e-06	1.97881	0
2.151122e-06	1.97878	0
2.152161e-06	1.97875	0
2.153200e-06	1.97871	0
2.154239e-06	1.97868	0
2.155278e-06	1.97865	0
2.156317e-06	1.97862	0
2.157356e-06	1.97858	0
2.158395e-06	1.97855	0
2.159434e-06	1.97852	0
2.160473e-06	1.97849	0
2.161512e-06	1.97845	0
2.162551e-06	1.97842	0
2.163590e-06	1.97839	0
2.164629e-06	1.97835	0
2.165668e-06	1.97832	0
2.166707e-06	1.97829	0
2.167746e-06	1.97826	0
2.168785e-06	1.97822	0
2.169824e-06	1.97819	0
2.170863e-06	1.97816	0
2.171902e-06	1.97813	0
2.172941e-06	1.97809	0
2.173980e-06	1.97806	0
2.175019e-06	1.97803	0
2.176058e-06	1.97799	0
2.177097e-06	1.97796	0
2.178136e-06	1.97793	0
2.179175e-06	1.9779	0
2.180214e-06	1.97786	0
2.181253e-06	1.97783	0
2.182292e-06	1.9778	0
2.183331e-06	1.97776	0
2.184370e-06	1.97773	0
2.185409e-06	1.9777	0
2.186448e-06	1.97767	0
2.187487e-06	1.97763	0
2.188526e-06	1.9776	0
2.189565e-06	1.97757	0
2.190604e-06	1.97753	0
2.191643e-06	1.9775	0
2.192682e-06	1.97747	0
2.193721e-06	1.97744	0
2.194760e-06	1.9774	0
2.195799e-06	1.97737	0
2.196838e-06	1.97734	0
2.197877e-06	1.9773	0
2.198916e-06	1.97727	0
2.199955e-06	1.97724	0
2.200994e-06	1.9772	0
2.202033e-06	1.97717	0
2.203072e-06	1.97714	0
2.204111e-06	1.9771	0
2.205150e-06	1.97707	0
2.206189e-06	1.97704	0
2.207228e-06	1.977	0
2.208267e-06	1.97697	0
2.209306e-06	1.97694	0
2.210345e-06	1.97691	0
2.211384e-06	1.97687	0
2.212423e-06	1.97684	0
2.213462e-06	1.97681	0
2.214501e-06	1.97677	0
2.215540e-06	1.97674	0
2.216579e-06	1.97671	0
2.217618e-06	1.97667	0
2.218657e-06	1.97664	0
2.219696e-06	1.97661	0
2.220735e-06	1.97657	0
2.221774e-06	1.97654	0
2.222813e-06	1.97651	0
2.223852e-06	1.97647	0
2.224891e-06	1.97644	0
2.225930e-06	1.97641	0
2.226969e-06	1.97637	0
2.228008e-06	1.97634	0
2.229047e-06	1.97631	0
2.230086e-06	1.97627	0
2.231125e-06	1.97624	0
2.232164e-06	1.97621	0
2.233203e-06	1.97617	0
2.234242e-06	1.97614	0
2.235281e-06	1.97611	0
2.236320e-06	1.97607	0
2.237359e-06	1.97604	0
2.238398e-06	1.97601	0
2.239437e-06	1.97597	0
2.240476e-06	1.97594	0
2.241516e-06	1.97591	0
2.242555e-06	1.97587	0
2.243594e-06	1.97584	0
2.244633e-06	1.9758	0
2.245672e-06	1.97577	0
2.246711e-06	1.97574	0
2.247750e-06	1.9757	0
2.248789e-06	1.97567	0
2.249828e-06	1.97564	0
2.250867e-06	1.9756	0
2.251906e-06	1.97557	0
2.252945e-06	1.97554	0
2.253984e-06	1.9755	0
2.255023e-06	1.97547	0
2.256062e-06	1.97543	0
2.257101e-06	1.9754	0
2.258140e-06	1.97537	0
2.259179e-06	1.97533	0
2.260218e-06	1.9753	0
2.261257e-06	1.97527	0
2.262296e-06	1.97523	0
2.263335e-06	1.9752	0
2.264374e-06	1.97516	0
2.265413e-06	1.97513	0
2.266452e-06	1.9751	0
2.267491e-06	1.97506	0
2.268530e-06	1.97503	0
2.269569e-06	1.975	0
2.270608e-06	1.97496	0
2.271647e-06	1.97493	0
2.272686e-06	1.97489	0
2.273725e-06	1.97486	0
2.274764e-06	1.97483	0
2.275803e-06	1.97479	0
2.276842e-06	1.97476	0
2.277881e-06	1.97472	0
2.278920e-06	1.97469	0
2.279959e-06	1.97466	0
2.280998e-06	1.97462	0
2.282037e-06	1.97459	0
2.283076e-06	1.97456	0
2.284115e-06	1.97452	0
2.285154e-06	1.97449	0
2.286193e-06	1.97445	0
2.287232e-06	1.97442	0
2.288271e-06	1.97439	0
2.289310e-06	1.97435	0
2.290349e-06	1.97432	0
2.291388e-06	1.97428	0
2.292427e-06	1.97425	0
2.293466e-06	1.97421	0
2.294505e-06	1.97418	0
2.295544e-06	1.97415	0
2.296583e-06	1.97411	0
2.297622e-06	1.97408	0
2.298661e-06	1.97404	0
2.299700e-06	1.97401	0
2.300739e-06	1.97398	0
2.301778e-06	1.97394	0
2.302817e-06	1.97391	0
2.303856e-06	1.97387	0
2.304895e-06	1.97384	0
2.305934e-06	1.97381	0
2.306973e-06	1.97377	0
2.308012e-06	1.97374	0
2.309051e-06	1.9737	0
2.310090e-06	1.97367	0
2.311129e-06	1.97363	0
2.312168e-06	1.9736	0
2.313207e-06	1.97357	0
2.314246e-06	1.97353	0
2.315285e-06	1.9735	0
2.316324e-06	1.97346	0
2.317363e-06	1.97343	0
2.318402e-06	1.97339	0
2.319441e-06	1.97336	0
2.320480e-06	1.97332	0
2.321519e-06	1.97329	0
2.322558e-06	1.97326	0
2.323597e-06	1.97322	0
2.324636e-06	1.97319	0
2.325675e-06	1.97315	0
2.326714e-06	1.97312	0
2.327753e-06	1.97308	0
2.328792e-06	1.97305	0
2.329831e-06	1.97301	0
2.330870e-06	1.97298	0
2.331909e-06	1.97295	0
2.332948e-06	1.97291	0
2.333987e-06	1.97288	0
2.335026e-06	1.97284	0
2.336065e-06	1.97281	0
2.337104e-06	1.97277	0
2.338143e-06	1.97274	0
2.339182e-06	1.9727	0
2.340221e-06	1.97267	0
2.341260e-06	1.97263	0
2.342299e-06	1.9726	0
2.343338e-06	1.97257	0
2.344377e-06	1.97253	0
2.345416e-06	1.9725	0
2.346455e-06	1.97246	0
2.347494e-06	1.97243	0
2.348533e-06	1.97239	0
2.349572e-06	1.97236	0
2.350611e-06	1.97232	0
2.351650e-06	1.97229	0
2.352689e-06	1.97225	0
2.353728e-06	1.97222	0
2.354767e-06	1.97218	0
2.355806e-06	1.97215	0
2.356845e-06	1.97211	0
2.357884e-06	1.97208	0
2.358923e-06	1.97204	0
2.359962e-06	1.97201	0
2.361001e-06	1.97197	0
2.362040e-06	1.97194	0
2.363079e-06	1.9719	0
2.364118e-06	1.97187	0
2.365157e-06	1.97183	0
2.366196e-06	1.9718	0
2.367235e-06	1.97176	0
2.368274e-06	1.97173	0
2.369313e-06	1.9717	0
2.370352e-06	1.97166	0
2.371391e-06	1.97163	0
2.372430e-06	1.97159	0
2.373469e-06	1.97156	0
2.374509e-06	1.97152	0
2.375548e-06	1.97149	0
2.376587e-06	1.97145	0
2.377626e-06	1.97142	0
2.378665e-06	1.97138	0
2.379704e-06	1.97134	0
2.380743e-06	1.97131	0
2.381782e-06	1.97127	0
2.382821e-06	1.97124	0
2.383860e-06	1.9712	0
2.384899e-06	1.97117	0
2.385938e-06	1.97113	0
2.386977e-06	1.9711	0
2.388016e-06	1.97106	0
2.389055e-06	1.97103	0
2.390094e-06	1.97099	0
2.391133e-06	1.97096	0
2.392172e-06	1.97092	0
2.393211e-06	1.97089	0
2.394250e-06	1.97085	0
2.395289e-06	1.97082	0
2.396328e-06	1.97078	0
2.397367e-06	1.97075	0
2.398406e-06	1.97071	0
2.399445e-06	1.97068	0
2.400484e-06	1.97064	0
2.401523e-06	1.97061	0
2.402562e-06	1.97057	0
2.403601e-06	1.97053	0
2.404640e-06	1.9705	0
2.405679e-06	1.97046	0
2.406718e-06	1.97043	0
2.407757e-06	1.97039	0
2.408796e-06	1.97036	0
2.409835e-06	1.97032	0
2.410874e-06	1.97029	0
2.411913e-06	1.97025	0
2.412952e-06	1.97022	0
2.413991e-06	1.97018	0
2.415030e-06	1.97015	0
2.416069e-06	1.97011	0
2.417108e-06	1.97007	0
2.418147e-06	1.97004	0
2.419186e-06	1.97	0
2.420225e-06	1.96997	0
2.421264e-06	1.96993	0
2.422303e-06	1.9699	0
2.423342e-06	1.96986	0
2.424381e-06	1.96983	0
2.425420e-06	1.96979	0
2.426459e-06	1.96975	0
2.427498e-06	1.96972	0
2.428537e-06	1.96968	0
2.429576e-06	1.96965	0
2.430615e-06	1.96961	0
2.431654e-06	1.96958	0
2.432693e-06	1.96954	0
2.433732e-06	1.9695	0
2.434771e-06	1.96947	0
2.435810e-06	1.96943	0
2.436849e-06	1.9694	0
2.437888e-06	1.96936	0
2.438927e-06	1.96933	0
2.439966e-06	1.96929	0
2.441005e-06	1.96925	0
2.442044e-06	1.96922	0
2.443083e-06	1.96918	0
2.444122e-06	1.96915	0
2.445161e-06	1.96911	0
2.446200e-06	1.96908	0
2.447239e-06	1.96904	0
2.448278e-06	1.969	0
2.449317e-06	1.96897	0
2.450356e-06	1.96893	0
2.451395e-06	1.9689	0
2.452434e-06	1.96886	0
2.453473e-06	1.96882	0
2.454512e-06	1.96879	0
2.455551e-06	1.96875	0
2.456590e-06	1.96872	0
2.457629e-06	1.96868	0
2.458668e-06	1.96864	0
2.459707e-06	1.96861	0
2.460746e-06	1.96857	0
2.461785e-06	1.96854	0
2.462824e-06	1.9685	0
2.463863e-06	1.96846	0
2.464902e-06	1.96843	0
2.465941e-06	1.96839	0
2.466980e-06	1.96836	0
2.468019e-06	1.96832	0
2.469058e-06	1.96828	0
2.470097e-06	1.96825	0
2.471136e-06	1.96821	0
2.472175e-06	1.96817	0
2.473214e-06	1.96814	0
2.474253e-06	1.9681	0
2.475292e-06	1.96807	0
2.476331e-06	1.96803	0
2.477370e-06	1.96799	0
2.478409e-06	1.96796	0
2.479448e-06	1.96792	0
2.480487e-06	1.96788	0
2.481526e-06	1.96785	0
2.482565e-06	1.96781	0
2.483604e-06	1.96778	0
2.484643e-06	1.96774	0
2.485682e-06	1.9677	0
2.486721e-06	1.96767	0
2.487760e-06	1.96763	0
2.488799e-06	1.96759	0
2.489838e-06	1.96756	0
2.490877e-06	1.96752	0
2.491916e-06	1.96749	0
2.492955e-06	1.96745	0
2.493994e-06	1.96741	0
2.495033e-06	1.96738	0
2.496072e-06	1.96734	0
2.497111e-06	1.9673	0
2.498150e-06	1.96727	0
2.499189e-06	1.96723	0
2.500228e-06	1.96719	0
2.501267e-06	1.96716	0
2.502306e-06	1.96712	0
2.503345e-06	1.96708	0
2.504384e-06	1.96705	0
2.505423e-06	1.96701	0
2.506462e-06	1.96697	0
2.507502e-06	1.96694	0
2.508541e-06	1.9669	0
2.509580e-06	1.96686	0
2.510619e-06	1.96683	0
2.511658e-06	1.96679	0
2.512697e-06	1.96675	0
2.513736e-06	1.96672	0
2.514775e-06	1.96668	0
2.515814e-06	1.96664	0
2.516853e-06	1.96661	0
2.517892e-06	1.96657	0
2.518931e-06	1.96653	0
2.519970e-06	1.9665	0
2.521009e-06	1.96646	0
2.522048e-06	1.96642	0
2.523087e-06	1.96639	0
2.524126e-06	1.96635	0
2.525165e-06	1.96631	0
2.526204e-06	1.96628	0
2.527243e-06	1.96624	0
2.528282e-06	1.9662	0
2.529321e-06	1.96617	0
2.530360e-06	1.96613	0
2.531399e-06	1.96609	0
2.532438e-06	1.96606	0
2.533477e-06	1.96602	0
2.534516e-06	1.96598	0
2.535555e-06	1.96594	0
2.536594e-06	1.96591	0
2.537633e-06	1.96587	0
2.538672e-06	1.96583	0
2.539711e-06	1.9658	0
2.540750e-06	1.96576	0
2.541789e-06	1.96572	0
2.542828e-06	1.96569	0
2.543867e-06	1.96565	0
2.544906e-06	1.96561	0
2.545945e-06	1.96557	0
2.546984e-06	1.96554	0
2.548023e-06	1.9655	0
2.549062e-06	1.96546	0
2.550101e-06	1.96543	0
2.551140e-06	1.96539	0
2.552179e-06	1.96535	0
2.553218e-06	1.96531	0
2.554257e-06	1.96528	0
2.555296e-06	1.96524	0
2.556335e-06	1.9652	0
2.557374e-06	1.96517	0
2.558413e-06	1.96513	0
2.559452e-06	1.96509	0
2.560491e-06	1.96505	0
2.561530e-06	1.96502	0
2.562569e-06	1.96498	0
2.563608e-06	1.96494	0
2.564647e-06	1.9649	0
2.565686e-06	1.96487	0
2.566725e-06	1.96483	0
2.567764e-06	1.96479	0
2.568803e-06	1.96476	0
2.569842e-06	1.96472	0
2.570881e-06	1.96468	0
2.571920e-06	1.96464	0
2.572959e-06	1.96461	0
2.573998e-06	1.96457	0
2.575037e-06	1.96453	0
2.576076e-06	1.96449	0
2.577115e-06	1.96446	0
2.578154e-06	1.96442	0
2.579193e-06	1.96438	0
2.580232e-06	1.96434	0
2.581271e-06	1.96431	0
2.582310e-06	1.96427	0
2.583349e-06	1.96423	0
2.584388e-06	1.96419	0
2.585427e-06	1.96416	0
2.586466e-06	1.96412	0
2.587505e-06	1.96408	0
2.588544e-06	1.96404	0
2.589583e-06	1.96401	0
2.590622e-06	1.96397	0
2.591661e-06	1.96393	0
2.592700e-06	1.96389	0
2.593739e-06	1.96385	0
2.594778e-06	1.96382	0
2.595817e-06	1.96378	0
2.596856e-06	1.96374	0
2.597895e-06	1.9637	0
2.598934e-06	1.96367	0
2.599973e-06	1.96363	0
2.601012e-06	1.96359	0
2.602051e-06	1.96355	0
2.603090e-06	1.96352	0
2.604129e-06	1.96348	0
2.605168e-06	1.96344	0
2.606207e-06	1.9634	0
2.607246e-06	1.96336	0
2.608285e-06	1.96333	0
2.609324e-06	1.96329	0
2.610363e-06	1.96325	0
2.611402e-06	1.96321	0
2.612441e-06	1.96317	0
2.613480e-06	1.96314	0
2.614519e-06	1.9631	0
2.615558e-06	1.96306	0
2.616597e-06	1.96302	0
2.617636e-06	1.96298	0
2.618675e-06	1.96295	0
2.619714e-06	1.96291	0
2.620753e-06	1.96287	0
2.621792e-06	1.96283	0
2.622831e-06	1.96279	0
2.623870e-06	1.96276	0
2.624909e-06	1.96272	0
2.625948e-06	1.96268	0
2.626987e-06	1.96264	0
2.628026e-06	1.9626	0
2.629065e-06	1.96257	0
2.630104e-06	1.96253	0
2.631143e-06	1.96249	0
2.632182e-06	1.96245	0
2.633221e-06	1.96241	0
2.634260e-06	1.96238	0
2.635299e-06	1.96234	0
2.636338e-06	1.9623	0
2.637377e-06	1.96226	0
2.638416e-06	1.96222	0
2.639455e-06	1.96218	0
2.640494e-06	1.96215	0
2.641534e-06	1.96211	0
2.642573e-06	1.96207	0
2.643612e-06	1.96203	0
2.644651e-06	1.96199	0
2.645690e-06	1.96195	0
2.646729e-06	1.96192	0
2.647768e-06	1.96188	0
2.648807e-06	1.96184	0
2.649846e-06	1.9618	0
2.650885e-06	1.96176	0
2.651924e-06	1.96172	0
2.652963e-06	1.96169	0
2.654002e-06	1.96165	0
2.655041e-06	1.96161	0
2.656080e-06	1.96157	0
2.657119e-06	1.96153	0
2.658158e-06	1.96149	0
2.659197e-06	1.96146	0
2.660236e-06	1.96142	0
2.661275e-06	1.96138	0
2.662314e-06	1.96134	0
2.663353e-06	1.9613	0
2.664392e-06	1.96126	0
2.665431e-06	1.96122	0
2.666470e-06	1.96119	0
2.667509e-06	1.96115	0
2.668548e-06	1.96111	0
2.669587e-06	1.96107	0
2.670626e-06	1.96103	0
2.671665e-06	1.96099	0
2.672704e-06	1.96095	0
2.673743e-06	1.96091	0
2.674782e-06	1.96088	0
2.675821e-06	1.96084	0
2.676860e-06	1.9608	0
2.677899e-06	1.96076	0
2.678938e-06	1.96072	0
2.679977e-06	1.96068	0
2.681016e-06	1.96064	0
2.682055e-06	1.9606	0
2.683094e-06	1.96057	0
2.684133e-06	1.96053	0
2.685172e-06	1.96049	0
2.686211e-06	1.96045	0
2.687250e-06	1.96041	0
2.688289e-06	1.96037	0
2.689328e-06	1.96033	0
2.690367e-06	1.96029	0
2.691406e-06	1.96025	0
2.692445e-06	1.96022	0
2.693484e-06	1.96018	0
2.694523e-06	1.96014	0
2.695562e-06	1.9601	0
2.696601e-06	1.96006	0
2.697640e-06	1.96002	0
2.698679e-06	1.95998	0
2.699718e-06	1.95994	0
2.700757e-06	1.9599	0
2.701796e-06	1.95986	0
2.702835e-06	1.95983	0
2.703874e-06	1.95979	0
2.704913e-06	1.95975	0
2.705952e-06	1.95971	0
2.706991e-06	1.95967	0
2.708030e-06	1.95963	0
2.709069e-06	1.95959	0
2.710108e-06	1.95955	0
2.711147e-06	1.95951	0
2.712186e-06	1.95947	0
2.713225e-06	1.95943	0
2.714264e-06	1.9594	0
2.715303e-06	1.95936	0
2.716342e-06	1.95932	0
2.717381e-06	1.95928	0
2.718420e-06	1.95924	0
2.719459e-06	1.9592	0
2.720498e-06	1.95916	0
2.721537e-06	1.95912	0
2.722576e-06	1.95908	0
2.723615e-06	1.95904	0
2.724654e-06	1.959	0
2.725693e-06	1.95896	0
2.726732e-06	1.95892	0
2.727771e-06	1.95888	0
2.728810e-06	1.95884	0
2.729849e-06	1.95881	0
2.730888e-06	1.95877	0
2.731927e-06	1.95873	0
2.732966e-06	1.95869	0
2.734005e-06	1.95865	0
2.735044e-06	1.95861	0
2.736083e-06	1.95857	0
2.737122e-06	1.95853	0
2.738161e-06	1.95849	0
2.739200e-06	1.95845	0
2.740239e-06	1.95841	0
2.741278e-06	1.95837	0
2.742317e-06	1.95833	0
2.743356e-06	1.95829	0
2.744395e-06	1.95825	0
2.745434e-06	1.95821	0
2.746473e-06	1.95817	0
2.747512e-06	1.95813	0
2.748551e-06	1.95809	0
2.749590e-06	1.95805	0
2.750629e-06	1.95801	0
2.751668e-06	1.95797	0
2.752707e-06	1.95793	0
2.753746e-06	1.95789	0
2.754785e-06	1.95786	0
2.755824e-06	1.95782	0
2.756863e-06	1.95778	0
2.757902e-06	1.95774	0
2.758941e-06	1.9577	0
2.759980e-06	1.95766	0
2.761019e-06	1.95762	0
2.762058e-06	1.95758	0
2.763097e-06	1.95754	0
2.764136e-06	1.9575	0
2.765175e-06	1.95746	0
2.766214e-06	1.95742	0
2.767253e-06	1.95738	0
2.768292e-06	1.95734	0
2.769331e-06	1.9573	0
2.770370e-06	1.95726	0
2.771409e-06	1.95722	0
2.772448e-06	1.95718	0
2.773487e-06	1.95714	0
2.774527e-06	1.9571	0
2.775566e-06	1.95706	0
2.776605e-06	1.95702	0
2.777644e-06	1.95698	0
2.778683e-06	1.95694	0
2.779722e-06	1.9569	0
2.780761e-06	1.95686	0
2.781800e-06	1.95682	0
2.782839e-06	1.95678	0
2.783878e-06	1.95674	0
2.784917e-06	1.9567	0
2.785956e-06	1.95666	0
2.786995e-06	1.95662	0
2.788034e-06	1.95658	0
2.789073e-06	1.95654	0
2.790112e-06	1.9565	0
2.791151e-06	1.95646	0
2.792190e-06	1.95642	0
2.793229e-06	1.95637	0
2.794268e-06	1.95633	0
2.795307e-06	1.95629	0
2.796346e-06	1.95625	0
2.797385e-06	1.95621	0
2.798424e-06	1.95617	0
2.799463e-06	1.95613	0
2.800502e-06	1.95609	0
2.801541e-06	1.95605	0
2.802580e-06	1.95601	0
2.803619e-06	1.95597	0
2.804658e-06	1.95593	0
2.805697e-06	1.95589	0
2.806736e-06	1.95585	0
2.807775e-06	1.95581	0
2.808814e-06	1.95577	0
2.809853e-06	1.95573	0
2.810892e-06	1.95569	0
2.811931e-06	1.95565	0
2.812970e-06	1.95561	0
2.814009e-06	1.95557	0
2.815048e-06	1.95553	0
2.816087e-06	1.95549	0
2.817126e-06	1.95545	0
2.818165e-06	1.9554	0
2.819204e-06	1.95536	0
2.820243e-06	1.95532	0
2.821282e-06	1.95528	0
2.822321e-06	1.95524	0
2.823360e-06	1.9552	0
2.824399e-06	1.95516	0
2.825438e-06	1.95512	0
2.826477e-06	1.95508	0
2.827516e-06	1.95504	0
2.828555e-06	1.955	0
2.829594e-06	1.95496	0
2.830633e-06	1.95492	0
2.831672e-06	1.95488	0
2.832711e-06	1.95484	0
2.833750e-06	1.95479	0
2.834789e-06	1.95475	0
2.835828e-06	1.95471	0
2.836867e-06	1.95467	0
2.837906e-06	1.95463	0
2.838945e-06	1.95459	0
2.839984e-06	1.95455	0
2.841023e-06	1.95451	0
2.842062e-06	1.95447	0
2.843101e-06	1.95443	0
2.844140e-06	1.95439	0
2.845179e-06	1.95434	0
2.846218e-06	1.9543	0
2.847257e-06	1.95426	0
2.848296e-06	1.95422	0
2.849335e-06	1.95418	0
2.850374e-06	1.95414	0
2.851413e-06	1.9541	0
2.852452e-06	1.95406	0
2.853491e-06	1.95402	0
2.854530e-06	1.95398	0
2.855569e-06	1.95393	0
2.856608e-06	1.95389	0
2.857647e-06	1.95385	0
2.858686e-06	1.95381	0
2.859725e-06	1.95377	0
2.860764e-06	1.95373	0
2.861803e-06	1.95369	0
2.862842e-06	1.95365	0
2.863881e-06	1.95361	0
2.864920e-06	1.95356	0
2.865959e-06	1.95352	0
2.866998e-06	1.95348	0
2.868037e-06	1.95344	0
2.869076e-06	1.9534	0
2.870115e-06	1.95336	0
2.871154e-06	1.95332	0
2.872193e-06	1.95328	0
2.873232e-06	1.95323	0
2.874271e-06	1.95319	0
2.875310e-06	1.95315	0
2.876349e-06	1.95311	0
2.877388e-06	1.95307	0
2.878427e-06	1.95303	0
2.879466e-06	1.95299	0
2.880505e-06	1.95294	0
2.881544e-06	1.9529	0
2.882583e-06	1.95286	0
2.883622e-06	1.95282	0
2.884661e-06	1.95278	0
2.885700e-06	1.95274	0
2.886739e-06	1.9527	0
2.887778e-06	1.95265	0
2.888817e-06	1.95261	0
2.889856e-06	1.95257	0
2.890895e-06	1.95253	0
2.891934e-06	1.95249	0
2.892973e-06	1.95245	0
2.894012e-06	1.9524	0
2.895051e-06	1.95236	0
2.896090e-06	1.95232	0
2.897129e-06	1.95228	0
2.898168e-06	1.95224	0
2.899207e-06	1.9522	0
2.900246e-06	1.95215	0
2.901285e-06	1.95211	0
2.902324e-06	1.95207	0
2.903363e-06	1.95203	0
2.904402e-06	1.95199	0
2.905441e-06	1.95195	0
2.906480e-06	1.9519	0
2.907520e-06	1.95186	0
2.908559e-06	1.95182	0
2.909598e-06	1.95178	0
2.910637e-06	1.95174	0
2.911676e-06	1.95169	0
2.912715e-06	1.95165	0
2.913754e-06	1.95161	0
2.914793e-06	1.95157	0
2.915832e-06	1.95153	0
2.916871e-06	1.95149	0
2.917910e-06	1.95144	0
2.918949e-06	1.9514	0
2.919988e-06	1.95136	0
2.921027e-06	1.95132	0
2.922066e-06	1.95128	0
2.923105e-06	1.95123	0
2.924144e-06	1.95119	0
2.925183e-06	1.95115	0
2.926222e-06	1.95111	0
2.927261e-06	1.95107	0
2.928300e-06	1.95102	0
2.929339e-06	1.95098	0
2.930378e-06	1.95094	0
2.931417e-06	1.9509	0
2.932456e-06	1.95085	0
2.933495e-06	1.95081	0
2.934534e-06	1.95077	0
2.935573e-06	1.95073	0
2.936612e-06	1.95069	0
2.937651e-06	1.95064	0
2.938690e-06	1.9506	0
2.939729e-06	1.95056	0
2.940768e-06	1.95052	0
2.941807e-06	1.95048	0
2.942846e-06	1.95043	0
2.943885e-06	1.95039	0
2.944924e-06	1.95035	0
2.945963e-06	1.95031	0
2.947002e-06	1.95026	0
2.948041e-06	1.95022	0
2.949080e-06	1.95018	0
2.950119e-06	1.95014	0
2.951158e-06	1.95009	0
2.952197e-06	1.95005	0
2.953236e-06	1.95001	0
2.954275e-06	1.94997	0
2.955314e-06	1.94992	0
2.956353e-06	1.94988	0
2.957392e-06	1.94984	0
2.958431e-06	1.9498	0
2.959470e-06	1.94975	0
2.960509e-06	1.94971	0
2.961548e-06	1.94967	0
2.962587e-06	1.94963	0
2.963626e-06	1.94958	0
2.964665e-06	1.94954	0
2.965704e-06	1.9495	0
2.966743e-06	1.94946	0
2.967782e-06	1.94941	0
2.968821e-06	1.94937	0
2.969860e-06	1.94933	0
2.970899e-06	1.94929	0
2.971938e-06	1.94924	0
2.972977e-06	1.9492	0
2.974016e-06	1.94916	0
2.975055e-06	1.94912	0
2.976094e-06	1.94907	0
2.977133e-06	1.94903	0
2.978172e-06	1.94899	0
2.979211e-06	1.94894	0
2.980250e-06	1.9489	0
2.981289e-06	1.94886	0
2.982328e-06	1.94882	0
2.983367e-06	1.94877	0
2.984406e-06	1.94873	0
2.985445e-06	1.94869	0
2.986484e-06	1.94864	0
2.987523e-06	1.9486	0
2.988562e-06	1.94856	0
2.989601e-06	1.94852	0
2.990640e-06	1.94847	0
2.991679e-06	1.94843	0
2.992718e-06	1.94839	0
2.993757e-06	1.94834	0
2.994796e-06	1.9483	0
2.995835e-06	1.94826	0
2.996874e-06	1.94822	0
2.997913e-06	1.94817	0
2.998952e-06	1.94813	0
2.999991e-06	1.94809	0
3.001030e-06	1.94804	0
3.002069e-06	1.948	0
3.003108e-06	1.94796	0
3.004147e-06	1.94791	0
3.005186e-06	1.94787	0
3.006225e-06	1.94783	0
3.007264e-06	1.94778	0
3.008303e-06	1.94774	0
3.009342e-06	1.9477	0
3.010381e-06	1.94765	0
3.011420e-06	1.94761	0
3.012459e-06	1.94757	0
3.013498e-06	1.94753	0
3.014537e-06	1.94748	0
3.015576e-06	1.94744	0
3.016615e-06	1.9474	0
3.017654e-06	1.94735	0
3.018693e-06	1.94731	0
3.019732e-06	1.94727	0
3.020771e-06	1.94722	0
3.021810e-06	1.94718	0
3.022849e-06	1.94714	0
3.023888e-06	1.94709	0
3.024927e-06	1.94705	0
3.025966e-06	1.94701	0
3.027005e-06	1.94696	0
3.028044e-06	1.94692	0
3.029083e-06	1.94687	0
3.030122e-06	1.94683	0
3.031161e-06	1.94679	0
3.032200e-06	1.94674	0
3.033239e-06	1.9467	0
3.034278e-06	1.94666	0
3.035317e-06	1.94661	0
3.036356e-06	1.94657	0
3.037395e-06	1.94653	0
3.038434e-06	1.94648	0
3.039473e-06	1.94644	0
3.040513e-06	1.9464	0
3.041552e-06	1.94635	0
3.042591e-06	1.94631	0
3.043630e-06	1.94626	0
3.044669e-06	1.94622	0
3.045708e-06	1.94618	0
3.046747e-06	1.94613	0
3.047786e-06	1.94609	0
3.048825e-06	1.94605	0
3.049864e-06	1.946	0
3.050903e-06	1.94596	0
3.051942e-06	1.94592	0
3.052981e-06	1.94587	0
3.054020e-06	1.94583	0
3.055059e-06	1.94578	0
3.056098e-06	1.94574	0
3.057137e-06	1.9457	0
3.058176e-06	1.94565	0
3.059215e-06	1.94561	0
3.060254e-06	1.94556	0
3.061293e-06	1.94552	0
3.062332e-06	1.94548	0
3.063371e-06	1.94543	0
3.064410e-06	1.94539	0
3.065449e-06	1.94534	0
3.066488e-06	1.9453	0
3.067527e-06	1.94526	0
3.068566e-06	1.94521	0
3.069605e-06	1.94517	0
3.070644e-06	1.94512	0
3.071683e-06	1.94508	0
3.072722e-06	1.94504	0
3.073761e-06	1.94499	0
3.074800e-06	1.94495	0
3.075839e-06	1.9449	0
3.076878e-06	1.94486	0
3.077917e-06	1.94482	0
3.078956e-06	1.94477	0
3.079995e-06	1.94473	0
3.081034e-06	1.94468	0
3.082073e-06	1.94464	0
3.083112e-06	1.9446	0
3.084151e-06	1.94455	0
3.085190e-06	1.94451	0
3.086229e-06	1.94446	0
3.087268e-06	1.94442	0
3.088307e-06	1.94437	0
3.089346e-06	1.94433	0
3.090385e-06	1.94429	0
3.091424e-06	1.94424	0
3.092463e-06	1.9442	0
3.093502e-06	1.94415	0
3.094541e-06	1.94411	0
3.095580e-06	1.94406	0
3.096619e-06	1.94402	0
3.097658e-06	1.94397	0
3.098697e-06	1.94393	0
3.099736e-06	1.94389	0
3.100775e-06	1.94384	0
3.101814e-06	1.9438	0
3.102853e-06	1.94375	0
3.103892e-06	1.94371	0
3.104931e-06	1.94366	0
3.105970e-06	1.94362	0
3.107009e-06	1.94357	0
3.108048e-06	1.94353	0
3.109087e-06	1.94349	0
3.110126e-06	1.94344	0
3.111165e-06	1.9434	0
3.112204e-06	1.94335	0
3.113243e-06	1.94331	0
3.114282e-06	1.94326	0
3.115321e-06	1.94322	0
3.116360e-06	1.94317	0
3.117399e-06	1.94313	0
3.118438e-06	1.94308	0
3.119477e-06	1.94304	0
3.120516e-06	1.94299	0
3.121555e-06	1.94295	0
3.122594e-06	1.9429	0
3.123633e-06	1.94286	0
3.124672e-06	1.94281	0
3.125711e-06	1.94277	0
3.126750e-06	1.94273	0
3.127789e-06	1.94268	0
3.128828e-06	1.94264	0
3.129867e-06	1.94259	0
3.130906e-06	1.94255	0
3.131945e-06	1.9425	0
3.132984e-06	1.94246	0
3.134023e-06	1.94241	0
3.135062e-06	1.94237	0
3.136101e-06	1.94232	0
3.137140e-06	1.94228	0
3.138179e-06	1.94223	0
3.139218e-06	1.94219	0
3.140257e-06	1.94214	0
3.141296e-06	1.9421	0
3.142335e-06	1.94205	0
3.143374e-06	1.94201	0
3.144413e-06	1.94196	0
3.145452e-06	1.94192	0
3.146491e-06	1.94187	0
3.147530e-06	1.94183	0
3.148569e-06	1.94178	0
3.149608e-06	1.94174	0
3.150647e-06	1.94169	0
3.151686e-06	1.94165	0
3.152725e-06	1.9416	0
3.153764e-06	1.94155	0
3.154803e-06	1.94151	0
3.155842e-06	1.94146	0
3.156881e-06	1.94142	0
3.157920e-06	1.94137	0
3.158959e-06	1.94133	0
3.159998e-06	1.94128	0
3.161037e-06	1.94124	0
3.162076e-06	1.94119	0
3.163115e-06	1.94115	0
3.164154e-06	1.9411	0
3.165193e-06	1.94106	0
3.166232e-06	1.94101	0
3.167271e-06	1.94097	0
3.168310e-06	1.94092	0
3.169349e-06	1.94087	0
3.170388e-06	1.94083	0
3.171427e-06	1.94078	0
3.172466e-06	1.94074	0
3.173506e-06	1.94069	0
3.174545e-06	1.94065	0
3.175584e-06	1.9406	0
3.176623e-06	1.94056	0
3.177662e-06	1.94051	0
3.178701e-06	1.94047	0
3.179740e-06	1.94042	0
3.180779e-06	1.94037	0
3.181818e-06	1.94033	0
3.182857e-06	1.94028	0
3.183896e-06	1.94024	0
3.184935e-06	1.94019	0
3.185974e-06	1.94015	0
3.187013e-06	1.9401	0
3.188052e-06	1.94005	0
3.189091e-06	1.94001	0
3.190130e-06	1.93996	0
3.191169e-06	1.93992	0
3.192208e-06	1.93987	0
3.193247e-06	1.93983	0
3.194286e-06	1.93978	0
3.195325e-06	1.93973	0
3.196364e-06	1.93969	0
3.197403e-06	1.93964	0
3.198442e-06	1.9396	0
3.199481e-06	1.93955	0
3.200520e-06	1.93951	0
3.201559e-06	1.93946	0
3.202598e-06	1.93941	0
3.203637e-06	1.93937	0
3.204676e-06	1.93932	0
3.205715e-06	1.93928	0
3.206754e-06	1.93923	0
3.207793e-06	1.93918	0
3.208832e-06	1.93914	0
3.209871e-06	1.93909	0
3.210910e-06	1.93905	0
3.211949e-06	1.939	0
3.212988e-06	1.93895	0
3.214027e-06	1.93891	0
3.215066e-06	1.93886	0
3.216105e-06	1.93882	0
3.217144e-06	1.93877	0
3.218183e-06	1.93872	0
3.219222e-06	1.93868	0
3.220261e-06	1.93863	0
3.221300e-06	1.93858	0
3.222339e-06	1.93854	0
3.223378e-06	1.93849	0
3.224417e-06	1.93845	0
3.225456e-06	1.9384	0
3.226495e-06	1.93835	0
3.227534e-06	1.93831	0
3.228573e-06	1.93826	0
3.229612e-06	1.93822	0
3.230651e-06	1.93817	0
3.231690e-06	1.93812	0
3.232729e-06	1.93808	0
3.233768e-06	1.93803	0
3.234807e-06	1.93798	0
3.235846e-06	1.93794	0
3.236885e-06	1.93789	0
3.237924e-06	1.93784	0
3.238963e-06	1.9378	0
3.240002e-06	1.93775	0
3.241041e-06	1.9377	0
3.242080e-06	1.93766	0
3.243119e-06	1.93761	0
3.244158e-06	1.93757	0
3.245197e-06	1.93752	0
3.246236e-06	1.93747	0
3.247275e-06	1.93743	0
3.248314e-06	1.93738	0
3.249353e-06	1.93733	0
3.250392e-06	1.93729	0
3.251431e-06	1.93724	0
3.252470e-06	1.93719	0
3.253509e-06	1.93715	0
3.254548e-06	1.9371	0
3.255587e-06	1.93705	0
3.256626e-06	1.93701	0
3.257665e-06	1.93696	0
3.258704e-06	1.93691	0
3.259743e-06	1.93687	0
3.260782e-06	1.93682	0
3.261821e-06	1.93677	0
3.262860e-06	1.93673	0
3.263899e-06	1.93668	0
3.264938e-06	1.93663	0
3.265977e-06	1.93659	0
3.267016e-06	1.93654	0
3.268055e-06	1.93649	0
3.269094e-06	1.93645	0
3.270133e-06	1.9364	0
3.271172e-06	1.93635	0
3.272211e-06	1.9363	0
3.273250e-06	1.93626	0
3.274289e-06	1.93621	0
3.275328e-06	1.93616	0
3.276367e-06	1.93612	0
3.277406e-06	1.93607	0
3.278445e-06	1.93602	0
3.279484e-06	1.93598	0
3.280523e-06	1.93593	0
3.281562e-06	1.93588	0
3.282601e-06	1.93583	0
3.283640e-06	1.93579	0
3.284679e-06	1.93574	0
3.285718e-06	1.93569	0
3.286757e-06	1.93565	0
3.287796e-06	1.9356	0
3.288835e-06	1.93555	0
3.289874e-06	1.93551	0
3.290913e-06	1.93546	0
3.291952e-06	1.93541	0
3.292991e-06	1.93536	0
3.294030e-06	1.93532	0
3.295069e-06	1.93527	0
3.296108e-06	1.93522	0
3.297147e-06	1.93517	0
3.298186e-06	1.93513	0
3.299225e-06	1.93508	0
3.300264e-06	1.93503	0
3.301303e-06	1.93499	0
3.302342e-06	1.93494	0
3.303381e-06	1.93489	0
3.304420e-06	1.93484	0
3.305459e-06	1.9348	0
3.306498e-06	1.93475	0
3.307538e-06	1.9347	0
3.308577e-06	1.93465	0
3.309616e-06	1.93461	0
3.310655e-06	1.93456	0
3.311694e-06	1.93451	0
3.312733e-06	1.93446	0
3.313772e-06	1.93442	0
3.314811e-06	1.93437	0
3.315850e-06	1.93432	0
3.316889e-06	1.93427	0
3.317928e-06	1.93423	0
3.318967e-06	1.93418	0
3.320006e-06	1.93413	0
3.321045e-06	1.93408	0
3.322084e-06	1.93404	0
3.323123e-06	1.93399	0
3.324162e-06	1.93394	0
3.325201e-06	1.93389	0
3.326240e-06	1.93385	0
3.327279e-06	1.9338	0
3.328318e-06	1.93375	0
3.329357e-06	1.9337	0
3.330396e-06	1.93365	0
3.331435e-06	1.93361	0
3.332474e-06	1.93356	0
3.333513e-06	1.93351	0
3.334552e-06	1.93346	0
3.335591e-06	1.93342	0
3.336630e-06	1.93337	0
3.337669e-06	1.93332	0
3.338708e-06	1.93327	0
3.339747e-06	1.93322	0
3.340786e-06	1.93318	0
3.341825e-06	1.93313	0
3.342864e-06	1.93308	0
3.343903e-06	1.93303	0
3.344942e-06	1.93298	0
3.345981e-06	1.93294	0
3.347020e-06	1.93289	0
3.348059e-06	1.93284	0
3.349098e-06	1.93279	0
3.350137e-06	1.93275	0
3.351176e-06	1.9327	0
3.352215e-06	1.93265	0
3.353254e-06	1.9326	0
3.354293e-06	1.93255	0
3.355332e-06	1.9325	0
3.356371e-06	1.93246	0
3.357410e-06	1.93241	0
3.358449e-06	1.93236	0
3.359488e-06	1.93231	0
3.360527e-06	1.93226	0
3.361566e-06	1.93222	0
3.362605e-06	1.93217	0
3.363644e-06	1.93212	0
3.364683e-06	1.93207	0
3.365722e-06	1.93202	0
3.366761e-06	1.93197	0
3.367800e-06	1.93193	0
3.368839e-06	1.93188	0
3.369878e-06	1.93183	0
3.370917e-06	1.93178	0
3.371956e-06	1.93173	0
3.372995e-06	1.93168	0
3.374034e-06	1.93164	0
3.375073e-06	1.93159	0
3.376112e-06	1.93154	0
3.377151e-06	1.93149	0
3.378190e-06	1.93144	0
3.379229e-06	1.93139	0
3.380268e-06	1.93135	0
3.381307e-06	1.9313	0
3.382346e-06	1.93125	0
3.383385e-06	1.9312	0
3.384424e-06	1.93115	0
3.385463e-06	1.9311	0
3.386502e-06	1.93105	0
3.387541e-06	1.93101	0
3.388580e-06	1.93096	0
3.389619e-06	1.93091	0
3.390658e-06	1.93086	0
3.391697e-06	1.93081	0
3.392736e-06	1.93076	0
3.393775e-06	1.93071	0
3.394814e-06	1.93067	0
3.395853e-06	1.93062	0
3.396892e-06	1.93057	0
3.397931e-06	1.93052	0
3.398970e-06	1.93047	0
3.400009e-06	1.93042	0
3.401048e-06	1.93037	0
3.402087e-06	1.93032	0
3.403126e-06	1.93028	0
3.404165e-06	1.93023	0
3.405204e-06	1.93018	0
3.406243e-06	1.93013	0
3.407282e-06	1.93008	0
3.408321e-06	1.93003	0
3.409360e-06	1.92998	0
3.410399e-06	1.92993	0
3.411438e-06	1.92989	0
3.412477e-06	1.92984	0
3.413516e-06	1.92979	0
3.414555e-06	1.92974	0
3.415594e-06	1.92969	0
3.416633e-06	1.92964	0
3.417672e-06	1.92959	0
3.418711e-06	1.92954	0
3.419750e-06	1.92949	0
3.420789e-06	1.92944	0
3.421828e-06	1.9294	0
3.422867e-06	1.92935	0
3.423906e-06	1.9293	0
3.424945e-06	1.92925	0
3.425984e-06	1.9292	0
3.427023e-06	1.92915	0
3.428062e-06	1.9291	0
3.429101e-06	1.92905	0
3.430140e-06	1.929	0
3.431179e-06	1.92895	0
3.432218e-06	1.9289	0
3.433257e-06	1.92885	0
3.434296e-06	1.92881	0
3.435335e-06	1.92876	0
3.436374e-06	1.92871	0
3.437413e-06	1.92866	0
3.438452e-06	1.92861	0
3.439491e-06	1.92856	0
3.440531e-06	1.92851	0
3.441570e-06	1.92846	0
3.442609e-06	1.92841	0
3.443648e-06	1.92836	0
3.444687e-06	1.92831	0
3.445726e-06	1.92826	0
3.446765e-06	1.92821	0
3.447804e-06	1.92816	0
3.448843e-06	1.92811	0
3.449882e-06	1.92806	0
3.450921e-06	1.92802	0
3.451960e-06	1.92797	0
3.452999e-06	1.92792	0
3.454038e-06	1.92787	0
3.455077e-06	1.92782	0
3.456116e-06	1.92777	0
3.457155e-06	1.92772	0
3.458194e-06	1.92767	0
3.459233e-06	1.92762	0
3.460272e-06	1.92757	0
3.461311e-06	1.92752	0
3.462350e-06	1.92747	0
3.463389e-06	1.92742	0
3.464428e-06	1.92737	0
3.465467e-06	1.92732	0
3.466506e-06	1.92727	0
3.467545e-06	1.92722	0
3.468584e-06	1.92717	0
3.469623e-06	1.92712	0
3.470662e-06	1.92707	0
3.471701e-06	1.92702	0
3.472740e-06	1.92697	0
3.473779e-06	1.92692	0
3.474818e-06	1.92687	0
3.475857e-06	1.92682	0
3.476896e-06	1.92677	0
3.477935e-06	1.92672	0
3.478974e-06	1.92667	0
3.480013e-06	1.92662	0
3.481052e-06	1.92657	0
3.482091e-06	1.92652	0
3.483130e-06	1.92647	0
3.484169e-06	1.92642	0
3.485208e-06	1.92637	0
3.486247e-06	1.92632	0
3.487286e-06	1.92627	0
3.488325e-06	1.92622	0
3.489364e-06	1.92617	0
3.490403e-06	1.92612	0
3.491442e-06	1.92607	0
3.492481e-06	1.92602	0
3.493520e-06	1.92597	0
3.494559e-06	1.92592	0
3.495598e-06	1.92587	0
3.496637e-06	1.92582	0
3.497676e-06	1.92577	0
3.498715e-06	1.92572	0
3.499754e-06	1.92567	0
3.500793e-06	1.92562	0
3.501832e-06	1.92557	0
3.502871e-06	1.92552	0
3.503910e-06	1.92547	0
3.504949e-06	1.92542	0
3.505988e-06	1.92537	0
3.507027e-06	1.92532	0
3.508066e-06	1.92527	0
3.509105e-06	1.92522	0
3.510144e-06	1.92517	0
3.511183e-06	1.92512	0
3.512222e-06	1.92507	0
3.513261e-06	1.92502	0
3.514300e-06	1.92497	0
3.515339e-06	1.92492	0
3.516378e-06	1.92487	0
3.517417e-06	1.92482	0
3.518456e-06	1.92477	0
3.519495e-06	1.92471	0
3.520534e-06	1.92466	0
3.521573e-06	1.92461	0
3.522612e-06	1.92456	0
3.523651e-06	1.92451	0
3.524690e-06	1.92446	0
3.525729e-06	1.92441	0
3.526768e-06	1.92436	0
3.527807e-06	1.92431	0
3.528846e-06	1.92426	0
3.529885e-06	1.92421	0
3.530924e-06	1.92416	0
3.531963e-06	1.92411	0
3.533002e-06	1.92406	0
3.534041e-06	1.92401	0
3.535080e-06	1.92396	0
3.536119e-06	1.9239	0
3.537158e-06	1.92385	0
3.538197e-06	1.9238	0
3.539236e-06	1.92375	0
3.540275e-06	1.9237	0
3.541314e-06	1.92365	0
3.542353e-06	1.9236	0
3.543392e-06	1.92355	0
3.544431e-06	1.9235	0
3.545470e-06	1.92345	0
3.546509e-06	1.9234	0
3.547548e-06	1.92335	0
3.548587e-06	1.92329	0
3.549626e-06	1.92324	0
3.550665e-06	1.92319	0
3.551704e-06	1.92314	0
3.552743e-06	1.92309	0
3.553782e-06	1.92304	0
3.554821e-06	1.92299	0
3.555860e-06	1.92294	0
3.556899e-06	1.92289	0
3.557938e-06	1.92283	0
3.558977e-06	1.92278	0
3.560016e-06	1.92273	0
3.561055e-06	1.92268	0
3.562094e-06	1.92263	0
3.563133e-06	1.92258	0
3.564172e-06	1.92253	0
3.565211e-06	1.92248	0
3.566250e-06	1.92243	0
3.567289e-06	1.92237	0
3.568328e-06	1.92232	0
3.569367e-06	1.92227	0
3.570406e-06	1.92222	0
3.571445e-06	1.92217	0
3.572484e-06	1.92212	0
3.573524e-06	1.92207	0
3.574563e-06	1.92202	0
3.575602e-06	1.92196	0
3.576641e-06	1.92191	0
3.577680e-06	1.92186	0
3.578719e-06	1.92181	0
3.579758e-06	1.92176	0
3.580797e-06	1.92171	0
3.581836e-06	1.92166	0
3.582875e-06	1.9216	0
3.583914e-06	1.92155	0
3.584953e-06	1.9215	0
3.585992e-06	1.92145	0
3.587031e-06	1.9214	0
3.588070e-06	1.92135	0
3.589109e-06	1.9213	0
3.590148e-06	1.92124	0
3.591187e-06	1.92119	0
3.592226e-06	1.92114	0
3.593265e-06	1.92109	0
3.594304e-06	1.92104	0
3.595343e-06	1.92099	0
3.596382e-06	1.92093	0
3.597421e-06	1.92088	0
3.598460e-06	1.92083	0
3.599499e-06	1.92078	0
3.600538e-06	1.92073	0
3.601577e-06	1.92068	0
3.602616e-06	1.92062	0
3.603655e-06	1.92057	0
3.604694e-06	1.92052	0
3.605733e-06	1.92047	0
3.606772e-06	1.92042	0
3.607811e-06	1.92036	0
3.608850e-06	1.92031	0
3.609889e-06	1.92026	0
3.610928e-06	1.92021	0
3.611967e-06	1.92016	0
3.613006e-06	1.92011	0
3.614045e-06	1.92005	0
3.615084e-06	1.92	0
3.616123e-06	1.91995	0
3.617162e-06	1.9199	0
3.618201e-06	1.91985	0
3.619240e-06	1.91979	0
3.620279e-06	1.91974	0
3.621318e-06	1.91969	0
3.622357e-06	1.91964	0
3.623396e-06	1.91959	0
3.624435e-06	1.91953	0
3.625474e-06	1.91948	0
3.626513e-06	1.91943	0
3.627552e-06	1.91938	0
3.628591e-06	1.91933	0
3.629630e-06	1.91927	0
3.630669e-06	1.91922	0
3.631708e-06	1.91917	0
3.632747e-06	1.91912	0
3.633786e-06	1.91906	0
3.634825e-06	1.91901	0
3.635864e-06	1.91896	0
3.636903e-06	1.91891	0
3.637942e-06	1.91886	0
3.638981e-06	1.9188	0
3.640020e-06	1.91875	0
3.641059e-06	1.9187	0
3.642098e-06	1.91865	0
3.643137e-06	1.91859	0
3.644176e-06	1.91854	0
3.645215e-06	1.91849	0
3.646254e-06	1.91844	0
3.647293e-06	1.91838	0
3.648332e-06	1.91833	0
3.649371e-06	1.91828	0
3.650410e-06	1.91823	0
3.651449e-06	1.91817	0
3.652488e-06	1.91812	0
3.653527e-06	1.91807	0
3.654566e-06	1.91802	0
3.655605e-06	1.91796	0
3.656644e-06	1.91791	0
3.657683e-06	1.91786	0
3.658722e-06	1.91781	0
3.659761e-06	1.91775	0
3.660800e-06	1.9177	0
3.661839e-06	1.91765	0
3.662878e-06	1.9176	0
3.663917e-06	1.91754	0
3.664956e-06	1.91749	0
3.665995e-06	1.91744	0
3.667034e-06	1.91739	0
3.668073e-06	1.91733	0
3.669112e-06	1.91728	0
3.670151e-06	1.91723	0
3.671190e-06	1.91717	0
3.672229e-06	1.91712	0
3.673268e-06	1.91707	0
3.674307e-06	1.91702	0
3.675346e-06	1.91696	0
3.676385e-06	1.91691	0
3.677424e-06	1.91686	0
3.678463e-06	1.9168	0
3.679502e-06	1.91675	0
3.680541e-06	1.9167	0
3.681580e-06	1.91665	0
3.682619e-06	1.91659	0
3.683658e-06	1.91654	0
3.684697e-06	1.91649	0
3.685736e-06	1.91643	0
3.686775e-06	1.91638	0
3.687814e-06	1.91633	0
3.688853e-06	1.91627	0
3.689892e-06	1.91622	0
3.690931e-06	1.91617	0
3.691970e-06	1.91612	0
3.693009e-06	1.91606	0
3.694048e-06	1.91601	0
3.695087e-06	1.91596	0
3.696126e-06	1.9159	0
3.697165e-06	1.91585	0
3.698204e-06	1.9158	0
3.699243e-06	1.91574	0
3.700282e-06	1.91569	0
3.701321e-06	1.91564	0
3.702360e-06	1.91558	0
3.703399e-06	1.91553	0
3.704438e-06	1.91548	0
3.705477e-06	1.91542	0
3.706517e-06	1.91537	0
3.707556e-06	1.91532	0
3.708595e-06	1.91526	0
3.709634e-06	1.91521	0
3.710673e-06	1.91516	0
3.711712e-06	1.9151	0
3.712751e-06	1.91505	0
3.713790e-06	1.915	0
3.714829e-06	1.91494	0
3.715868e-06	1.91489	0
3.716907e-06	1.91484	0
3.717946e-06	1.91478	0
3.718985e-06	1.91473	0
3.720024e-06	1.91468	0
3.721063e-06	1.91462	0
3.722102e-06	1.91457	0
3.723141e-06	1.91451	0
3.724180e-06	1.91446	0
3.725219e-06	1.91441	0
3.726258e-06	1.91435	0
3.727297e-06	1.9143	0
3.728336e-06	1.91425	0
3.729375e-06	1.91419	0
3.730414e-06	1.91414	0
3.731453e-06	1.91409	0
3.732492e-06	1.91403	0
3.733531e-06	1.91398	0
3.734570e-06	1.91392	0
3.735609e-06	1.91387	0
3.736648e-06	1.91382	0
3.737687e-06	1.91376	0
3.738726e-06	1.91371	0
3.739765e-06	1.91366	0
3.740804e-06	1.9136	0
3.741843e-06	1.91355	0
3.742882e-06	1.91349	0
3.743921e-06	1.91344	0
3.744960e-06	1.91339	0
3.745999e-06	1.91333	0
3.747038e-06	1.91328	0
3.748077e-06	1.91322	0
3.749116e-06	1.91317	0
3.750155e-06	1.91312	0
3.751194e-06	1.91306	0
3.752233e-06	1.91301	0
3.753272e-06	1.91295	0
3.754311e-06	1.9129	0
3.755350e-06	1.91285	0
3.756389e-06	1.91279	0
3.757428e-06	1.91274	0
3.758467e-06	1.91268	0
3.759506e-06	1.91263	0
3.760545e-06	1.91258	0
3.761584e-06	1.91252	0
3.762623e-06	1.91247	0
3.763662e-06	1.91241	0
3.764701e-06	1.91236	0
3.765740e-06	1.91231	0
3.766779e-06	1.91225	0
3.767818e-06	1.9122	0
3.768857e-06	1.91214	0
3.769896e-06	1.91209	0
3.770935e-06	1.91203	0
3.771974e-06	1.91198	0
3.773013e-06	1.91193	0
3.774052e-06	1.91187	0
3.775091e-06	1.91182	0
3.776130e-06	1.91176	0
3.777169e-06	1.91171	0
3.778208e-06	1.91165	0
3.779247e-06	1.9116	0
3.780286e-06	1.91154	0
3.781325e-06	1.91149	0
3.782364e-06	1.91144	0
3.783403e-06	1.91138	0
3.784442e-06	1.91133	0
3.785481e-06	1.91127	0
3.786520e-06	1.91122	0
3.787559e-06	1.91116	0
3.788598e-06	1.91111	0
3.789637e-06	1.91105	0
3.790676e-06	1.911	0
3.791715e-06	1.91094	0
3.792754e-06	1.91089	0
3.793793e-06	1.91084	0
3.794832e-06	1.91078	0
3.795871e-06	1.91073	0
3.796910e-06	1.91067	0
3.797949e-06	1.91062	0
3.798988e-06	1.91056	0
3.800027e-06	1.91051	0
3.801066e-06	1.91045	0
3.802105e-06	1.9104	0
3.803144e-06	1.91034	0
3.804183e-06	1.91029	0
3.805222e-06	1.91023	0
3.806261e-06	1.91018	0
3.807300e-06	1.91012	0
3.808339e-06	1.91007	0
3.809378e-06	1.91001	0
3.810417e-06	1.90996	0
3.811456e-06	1.9099	0
3.812495e-06	1.90985	0
3.813534e-06	1.90979	0
3.814573e-06	1.90974	0
3.815612e-06	1.90968	0
3.816651e-06	1.90963	0
3.817690e-06	1.90957	0
3.818729e-06	1.90952	0
3.819768e-06	1.90946	0
3.820807e-06	1.90941	0
3.821846e-06	1.90935	0
3.822885e-06	1.9093	0
3.823924e-06	1.90924	0
3.824963e-06	1.90919	0
3.826002e-06	1.90913	0
3.827041e-06	1.90908	0
3.828080e-06	1.90902	0
3.829119e-06	1.90897	0
3.830158e-06	1.90891	0
3.831197e-06	1.90886	0
3.832236e-06	1.9088	0
3.833275e-06	1.90875	0
3.834314e-06	1.90869	0
3.835353e-06	1.90864	0
3.836392e-06	1.90858	0
3.837431e-06	1.90853	0
3.838470e-06	1.90847	0
3.839510e-06	1.90842	0
3.840549e-06	1.90836	0
3.841588e-06	1.9083	0
3.842627e-06	1.90825	0
3.843666e-06	1.90819	0
3.844705e-06	1.90814	0
3.845744e-06	1.90808	0
3.846783e-06	1.90803	0
3.847822e-06	1.90797	0
3.848861e-06	1.90792	0
3.849900e-06	1.90786	0
3.850939e-06	1.90781	0
3.851978e-06	1.90775	0
3.853017e-06	1.90769	0
3.854056e-06	1.90764	0
3.855095e-06	1.90758	0
3.856134e-06	1.90753	0
3.857173e-06	1.90747	0
3.858212e-06	1.90742	0
3.859251e-06	1.90736	0
3.860290e-06	1.9073	0
3.861329e-06	1.90725	0
3.862368e-06	1.90719	0
3.863407e-06	1.90714	0
3.864446e-06	1.90708	0
3.865485e-06	1.90703	0
3.866524e-06	1.90697	0
3.867563e-06	1.90691	0
3.868602e-06	1.90686	0
3.869641e-06	1.9068	0
3.870680e-06	1.90675	0
3.871719e-06	1.90669	0
3.872758e-06	1.90664	0
3.873797e-06	1.90658	0
3.874836e-06	1.90652	0
3.875875e-06	1.90647	0
3.876914e-06	1.90641	0
3.877953e-06	1.90636	0
3.878992e-06	1.9063	0
3.880031e-06	1.90624	0
3.881070e-06	1.90619	0
3.882109e-06	1.90613	0
3.883148e-06	1.90608	0
3.884187e-06	1.90602	0
3.885226e-06	1.90596	0
3.886265e-06	1.90591	0
3.887304e-06	1.90585	0
3.888343e-06	1.9058	0
3.889382e-06	1.90574	0
3.890421e-06	1.90568	0
3.891460e-06	1.90563	0
3.892499e-06	1.90557	0
3.893538e-06	1.90551	0
3.894577e-06	1.90546	0
3.895616e-06	1.9054	0
3.896655e-06	1.90535	0
3.897694e-06	1.90529	0
3.898733e-06	1.90523	0
3.899772e-06	1.90518	0
3.900811e-06	1.90512	0
3.901850e-06	1.90506	0
3.902889e-06	1.90501	0
3.903928e-06	1.90495	0
3.904967e-06	1.9049	0
3.906006e-06	1.90484	0
3.907045e-06	1.90478	0
3.908084e-06	1.90473	0
3.909123e-06	1.90467	0
3.910162e-06	1.90461	0
3.911201e-06	1.90456	0
3.912240e-06	1.9045	0
3.913279e-06	1.90444	0
3.914318e-06	1.90439	0
3.915357e-06	1.90433	0
3.916396e-06	1.90427	0
3.917435e-06	1.90422	0
3.918474e-06	1.90416	0
3.919513e-06	1.90411	0
3.920552e-06	1.90405	0
3.921591e-06	1.90399	0
3.922630e-06	1.90394	0
3.923669e-06	1.90388	0
3.924708e-06	1.90382	0
3.925747e-06	1.90377	0
3.926786e-06	1.90371	0
3.927825e-06	1.90365	0
3.928864e-06	1.9036	0
3.929903e-06	1.90354	0
3.930942e-06	1.90348	0
3.931981e-06	1.90342	0
3.933020e-06	1.90337	0
3.934059e-06	1.90331	0
3.935098e-06	1.90325	0
3.936137e-06	1.9032	0
3.937176e-06	1.90314	0
3.938215e-06	1.90308	0
3.939254e-06	1.90303	0
3.940293e-06	1.90297	0
3.941332e-06	1.90291	0
3.942371e-06	1.90286	0
3.943410e-06	1.9028	0
3.944449e-06	1.90274	0
3.945488e-06	1.90269	0
3.946527e-06	1.90263	0
3.947566e-06	1.90257	0
3.948605e-06	1.90251	0
3.949644e-06	1.90246	0
3.950683e-06	1.9024	0
3.951722e-06	1.90234	0
3.952761e-06	1.90229	0
3.953800e-06	1.90223	0
3.954839e-06	1.90217	0
3.955878e-06	1.90211	0
3.956917e-06	1.90206	0
3.957956e-06	1.902	0
3.958995e-06	1.90194	0
3.960034e-06	1.90189	0
3.961073e-06	1.90183	0
3.962112e-06	1.90177	0
3.963151e-06	1.90171	0
3.964190e-06	1.90166	0
3.965229e-06	1.9016	0
3.966268e-06	1.90154	0
3.967307e-06	1.90148	0
3.968346e-06	1.90143	0
3.969385e-06	1.90137	0
3.970424e-06	1.90131	0
3.971463e-06	1.90126	0
3.972503e-06	1.9012	0
3.973542e-06	1.90114	0
3.974581e-06	1.90108	0
3.975620e-06	1.90103	0
3.976659e-06	1.90097	0
3.977698e-06	1.90091	0
3.978737e-06	1.90085	0
3.979776e-06	1.9008	0
3.980815e-06	1.90074	0
3.981854e-06	1.90068	0
3.982893e-06	1.90062	0
3.983932e-06	1.90057	0
3.984971e-06	1.90051	0
3.986010e-06	1.90045	0
3.987049e-06	1.90039	0
3.988088e-06	1.90033	0
3.989127e-06	1.90028	0
3.990166e-06	1.90022	0
3.991205e-06	1.90016	0
3.992244e-06	1.9001	0
3.993283e-06	1.90005	0
3.994322e-06	1.89999	0
3.995361e-06	1.89993	0
3.996400e-06	1.89987	0
3.997439e-06	1.89981	0
3.998478e-06	1.89976	0
3.999517e-06	1.8997	0
4.000556e-06	1.89964	0
4.001595e-06	1.89958	0
4.002634e-06	1.89953	0
4.003673e-06	1.89947	0
4.004712e-06	1.89941	0
4.005751e-06	1.89935	0
4.006790e-06	1.89929	0
4.007829e-06	1.89924	0
4.008868e-06	1.89918	0
4.009907e-06	1.89912	0
4.010946e-06	1.89906	0
4.011985e-06	1.899	0
4.013024e-06	1.89895	0
4.014063e-06	1.89889	0
4.015102e-06	1.89883	0
4.016141e-06	1.89877	0
4.017180e-06	1.89871	0
4.018219e-06	1.89866	0
4.019258e-06	1.8986	0
4.020297e-06	1.89854	0
4.021336e-06	1.89848	0
4.022375e-06	1.89842	0
4.023414e-06	1.89836	0
4.024453e-06	1.89831	0
4.025492e-06	1.89825	0
4.026531e-06	1.89819	0
4.027570e-06	1.89813	0
4.028609e-06	1.89807	0
4.029648e-06	1.89801	0
4.030687e-06	1.89796	0
4.031726e-06	1.8979	0
4.032765e-06	1.89784	0
4.033804e-06	1.89778	0
4.034843e-06	1.89772	0
4.035882e-06	1.89766	0
4.036921e-06	1.89761	0
4.037960e-06	1.89755	0
4.038999e-06	1.89749	0
4.040038e-06	1.89743	0
4.041077e-06	1.89737	0
4.042116e-06	1.89731	0
4.043155e-06	1.89726	0
4.044194e-06	1.8972	0
4.045233e-06	1.89714	0
4.046272e-06	1.89708	0
4.047311e-06	1.89702	0
4.048350e-06	1.89696	0
4.049389e-06	1.8969	0
4.050428e-06	1.89685	0
4.051467e-06	1.89679	0
4.052506e-06	1.89673	0
4.053545e-06	1.89667	0
4.054584e-06	1.89661	0
4.055623e-06	1.89655	0
4.056662e-06	1.89649	0
4.057701e-06	1.89643	0
4.058740e-06	1.89638	0
4.059779e-06	1.89632	0
4.060818e-06	1.89626	0
4.061857e-06	1.8962	0
4.062896e-06	1.89614	0
4.063935e-06	1.89608	0
4.064974e-06	1.89602	0
4.066013e-06	1.89596	0
4.067052e-06	1.8959	0
4.068091e-06	1.89585	0
4.069130e-06	1.89579	0
4.070169e-06	1.89573	0
4.071208e-06	1.89567	0
4.072247e-06	1.89561	0
4.073286e-06	1.89555	0
4.074325e-06	1.89549	0
4.075364e-06	1.89543	0
4.076403e-06	1.89537	0
4.077442e-06	1.89532	0
4.078481e-06	1.89526	0
4.079520e-06	1.8952	0
4.080559e-06	1.89514	0
4.081598e-06	1.89508	0
4.082637e-06	1.89502	0
4.083676e-06	1.89496	0
4.084715e-06	1.8949	0
4.085754e-06	1.89484	0
4.086793e-06	1.89478	0
4.087832e-06	1.89472	0
4.088871e-06	1.89466	0
4.089910e-06	1.89461	0
4.090949e-06	1.89455	0
4.091988e-06	1.89449	0
4.093027e-06	1.89443	0
4.094066e-06	1.89437	0
4.095105e-06	1.89431	0
4.096144e-06	1.89425	0
4.097183e-06	1.89419	0
4.098222e-06	1.89413	0
4.099261e-06	1.89407	0
4.100300e-06	1.89401	0
4.101339e-06	1.89395	0
4.102378e-06	1.89389	0
4.103417e-06	1.89383	0
4.104456e-06	1.89377	0
4.105495e-06	1.89371	0
4.106535e-06	1.89365	0
4.107574e-06	1.8936	0
4.108613e-06	1.89354	0
4.109652e-06	1.89348	0
4.110691e-06	1.89342	0
4.111730e-06	1.89336	0
4.112769e-06	1.8933	0
4.113808e-06	1.89324	0
4.114847e-06	1.89318	0
4.115886e-06	1.89312	0
4.116925e-06	1.89306	0
4.117964e-06	1.893	0
4.119003e-06	1.89294	0
4.120042e-06	1.89288	0
4.121081e-06	1.89282	0
4.122120e-06	1.89276	0
4.123159e-06	1.8927	0
4.124198e-06	1.89264	0
4.125237e-06	1.89258	0
4.126276e-06	1.89252	0
4.127315e-06	1.89246	0
4.128354e-06	1.8924	0
4.129393e-06	1.89234	0
4.130432e-06	1.89228	0
4.131471e-06	1.89222	0
4.132510e-06	1.89216	0
4.133549e-06	1.8921	0
4.134588e-06	1.89204	0
4.135627e-06	1.89198	0
4.136666e-06	1.89192	0
4.137705e-06	1.89186	0
4.138744e-06	1.8918	0
4.139783e-06	1.89174	0
4.140822e-06	1.89168	0
4.141861e-06	1.89162	0
4.142900e-06	1.89156	0
4.143939e-06	1.8915	0
4.144978e-06	1.89144	0
4.146017e-06	1.89138	0
4.147056e-06	1.89132	0
4.148095e-06	1.89126	0
4.149134e-06	1.8912	0
4.150173e-06	1.89114	0
4.151212e-06	1.89108	0
4.152251e-06	1.89102	0
4.153290e-06	1.89096	0
4.154329e-06	1.8909	0
4.155368e-06	1.89084	0
4.156407e-06	1.89078	0
4.157446e-06	1.89072	0
4.158485e-06	1.89066	0
4.159524e-06	1.8906	0
4.160563e-06	1.89054	0
4.161602e-06	1.89048	0
4.162641e-06	1.89042	0
4.163680e-06	1.89036	0
4.164719e-06	1.89029	0
4.165758e-06	1.89023	0
4.166797e-06	1.89017	0
4.167836e-06	1.89011	0
4.168875e-06	1.89005	0
4.169914e-06	1.88999	0
4.170953e-06	1.88993	0
4.171992e-06	1.88987	0
4.173031e-06	1.88981	0
4.174070e-06	1.88975	0
4.175109e-06	1.88969	0
4.176148e-06	1.88963	0
4.177187e-06	1.88957	0
4.178226e-06	1.88951	0
4.179265e-06	1.88945	0
4.180304e-06	1.88939	0
4.181343e-06	1.88933	0
4.182382e-06	1.88926	0
4.183421e-06	1.8892	0
4.184460e-06	1.88914	0
4.185499e-06	1.88908	0
4.186538e-06	1.88902	0
4.187577e-06	1.88896	0
4.188616e-06	1.8889	0
4.189655e-06	1.88884	0
4.190694e-06	1.88878	0
4.191733e-06	1.88872	0
4.192772e-06	1.88866	0
4.193811e-06	1.8886	0
4.194850e-06	1.88853	0
4.195889e-06	1.88847	0
4.196928e-06	1.88841	0
4.197967e-06	1.88835	0
4.199006e-06	1.88829	0
4.200045e-06	1.88823	0
4.201084e-06	1.88817	0
4.202123e-06	1.88811	0
4.203162e-06	1.88805	0
4.204201e-06	1.88799	0
4.205240e-06	1.88792	0
4.206279e-06	1.88786	0
4.207318e-06	1.8878	0
4.208357e-06	1.88774	0
4.209396e-06	1.88768	0
4.210435e-06	1.88762	0
4.211474e-06	1.88756	0
4.212513e-06	1.8875	0
4.213552e-06	1.88744	0
4.214591e-06	1.88737	0
4.215630e-06	1.88731	0
4.216669e-06	1.88725	0
4.217708e-06	1.88719	0
4.218747e-06	1.88713	0
4.219786e-06	1.88707	0
4.220825e-06	1.88701	0
4.221864e-06	1.88694	0
4.222903e-06	1.88688	0
4.223942e-06	1.88682	0
4.224981e-06	1.88676	0
4.226020e-06	1.8867	0
4.227059e-06	1.88664	0
4.228098e-06	1.88658	0
4.229137e-06	1.88651	0
4.230176e-06	1.88645	0
4.231215e-06	1.88639	0
4.232254e-06	1.88633	0
4.233293e-06	1.88627	0
4.234332e-06	1.88621	0
4.235371e-06	1.88615	0
4.236410e-06	1.88608	0
4.237449e-06	1.88602	0
4.238488e-06	1.88596	0
4.239528e-06	1.8859	0
4.240567e-06	1.88584	0
4.241606e-06	1.88578	0
4.242645e-06	1.88571	0
4.243684e-06	1.88565	0
4.244723e-06	1.88559	0
4.245762e-06	1.88553	0
4.246801e-06	1.88547	0
4.247840e-06	1.88541	0
4.248879e-06	1.88534	0
4.249918e-06	1.88528	0
4.250957e-06	1.88522	0
4.251996e-06	1.88516	0
4.253035e-06	1.8851	0
4.254074e-06	1.88503	0
4.255113e-06	1.88497	0
4.256152e-06	1.88491	0
4.257191e-06	1.88485	0
4.258230e-06	1.88479	0
4.259269e-06	1.88472	0
4.260308e-06	1.88466	0
4.261347e-06	1.8846	0
4.262386e-06	1.88454	0
4.263425e-06	1.88448	0
4.264464e-06	1.88441	0
4.265503e-06	1.88435	0
4.266542e-06	1.88429	0
4.267581e-06	1.88423	0
4.268620e-06	1.88417	0
4.269659e-06	1.8841	0
4.270698e-06	1.88404	0
4.271737e-06	1.88398	0
4.272776e-06	1.88392	0
4.273815e-06	1.88386	0
4.274854e-06	1.88379	0
4.275893e-06	1.88373	0
4.276932e-06	1.88367	0
4.277971e-06	1.88361	0
4.279010e-06	1.88354	0
4.280049e-06	1.88348	0
4.281088e-06	1.88342	0
4.282127e-06	1.88336	0
4.283166e-06	1.88329	0
4.284205e-06	1.88323	0
4.285244e-06	1.88317	0
4.286283e-06	1.88311	0
4.287322e-06	1.88304	0
4.288361e-06	1.88298	0
4.289400e-06	1.88292	0
4.290439e-06	1.88286	0
4.291478e-06	1.8828	0
4.292517e-06	1.88273	0
4.293556e-06	1.88267	0
4.294595e-06	1.88261	0
4.295634e-06	1.88254	0
4.296673e-06	1.88248	0
4.297712e-06	1.88242	0
4.298751e-06	1.88236	0
4.299790e-06	1.88229	0
4.300829e-06	1.88223	0
4.301868e-06	1.88217	0
4.302907e-06	1.88211	0
4.303946e-06	1.88204	0
4.304985e-06	1.88198	0
4.306024e-06	1.88192	0
4.307063e-06	1.88186	0
4.308102e-06	1.88179	0
4.309141e-06	1.88173	0
4.310180e-06	1.88167	0
4.311219e-06	1.8816	0
4.312258e-06	1.88154	0
4.313297e-06	1.88148	0
4.314336e-06	1.88142	0
4.315375e-06	1.88135	0
4.316414e-06	1.88129	0
4.317453e-06	1.88123	0
4.318492e-06	1.88116	0
4.319531e-06	1.8811	0
4.320570e-06	1.88104	0
4.321609e-06	1.88098	0
4.322648e-06	1.88091	0
4.323687e-06	1.88085	0
4.324726e-06	1.88079	0
4.325765e-06	1.88072	0
4.326804e-06	1.88066	0
4.327843e-06	1.8806	0
4.328882e-06	1.88053	0
4.329921e-06	1.88047	0
4.330960e-06	1.88041	0
4.331999e-06	1.88034	0
4.333038e-06	1.88028	0
4.334077e-06	1.88022	0
4.335116e-06	1.88016	0
4.336155e-06	1.88009	0
4.337194e-06	1.88003	0
4.338233e-06	1.87997	0
4.339272e-06	1.8799	0
4.340311e-06	1.87984	0
4.341350e-06	1.87978	0
4.342389e-06	1.87971	0
4.343428e-06	1.87965	0
4.344467e-06	1.87959	0
4.345506e-06	1.87952	0
4.346545e-06	1.87946	0
4.347584e-06	1.8794	0
4.348623e-06	1.87933	0
4.349662e-06	1.87927	0
4.350701e-06	1.87921	0
4.351740e-06	1.87914	0
4.352779e-06	1.87908	0
4.353818e-06	1.87901	0
4.354857e-06	1.87895	0
4.355896e-06	1.87889	0
4.356935e-06	1.87882	0
4.357974e-06	1.87876	0
4.359013e-06	1.8787	0
4.360052e-06	1.87863	0
4.361091e-06	1.87857	0
4.362130e-06	1.87851	0
4.363169e-06	1.87844	0
4.364208e-06	1.87838	0
4.365247e-06	1.87832	0
4.366286e-06	1.87825	0
4.367325e-06	1.87819	0
4.368364e-06	1.87812	0
4.369403e-06	1.87806	0
4.370442e-06	1.878	0
4.371481e-06	1.87793	0
4.372521e-06	1.87787	0
4.373560e-06	1.87781	0
4.374599e-06	1.87774	0
4.375638e-06	1.87768	0
4.376677e-06	1.87761	0
4.377716e-06	1.87755	0
4.378755e-06	1.87749	0
4.379794e-06	1.87742	0
4.380833e-06	1.87736	0
4.381872e-06	1.87729	0
4.382911e-06	1.87723	0
4.383950e-06	1.87717	0
4.384989e-06	1.8771	0
4.386028e-06	1.87704	0
4.387067e-06	1.87697	0
4.388106e-06	1.87691	0
4.389145e-06	1.87685	0
4.390184e-06	1.87678	0
4.391223e-06	1.87672	0
4.392262e-06	1.87665	0
4.393301e-06	1.87659	0
4.394340e-06	1.87653	0
4.395379e-06	1.87646	0
4.396418e-06	1.8764	0
4.397457e-06	1.87633	0
4.398496e-06	1.87627	0
4.399535e-06	1.8762	0
4.400574e-06	1.87614	0
4.401613e-06	1.87608	0
4.402652e-06	1.87601	0
4.403691e-06	1.87595	0
4.404730e-06	1.87588	0
4.405769e-06	1.87582	0
4.406808e-06	1.87575	0
4.407847e-06	1.87569	0
4.408886e-06	1.87562	0
4.409925e-06	1.87556	0
4.410964e-06	1.8755	0
4.412003e-06	1.87543	0
4.413042e-06	1.87537	0
4.414081e-06	1.8753	0
4.415120e-06	1.87524	0
4.416159e-06	1.87517	0
4.417198e-06	1.87511	0
4.418237e-06	1.87504	0
4.419276e-06	1.87498	0
4.420315e-06	1.87492	0
4.421354e-06	1.87485	0
4.422393e-06	1.87479	0
4.423432e-06	1.87472	0
4.424471e-06	1.87466	0
4.425510e-06	1.87459	0
4.426549e-06	1.87453	0
4.427588e-06	1.87446	0
4.428627e-06	1.8744	0
4.429666e-06	1.87433	0
4.430705e-06	1.87427	0
4.431744e-06	1.8742	0
4.432783e-06	1.87414	0
4.433822e-06	1.87407	0
4.434861e-06	1.87401	0
4.435900e-06	1.87394	0
4.436939e-06	1.87388	0
4.437978e-06	1.87381	0
4.439017e-06	1.87375	0
4.440056e-06	1.87368	0
4.441095e-06	1.87362	0
4.442134e-06	1.87356	0
4.443173e-06	1.87349	0
4.444212e-06	1.87343	0
4.445251e-06	1.87336	0
4.446290e-06	1.8733	0
4.447329e-06	1.87323	0
4.448368e-06	1.87316	0
4.449407e-06	1.8731	0
4.450446e-06	1.87303	0
4.451485e-06	1.87297	0
4.452524e-06	1.8729	0
4.453563e-06	1.87284	0
4.454602e-06	1.87277	0
4.455641e-06	1.87271	0
4.456680e-06	1.87264	0
4.457719e-06	1.87258	0
4.458758e-06	1.87251	0
4.459797e-06	1.87245	0
4.460836e-06	1.87238	0
4.461875e-06	1.87232	0
4.462914e-06	1.87225	0
4.463953e-06	1.87219	0
4.464992e-06	1.87212	0
4.466031e-06	1.87206	0
4.467070e-06	1.87199	0
4.468109e-06	1.87193	0
4.469148e-06	1.87186	0
4.470187e-06	1.87179	0
4.471226e-06	1.87173	0
4.472265e-06	1.87166	0
4.473304e-06	1.8716	0
4.474343e-06	1.87153	0
4.475382e-06	1.87147	0
4.476421e-06	1.8714	0
4.477460e-06	1.87134	0
4.478499e-06	1.87127	0
4.479538e-06	1.87121	0
4.480577e-06	1.87114	0
4.481616e-06	1.87107	0
4.482655e-06	1.87101	0
4.483694e-06	1.87094	0
4.484733e-06	1.87088	0
4.485772e-06	1.87081	0
4.486811e-06	1.87075	0
4.487850e-06	1.87068	0
4.488889e-06	1.87061	0
4.489928e-06	1.87055	0
4.490967e-06	1.87048	0
4.492006e-06	1.87042	0
4.493045e-06	1.87035	0
4.494084e-06	1.87029	0
4.495123e-06	1.87022	0
4.496162e-06	1.87015	0
4.497201e-06	1.87009	0
4.498240e-06	1.87002	0
4.499279e-06	1.86996	0
4.500318e-06	1.86989	0
4.501357e-06	1.86982	0
4.502396e-06	1.86976	0
4.503435e-06	1.86969	0
4.504474e-06	1.86963	0
4.505514e-06	1.86956	0
4.506553e-06	1.86949	0
4.507592e-06	1.86943	0
4.508631e-06	1.86936	0
4.509670e-06	1.8693	0
4.510709e-06	1.86923	0
4.511748e-06	1.86916	0
4.512787e-06	1.8691	0
4.513826e-06	1.86903	0
4.514865e-06	1.86897	0
4.515904e-06	1.8689	0
4.516943e-06	1.86883	0
4.517982e-06	1.86877	0
4.519021e-06	1.8687	0
4.520060e-06	1.86863	0
4.521099e-06	1.86857	0
4.522138e-06	1.8685	0
4.523177e-06	1.86844	0
4.524216e-06	1.86837	0
4.525255e-06	1.8683	0
4.526294e-06	1.86824	0
4.527333e-06	1.86817	0
4.528372e-06	1.8681	0
4.529411e-06	1.86804	0
4.530450e-06	1.86797	0
4.531489e-06	1.86791	0
4.532528e-06	1.86784	0
4.533567e-06	1.86777	0
4.534606e-06	1.86771	0
4.535645e-06	1.86764	0
4.536684e-06	1.86757	0
4.537723e-06	1.86751	0
4.538762e-06	1.86744	0
4.539801e-06	1.86737	0
4.540840e-06	1.86731	0
4.541879e-06	1.86724	0
4.542918e-06	1.86717	0
4.543957e-06	1.86711	0
4.544996e-06	1.86704	0
4.546035e-06	1.86697	0
4.547074e-06	1.86691	0
4.548113e-06	1.86684	0
4.549152e-06	1.86677	0
4.550191e-06	1.86671	0
4.551230e-06	1.86664	0
4.552269e-06	1.86657	0
4.553308e-06	1.86651	0
4.554347e-06	1.86644	0
4.555386e-06	1.86637	0
4.556425e-06	1.86631	0
4.557464e-06	1.86624	0
4.558503e-06	1.86617	0
4.559542e-06	1.8661	0
4.560581e-06	1.86604	0
4.561620e-06	1.86597	0
4.562659e-06	1.8659	0
4.563698e-06	1.86584	0
4.564737e-06	1.86577	0
4.565776e-06	1.8657	0
4.566815e-06	1.86564	0
4.567854e-06	1.86557	0
4.568893e-06	1.8655	0
4.569932e-06	1.86544	0
4.570971e-06	1.86537	0
4.572010e-06	1.8653	0
4.573049e-06	1.86523	0
4.574088e-06	1.86517	0
4.575127e-06	1.8651	0
4.576166e-06	1.86503	0
4.577205e-06	1.86497	0
4.578244e-06	1.8649	0
4.579283e-06	1.86483	0
4.580322e-06	1.86476	0
4.581361e-06	1.8647	0
4.582400e-06	1.86463	0
4.583439e-06	1.86456	0
4.584478e-06	1.86449	0
4.585517e-06	1.86443	0
4.586556e-06	1.86436	0
4.587595e-06	1.86429	0
4.588634e-06	1.86422	0
4.589673e-06	1.86416	0
4.590712e-06	1.86409	0
4.591751e-06	1.86402	0
4.592790e-06	1.86396	0
4.593829e-06	1.86389	0
4.594868e-06	1.86382	0
4.595907e-06	1.86375	0
4.596946e-06	1.86369	0
4.597985e-06	1.86362	0
4.599024e-06	1.86355	0
4.600063e-06	1.86348	0
4.601102e-06	1.86341	0
4.602141e-06	1.86335	0
4.603180e-06	1.86328	0
4.604219e-06	1.86321	0
4.605258e-06	1.86314	0
4.606297e-06	1.86308	0
4.607336e-06	1.86301	0
4.608375e-06	1.86294	0
4.609414e-06	1.86287	0
4.610453e-06	1.86281	0
4.611492e-06	1.86274	0
4.612531e-06	1.86267	0
4.613570e-06	1.8626	0
4.614609e-06	1.86253	0
4.615648e-06	1.86247	0
4.616687e-06	1.8624	0
4.617726e-06	1.86233	0
4.618765e-06	1.86226	0
4.619804e-06	1.8622	0
4.620843e-06	1.86213	0
4.621882e-06	1.86206	0
4.622921e-06	1.86199	0
4.623960e-06	1.86192	0
4.624999e-06	1.86186	0
4.626038e-06	1.86179	0
4.627077e-06	1.86172	0
4.628116e-06	1.86165	0
4.629155e-06	1.86158	0
4.630194e-06	1.86152	0
4.631233e-06	1.86145	0
4.632272e-06	1.86138	0
4.633311e-06	1.86131	0
4.634350e-06	1.86124	0
4.635389e-06	1.86117	0
4.636428e-06	1.86111	0
4.637467e-06	1.86104	0
4.638507e-06	1.86097	0
4.639546e-06	1.8609	0
4.640585e-06	1.86083	0
4.641624e-06	1.86077	0
4.642663e-06	1.8607	0
4.643702e-06	1.86063	0
4.644741e-06	1.86056	0
4.645780e-06	1.86049	0
4.646819e-06	1.86042	0
4.647858e-06	1.86036	0
4.648897e-06	1.86029	0
4.649936e-06	1.86022	0
4.650975e-06	1.86015	0
4.652014e-06	1.86008	0
4.653053e-06	1.86001	0
4.654092e-06	1.85994	0
4.655131e-06	1.85988	0
4.656170e-06	1.85981	0
4.657209e-06	1.85974	0
4.658248e-06	1.85967	0
4.659287e-06	1.8596	0
4.660326e-06	1.85953	0
4.661365e-06	1.85946	0
4.662404e-06	1.8594	0
4.663443e-06	1.85933	0
4.664482e-06	1.85926	0
4.665521e-06	1.85919	0
4.666560e-06	1.85912	0
4.667599e-06	1.85905	0
4.668638e-06	1.85898	0
4.669677e-06	1.85892	0
4.670716e-06	1.85885	0
4.671755e-06	1.85878	0
4.672794e-06	1.85871	0
4.673833e-06	1.85864	0
4.674872e-06	1.85857	0
4.675911e-06	1.8585	0
4.676950e-06	1.85843	0
4.677989e-06	1.85836	0
4.679028e-06	1.8583	0
4.680067e-06	1.85823	0
4.681106e-06	1.85816	0
4.682145e-06	1.85809	0
4.683184e-06	1.85802	0
4.684223e-06	1.85795	0
4.685262e-06	1.85788	0
4.686301e-06	1.85781	0
4.687340e-06	1.85774	0
4.688379e-06	1.85767	0
4.689418e-06	1.85761	0
4.690457e-06	1.85754	0
4.691496e-06	1.85747	0
4.692535e-06	1.8574	0
4.693574e-06	1.85733	0
4.694613e-06	1.85726	0
4.695652e-06	1.85719	0
4.696691e-06	1.85712	0
4.697730e-06	1.85705	0
4.698769e-06	1.85698	0
4.699808e-06	1.85691	0
4.700847e-06	1.85684	0
4.701886e-06	1.85678	0
4.702925e-06	1.85671	0
4.703964e-06	1.85664	0
4.705003e-06	1.85657	0
4.706042e-06	1.8565	0
4.707081e-06	1.85643	0
4.708120e-06	1.85636	0
4.709159e-06	1.85629	0
4.710198e-06	1.85622	0
4.711237e-06	1.85615	0
4.712276e-06	1.85608	0
4.713315e-06	1.85601	0
4.714354e-06	1.85594	0
4.715393e-06	1.85587	0
4.716432e-06	1.8558	0
4.717471e-06	1.85573	0
4.718510e-06	1.85566	0
4.719549e-06	1.85559	0
4.720588e-06	1.85552	0
4.721627e-06	1.85546	0
4.722666e-06	1.85539	0
4.723705e-06	1.85532	0
4.724744e-06	1.85525	0
4.725783e-06	1.85518	0
4.726822e-06	1.85511	0
4.727861e-06	1.85504	0
4.728900e-06	1.85497	0
4.729939e-06	1.8549	0
4.730978e-06	1.85483	0
4.732017e-06	1.85476	0
4.733056e-06	1.85469	0
4.734095e-06	1.85462	0
4.735134e-06	1.85455	0
4.736173e-06	1.85448	0
4.737212e-06	1.85441	0
4.738251e-06	1.85434	0
4.739290e-06	1.85427	0
4.740329e-06	1.8542	0
4.741368e-06	1.85413	0
4.742407e-06	1.85406	0
4.743446e-06	1.85399	0
4.744485e-06	1.85392	0
4.745524e-06	1.85385	0
4.746563e-06	1.85378	0
4.747602e-06	1.85371	0
4.748641e-06	1.85364	0
4.749680e-06	1.85357	0
4.750719e-06	1.8535	0
4.751758e-06	1.85343	0
4.752797e-06	1.85336	0
4.753836e-06	1.85329	0
4.754875e-06	1.85322	0
4.755914e-06	1.85315	0
4.756953e-06	1.85308	0
4.757992e-06	1.85301	0
4.759031e-06	1.85294	0
4.760070e-06	1.85287	0
4.761109e-06	1.8528	0
4.762148e-06	1.85273	0
4.763187e-06	1.85266	0
4.764226e-06	1.85259	0
4.765265e-06	1.85251	0
4.766304e-06	1.85244	0
4.767343e-06	1.85237	0
4.768382e-06	1.8523	0
4.769421e-06	1.85223	0
4.770460e-06	1.85216	0
4.771499e-06	1.85209	0
4.772539e-06	1.85202	0
4.773578e-06	1.85195	0
4.774617e-06	1.85188	0
4.775656e-06	1.85181	0
4.776695e-06	1.85174	0
4.777734e-06	1.85167	0
4.778773e-06	1.8516	0
4.779812e-06	1.85153	0
4.780851e-06	1.85146	0
4.781890e-06	1.85139	0
4.782929e-06	1.85132	0
4.783968e-06	1.85125	0
4.785007e-06	1.85117	0
4.786046e-06	1.8511	0
4.787085e-06	1.85103	0
4.788124e-06	1.85096	0
4.789163e-06	1.85089	0
4.790202e-06	1.85082	0
4.791241e-06	1.85075	0
4.792280e-06	1.85068	0
4.793319e-06	1.85061	0
4.794358e-06	1.85054	0
4.795397e-06	1.85047	0
4.796436e-06	1.8504	0
4.797475e-06	1.85032	0
4.798514e-06	1.85025	0
4.799553e-06	1.85018	0
4.800592e-06	1.85011	0
4.801631e-06	1.85004	0
4.802670e-06	1.84997	0
4.803709e-06	1.8499	0
4.804748e-06	1.84983	0
4.805787e-06	1.84976	0
4.806826e-06	1.84969	0
4.807865e-06	1.84961	0
4.808904e-06	1.84954	0
4.809943e-06	1.84947	0
4.810982e-06	1.8494	0
4.812021e-06	1.84933	0
4.813060e-06	1.84926	0
4.814099e-06	1.84919	0
4.815138e-06	1.84912	0
4.816177e-06	1.84904	0
4.817216e-06	1.84897	0
4.818255e-06	1.8489	0
4.819294e-06	1.84883	0
4.820333e-06	1.84876	0
4.821372e-06	1.84869	0
4.822411e-06	1.84862	0
4.823450e-06	1.84855	0
4.824489e-06	1.84847	0
4.825528e-06	1.8484	0
4.826567e-06	1.84833	0
4.827606e-06	1.84826	0
4.828645e-06	1.84819	0
4.829684e-06	1.84812	0
4.830723e-06	1.84805	0
4.831762e-06	1.84797	0
4.832801e-06	1.8479	0
4.833840e-06	1.84783	0
4.834879e-06	1.84776	0
4.835918e-06	1.84769	0
4.836957e-06	1.84762	0
4.837996e-06	1.84754	0
4.839035e-06	1.84747	0
4.840074e-06	1.8474	0
4.841113e-06	1.84733	0
4.842152e-06	1.84726	0
4.843191e-06	1.84719	0
4.844230e-06	1.84711	0
4.845269e-06	1.84704	0
4.846308e-06	1.84697	0
4.847347e-06	1.8469	0
4.848386e-06	1.84683	0
4.849425e-06	1.84676	0
4.850464e-06	1.84668	0
4.851503e-06	1.84661	0
4.852542e-06	1.84654	0
4.853581e-06	1.84647	0
4.854620e-06	1.8464	0
4.855659e-06	1.84632	0
4.856698e-06	1.84625	0
4.857737e-06	1.84618	0
4.858776e-06	1.84611	0
4.859815e-06	1.84604	0
4.860854e-06	1.84596	0
4.861893e-06	1.84589	0
4.862932e-06	1.84582	0
4.863971e-06	1.84575	0
4.865010e-06	1.84568	0
4.866049e-06	1.8456	0
4.867088e-06	1.84553	0
4.868127e-06	1.84546	0
4.869166e-06	1.84539	0
4.870205e-06	1.84532	0
4.871244e-06	1.84524	0
4.872283e-06	1.84517	0
4.873322e-06	1.8451	0
4.874361e-06	1.84503	0
4.875400e-06	1.84495	0
4.876439e-06	1.84488	0
4.877478e-06	1.84481	0
4.878517e-06	1.84474	0
4.879556e-06	1.84467	0
4.880595e-06	1.84459	0
4.881634e-06	1.84452	0
4.882673e-06	1.84445	0
4.883712e-06	1.84438	0
4.884751e-06	1.8443	0
4.885790e-06	1.84423	0
4.886829e-06	1.84416	0
4.887868e-06	1.84409	0
4.888907e-06	1.84401	0
4.889946e-06	1.84394	0
4.890985e-06	1.84387	0
4.892024e-06	1.8438	0
4.893063e-06	1.84372	0
4.894102e-06	1.84365	0
4.895141e-06	1.84358	0
4.896180e-06	1.84351	0
4.897219e-06	1.84343	0
4.898258e-06	1.84336	0
4.899297e-06	1.84329	0
4.900336e-06	1.84321	0
4.901375e-06	1.84314	0
4.902414e-06	1.84307	0
4.903453e-06	1.843	0
4.904492e-06	1.84292	0
4.905532e-06	1.84285	0
4.906571e-06	1.84278	0
4.907610e-06	1.84271	0
4.908649e-06	1.84263	0
4.909688e-06	1.84256	0
4.910727e-06	1.84249	0
4.911766e-06	1.84241	0
4.912805e-06	1.84234	0
4.913844e-06	1.84227	0
4.914883e-06	1.84219	0
4.915922e-06	1.84212	0
4.916961e-06	1.84205	0
4.918000e-06	1.84198	0
4.919039e-06	1.8419	0
4.920078e-06	1.84183	0
4.921117e-06	1.84176	0
4.922156e-06	1.84168	0
4.923195e-06	1.84161	0
4.924234e-06	1.84154	0
4.925273e-06	1.84146	0
4.926312e-06	1.84139	0
4.927351e-06	1.84132	0
4.928390e-06	1.84124	0
4.929429e-06	1.84117	0
4.930468e-06	1.8411	0
4.931507e-06	1.84102	0
4.932546e-06	1.84095	0
4.933585e-06	1.84088	0
4.934624e-06	1.84081	0
4.935663e-06	1.84073	0
4.936702e-06	1.84066	0
4.937741e-06	1.84059	0
4.938780e-06	1.84051	0
4.939819e-06	1.84044	0
4.940858e-06	1.84036	0
4.941897e-06	1.84029	0
4.942936e-06	1.84022	0
4.943975e-06	1.84014	0
4.945014e-06	1.84007	0
4.946053e-06	1.84	0
4.947092e-06	1.83992	0
4.948131e-06	1.83985	0
4.949170e-06	1.83978	0
4.950209e-06	1.8397	0
4.951248e-06	1.83963	0
4.952287e-06	1.83956	0
4.953326e-06	1.83948	0
4.954365e-06	1.83941	0
4.955404e-06	1.83934	0
4.956443e-06	1.83926	0
4.957482e-06	1.83919	0
4.958521e-06	1.83911	0
4.959560e-06	1.83904	0
4.960599e-06	1.83897	0
4.961638e-06	1.83889	0
4.962677e-06	1.83882	0
4.963716e-06	1.83875	0
4.964755e-06	1.83867	0
4.965794e-06	1.8386	0
4.966833e-06	1.83852	0
4.967872e-06	1.83845	0
4.968911e-06	1.83838	0
4.969950e-06	1.8383	0
4.970989e-06	1.83823	0
4.972028e-06	1.83815	0
4.973067e-06	1.83808	0
4.974106e-06	1.83801	0
4.975145e-06	1.83793	0
4.976184e-06	1.83786	0
4.977223e-06	1.83778	0
4.978262e-06	1.83771	0
4.979301e-06	1.83764	0
4.980340e-06	1.83756	0
4.981379e-06	1.83749	0
4.982418e-06	1.83741	0
4.983457e-06	1.83734	0
4.984496e-06	1.83727	0
4.985535e-06	1.83719	0
4.986574e-06	1.83712	0
4.987613e-06	1.83704	0
4.988652e-06	1.83697	0
4.989691e-06	1.83689	0
4.990730e-06	1.83682	0
4.991769e-06	1.83675	0
4.992808e-06	1.83667	0
4.993847e-06	1.8366	0
4.994886e-06	1.83652	0
4.995925e-06	1.83645	0
4.996964e-06	1.83637	0
4.998003e-06	1.8363	0
4.999042e-06	1.83623	0
5.000081e-06	1.83615	0
5.001120e-06	1.83608	0
5.002159e-06	1.836	0
5.003198e-06	1.83593	0
5.004237e-06	1.83585	0
5.005276e-06	1.83578	0
5.006315e-06	1.8357	0
5.007354e-06	1.83563	0
5.008393e-06	1.83555	0
5.009432e-06	1.83548	0
5.010471e-06	1.83541	0
5.011510e-06	1.83533	0
5.012549e-06	1.83526	0
5.013588e-06	1.83518	0
5.014627e-06	1.83511	0
5.015666e-06	1.83503	0
5.016705e-06	1.83496	0
5.017744e-06	1.83488	0
5.018783e-06	1.83481	0
5.019822e-06	1.83473	0
5.020861e-06	1.83466	0
5.021900e-06	1.83458	0
5.022939e-06	1.83451	0
5.023978e-06	1.83443	0
5.025017e-06	1.83436	0
5.026056e-06	1.83428	0
5.027095e-06	1.83421	0
5.028134e-06	1.83413	0
5.029173e-06	1.83406	0
5.030212e-06	1.83398	0
5.031251e-06	1.83391	0
5.032290e-06	1.83383	0
5.033329e-06	1.83376	0
5.034368e-06	1.83368	0
5.035407e-06	1.83361	0
5.036446e-06	1.83353	0
5.037485e-06	1.83346	0
5.038525e-06	1.83338	0
5.039564e-06	1.83331	0
5.040603e-06	1.83323	0
5.041642e-06	1.83316	0
5.042681e-06	1.83308	0
5.043720e-06	1.83301	0
5.044759e-06	1.83293	0
5.045798e-06	1.83286	0
5.046837e-06	1.83278	0
5.047876e-06	1.83271	0
5.048915e-06	1.83263	0
5.049954e-06	1.83256	0
5.050993e-06	1.83248	0
5.052032e-06	1.83241	0
5.053071e-06	1.83233	0
5.054110e-06	1.83225	0
5.055149e-06	1.83218	0
5.056188e-06	1.8321	0
5.057227e-06	1.83203	0
5.058266e-06	1.83195	0
5.059305e-06	1.83188	0
5.060344e-06	1.8318	0
5.061383e-06	1.83173	0
5.062422e-06	1.83165	0
5.063461e-06	1.83157	0
5.064500e-06	1.8315	0
5.065539e-06	1.83142	0
5.066578e-06	1.83135	0
5.067617e-06	1.83127	0
5.068656e-06	1.8312	0
5.069695e-06	1.83112	0
5.070734e-06	1.83105	0
5.071773e-06	1.83097	0
5.072812e-06	1.83089	0
5.073851e-06	1.83082	0
5.074890e-06	1.83074	0
5.075929e-06	1.83067	0
5.076968e-06	1.83059	0
5.078007e-06	1.83051	0
5.079046e-06	1.83044	0
5.080085e-06	1.83036	0
5.081124e-06	1.83029	0
5.082163e-06	1.83021	0
5.083202e-06	1.83014	0
5.084241e-06	1.83006	0
5.085280e-06	1.82998	0
5.086319e-06	1.82991	0
5.087358e-06	1.82983	0
5.088397e-06	1.82976	0
5.089436e-06	1.82968	0
5.090475e-06	1.8296	0
5.091514e-06	1.82953	0
5.092553e-06	1.82945	0
5.093592e-06	1.82938	0
5.094631e-06	1.8293	0
5.095670e-06	1.82922	0
5.096709e-06	1.82915	0
5.097748e-06	1.82907	0
5.098787e-06	1.82899	0
5.099826e-06	1.82892	0
5.100865e-06	1.82884	0
5.101904e-06	1.82877	0
5.102943e-06	1.82869	0
5.103982e-06	1.82861	0
5.105021e-06	1.82854	0
5.106060e-06	1.82846	0
5.107099e-06	1.82838	0
5.108138e-06	1.82831	0
5.109177e-06	1.82823	0
5.110216e-06	1.82816	0
5.111255e-06	1.82808	0
5.112294e-06	1.828	0
5.113333e-06	1.82793	0
5.114372e-06	1.82785	0
5.115411e-06	1.82777	0
5.116450e-06	1.8277	0
5.117489e-06	1.82762	0
5.118528e-06	1.82754	0
5.119567e-06	1.82747	0
5.120606e-06	1.82739	0
5.121645e-06	1.82731	0
5.122684e-06	1.82724	0
5.123723e-06	1.82716	0
5.124762e-06	1.82708	0
5.125801e-06	1.82701	0
5.126840e-06	1.82693	0
5.127879e-06	1.82685	0
5.128918e-06	1.82678	0
5.129957e-06	1.8267	0
5.130996e-06	1.82662	0
5.132035e-06	1.82655	0
5.133074e-06	1.82647	0
5.134113e-06	1.82639	0
5.135152e-06	1.82632	0
5.136191e-06	1.82624	0
5.137230e-06	1.82616	0
5.138269e-06	1.82609	0
5.139308e-06	1.82601	0
5.140347e-06	1.82593	0
5.141386e-06	1.82585	0
5.142425e-06	1.82578	0
5.143464e-06	1.8257	0
5.144503e-06	1.82562	0
5.145542e-06	1.82555	0
5.146581e-06	1.82547	0
5.147620e-06	1.82539	0
5.148659e-06	1.82532	0
5.149698e-06	1.82524	0
5.150737e-06	1.82516	0
5.151776e-06	1.82508	0
5.152815e-06	1.82501	0
5.153854e-06	1.82493	0
5.154893e-06	1.82485	0
5.155932e-06	1.82478	0
5.156971e-06	1.8247	0
5.158010e-06	1.82462	0
5.159049e-06	1.82454	0
5.160088e-06	1.82447	0
5.161127e-06	1.82439	0
5.162166e-06	1.82431	0
5.163205e-06	1.82423	0
5.164244e-06	1.82416	0
5.165283e-06	1.82408	0
5.166322e-06	1.824	0
5.167361e-06	1.82392	0
5.168400e-06	1.82385	0
5.169439e-06	1.82377	0
5.170478e-06	1.82369	0
5.171518e-06	1.82361	0
5.172557e-06	1.82354	0
5.173596e-06	1.82346	0
5.174635e-06	1.82338	0
5.175674e-06	1.8233	0
5.176713e-06	1.82323	0
5.177752e-06	1.82315	0
5.178791e-06	1.82307	0
5.179830e-06	1.82299	0
5.180869e-06	1.82292	0
5.181908e-06	1.82284	0
5.182947e-06	1.82276	0
5.183986e-06	1.82268	0
5.185025e-06	1.82261	0
5.186064e-06	1.82253	0
5.187103e-06	1.82245	0
5.188142e-06	1.82237	0
5.189181e-06	1.82229	0
5.190220e-06	1.82222	0
5.191259e-06	1.82214	0
5.192298e-06	1.82206	0
5.193337e-06	1.82198	0
5.194376e-06	1.82191	0
5.195415e-06	1.82183	0
5.196454e-06	1.82175	0
5.197493e-06	1.82167	0
5.198532e-06	1.82159	0
5.199571e-06	1.82152	0
5.200610e-06	1.82144	0
5.201649e-06	1.82136	0
5.202688e-06	1.82128	0
5.203727e-06	1.8212	0
5.204766e-06	1.82113	0
5.205805e-06	1.82105	0
5.206844e-06	1.82097	0
5.207883e-06	1.82089	0
5.208922e-06	1.82081	0
5.209961e-06	1.82073	0
5.211000e-06	1.82066	0
5.212039e-06	1.82058	0
5.213078e-06	1.8205	0
5.214117e-06	1.82042	0
5.215156e-06	1.82034	0
5.216195e-06	1.82026	0
5.217234e-06	1.82019	0
5.218273e-06	1.82011	0
5.219312e-06	1.82003	0
5.220351e-06	1.81995	0
5.221390e-06	1.81987	0
5.222429e-06	1.81979	0
5.223468e-06	1.81972	0
5.224507e-06	1.81964	0
5.225546e-06	1.81956	0
5.226585e-06	1.81948	0
5.227624e-06	1.8194	0
5.228663e-06	1.81932	0
5.229702e-06	1.81925	0
5.230741e-06	1.81917	0
5.231780e-06	1.81909	0
5.232819e-06	1.81901	0
5.233858e-06	1.81893	0
5.234897e-06	1.81885	0
5.235936e-06	1.81877	0
5.236975e-06	1.8187	0
5.238014e-06	1.81862	0
5.239053e-06	1.81854	0
5.240092e-06	1.81846	0
5.241131e-06	1.81838	0
5.242170e-06	1.8183	0
5.243209e-06	1.81822	0
5.244248e-06	1.81814	0
5.245287e-06	1.81806	0
5.246326e-06	1.81799	0
5.247365e-06	1.81791	0
5.248404e-06	1.81783	0
5.249443e-06	1.81775	0
5.250482e-06	1.81767	0
5.251521e-06	1.81759	0
5.252560e-06	1.81751	0
5.253599e-06	1.81743	0
5.254638e-06	1.81735	0
5.255677e-06	1.81728	0
5.256716e-06	1.8172	0
5.257755e-06	1.81712	0
5.258794e-06	1.81704	0
5.259833e-06	1.81696	0
5.260872e-06	1.81688	0
5.261911e-06	1.8168	0
5.262950e-06	1.81672	0
5.263989e-06	1.81664	0
5.265028e-06	1.81656	0
5.266067e-06	1.81648	0
5.267106e-06	1.81641	0
5.268145e-06	1.81633	0
5.269184e-06	1.81625	0
5.270223e-06	1.81617	0
5.271262e-06	1.81609	0
5.272301e-06	1.81601	0
5.273340e-06	1.81593	0
5.274379e-06	1.81585	0
5.275418e-06	1.81577	0
5.276457e-06	1.81569	0
5.277496e-06	1.81561	0
5.278535e-06	1.81553	0
5.279574e-06	1.81545	0
5.280613e-06	1.81537	0
5.281652e-06	1.81529	0
5.282691e-06	1.81521	0
5.283730e-06	1.81514	0
5.284769e-06	1.81506	0
5.285808e-06	1.81498	0
5.286847e-06	1.8149	0
5.287886e-06	1.81482	0
5.288925e-06	1.81474	0
5.289964e-06	1.81466	0
5.291003e-06	1.81458	0
5.292042e-06	1.8145	0
5.293081e-06	1.81442	0
5.294120e-06	1.81434	0
5.295159e-06	1.81426	0
5.296198e-06	1.81418	0
5.297237e-06	1.8141	0
5.298276e-06	1.81402	0
5.299315e-06	1.81394	0
5.300354e-06	1.81386	0
5.301393e-06	1.81378	0
5.302432e-06	1.8137	0
5.303471e-06	1.81362	0
5.304511e-06	1.81354	0
5.305550e-06	1.81346	0
5.306589e-06	1.81338	0
5.307628e-06	1.8133	0
5.308667e-06	1.81322	0
5.309706e-06	1.81314	0
5.310745e-06	1.81306	0
5.311784e-06	1.81298	0
5.312823e-06	1.8129	0
5.313862e-06	1.81282	0
5.314901e-06	1.81274	0
5.315940e-06	1.81266	0
5.316979e-06	1.81258	0
5.318018e-06	1.8125	0
5.319057e-06	1.81242	0
5.320096e-06	1.81234	0
5.321135e-06	1.81226	0
5.322174e-06	1.81218	0
5.323213e-06	1.8121	0
5.324252e-06	1.81202	0
5.325291e-06	1.81194	0
5.326330e-06	1.81186	0
5.327369e-06	1.81178	0
5.328408e-06	1.8117	0
5.329447e-06	1.81162	0
5.330486e-06	1.81154	0
5.331525e-06	1.81146	0
5.332564e-06	1.81138	0
5.333603e-06	1.8113	0
5.334642e-06	1.81121	0
5.335681e-06	1.81113	0
5.336720e-06	1.81105	0
5.337759e-06	1.81097	0
5.338798e-06	1.81089	0
5.339837e-06	1.81081	0
5.340876e-06	1.81073	0
5.341915e-06	1.81065	0
5.342954e-06	1.81057	0
5.343993e-06	1.81049	0
5.345032e-06	1.81041	0
5.346071e-06	1.81033	0
5.347110e-06	1.81025	0
5.348149e-06	1.81017	0
5.349188e-06	1.81009	0
5.350227e-06	1.81001	0
5.351266e-06	1.80992	0
5.352305e-06	1.80984	0
5.353344e-06	1.80976	0
5.354383e-06	1.80968	0
5.355422e-06	1.8096	0
5.356461e-06	1.80952	0
5.357500e-06	1.80944	0
5.358539e-06	1.80936	0
5.359578e-06	1.80928	0
5.360617e-06	1.8092	0
5.361656e-06	1.80912	0
5.362695e-06	1.80904	0
5.363734e-06	1.80895	0
5.364773e-06	1.80887	0
5.365812e-06	1.80879	0
5.366851e-06	1.80871	0
5.367890e-06	1.80863	0
5.368929e-06	1.80855	0
5.369968e-06	1.80847	0
5.371007e-06	1.80839	0
5.372046e-06	1.80831	0
5.373085e-06	1.80822	0
5.374124e-06	1.80814	0
5.375163e-06	1.80806	0
5.376202e-06	1.80798	0
5.377241e-06	1.8079	0
5.378280e-06	1.80782	0
5.379319e-06	1.80774	0
5.380358e-06	1.80766	0
5.381397e-06	1.80757	0
5.382436e-06	1.80749	0
5.383475e-06	1.80741	0
5.384514e-06	1.80733	0
5.385553e-06	1.80725	0
5.386592e-06	1.80717	0
5.387631e-06	1.80709	0
5.388670e-06	1.807	0
5.389709e-06	1.80692	0
5.390748e-06	1.80684	0
5.391787e-06	1.80676	0
5.392826e-06	1.80668	0
5.393865e-06	1.8066	0
5.394904e-06	1.80652	0
5.395943e-06	1.80643	0
5.396982e-06	1.80635	0
5.398021e-06	1.80627	0
5.399060e-06	1.80619	0
5.400099e-06	1.80611	0
5.401138e-06	1.80603	0
5.402177e-06	1.80594	0
5.403216e-06	1.80586	0
5.404255e-06	1.80578	0
5.405294e-06	1.8057	0
5.406333e-06	1.80562	0
5.407372e-06	1.80554	0
5.408411e-06	1.80545	0
5.409450e-06	1.80537	0
5.410489e-06	1.80529	0
5.411528e-06	1.80521	0
5.412567e-06	1.80513	0
5.413606e-06	1.80504	0
5.414645e-06	1.80496	0
5.415684e-06	1.80488	0
5.416723e-06	1.8048	0
5.417762e-06	1.80472	0
5.418801e-06	1.80463	0
5.419840e-06	1.80455	0
5.420879e-06	1.80447	0
5.421918e-06	1.80439	0
5.422957e-06	1.80431	0
5.423996e-06	1.80422	0
5.425035e-06	1.80414	0
5.426074e-06	1.80406	0
5.427113e-06	1.80398	0
5.428152e-06	1.8039	0
5.429191e-06	1.80381	0
5.430230e-06	1.80373	0
5.431269e-06	1.80365	0
5.432308e-06	1.80357	0
5.433347e-06	1.80348	0
5.434386e-06	1.8034	0
5.435425e-06	1.80332	0
5.436464e-06	1.80324	0
5.437504e-06	1.80315	0
5.438543e-06	1.80307	0
5.439582e-06	1.80299	0
5.440621e-06	1.80291	0
5.441660e-06	1.80282	0
5.442699e-06	1.80274	0
5.443738e-06	1.80266	0
5.444777e-06	1.80258	0
5.445816e-06	1.8025	0
5.446855e-06	1.80241	0
5.447894e-06	1.80233	0
5.448933e-06	1.80225	0
5.449972e-06	1.80216	0
5.451011e-06	1.80208	0
5.452050e-06	1.802	0
5.453089e-06	1.80192	0
5.454128e-06	1.80183	0
5.455167e-06	1.80175	0
5.456206e-06	1.80167	0
5.457245e-06	1.80159	0
5.458284e-06	1.8015	0
5.459323e-06	1.80142	0
5.460362e-06	1.80134	0
5.461401e-06	1.80125	0
5.462440e-06	1.80117	0
5.463479e-06	1.80109	0
5.464518e-06	1.80101	0
5.465557e-06	1.80092	0
5.466596e-06	1.80084	0
5.467635e-06	1.80076	0
5.468674e-06	1.80067	0
5.469713e-06	1.80059	0
5.470752e-06	1.80051	0
5.471791e-06	1.80043	0
5.472830e-06	1.80034	0
5.473869e-06	1.80026	0
5.474908e-06	1.80018	0
5.475947e-06	1.80009	0
5.476986e-06	1.80001	0
5.478025e-06	1.79993	0
5.479064e-06	1.79984	0
5.480103e-06	1.79976	0
5.481142e-06	1.79968	0
5.482181e-06	1.79959	0
5.483220e-06	1.79951	0
5.484259e-06	1.79943	0
5.485298e-06	1.79935	0
5.486337e-06	1.79926	0
5.487376e-06	1.79918	0
5.488415e-06	1.7991	0
5.489454e-06	1.79901	0
5.490493e-06	1.79893	0
5.491532e-06	1.79885	0
5.492571e-06	1.79876	0
5.493610e-06	1.79868	0
5.494649e-06	1.79859	0
5.495688e-06	1.79851	0
5.496727e-06	1.79843	0
5.497766e-06	1.79834	0
5.498805e-06	1.79826	0
5.499844e-06	1.79818	0
5.500883e-06	1.79809	0
5.501922e-06	1.79801	0
5.502961e-06	1.79793	0
5.504000e-06	1.79784	0
