Wavelength(m)	n	k
# material: SiO2
# source: 1) I. H. Malitson. Interspecimen comparison of the refractive index of fused silica. J. Opt. Soc. Am. 55, 1205-1208 (1965) 2) C. Z. Tan. Determination of refractive index of silica glass for infrared wavelengths by IR spectroscopy. J. Non-Cryst. Solids 223, 158-163 (1998) * Sellmeier formula is reported in Ref. 1 for the 0.21-3.71 um wavelength range. Ref. 2 verifies the validity of the formula up to 6.7 um.
# conditions: Fused silica, 20 degC
# upstream: polyanskiy/refractiveindex.info-database@ff11b58 main/SiO2/nk/Malitson.yml
# type: formula 1
# note: dispersion formula sampled at 5000 points; k set to 0
# range: 2.1000e-07 - 6.7000e-06 m
# converted: 2026-07-31 by tools/convert_refractiveindex_info.py (wavelength um -> m)
2.100000e-07	1.53836	0
2.112983e-07	1.53696	0
2.125965e-07	1.5356	0
2.138948e-07	1.53427	0
2.151930e-07	1.53297	0
2.164913e-07	1.53171	0
2.177896e-07	1.53048	0
2.190878e-07	1.52928	0
2.203861e-07	1.52811	0
2.216843e-07	1.52696	0
2.229826e-07	1.52585	0
2.242809e-07	1.52475	0
2.255791e-07	1.52369	0
2.268774e-07	1.52265	0
2.281756e-07	1.52163	0
2.294739e-07	1.52063	0
2.307722e-07	1.51966	0
2.320704e-07	1.51871	0
2.333687e-07	1.51778	0
2.346669e-07	1.51687	0
2.359652e-07	1.51598	0
2.372635e-07	1.51511	0
2.385617e-07	1.51425	0
2.398600e-07	1.51342	0
2.411582e-07	1.5126	0
2.424565e-07	1.5118	0
2.437548e-07	1.51101	0
2.450530e-07	1.51024	0
2.463513e-07	1.50949	0
2.476495e-07	1.50875	0
2.489478e-07	1.50802	0
2.502460e-07	1.50731	0
2.515443e-07	1.50662	0
2.528426e-07	1.50593	0
2.541408e-07	1.50526	0
2.554391e-07	1.5046	0
2.567373e-07	1.50396	0
2.580356e-07	1.50332	0
2.593339e-07	1.5027	0
2.606321e-07	1.50209	0
2.619304e-07	1.50149	0
2.632286e-07	1.5009	0
2.645269e-07	1.50033	0
2.658252e-07	1.49976	0
2.671234e-07	1.4992	0
2.684217e-07	1.49865	0
2.697199e-07	1.49812	0
2.710182e-07	1.49759	0
2.723165e-07	1.49707	0
2.736147e-07	1.49656	0
2.749130e-07	1.49605	0
2.762112e-07	1.49556	0
2.775095e-07	1.49507	0
2.788078e-07	1.4946	0
2.801060e-07	1.49413	0
2.814043e-07	1.49366	0
2.827025e-07	1.49321	0
2.840008e-07	1.49276	0
2.852991e-07	1.49232	0
2.865973e-07	1.49189	0
2.878956e-07	1.49146	0
2.891938e-07	1.49104	0
2.904921e-07	1.49063	0
2.917904e-07	1.49022	0
2.930886e-07	1.48982	0
2.943869e-07	1.48943	0
2.956851e-07	1.48904	0
2.969834e-07	1.48866	0
2.982817e-07	1.48828	0
2.995799e-07	1.48791	0
3.008782e-07	1.48755	0
3.021764e-07	1.48719	0
3.034747e-07	1.48683	0
3.047730e-07	1.48648	0
3.060712e-07	1.48614	0
3.073695e-07	1.4858	0
3.086677e-07	1.48546	0
3.099660e-07	1.48514	0
3.112643e-07	1.48481	0
3.125625e-07	1.48449	0
3.138608e-07	1.48417	0
3.151590e-07	1.48386	0
3.164573e-07	1.48356	0
3.177556e-07	1.48325	0
3.190538e-07	1.48295	0
3.203521e-07	1.48266	0
3.216503e-07	1.48237	0
3.229486e-07	1.48208	0
3.242468e-07	1.4818	0
3.255451e-07	1.48152	0
3.268434e-07	1.48125	0
3.281416e-07	1.48097	0
3.294399e-07	1.48071	0
3.307381e-07	1.48044	0
3.320364e-07	1.48018	0
3.333347e-07	1.47992	0
3.346329e-07	1.47967	0
3.359312e-07	1.47942	0
3.372294e-07	1.47917	0
3.385277e-07	1.47893	0
3.398260e-07	1.47868	0
3.411242e-07	1.47844	0
3.424225e-07	1.47821	0
3.437207e-07	1.47798	0
3.450190e-07	1.47775	0
3.463173e-07	1.47752	0
3.476155e-07	1.4773	0
3.489138e-07	1.47707	0
3.502120e-07	1.47686	0
3.515103e-07	1.47664	0
3.528086e-07	1.47643	0
3.541068e-07	1.47622	0
3.554051e-07	1.47601	0
3.567033e-07	1.4758	0
3.580016e-07	1.4756	0
3.592999e-07	1.4754	0
3.605981e-07	1.4752	0
3.618964e-07	1.475	0
3.631946e-07	1.47481	0
3.644929e-07	1.47462	0
3.657912e-07	1.47443	0
3.670894e-07	1.47424	0
3.683877e-07	1.47405	0
3.696859e-07	1.47387	0
3.709842e-07	1.47369	0
3.722825e-07	1.47351	0
3.735807e-07	1.47333	0
3.748790e-07	1.47316	0
3.761772e-07	1.47298	0
3.774755e-07	1.47281	0
3.787738e-07	1.47264	0
3.800720e-07	1.47248	0
3.813703e-07	1.47231	0
3.826685e-07	1.47215	0
3.839668e-07	1.47198	0
3.852651e-07	1.47182	0
3.865633e-07	1.47166	0
3.878616e-07	1.47151	0
3.891598e-07	1.47135	0
3.904581e-07	1.4712	0
3.917564e-07	1.47105	0
3.930546e-07	1.4709	0
3.943529e-07	1.47075	0
3.956511e-07	1.4706	0
3.969494e-07	1.47045	0
3.982476e-07	1.47031	0
3.995459e-07	1.47017	0
4.008442e-07	1.47002	0
4.021424e-07	1.46988	0
4.034407e-07	1.46975	0
4.047389e-07	1.46961	0
4.060372e-07	1.46947	0
4.073355e-07	1.46934	0
4.086337e-07	1.4692	0
4.099320e-07	1.46907	0
4.112302e-07	1.46894	0
4.125285e-07	1.46881	0
4.138268e-07	1.46869	0
4.151250e-07	1.46856	0
4.164233e-07	1.46843	0
4.177215e-07	1.46831	0
4.190198e-07	1.46819	0
4.203181e-07	1.46806	0
4.216163e-07	1.46794	0
4.229146e-07	1.46782	0
4.242128e-07	1.46771	0
4.255111e-07	1.46759	0
4.268094e-07	1.46747	0
4.281076e-07	1.46736	0
4.294059e-07	1.46724	0
4.307041e-07	1.46713	0
4.320024e-07	1.46702	0
4.333007e-07	1.46691	0
4.345989e-07	1.4668	0
4.358972e-07	1.46669	0
4.371954e-07	1.46658	0
4.384937e-07	1.46647	0
4.397920e-07	1.46637	0
4.410902e-07	1.46626	0
4.423885e-07	1.46616	0
4.436867e-07	1.46605	0
4.449850e-07	1.46595	0
4.462833e-07	1.46585	0
4.475815e-07	1.46575	0
4.488798e-07	1.46565	0
4.501780e-07	1.46555	0
4.514763e-07	1.46545	0
4.527746e-07	1.46536	0
4.540728e-07	1.46526	0
4.553711e-07	1.46517	0
4.566693e-07	1.46507	0
4.579676e-07	1.46498	0
4.592659e-07	1.46488	0
4.605641e-07	1.46479	0
4.618624e-07	1.4647	0
4.631606e-07	1.46461	0
4.644589e-07	1.46452	0
4.657572e-07	1.46443	0
4.670554e-07	1.46434	0
4.683537e-07	1.46426	0
4.696519e-07	1.46417	0
4.709502e-07	1.46408	0
4.722484e-07	1.464	0
4.735467e-07	1.46391	0
4.748450e-07	1.46383	0
4.761432e-07	1.46375	0
4.774415e-07	1.46366	0
4.787397e-07	1.46358	0
4.800380e-07	1.4635	0
4.813363e-07	1.46342	0
4.826345e-07	1.46334	0
4.839328e-07	1.46326	0
4.852310e-07	1.46318	0
4.865293e-07	1.4631	0
4.878276e-07	1.46303	0
4.891258e-07	1.46295	0
4.904241e-07	1.46287	0
4.917223e-07	1.4628	0
4.930206e-07	1.46272	0
4.943189e-07	1.46265	0
4.956171e-07	1.46257	0
4.969154e-07	1.4625	0
4.982136e-07	1.46243	0
4.995119e-07	1.46235	0
5.008102e-07	1.46228	0
5.021084e-07	1.46221	0
5.034067e-07	1.46214	0
5.047049e-07	1.46207	0
5.060032e-07	1.462	0
5.073015e-07	1.46193	0
5.085997e-07	1.46186	0
5.098980e-07	1.46179	0
5.111962e-07	1.46173	0
5.124945e-07	1.46166	0
5.137928e-07	1.46159	0
5.150910e-07	1.46153	0
5.163893e-07	1.46146	0
5.176875e-07	1.4614	0
5.189858e-07	1.46133	0
5.202841e-07	1.46127	0
5.215823e-07	1.4612	0
5.228806e-07	1.46114	0
5.241788e-07	1.46108	0
5.254771e-07	1.46101	0
5.267754e-07	1.46095	0
5.280736e-07	1.46089	0
5.293719e-07	1.46083	0
5.306701e-07	1.46077	0
5.319684e-07	1.46071	0
5.332667e-07	1.46065	0
5.345649e-07	1.46059	0
5.358632e-07	1.46053	0
5.371614e-07	1.46047	0
5.384597e-07	1.46041	0
5.397580e-07	1.46035	0
5.410562e-07	1.4603	0
5.423545e-07	1.46024	0
5.436527e-07	1.46018	0
5.449510e-07	1.46013	0
5.462492e-07	1.46007	0
5.475475e-07	1.46001	0
5.488458e-07	1.45996	0
5.501440e-07	1.4599	0
5.514423e-07	1.45985	0
5.527405e-07	1.4598	0
5.540388e-07	1.45974	0
5.553371e-07	1.45969	0
5.566353e-07	1.45964	0
5.579336e-07	1.45958	0
5.592318e-07	1.45953	0
5.605301e-07	1.45948	0
5.618284e-07	1.45943	0
5.631266e-07	1.45938	0
5.644249e-07	1.45932	0
5.657231e-07	1.45927	0
5.670214e-07	1.45922	0
5.683197e-07	1.45917	0
5.696179e-07	1.45912	0
5.709162e-07	1.45907	0
5.722144e-07	1.45902	0
5.735127e-07	1.45897	0
5.748110e-07	1.45893	0
5.761092e-07	1.45888	0
5.774075e-07	1.45883	0
5.787057e-07	1.45878	0
5.800040e-07	1.45873	0
5.813023e-07	1.45869	0
5.826005e-07	1.45864	0
5.838988e-07	1.45859	0
5.851970e-07	1.45855	0
5.864953e-07	1.4585	0
5.877936e-07	1.45846	0
5.890918e-07	1.45841	0
5.903901e-07	1.45836	0
5.916883e-07	1.45832	0
5.929866e-07	1.45827	0
5.942849e-07	1.45823	0
5.955831e-07	1.45819	0
5.968814e-07	1.45814	0
5.981796e-07	1.4581	0
5.994779e-07	1.45806	0
6.007762e-07	1.45801	0
6.020744e-07	1.45797	0
6.033727e-07	1.45793	0
6.046709e-07	1.45788	0
6.059692e-07	1.45784	0
6.072675e-07	1.4578	0
6.085657e-07	1.45776	0
6.098640e-07	1.45772	0
6.111622e-07	1.45767	0
6.124605e-07	1.45763	0
6.137588e-07	1.45759	0
6.150570e-07	1.45755	0
6.163553e-07	1.45751	0
6.176535e-07	1.45747	0
6.189518e-07	1.45743	0
6.202501e-07	1.45739	0
6.215483e-07	1.45735	0
6.228466e-07	1.45731	0
6.241448e-07	1.45727	0
6.254431e-07	1.45723	0
6.267413e-07	1.4572	0
6.280396e-07	1.45716	0
6.293379e-07	1.45712	0
6.306361e-07	1.45708	0
6.319344e-07	1.45704	0
6.332326e-07	1.45701	0
6.345309e-07	1.45697	0
6.358292e-07	1.45693	0
6.371274e-07	1.45689	0
6.384257e-07	1.45686	0
6.397239e-07	1.45682	0
6.410222e-07	1.45678	0
6.423205e-07	1.45675	0
6.436187e-07	1.45671	0
6.449170e-07	1.45667	0
6.462152e-07	1.45664	0
6.475135e-07	1.4566	0
6.488118e-07	1.45657	0
6.501100e-07	1.45653	0
6.514083e-07	1.4565	0
6.527065e-07	1.45646	0
6.540048e-07	1.45643	0
6.553031e-07	1.45639	0
6.566013e-07	1.45636	0
6.578996e-07	1.45632	0
6.591978e-07	1.45629	0
6.604961e-07	1.45626	0
6.617944e-07	1.45622	0
6.630926e-07	1.45619	0
6.643909e-07	1.45615	0
6.656891e-07	1.45612	0
6.669874e-07	1.45609	0
6.682857e-07	1.45605	0
6.695839e-07	1.45602	0
6.708822e-07	1.45599	0
6.721804e-07	1.45596	0
6.734787e-07	1.45592	0
6.747770e-07	1.45589	0
6.760752e-07	1.45586	0
6.773735e-07	1.45583	0
6.786717e-07	1.4558	0
6.799700e-07	1.45576	0
6.812683e-07	1.45573	0
6.825665e-07	1.4557	0
6.838648e-07	1.45567	0
6.851630e-07	1.45564	0
6.864613e-07	1.45561	0
6.877596e-07	1.45558	0
6.890578e-07	1.45555	0
6.903561e-07	1.45552	0
6.916543e-07	1.45549	0
6.929526e-07	1.45545	0
6.942509e-07	1.45542	0
6.955491e-07	1.45539	0
6.968474e-07	1.45536	0
6.981456e-07	1.45533	0
6.994439e-07	1.45531	0
7.007421e-07	1.45528	0
7.020404e-07	1.45525	0
7.033387e-07	1.45522	0
7.046369e-07	1.45519	0
7.059352e-07	1.45516	0
7.072334e-07	1.45513	0
7.085317e-07	1.4551	0
7.098300e-07	1.45507	0
7.111282e-07	1.45504	0
7.124265e-07	1.45501	0
7.137247e-07	1.45499	0
7.150230e-07	1.45496	0
7.163213e-07	1.45493	0
7.176195e-07	1.4549	0
7.189178e-07	1.45487	0
7.202160e-07	1.45485	0
7.215143e-07	1.45482	0
7.228126e-07	1.45479	0
7.241108e-07	1.45476	0
7.254091e-07	1.45474	0
7.267073e-07	1.45471	0
7.280056e-07	1.45468	0
7.293039e-07	1.45465	0
7.306021e-07	1.45463	0
7.319004e-07	1.4546	0
7.331986e-07	1.45457	0
7.344969e-07	1.45455	0
7.357952e-07	1.45452	0
7.370934e-07	1.45449	0
7.383917e-07	1.45447	0
7.396899e-07	1.45444	0
7.409882e-07	1.45442	0
7.422865e-07	1.45439	0
7.435847e-07	1.45436	0
7.448830e-07	1.45434	0
7.461812e-07	1.45431	0
7.474795e-07	1.45429	0
7.487778e-07	1.45426	0
7.500760e-07	1.45424	0
7.513743e-07	1.45421	0
7.526725e-07	1.45418	0
7.539708e-07	1.45416	0
7.552691e-07	1.45413	0
7.565673e-07	1.45411	0
7.578656e-07	1.45408	0
7.591638e-07	1.45406	0
7.604621e-07	1.45403	0
7.617604e-07	1.45401	0
7.630586e-07	1.45399	0
7.643569e-07	1.45396	0
7.656551e-07	1.45394	0
7.669534e-07	1.45391	0
7.682517e-07	1.45389	0
7.695499e-07	1.45386	0
7.708482e-07	1.45384	0
7.721464e-07	1.45382	0
7.734447e-07	1.45379	0
7.747429e-07	1.45377	0
7.760412e-07	1.45374	0
7.773395e-07	1.45372	0
7.786377e-07	1.4537	0
7.799360e-07	1.45367	0
7.812342e-07	1.45365	0
7.825325e-07	1.45363	0
7.838308e-07	1.4536	0
7.851290e-07	1.45358	0
7.864273e-07	1.45356	0
7.877255e-07	1.45353	0
7.890238e-07	1.45351	0
7.903221e-07	1.45349	0
7.916203e-07	1.45346	0
7.929186e-07	1.45344	0
7.942168e-07	1.45342	0
7.955151e-07	1.4534	0
7.968134e-07	1.45337	0
7.981116e-07	1.45335	0
7.994099e-07	1.45333	0
8.007081e-07	1.45331	0
8.020064e-07	1.45328	0
8.033047e-07	1.45326	0
8.046029e-07	1.45324	0
8.059012e-07	1.45322	0
8.071994e-07	1.45319	0
8.084977e-07	1.45317	0
8.097960e-07	1.45315	0
8.110942e-07	1.45313	0
8.123925e-07	1.45311	0
8.136907e-07	1.45308	0
8.149890e-07	1.45306	0
8.162873e-07	1.45304	0
8.175855e-07	1.45302	0
8.188838e-07	1.453	0
8.201820e-07	1.45298	0
8.214803e-07	1.45295	0
8.227786e-07	1.45293	0
8.240768e-07	1.45291	0
8.253751e-07	1.45289	0
8.266733e-07	1.45287	0
8.279716e-07	1.45285	0
8.292699e-07	1.45283	0
8.305681e-07	1.45281	0
8.318664e-07	1.45279	0
8.331646e-07	1.45276	0
8.344629e-07	1.45274	0
8.357612e-07	1.45272	0
8.370594e-07	1.4527	0
8.383577e-07	1.45268	0
8.396559e-07	1.45266	0
8.409542e-07	1.45264	0
8.422525e-07	1.45262	0
8.435507e-07	1.4526	0
8.448490e-07	1.45258	0
8.461472e-07	1.45256	0
8.474455e-07	1.45254	0
8.487437e-07	1.45252	0
8.500420e-07	1.4525	0
8.513403e-07	1.45248	0
8.526385e-07	1.45246	0
8.539368e-07	1.45244	0
8.552350e-07	1.45242	0
8.565333e-07	1.4524	0
8.578316e-07	1.45238	0
8.591298e-07	1.45236	0
8.604281e-07	1.45234	0
8.617263e-07	1.45232	0
8.630246e-07	1.4523	0
8.643229e-07	1.45228	0
8.656211e-07	1.45226	0
8.669194e-07	1.45224	0
8.682176e-07	1.45222	0
8.695159e-07	1.4522	0
8.708142e-07	1.45218	0
8.721124e-07	1.45216	0
8.734107e-07	1.45214	0
8.747089e-07	1.45212	0
8.760072e-07	1.4521	0
8.773055e-07	1.45208	0
8.786037e-07	1.45206	0
8.799020e-07	1.45205	0
8.812002e-07	1.45203	0
8.824985e-07	1.45201	0
8.837968e-07	1.45199	0
8.850950e-07	1.45197	0
8.863933e-07	1.45195	0
8.876915e-07	1.45193	0
8.889898e-07	1.45191	0
8.902881e-07	1.45189	0
8.915863e-07	1.45187	0
8.928846e-07	1.45186	0
8.941828e-07	1.45184	0
8.954811e-07	1.45182	0
8.967794e-07	1.4518	0
8.980776e-07	1.45178	0
8.993759e-07	1.45176	0
9.006741e-07	1.45174	0
9.019724e-07	1.45173	0
9.032707e-07	1.45171	0
9.045689e-07	1.45169	0
9.058672e-07	1.45167	0
9.071654e-07	1.45165	0
9.084637e-07	1.45163	0
9.097620e-07	1.45162	0
9.110602e-07	1.4516	0
9.123585e-07	1.45158	0
9.136567e-07	1.45156	0
9.149550e-07	1.45154	0
9.162533e-07	1.45152	0
9.175515e-07	1.45151	0
9.188498e-07	1.45149	0
9.201480e-07	1.45147	0
9.214463e-07	1.45145	0
9.227445e-07	1.45143	0
9.240428e-07	1.45142	0
9.253411e-07	1.4514	0
9.266393e-07	1.45138	0
9.279376e-07	1.45136	0
9.292358e-07	1.45135	0
9.305341e-07	1.45133	0
9.318324e-07	1.45131	0
9.331306e-07	1.45129	0
9.344289e-07	1.45127	0
9.357271e-07	1.45126	0
9.370254e-07	1.45124	0
9.383237e-07	1.45122	0
9.396219e-07	1.4512	0
9.409202e-07	1.45119	0
9.422184e-07	1.45117	0
9.435167e-07	1.45115	0
9.448150e-07	1.45113	0
9.461132e-07	1.45112	0
9.474115e-07	1.4511	0
9.487097e-07	1.45108	0
9.500080e-07	1.45107	0
9.513063e-07	1.45105	0
9.526045e-07	1.45103	0
9.539028e-07	1.45101	0
9.552010e-07	1.451	0
9.564993e-07	1.45098	0
9.577976e-07	1.45096	0
9.590958e-07	1.45094	0
9.603941e-07	1.45093	0
9.616923e-07	1.45091	0
9.629906e-07	1.45089	0
9.642889e-07	1.45088	0
9.655871e-07	1.45086	0
9.668854e-07	1.45084	0
9.681836e-07	1.45083	0
9.694819e-07	1.45081	0
9.707802e-07	1.45079	0
9.720784e-07	1.45077	0
9.733767e-07	1.45076	0
9.746749e-07	1.45074	0
9.759732e-07	1.45072	0
9.772715e-07	1.45071	0
9.785697e-07	1.45069	0
9.798680e-07	1.45067	0
9.811662e-07	1.45066	0
9.824645e-07	1.45064	0
9.837628e-07	1.45062	0
9.850610e-07	1.45061	0
9.863593e-07	1.45059	0
9.876575e-07	1.45057	0
9.889558e-07	1.45056	0
9.902541e-07	1.45054	0
9.915523e-07	1.45052	0
9.928506e-07	1.45051	0
9.941488e-07	1.45049	0
9.954471e-07	1.45047	0
9.967453e-07	1.45046	0
9.980436e-07	1.45044	0
9.993419e-07	1.45043	0
1.000640e-06	1.45041	0
1.001938e-06	1.45039	0
1.003237e-06	1.45038	0
1.004535e-06	1.45036	0
1.005833e-06	1.45034	0
1.007131e-06	1.45033	0
1.008430e-06	1.45031	0
1.009728e-06	1.4503	0
1.011026e-06	1.45028	0
1.012324e-06	1.45026	0
1.013623e-06	1.45025	0
1.014921e-06	1.45023	0
1.016219e-06	1.45021	0
1.017518e-06	1.4502	0
1.018816e-06	1.45018	0
1.020114e-06	1.45017	0
1.021412e-06	1.45015	0
1.022711e-06	1.45013	0
1.024009e-06	1.45012	0
1.025307e-06	1.4501	0
1.026605e-06	1.45009	0
1.027904e-06	1.45007	0
1.029202e-06	1.45005	0
1.030500e-06	1.45004	0
1.031798e-06	1.45002	0
1.033097e-06	1.45001	0
1.034395e-06	1.44999	0
1.035693e-06	1.44997	0
1.036991e-06	1.44996	0
1.038290e-06	1.44994	0
1.039588e-06	1.44993	0
1.040886e-06	1.44991	0
1.042184e-06	1.44989	0
1.043483e-06	1.44988	0
1.044781e-06	1.44986	0
1.046079e-06	1.44985	0
1.047377e-06	1.44983	0
1.048676e-06	1.44982	0
1.049974e-06	1.4498	0
1.051272e-06	1.44978	0
1.052571e-06	1.44977	0
1.053869e-06	1.44975	0
1.055167e-06	1.44974	0
1.056465e-06	1.44972	0
1.057764e-06	1.44971	0
1.059062e-06	1.44969	0
1.060360e-06	1.44967	0
1.061658e-06	1.44966	0
1.062957e-06	1.44964	0
1.064255e-06	1.44963	0
1.065553e-06	1.44961	0
1.066851e-06	1.4496	0
1.068150e-06	1.44958	0
1.069448e-06	1.44957	0
1.070746e-06	1.44955	0
1.072044e-06	1.44953	0
1.073343e-06	1.44952	0
1.074641e-06	1.4495	0
1.075939e-06	1.44949	0
1.077237e-06	1.44947	0
1.078536e-06	1.44946	0
1.079834e-06	1.44944	0
1.081132e-06	1.44943	0
1.082430e-06	1.44941	0
1.083729e-06	1.4494	0
1.085027e-06	1.44938	0
1.086325e-06	1.44936	0
1.087624e-06	1.44935	0
1.088922e-06	1.44933	0
1.090220e-06	1.44932	0
1.091518e-06	1.4493	0
1.092817e-06	1.44929	0
1.094115e-06	1.44927	0
1.095413e-06	1.44926	0
1.096711e-06	1.44924	0
1.098010e-06	1.44923	0
1.099308e-06	1.44921	0
1.100606e-06	1.4492	0
1.101904e-06	1.44918	0
1.103203e-06	1.44917	0
1.104501e-06	1.44915	0
1.105799e-06	1.44914	0
1.107097e-06	1.44912	0
1.108396e-06	1.44911	0
1.109694e-06	1.44909	0
1.110992e-06	1.44907	0
1.112290e-06	1.44906	0
1.113589e-06	1.44904	0
1.114887e-06	1.44903	0
1.116185e-06	1.44901	0
1.117483e-06	1.449	0
1.118782e-06	1.44898	0
1.120080e-06	1.44897	0
1.121378e-06	1.44895	0
1.122677e-06	1.44894	0
1.123975e-06	1.44892	0
1.125273e-06	1.44891	0
1.126571e-06	1.44889	0
1.127870e-06	1.44888	0
1.129168e-06	1.44886	0
1.130466e-06	1.44885	0
1.131764e-06	1.44883	0
1.133063e-06	1.44882	0
1.134361e-06	1.4488	0
1.135659e-06	1.44879	0
1.136957e-06	1.44877	0
1.138256e-06	1.44876	0
1.139554e-06	1.44874	0
1.140852e-06	1.44873	0
1.142150e-06	1.44871	0
1.143449e-06	1.4487	0
1.144747e-06	1.44868	0
1.146045e-06	1.44867	0
1.147343e-06	1.44865	0
1.148642e-06	1.44864	0
1.149940e-06	1.44862	0
1.151238e-06	1.44861	0
1.152537e-06	1.44859	0
1.153835e-06	1.44858	0
1.155133e-06	1.44856	0
1.156431e-06	1.44855	0
1.157730e-06	1.44853	0
1.159028e-06	1.44852	0
1.160326e-06	1.4485	0
1.161624e-06	1.44849	0
1.162923e-06	1.44847	0
1.164221e-06	1.44846	0
1.165519e-06	1.44844	0
1.166817e-06	1.44843	0
1.168116e-06	1.44841	0
1.169414e-06	1.4484	0
1.170712e-06	1.44838	0
1.172010e-06	1.44837	0
1.173309e-06	1.44835	0
1.174607e-06	1.44834	0
1.175905e-06	1.44832	0
1.177203e-06	1.44831	0
1.178502e-06	1.4483	0
1.179800e-06	1.44828	0
1.181098e-06	1.44827	0
1.182396e-06	1.44825	0
1.183695e-06	1.44824	0
1.184993e-06	1.44822	0
1.186291e-06	1.44821	0
1.187590e-06	1.44819	0
1.188888e-06	1.44818	0
1.190186e-06	1.44816	0
1.191484e-06	1.44815	0
1.192783e-06	1.44813	0
1.194081e-06	1.44812	0
1.195379e-06	1.4481	0
1.196677e-06	1.44809	0
1.197976e-06	1.44807	0
1.199274e-06	1.44806	0
1.200572e-06	1.44804	0
1.201870e-06	1.44803	0
1.203169e-06	1.44801	0
1.204467e-06	1.448	0
1.205765e-06	1.44798	0
1.207063e-06	1.44797	0
1.208362e-06	1.44796	0
1.209660e-06	1.44794	0
1.210958e-06	1.44793	0
1.212256e-06	1.44791	0
1.213555e-06	1.4479	0
1.214853e-06	1.44788	0
1.216151e-06	1.44787	0
1.217449e-06	1.44785	0
1.218748e-06	1.44784	0
1.220046e-06	1.44782	0
1.221344e-06	1.44781	0
1.222643e-06	1.44779	0
1.223941e-06	1.44778	0
1.225239e-06	1.44776	0
1.226537e-06	1.44775	0
1.227836e-06	1.44773	0
1.229134e-06	1.44772	0
1.230432e-06	1.4477	0
1.231730e-06	1.44769	0
1.233029e-06	1.44768	0
1.234327e-06	1.44766	0
1.235625e-06	1.44765	0
1.236923e-06	1.44763	0
1.238222e-06	1.44762	0
1.239520e-06	1.4476	0
1.240818e-06	1.44759	0
1.242116e-06	1.44757	0
1.243415e-06	1.44756	0
1.244713e-06	1.44754	0
1.246011e-06	1.44753	0
1.247309e-06	1.44751	0
1.248608e-06	1.4475	0
1.249906e-06	1.44748	0
1.251204e-06	1.44747	0
1.252503e-06	1.44745	0
1.253801e-06	1.44744	0
1.255099e-06	1.44743	0
1.256397e-06	1.44741	0
1.257696e-06	1.4474	0
1.258994e-06	1.44738	0
1.260292e-06	1.44737	0
1.261590e-06	1.44735	0
1.262889e-06	1.44734	0
1.264187e-06	1.44732	0
1.265485e-06	1.44731	0
1.266783e-06	1.44729	0
1.268082e-06	1.44728	0
1.269380e-06	1.44726	0
1.270678e-06	1.44725	0
1.271976e-06	1.44723	0
1.273275e-06	1.44722	0
1.274573e-06	1.44721	0
1.275871e-06	1.44719	0
1.277169e-06	1.44718	0
1.278468e-06	1.44716	0
1.279766e-06	1.44715	0
1.281064e-06	1.44713	0
1.282362e-06	1.44712	0
1.283661e-06	1.4471	0
1.284959e-06	1.44709	0
1.286257e-06	1.44707	0
1.287556e-06	1.44706	0
1.288854e-06	1.44704	0
1.290152e-06	1.44703	0
1.291450e-06	1.44701	0
1.292749e-06	1.447	0
1.294047e-06	1.44698	0
1.295345e-06	1.44697	0
1.296643e-06	1.44696	0
1.297942e-06	1.44694	0
1.299240e-06	1.44693	0
1.300538e-06	1.44691	0
1.301836e-06	1.4469	0
1.303135e-06	1.44688	0
1.304433e-06	1.44687	0
1.305731e-06	1.44685	0
1.307029e-06	1.44684	0
1.308328e-06	1.44682	0
1.309626e-06	1.44681	0
1.310924e-06	1.44679	0
1.312222e-06	1.44678	0
1.313521e-06	1.44676	0
1.314819e-06	1.44675	0
1.316117e-06	1.44674	0
1.317415e-06	1.44672	0
1.318714e-06	1.44671	0
1.320012e-06	1.44669	0
1.321310e-06	1.44668	0
1.322609e-06	1.44666	0
1.323907e-06	1.44665	0
1.325205e-06	1.44663	0
1.326503e-06	1.44662	0
1.327802e-06	1.4466	0
1.329100e-06	1.44659	0
1.330398e-06	1.44657	0
1.331696e-06	1.44656	0
1.332995e-06	1.44654	0
1.334293e-06	1.44653	0
1.335591e-06	1.44651	0
1.336889e-06	1.4465	0
1.338188e-06	1.44648	0
1.339486e-06	1.44647	0
1.340784e-06	1.44646	0
1.342082e-06	1.44644	0
1.343381e-06	1.44643	0
1.344679e-06	1.44641	0
1.345977e-06	1.4464	0
1.347275e-06	1.44638	0
1.348574e-06	1.44637	0
1.349872e-06	1.44635	0
1.351170e-06	1.44634	0
1.352468e-06	1.44632	0
1.353767e-06	1.44631	0
1.355065e-06	1.44629	0
1.356363e-06	1.44628	0
1.357662e-06	1.44626	0
1.358960e-06	1.44625	0
1.360258e-06	1.44623	0
1.361556e-06	1.44622	0
1.362855e-06	1.4462	0
1.364153e-06	1.44619	0
1.365451e-06	1.44617	0
1.366749e-06	1.44616	0
1.368048e-06	1.44614	0
1.369346e-06	1.44613	0
1.370644e-06	1.44612	0
1.371942e-06	1.4461	0
1.373241e-06	1.44609	0
1.374539e-06	1.44607	0
1.375837e-06	1.44606	0
1.377135e-06	1.44604	0
1.378434e-06	1.44603	0
1.379732e-06	1.44601	0
1.381030e-06	1.446	0
1.382328e-06	1.44598	0
1.383627e-06	1.44597	0
1.384925e-06	1.44595	0
1.386223e-06	1.44594	0
1.387522e-06	1.44592	0
1.388820e-06	1.44591	0
1.390118e-06	1.44589	0
1.391416e-06	1.44588	0
1.392715e-06	1.44586	0
1.394013e-06	1.44585	0
1.395311e-06	1.44583	0
1.396609e-06	1.44582	0
1.397908e-06	1.4458	0
1.399206e-06	1.44579	0
1.400504e-06	1.44577	0
1.401802e-06	1.44576	0
1.403101e-06	1.44574	0
1.404399e-06	1.44573	0
1.405697e-06	1.44571	0
1.406995e-06	1.4457	0
1.408294e-06	1.44568	0
1.409592e-06	1.44567	0
1.410890e-06	1.44565	0
1.412188e-06	1.44564	0
1.413487e-06	1.44562	0
1.414785e-06	1.44561	0
1.416083e-06	1.44559	0
1.417381e-06	1.44558	0
1.418680e-06	1.44556	0
1.419978e-06	1.44555	0
1.421276e-06	1.44553	0
1.422575e-06	1.44552	0
1.423873e-06	1.4455	0
1.425171e-06	1.44549	0
1.426469e-06	1.44547	0
1.427768e-06	1.44546	0
1.429066e-06	1.44544	0
1.430364e-06	1.44543	0
1.431662e-06	1.44541	0
1.432961e-06	1.4454	0
1.434259e-06	1.44538	0
1.435557e-06	1.44537	0
1.436855e-06	1.44535	0
1.438154e-06	1.44534	0
1.439452e-06	1.44532	0
1.440750e-06	1.44531	0
1.442048e-06	1.44529	0
1.443347e-06	1.44528	0
1.444645e-06	1.44526	0
1.445943e-06	1.44525	0
1.447241e-06	1.44523	0
1.448540e-06	1.44522	0
1.449838e-06	1.4452	0
1.451136e-06	1.44519	0
1.452434e-06	1.44517	0
1.453733e-06	1.44516	0
1.455031e-06	1.44514	0
1.456329e-06	1.44513	0
1.457628e-06	1.44511	0
1.458926e-06	1.4451	0
1.460224e-06	1.44508	0
1.461522e-06	1.44507	0
1.462821e-06	1.44505	0
1.464119e-06	1.44504	0
1.465417e-06	1.44502	0
1.466715e-06	1.44501	0
1.468014e-06	1.44499	0
1.469312e-06	1.44498	0
1.470610e-06	1.44496	0
1.471908e-06	1.44495	0
1.473207e-06	1.44493	0
1.474505e-06	1.44492	0
1.475803e-06	1.4449	0
1.477101e-06	1.44489	0
1.478400e-06	1.44487	0
1.479698e-06	1.44486	0
1.480996e-06	1.44484	0
1.482294e-06	1.44483	0
1.483593e-06	1.44481	0
1.484891e-06	1.4448	0
1.486189e-06	1.44478	0
1.487487e-06	1.44476	0
1.488786e-06	1.44475	0
1.490084e-06	1.44473	0
1.491382e-06	1.44472	0
1.492681e-06	1.4447	0
1.493979e-06	1.44469	0
1.495277e-06	1.44467	0
1.496575e-06	1.44466	0
1.497874e-06	1.44464	0
1.499172e-06	1.44463	0
1.500470e-06	1.44461	0
1.501768e-06	1.4446	0
1.503067e-06	1.44458	0
1.504365e-06	1.44457	0
1.505663e-06	1.44455	0
1.506961e-06	1.44454	0
1.508260e-06	1.44452	0
1.509558e-06	1.4445	0
1.510856e-06	1.44449	0
1.512154e-06	1.44447	0
1.513453e-06	1.44446	0
1.514751e-06	1.44444	0
1.516049e-06	1.44443	0
1.517347e-06	1.44441	0
1.518646e-06	1.4444	0
1.519944e-06	1.44438	0
1.521242e-06	1.44437	0
1.522541e-06	1.44435	0
1.523839e-06	1.44434	0
1.525137e-06	1.44432	0
1.526435e-06	1.4443	0
1.527734e-06	1.44429	0
1.529032e-06	1.44427	0
1.530330e-06	1.44426	0
1.531628e-06	1.44424	0
1.532927e-06	1.44423	0
1.534225e-06	1.44421	0
1.535523e-06	1.4442	0
1.536821e-06	1.44418	0
1.538120e-06	1.44417	0
1.539418e-06	1.44415	0
1.540716e-06	1.44413	0
1.542014e-06	1.44412	0
1.543313e-06	1.4441	0
1.544611e-06	1.44409	0
1.545909e-06	1.44407	0
1.547207e-06	1.44406	0
1.548506e-06	1.44404	0
1.549804e-06	1.44403	0
1.551102e-06	1.44401	0
1.552400e-06	1.44399	0
1.553699e-06	1.44398	0
1.554997e-06	1.44396	0
1.556295e-06	1.44395	0
1.557594e-06	1.44393	0
1.558892e-06	1.44392	0
1.560190e-06	1.4439	0
1.561488e-06	1.44389	0
1.562787e-06	1.44387	0
1.564085e-06	1.44385	0
1.565383e-06	1.44384	0
1.566681e-06	1.44382	0
1.567980e-06	1.44381	0
1.569278e-06	1.44379	0
1.570576e-06	1.44378	0
1.571874e-06	1.44376	0
1.573173e-06	1.44374	0
1.574471e-06	1.44373	0
1.575769e-06	1.44371	0
1.577067e-06	1.4437	0
1.578366e-06	1.44368	0
1.579664e-06	1.44367	0
1.580962e-06	1.44365	0
1.582260e-06	1.44363	0
1.583559e-06	1.44362	0
1.584857e-06	1.4436	0
1.586155e-06	1.44359	0
1.587453e-06	1.44357	0
1.588752e-06	1.44356	0
1.590050e-06	1.44354	0
1.591348e-06	1.44352	0
1.592647e-06	1.44351	0
1.593945e-06	1.44349	0
1.595243e-06	1.44348	0
1.596541e-06	1.44346	0
1.597840e-06	1.44345	0
1.599138e-06	1.44343	0
1.600436e-06	1.44341	0
1.601734e-06	1.4434	0
1.603033e-06	1.44338	0
1.604331e-06	1.44337	0
1.605629e-06	1.44335	0
1.606927e-06	1.44333	0
1.608226e-06	1.44332	0
1.609524e-06	1.4433	0
1.610822e-06	1.44329	0
1.612120e-06	1.44327	0
1.613419e-06	1.44325	0
1.614717e-06	1.44324	0
1.616015e-06	1.44322	0
1.617313e-06	1.44321	0
1.618612e-06	1.44319	0
1.619910e-06	1.44318	0
1.621208e-06	1.44316	0
1.622507e-06	1.44314	0
1.623805e-06	1.44313	0
1.625103e-06	1.44311	0
1.626401e-06	1.4431	0
1.627700e-06	1.44308	0
1.628998e-06	1.44306	0
1.630296e-06	1.44305	0
1.631594e-06	1.44303	0
1.632893e-06	1.44301	0
1.634191e-06	1.443	0
1.635489e-06	1.44298	0
1.636787e-06	1.44297	0
1.638086e-06	1.44295	0
1.639384e-06	1.44293	0
1.640682e-06	1.44292	0
1.641980e-06	1.4429	0
1.643279e-06	1.44289	0
1.644577e-06	1.44287	0
1.645875e-06	1.44285	0
1.647173e-06	1.44284	0
1.648472e-06	1.44282	0
1.649770e-06	1.44281	0
1.651068e-06	1.44279	0
1.652366e-06	1.44277	0
1.653665e-06	1.44276	0
1.654963e-06	1.44274	0
1.656261e-06	1.44272	0
1.657560e-06	1.44271	0
1.658858e-06	1.44269	0
1.660156e-06	1.44268	0
1.661454e-06	1.44266	0
1.662753e-06	1.44264	0
1.664051e-06	1.44263	0
1.665349e-06	1.44261	0
1.666647e-06	1.44259	0
1.667946e-06	1.44258	0
1.669244e-06	1.44256	0
1.670542e-06	1.44255	0
1.671840e-06	1.44253	0
1.673139e-06	1.44251	0
1.674437e-06	1.4425	0
1.675735e-06	1.44248	0
1.677033e-06	1.44246	0
1.678332e-06	1.44245	0
1.679630e-06	1.44243	0
1.680928e-06	1.44242	0
1.682226e-06	1.4424	0
1.683525e-06	1.44238	0
1.684823e-06	1.44237	0
1.686121e-06	1.44235	0
1.687419e-06	1.44233	0
1.688718e-06	1.44232	0
1.690016e-06	1.4423	0
1.691314e-06	1.44228	0
1.692613e-06	1.44227	0
1.693911e-06	1.44225	0
1.695209e-06	1.44223	0
1.696507e-06	1.44222	0
1.697806e-06	1.4422	0
1.699104e-06	1.44218	0
1.700402e-06	1.44217	0
1.701700e-06	1.44215	0
1.702999e-06	1.44214	0
1.704297e-06	1.44212	0
1.705595e-06	1.4421	0
1.706893e-06	1.44209	0
1.708192e-06	1.44207	0
1.709490e-06	1.44205	0
1.710788e-06	1.44204	0
1.712086e-06	1.44202	0
1.713385e-06	1.442	0
1.714683e-06	1.44199	0
1.715981e-06	1.44197	0
1.717279e-06	1.44195	0
1.718578e-06	1.44194	0
1.719876e-06	1.44192	0
1.721174e-06	1.4419	0
1.722472e-06	1.44189	0
1.723771e-06	1.44187	0
1.725069e-06	1.44185	0
1.726367e-06	1.44184	0
1.727666e-06	1.44182	0
1.728964e-06	1.4418	0
1.730262e-06	1.44179	0
1.731560e-06	1.44177	0
1.732859e-06	1.44175	0
1.734157e-06	1.44174	0
1.735455e-06	1.44172	0
1.736753e-06	1.4417	0
1.738052e-06	1.44169	0
1.739350e-06	1.44167	0
1.740648e-06	1.44165	0
1.741946e-06	1.44164	0
1.743245e-06	1.44162	0
1.744543e-06	1.4416	0
1.745841e-06	1.44158	0
1.747139e-06	1.44157	0
1.748438e-06	1.44155	0
1.749736e-06	1.44153	0
1.751034e-06	1.44152	0
1.752332e-06	1.4415	0
1.753631e-06	1.44148	0
1.754929e-06	1.44147	0
1.756227e-06	1.44145	0
1.757526e-06	1.44143	0
1.758824e-06	1.44142	0
1.760122e-06	1.4414	0
1.761420e-06	1.44138	0
1.762719e-06	1.44136	0
1.764017e-06	1.44135	0
1.765315e-06	1.44133	0
1.766613e-06	1.44131	0
1.767912e-06	1.4413	0
1.769210e-06	1.44128	0
1.770508e-06	1.44126	0
1.771806e-06	1.44125	0
1.773105e-06	1.44123	0
1.774403e-06	1.44121	0
1.775701e-06	1.44119	0
1.776999e-06	1.44118	0
1.778298e-06	1.44116	0
1.779596e-06	1.44114	0
1.780894e-06	1.44113	0
1.782192e-06	1.44111	0
1.783491e-06	1.44109	0
1.784789e-06	1.44108	0
1.786087e-06	1.44106	0
1.787385e-06	1.44104	0
1.788684e-06	1.44102	0
1.789982e-06	1.44101	0
1.791280e-06	1.44099	0
1.792579e-06	1.44097	0
1.793877e-06	1.44095	0
1.795175e-06	1.44094	0
1.796473e-06	1.44092	0
1.797772e-06	1.4409	0
1.799070e-06	1.44089	0
1.800368e-06	1.44087	0
1.801666e-06	1.44085	0
1.802965e-06	1.44083	0
1.804263e-06	1.44082	0
1.805561e-06	1.4408	0
1.806859e-06	1.44078	0
1.808158e-06	1.44076	0
1.809456e-06	1.44075	0
1.810754e-06	1.44073	0
1.812052e-06	1.44071	0
1.813351e-06	1.4407	0
1.814649e-06	1.44068	0
1.815947e-06	1.44066	0
1.817245e-06	1.44064	0
1.818544e-06	1.44063	0
1.819842e-06	1.44061	0
1.821140e-06	1.44059	0
1.822438e-06	1.44057	0
1.823737e-06	1.44056	0
1.825035e-06	1.44054	0
1.826333e-06	1.44052	0
1.827632e-06	1.4405	0
1.828930e-06	1.44049	0
1.830228e-06	1.44047	0
1.831526e-06	1.44045	0
1.832825e-06	1.44043	0
1.834123e-06	1.44042	0
1.835421e-06	1.4404	0
1.836719e-06	1.44038	0
1.838018e-06	1.44036	0
1.839316e-06	1.44035	0
1.840614e-06	1.44033	0
1.841912e-06	1.44031	0
1.843211e-06	1.44029	0
1.844509e-06	1.44028	0
1.845807e-06	1.44026	0
1.847105e-06	1.44024	0
1.848404e-06	1.44022	0
1.849702e-06	1.44021	0
1.851000e-06	1.44019	0
1.852298e-06	1.44017	0
1.853597e-06	1.44015	0
1.854895e-06	1.44013	0
1.856193e-06	1.44012	0
1.857491e-06	1.4401	0
1.858790e-06	1.44008	0
1.860088e-06	1.44006	0
1.861386e-06	1.44005	0
1.862685e-06	1.44003	0
1.863983e-06	1.44001	0
1.865281e-06	1.43999	0
1.866579e-06	1.43997	0
1.867878e-06	1.43996	0
1.869176e-06	1.43994	0
1.870474e-06	1.43992	0
1.871772e-06	1.4399	0
1.873071e-06	1.43989	0
1.874369e-06	1.43987	0
1.875667e-06	1.43985	0
1.876965e-06	1.43983	0
1.878264e-06	1.43981	0
1.879562e-06	1.4398	0
1.880860e-06	1.43978	0
1.882158e-06	1.43976	0
1.883457e-06	1.43974	0
1.884755e-06	1.43972	0
1.886053e-06	1.43971	0
1.887351e-06	1.43969	0
1.888650e-06	1.43967	0
1.889948e-06	1.43965	0
1.891246e-06	1.43963	0
1.892545e-06	1.43962	0
1.893843e-06	1.4396	0
1.895141e-06	1.43958	0
1.896439e-06	1.43956	0
1.897738e-06	1.43954	0
1.899036e-06	1.43953	0
1.900334e-06	1.43951	0
1.901632e-06	1.43949	0
1.902931e-06	1.43947	0
1.904229e-06	1.43945	0
1.905527e-06	1.43944	0
1.906825e-06	1.43942	0
1.908124e-06	1.4394	0
1.909422e-06	1.43938	0
1.910720e-06	1.43936	0
1.912018e-06	1.43934	0
1.913317e-06	1.43933	0
1.914615e-06	1.43931	0
1.915913e-06	1.43929	0
1.917211e-06	1.43927	0
1.918510e-06	1.43925	0
1.919808e-06	1.43924	0
1.921106e-06	1.43922	0
1.922404e-06	1.4392	0
1.923703e-06	1.43918	0
1.925001e-06	1.43916	0
1.926299e-06	1.43914	0
1.927598e-06	1.43913	0
1.928896e-06	1.43911	0
1.930194e-06	1.43909	0
1.931492e-06	1.43907	0
1.932791e-06	1.43905	0
1.934089e-06	1.43903	0
1.935387e-06	1.43902	0
1.936685e-06	1.439	0
1.937984e-06	1.43898	0
1.939282e-06	1.43896	0
1.940580e-06	1.43894	0
1.941878e-06	1.43892	0
1.943177e-06	1.4389	0
1.944475e-06	1.43889	0
1.945773e-06	1.43887	0
1.947071e-06	1.43885	0
1.948370e-06	1.43883	0
1.949668e-06	1.43881	0
1.950966e-06	1.43879	0
1.952264e-06	1.43878	0
1.953563e-06	1.43876	0
1.954861e-06	1.43874	0
1.956159e-06	1.43872	0
1.957457e-06	1.4387	0
1.958756e-06	1.43868	0
1.960054e-06	1.43866	0
1.961352e-06	1.43865	0
1.962651e-06	1.43863	0
1.963949e-06	1.43861	0
1.965247e-06	1.43859	0
1.966545e-06	1.43857	0
1.967844e-06	1.43855	0
1.969142e-06	1.43853	0
1.970440e-06	1.43851	0
1.971738e-06	1.4385	0
1.973037e-06	1.43848	0
1.974335e-06	1.43846	0
1.975633e-06	1.43844	0
1.976931e-06	1.43842	0
1.978230e-06	1.4384	0
1.979528e-06	1.43838	0
1.980826e-06	1.43836	0
1.982124e-06	1.43835	0
1.983423e-06	1.43833	0
1.984721e-06	1.43831	0
1.986019e-06	1.43829	0
1.987317e-06	1.43827	0
1.988616e-06	1.43825	0
1.989914e-06	1.43823	0
1.991212e-06	1.43821	0
1.992511e-06	1.43819	0
1.993809e-06	1.43818	0
1.995107e-06	1.43816	0
1.996405e-06	1.43814	0
1.997704e-06	1.43812	0
1.999002e-06	1.4381	0
2.000300e-06	1.43808	0
2.001598e-06	1.43806	0
2.002897e-06	1.43804	0
2.004195e-06	1.43802	0
2.005493e-06	1.438	0
2.006791e-06	1.43799	0
2.008090e-06	1.43797	0
2.009388e-06	1.43795	0
2.010686e-06	1.43793	0
2.011984e-06	1.43791	0
2.013283e-06	1.43789	0
2.014581e-06	1.43787	0
2.015879e-06	1.43785	0
2.017177e-06	1.43783	0
2.018476e-06	1.43781	0
2.019774e-06	1.43779	0
2.021072e-06	1.43778	0
2.022370e-06	1.43776	0
2.023669e-06	1.43774	0
2.024967e-06	1.43772	0
2.026265e-06	1.4377	0
2.027564e-06	1.43768	0
2.028862e-06	1.43766	0
2.030160e-06	1.43764	0
2.031458e-06	1.43762	0
2.032757e-06	1.4376	0
2.034055e-06	1.43758	0
2.035353e-06	1.43756	0
2.036651e-06	1.43754	0
2.037950e-06	1.43753	0
2.039248e-06	1.43751	0
2.040546e-06	1.43749	0
2.041844e-06	1.43747	0
2.043143e-06	1.43745	0
2.044441e-06	1.43743	0
2.045739e-06	1.43741	0
2.047037e-06	1.43739	0
2.048336e-06	1.43737	0
2.049634e-06	1.43735	0
2.050932e-06	1.43733	0
2.052230e-06	1.43731	0
2.053529e-06	1.43729	0
2.054827e-06	1.43727	0
2.056125e-06	1.43725	0
2.057423e-06	1.43723	0
2.058722e-06	1.43721	0
2.060020e-06	1.43719	0
2.061318e-06	1.43718	0
2.062617e-06	1.43716	0
2.063915e-06	1.43714	0
2.065213e-06	1.43712	0
2.066511e-06	1.4371	0
2.067810e-06	1.43708	0
2.069108e-06	1.43706	0
2.070406e-06	1.43704	0
2.071704e-06	1.43702	0
2.073003e-06	1.437	0
2.074301e-06	1.43698	0
2.075599e-06	1.43696	0
2.076897e-06	1.43694	0
2.078196e-06	1.43692	0
2.079494e-06	1.4369	0
2.080792e-06	1.43688	0
2.082090e-06	1.43686	0
2.083389e-06	1.43684	0
2.084687e-06	1.43682	0
2.085985e-06	1.4368	0
2.087283e-06	1.43678	0
2.088582e-06	1.43676	0
2.089880e-06	1.43674	0
2.091178e-06	1.43672	0
2.092476e-06	1.4367	0
2.093775e-06	1.43668	0
2.095073e-06	1.43666	0
2.096371e-06	1.43664	0
2.097670e-06	1.43662	0
2.098968e-06	1.4366	0
2.100266e-06	1.43658	0
2.101564e-06	1.43656	0
2.102863e-06	1.43654	0
2.104161e-06	1.43652	0
2.105459e-06	1.4365	0
2.106757e-06	1.43648	0
2.108056e-06	1.43646	0
2.109354e-06	1.43644	0
2.110652e-06	1.43642	0
2.111950e-06	1.4364	0
2.113249e-06	1.43638	0
2.114547e-06	1.43636	0
2.115845e-06	1.43634	0
2.117143e-06	1.43632	0
2.118442e-06	1.4363	0
2.119740e-06	1.43628	0
2.121038e-06	1.43626	0
2.122336e-06	1.43624	0
2.123635e-06	1.43622	0
2.124933e-06	1.4362	0
2.126231e-06	1.43618	0
2.127530e-06	1.43616	0
2.128828e-06	1.43614	0
2.130126e-06	1.43612	0
2.131424e-06	1.4361	0
2.132723e-06	1.43608	0
2.134021e-06	1.43606	0
2.135319e-06	1.43604	0
2.136617e-06	1.43602	0
2.137916e-06	1.436	0
2.139214e-06	1.43598	0
2.140512e-06	1.43596	0
2.141810e-06	1.43594	0
2.143109e-06	1.43592	0
2.144407e-06	1.4359	0
2.145705e-06	1.43588	0
2.147003e-06	1.43586	0
2.148302e-06	1.43584	0
2.149600e-06	1.43582	0
2.150898e-06	1.4358	0
2.152196e-06	1.43578	0
2.153495e-06	1.43576	0
2.154793e-06	1.43573	0
2.156091e-06	1.43571	0
2.157389e-06	1.43569	0
2.158688e-06	1.43567	0
2.159986e-06	1.43565	0
2.161284e-06	1.43563	0
2.162583e-06	1.43561	0
2.163881e-06	1.43559	0
2.165179e-06	1.43557	0
2.166477e-06	1.43555	0
2.167776e-06	1.43553	0
2.169074e-06	1.43551	0
2.170372e-06	1.43549	0
2.171670e-06	1.43547	0
2.172969e-06	1.43545	0
2.174267e-06	1.43543	0
2.175565e-06	1.43541	0
2.176863e-06	1.43538	0
2.178162e-06	1.43536	0
2.179460e-06	1.43534	0
2.180758e-06	1.43532	0
2.182056e-06	1.4353	0
2.183355e-06	1.43528	0
2.184653e-06	1.43526	0
2.185951e-06	1.43524	0
2.187249e-06	1.43522	0
2.188548e-06	1.4352	0
2.189846e-06	1.43518	0
2.191144e-06	1.43516	0
2.192442e-06	1.43514	0
2.193741e-06	1.43511	0
2.195039e-06	1.43509	0
2.196337e-06	1.43507	0
2.197636e-06	1.43505	0
2.198934e-06	1.43503	0
2.200232e-06	1.43501	0
2.201530e-06	1.43499	0
2.202829e-06	1.43497	0
2.204127e-06	1.43495	0
2.205425e-06	1.43493	0
2.206723e-06	1.43491	0
2.208022e-06	1.43488	0
2.209320e-06	1.43486	0
2.210618e-06	1.43484	0
2.211916e-06	1.43482	0
2.213215e-06	1.4348	0
2.214513e-06	1.43478	0
2.215811e-06	1.43476	0
2.217109e-06	1.43474	0
2.218408e-06	1.43472	0
2.219706e-06	1.43469	0
2.221004e-06	1.43467	0
2.222302e-06	1.43465	0
2.223601e-06	1.43463	0
2.224899e-06	1.43461	0
2.226197e-06	1.43459	0
2.227495e-06	1.43457	0
2.228794e-06	1.43455	0
2.230092e-06	1.43452	0
2.231390e-06	1.4345	0
2.232689e-06	1.43448	0
2.233987e-06	1.43446	0
2.235285e-06	1.43444	0
2.236583e-06	1.43442	0
2.237882e-06	1.4344	0
2.239180e-06	1.43438	0
2.240478e-06	1.43435	0
2.241776e-06	1.43433	0
2.243075e-06	1.43431	0
2.244373e-06	1.43429	0
2.245671e-06	1.43427	0
2.246969e-06	1.43425	0
2.248268e-06	1.43423	0
2.249566e-06	1.4342	0
2.250864e-06	1.43418	0
2.252162e-06	1.43416	0
2.253461e-06	1.43414	0
2.254759e-06	1.43412	0
2.256057e-06	1.4341	0
2.257355e-06	1.43408	0
2.258654e-06	1.43405	0
2.259952e-06	1.43403	0
2.261250e-06	1.43401	0
2.262549e-06	1.43399	0
2.263847e-06	1.43397	0
2.265145e-06	1.43395	0
2.266443e-06	1.43392	0
2.267742e-06	1.4339	0
2.269040e-06	1.43388	0
2.270338e-06	1.43386	0
2.271636e-06	1.43384	0
2.272935e-06	1.43382	0
2.274233e-06	1.43379	0
2.275531e-06	1.43377	0
2.276829e-06	1.43375	0
2.278128e-06	1.43373	0
2.279426e-06	1.43371	0
2.280724e-06	1.43369	0
2.282022e-06	1.43366	0
2.283321e-06	1.43364	0
2.284619e-06	1.43362	0
2.285917e-06	1.4336	0
2.287215e-06	1.43358	0
2.288514e-06	1.43355	0
2.289812e-06	1.43353	0
2.291110e-06	1.43351	0
2.292408e-06	1.43349	0
2.293707e-06	1.43347	0
2.295005e-06	1.43345	0
2.296303e-06	1.43342	0
2.297602e-06	1.4334	0
2.298900e-06	1.43338	0
2.300198e-06	1.43336	0
2.301496e-06	1.43334	0
2.302795e-06	1.43331	0
2.304093e-06	1.43329	0
2.305391e-06	1.43327	0
2.306689e-06	1.43325	0
2.307988e-06	1.43323	0
2.309286e-06	1.4332	0
2.310584e-06	1.43318	0
2.311882e-06	1.43316	0
2.313181e-06	1.43314	0
2.314479e-06	1.43311	0
2.315777e-06	1.43309	0
2.317075e-06	1.43307	0
2.318374e-06	1.43305	0
2.319672e-06	1.43303	0
2.320970e-06	1.433	0
2.322268e-06	1.43298	0
2.323567e-06	1.43296	0
2.324865e-06	1.43294	0
2.326163e-06	1.43291	0
2.327461e-06	1.43289	0
2.328760e-06	1.43287	0
2.330058e-06	1.43285	0
2.331356e-06	1.43283	0
2.332655e-06	1.4328	0
2.333953e-06	1.43278	0
2.335251e-06	1.43276	0
2.336549e-06	1.43274	0
2.337848e-06	1.43271	0
2.339146e-06	1.43269	0
2.340444e-06	1.43267	0
2.341742e-06	1.43265	0
2.343041e-06	1.43262	0
2.344339e-06	1.4326	0
2.345637e-06	1.43258	0
2.346935e-06	1.43256	0
2.348234e-06	1.43253	0
2.349532e-06	1.43251	0
2.350830e-06	1.43249	0
2.352128e-06	1.43247	0
2.353427e-06	1.43244	0
2.354725e-06	1.43242	0
2.356023e-06	1.4324	0
2.357321e-06	1.43238	0
2.358620e-06	1.43235	0
2.359918e-06	1.43233	0
2.361216e-06	1.43231	0
2.362515e-06	1.43229	0
2.363813e-06	1.43226	0
2.365111e-06	1.43224	0
2.366409e-06	1.43222	0
2.367708e-06	1.43219	0
2.369006e-06	1.43217	0
2.370304e-06	1.43215	0
2.371602e-06	1.43213	0
2.372901e-06	1.4321	0
2.374199e-06	1.43208	0
2.375497e-06	1.43206	0
2.376795e-06	1.43204	0
2.378094e-06	1.43201	0
2.379392e-06	1.43199	0
2.380690e-06	1.43197	0
2.381988e-06	1.43194	0
2.383287e-06	1.43192	0
2.384585e-06	1.4319	0
2.385883e-06	1.43188	0
2.387181e-06	1.43185	0
2.388480e-06	1.43183	0
2.389778e-06	1.43181	0
2.391076e-06	1.43178	0
2.392374e-06	1.43176	0
2.393673e-06	1.43174	0
2.394971e-06	1.43171	0
2.396269e-06	1.43169	0
2.397568e-06	1.43167	0
2.398866e-06	1.43165	0
2.400164e-06	1.43162	0
2.401462e-06	1.4316	0
2.402761e-06	1.43158	0
2.404059e-06	1.43155	0
2.405357e-06	1.43153	0
2.406655e-06	1.43151	0
2.407954e-06	1.43148	0
2.409252e-06	1.43146	0
2.410550e-06	1.43144	0
2.411848e-06	1.43141	0
2.413147e-06	1.43139	0
2.414445e-06	1.43137	0
2.415743e-06	1.43134	0
2.417041e-06	1.43132	0
2.418340e-06	1.4313	0
2.419638e-06	1.43127	0
2.420936e-06	1.43125	0
2.422234e-06	1.43123	0
2.423533e-06	1.4312	0
2.424831e-06	1.43118	0
2.426129e-06	1.43116	0
2.427427e-06	1.43113	0
2.428726e-06	1.43111	0
2.430024e-06	1.43109	0
2.431322e-06	1.43106	0
2.432621e-06	1.43104	0
2.433919e-06	1.43102	0
2.435217e-06	1.43099	0
2.436515e-06	1.43097	0
2.437814e-06	1.43095	0
2.439112e-06	1.43092	0
2.440410e-06	1.4309	0
2.441708e-06	1.43088	0
2.443007e-06	1.43085	0
2.444305e-06	1.43083	0
2.445603e-06	1.4308	0
2.446901e-06	1.43078	0
2.448200e-06	1.43076	0
2.449498e-06	1.43073	0
2.450796e-06	1.43071	0
2.452094e-06	1.43069	0
2.453393e-06	1.43066	0
2.454691e-06	1.43064	0
2.455989e-06	1.43062	0
2.457287e-06	1.43059	0
2.458586e-06	1.43057	0
2.459884e-06	1.43054	0
2.461182e-06	1.43052	0
2.462480e-06	1.4305	0
2.463779e-06	1.43047	0
2.465077e-06	1.43045	0
2.466375e-06	1.43043	0
2.467674e-06	1.4304	0
2.468972e-06	1.43038	0
2.470270e-06	1.43035	0
2.471568e-06	1.43033	0
2.472867e-06	1.43031	0
2.474165e-06	1.43028	0
2.475463e-06	1.43026	0
2.476761e-06	1.43023	0
2.478060e-06	1.43021	0
2.479358e-06	1.43019	0
2.480656e-06	1.43016	0
2.481954e-06	1.43014	0
2.483253e-06	1.43011	0
2.484551e-06	1.43009	0
2.485849e-06	1.43007	0
2.487147e-06	1.43004	0
2.488446e-06	1.43002	0
2.489744e-06	1.42999	0
2.491042e-06	1.42997	0
2.492340e-06	1.42994	0
2.493639e-06	1.42992	0
2.494937e-06	1.4299	0
2.496235e-06	1.42987	0
2.497534e-06	1.42985	0
2.498832e-06	1.42982	0
2.500130e-06	1.4298	0
2.501428e-06	1.42978	0
2.502727e-06	1.42975	0
2.504025e-06	1.42973	0
2.505323e-06	1.4297	0
2.506621e-06	1.42968	0
2.507920e-06	1.42965	0
2.509218e-06	1.42963	0
2.510516e-06	1.42961	0
2.511814e-06	1.42958	0
2.513113e-06	1.42956	0
2.514411e-06	1.42953	0
2.515709e-06	1.42951	0
2.517007e-06	1.42948	0
2.518306e-06	1.42946	0
2.519604e-06	1.42943	0
2.520902e-06	1.42941	0
2.522200e-06	1.42939	0
2.523499e-06	1.42936	0
2.524797e-06	1.42934	0
2.526095e-06	1.42931	0
2.527393e-06	1.42929	0
2.528692e-06	1.42926	0
2.529990e-06	1.42924	0
2.531288e-06	1.42921	0
2.532587e-06	1.42919	0
2.533885e-06	1.42916	0
2.535183e-06	1.42914	0
2.536481e-06	1.42911	0
2.537780e-06	1.42909	0
2.539078e-06	1.42907	0
2.540376e-06	1.42904	0
2.541674e-06	1.42902	0
2.542973e-06	1.42899	0
2.544271e-06	1.42897	0
2.545569e-06	1.42894	0
2.546867e-06	1.42892	0
2.548166e-06	1.42889	0
2.549464e-06	1.42887	0
2.550762e-06	1.42884	0
2.552060e-06	1.42882	0
2.553359e-06	1.42879	0
2.554657e-06	1.42877	0
2.555955e-06	1.42874	0
2.557253e-06	1.42872	0
2.558552e-06	1.42869	0
2.559850e-06	1.42867	0
2.561148e-06	1.42864	0
2.562446e-06	1.42862	0
2.563745e-06	1.42859	0
2.565043e-06	1.42857	0
2.566341e-06	1.42854	0
2.567640e-06	1.42852	0
2.568938e-06	1.42849	0
2.570236e-06	1.42847	0
2.571534e-06	1.42844	0
2.572833e-06	1.42842	0
2.574131e-06	1.42839	0
2.575429e-06	1.42837	0
2.576727e-06	1.42834	0
2.578026e-06	1.42832	0
2.579324e-06	1.42829	0
2.580622e-06	1.42827	0
2.581920e-06	1.42824	0
2.583219e-06	1.42822	0
2.584517e-06	1.42819	0
2.585815e-06	1.42817	0
2.587113e-06	1.42814	0
2.588412e-06	1.42812	0
2.589710e-06	1.42809	0
2.591008e-06	1.42806	0
2.592306e-06	1.42804	0
2.593605e-06	1.42801	0
2.594903e-06	1.42799	0
2.596201e-06	1.42796	0
2.597499e-06	1.42794	0
2.598798e-06	1.42791	0
2.600096e-06	1.42789	0
2.601394e-06	1.42786	0
2.602693e-06	1.42784	0
2.603991e-06	1.42781	0
2.605289e-06	1.42778	0
2.606587e-06	1.42776	0
2.607886e-06	1.42773	0
2.609184e-06	1.42771	0
2.610482e-06	1.42768	0
2.611780e-06	1.42766	0
2.613079e-06	1.42763	0
2.614377e-06	1.42761	0
2.615675e-06	1.42758	0
2.616973e-06	1.42755	0
2.618272e-06	1.42753	0
2.619570e-06	1.4275	0
2.620868e-06	1.42748	0
2.622166e-06	1.42745	0
2.623465e-06	1.42743	0
2.624763e-06	1.4274	0
2.626061e-06	1.42737	0
2.627359e-06	1.42735	0
2.628658e-06	1.42732	0
2.629956e-06	1.4273	0
2.631254e-06	1.42727	0
2.632553e-06	1.42725	0
2.633851e-06	1.42722	0
2.635149e-06	1.42719	0
2.636447e-06	1.42717	0
2.637746e-06	1.42714	0
2.639044e-06	1.42712	0
2.640342e-06	1.42709	0
2.641640e-06	1.42706	0
2.642939e-06	1.42704	0
2.644237e-06	1.42701	0
2.645535e-06	1.42699	0
2.646833e-06	1.42696	0
2.648132e-06	1.42693	0
2.649430e-06	1.42691	0
2.650728e-06	1.42688	0
2.652026e-06	1.42686	0
2.653325e-06	1.42683	0
2.654623e-06	1.4268	0
2.655921e-06	1.42678	0
2.657219e-06	1.42675	0
2.658518e-06	1.42672	0
2.659816e-06	1.4267	0
2.661114e-06	1.42667	0
2.662412e-06	1.42665	0
2.663711e-06	1.42662	0
2.665009e-06	1.42659	0
2.666307e-06	1.42657	0
2.667606e-06	1.42654	0
2.668904e-06	1.42652	0
2.670202e-06	1.42649	0
2.671500e-06	1.42646	0
2.672799e-06	1.42644	0
2.674097e-06	1.42641	0
2.675395e-06	1.42638	0
2.676693e-06	1.42636	0
2.677992e-06	1.42633	0
2.679290e-06	1.4263	0
2.680588e-06	1.42628	0
2.681886e-06	1.42625	0
2.683185e-06	1.42622	0
2.684483e-06	1.4262	0
2.685781e-06	1.42617	0
2.687079e-06	1.42615	0
2.688378e-06	1.42612	0
2.689676e-06	1.42609	0
2.690974e-06	1.42607	0
2.692272e-06	1.42604	0
2.693571e-06	1.42601	0
2.694869e-06	1.42599	0
2.696167e-06	1.42596	0
2.697465e-06	1.42593	0
2.698764e-06	1.42591	0
2.700062e-06	1.42588	0
2.701360e-06	1.42585	0
2.702659e-06	1.42583	0
2.703957e-06	1.4258	0
2.705255e-06	1.42577	0
2.706553e-06	1.42575	0
2.707852e-06	1.42572	0
2.709150e-06	1.42569	0
2.710448e-06	1.42566	0
2.711746e-06	1.42564	0
2.713045e-06	1.42561	0
2.714343e-06	1.42558	0
2.715641e-06	1.42556	0
2.716939e-06	1.42553	0
2.718238e-06	1.4255	0
2.719536e-06	1.42548	0
2.720834e-06	1.42545	0
2.722132e-06	1.42542	0
2.723431e-06	1.4254	0
2.724729e-06	1.42537	0
2.726027e-06	1.42534	0
2.727325e-06	1.42531	0
2.728624e-06	1.42529	0
2.729922e-06	1.42526	0
2.731220e-06	1.42523	0
2.732519e-06	1.42521	0
2.733817e-06	1.42518	0
2.735115e-06	1.42515	0
2.736413e-06	1.42512	0
2.737712e-06	1.4251	0
2.739010e-06	1.42507	0
2.740308e-06	1.42504	0
2.741606e-06	1.42502	0
2.742905e-06	1.42499	0
2.744203e-06	1.42496	0
2.745501e-06	1.42493	0
2.746799e-06	1.42491	0
2.748098e-06	1.42488	0
2.749396e-06	1.42485	0
2.750694e-06	1.42482	0
2.751992e-06	1.4248	0
2.753291e-06	1.42477	0
2.754589e-06	1.42474	0
2.755887e-06	1.42472	0
2.757185e-06	1.42469	0
2.758484e-06	1.42466	0
2.759782e-06	1.42463	0
2.761080e-06	1.42461	0
2.762378e-06	1.42458	0
2.763677e-06	1.42455	0
2.764975e-06	1.42452	0
2.766273e-06	1.4245	0
2.767572e-06	1.42447	0
2.768870e-06	1.42444	0
2.770168e-06	1.42441	0
2.771466e-06	1.42438	0
2.772765e-06	1.42436	0
2.774063e-06	1.42433	0
2.775361e-06	1.4243	0
2.776659e-06	1.42427	0
2.777958e-06	1.42425	0
2.779256e-06	1.42422	0
2.780554e-06	1.42419	0
2.781852e-06	1.42416	0
2.783151e-06	1.42414	0
2.784449e-06	1.42411	0
2.785747e-06	1.42408	0
2.787045e-06	1.42405	0
2.788344e-06	1.42402	0
2.789642e-06	1.424	0
2.790940e-06	1.42397	0
2.792238e-06	1.42394	0
2.793537e-06	1.42391	0
2.794835e-06	1.42388	0
2.796133e-06	1.42386	0
2.797431e-06	1.42383	0
2.798730e-06	1.4238	0
2.800028e-06	1.42377	0
2.801326e-06	1.42374	0
2.802625e-06	1.42372	0
2.803923e-06	1.42369	0
2.805221e-06	1.42366	0
2.806519e-06	1.42363	0
2.807818e-06	1.4236	0
2.809116e-06	1.42358	0
2.810414e-06	1.42355	0
2.811712e-06	1.42352	0
2.813011e-06	1.42349	0
2.814309e-06	1.42346	0
2.815607e-06	1.42344	0
2.816905e-06	1.42341	0
2.818204e-06	1.42338	0
2.819502e-06	1.42335	0
2.820800e-06	1.42332	0
2.822098e-06	1.42329	0
2.823397e-06	1.42327	0
2.824695e-06	1.42324	0
2.825993e-06	1.42321	0
2.827291e-06	1.42318	0
2.828590e-06	1.42315	0
2.829888e-06	1.42312	0
2.831186e-06	1.4231	0
2.832484e-06	1.42307	0
2.833783e-06	1.42304	0
2.835081e-06	1.42301	0
2.836379e-06	1.42298	0
2.837678e-06	1.42295	0
2.838976e-06	1.42292	0
2.840274e-06	1.4229	0
2.841572e-06	1.42287	0
2.842871e-06	1.42284	0
2.844169e-06	1.42281	0
2.845467e-06	1.42278	0
2.846765e-06	1.42275	0
2.848064e-06	1.42272	0
2.849362e-06	1.4227	0
2.850660e-06	1.42267	0
2.851958e-06	1.42264	0
2.853257e-06	1.42261	0
2.854555e-06	1.42258	0
2.855853e-06	1.42255	0
2.857151e-06	1.42252	0
2.858450e-06	1.42249	0
2.859748e-06	1.42247	0
2.861046e-06	1.42244	0
2.862344e-06	1.42241	0
2.863643e-06	1.42238	0
2.864941e-06	1.42235	0
2.866239e-06	1.42232	0
2.867538e-06	1.42229	0
2.868836e-06	1.42226	0
2.870134e-06	1.42223	0
2.871432e-06	1.42221	0
2.872731e-06	1.42218	0
2.874029e-06	1.42215	0
2.875327e-06	1.42212	0
2.876625e-06	1.42209	0
2.877924e-06	1.42206	0
2.879222e-06	1.42203	0
2.880520e-06	1.422	0
2.881818e-06	1.42197	0
2.883117e-06	1.42194	0
2.884415e-06	1.42191	0
2.885713e-06	1.42189	0
2.887011e-06	1.42186	0
2.888310e-06	1.42183	0
2.889608e-06	1.4218	0
2.890906e-06	1.42177	0
2.892204e-06	1.42174	0
2.893503e-06	1.42171	0
2.894801e-06	1.42168	0
2.896099e-06	1.42165	0
2.897397e-06	1.42162	0
2.898696e-06	1.42159	0
2.899994e-06	1.42156	0
2.901292e-06	1.42153	0
2.902591e-06	1.4215	0
2.903889e-06	1.42148	0
2.905187e-06	1.42145	0
2.906485e-06	1.42142	0
2.907784e-06	1.42139	0
2.909082e-06	1.42136	0
2.910380e-06	1.42133	0
2.911678e-06	1.4213	0
2.912977e-06	1.42127	0
2.914275e-06	1.42124	0
2.915573e-06	1.42121	0
2.916871e-06	1.42118	0
2.918170e-06	1.42115	0
2.919468e-06	1.42112	0
2.920766e-06	1.42109	0
2.922064e-06	1.42106	0
2.923363e-06	1.42103	0
2.924661e-06	1.421	0
2.925959e-06	1.42097	0
2.927257e-06	1.42094	0
2.928556e-06	1.42091	0
2.929854e-06	1.42088	0
2.931152e-06	1.42085	0
2.932450e-06	1.42082	0
2.933749e-06	1.42079	0
2.935047e-06	1.42076	0
2.936345e-06	1.42073	0
2.937644e-06	1.4207	0
2.938942e-06	1.42067	0
2.940240e-06	1.42064	0
2.941538e-06	1.42061	0
2.942837e-06	1.42058	0
2.944135e-06	1.42055	0
2.945433e-06	1.42052	0
2.946731e-06	1.42049	0
2.948030e-06	1.42046	0
2.949328e-06	1.42043	0
2.950626e-06	1.4204	0
2.951924e-06	1.42037	0
2.953223e-06	1.42034	0
2.954521e-06	1.42031	0
2.955819e-06	1.42028	0
2.957117e-06	1.42025	0
2.958416e-06	1.42022	0
2.959714e-06	1.42019	0
2.961012e-06	1.42016	0
2.962310e-06	1.42013	0
2.963609e-06	1.4201	0
2.964907e-06	1.42007	0
2.966205e-06	1.42004	0
2.967504e-06	1.42001	0
2.968802e-06	1.41998	0
2.970100e-06	1.41995	0
2.971398e-06	1.41992	0
2.972697e-06	1.41989	0
2.973995e-06	1.41986	0
2.975293e-06	1.41983	0
2.976591e-06	1.4198	0
2.977890e-06	1.41977	0
2.979188e-06	1.41974	0
2.980486e-06	1.41971	0
2.981784e-06	1.41968	0
2.983083e-06	1.41965	0
2.984381e-06	1.41962	0
2.985679e-06	1.41959	0
2.986977e-06	1.41955	0
2.988276e-06	1.41952	0
2.989574e-06	1.41949	0
2.990872e-06	1.41946	0
2.992170e-06	1.41943	0
2.993469e-06	1.4194	0
2.994767e-06	1.41937	0
2.996065e-06	1.41934	0
2.997363e-06	1.41931	0
2.998662e-06	1.41928	0
2.999960e-06	1.41925	0
3.001258e-06	1.41922	0
3.002557e-06	1.41919	0
3.003855e-06	1.41916	0
3.005153e-06	1.41912	0
3.006451e-06	1.41909	0
3.007750e-06	1.41906	0
3.009048e-06	1.41903	0
3.010346e-06	1.419	0
3.011644e-06	1.41897	0
3.012943e-06	1.41894	0
3.014241e-06	1.41891	0
3.015539e-06	1.41888	0
3.016837e-06	1.41885	0
3.018136e-06	1.41881	0
3.019434e-06	1.41878	0
3.020732e-06	1.41875	0
3.022030e-06	1.41872	0
3.023329e-06	1.41869	0
3.024627e-06	1.41866	0
3.025925e-06	1.41863	0
3.027223e-06	1.4186	0
3.028522e-06	1.41857	0
3.029820e-06	1.41853	0
3.031118e-06	1.4185	0
3.032416e-06	1.41847	0
3.033715e-06	1.41844	0
3.035013e-06	1.41841	0
3.036311e-06	1.41838	0
3.037610e-06	1.41835	0
3.038908e-06	1.41832	0
3.040206e-06	1.41828	0
3.041504e-06	1.41825	0
3.042803e-06	1.41822	0
3.044101e-06	1.41819	0
3.045399e-06	1.41816	0
3.046697e-06	1.41813	0
3.047996e-06	1.4181	0
3.049294e-06	1.41806	0
3.050592e-06	1.41803	0
3.051890e-06	1.418	0
3.053189e-06	1.41797	0
3.054487e-06	1.41794	0
3.055785e-06	1.41791	0
3.057083e-06	1.41787	0
3.058382e-06	1.41784	0
3.059680e-06	1.41781	0
3.060978e-06	1.41778	0
3.062276e-06	1.41775	0
3.063575e-06	1.41772	0
3.064873e-06	1.41768	0
3.066171e-06	1.41765	0
3.067469e-06	1.41762	0
3.068768e-06	1.41759	0
3.070066e-06	1.41756	0
3.071364e-06	1.41753	0
3.072663e-06	1.41749	0
3.073961e-06	1.41746	0
3.075259e-06	1.41743	0
3.076557e-06	1.4174	0
3.077856e-06	1.41737	0
3.079154e-06	1.41733	0
3.080452e-06	1.4173	0
3.081750e-06	1.41727	0
3.083049e-06	1.41724	0
3.084347e-06	1.41721	0
3.085645e-06	1.41717	0
3.086943e-06	1.41714	0
3.088242e-06	1.41711	0
3.089540e-06	1.41708	0
3.090838e-06	1.41705	0
3.092136e-06	1.41701	0
3.093435e-06	1.41698	0
3.094733e-06	1.41695	0
3.096031e-06	1.41692	0
3.097329e-06	1.41688	0
3.098628e-06	1.41685	0
3.099926e-06	1.41682	0
3.101224e-06	1.41679	0
3.102523e-06	1.41676	0
3.103821e-06	1.41672	0
3.105119e-06	1.41669	0
3.106417e-06	1.41666	0
3.107716e-06	1.41663	0
3.109014e-06	1.41659	0
3.110312e-06	1.41656	0
3.111610e-06	1.41653	0
3.112909e-06	1.4165	0
3.114207e-06	1.41646	0
3.115505e-06	1.41643	0
3.116803e-06	1.4164	0
3.118102e-06	1.41637	0
3.119400e-06	1.41633	0
3.120698e-06	1.4163	0
3.121996e-06	1.41627	0
3.123295e-06	1.41624	0
3.124593e-06	1.4162	0
3.125891e-06	1.41617	0
3.127189e-06	1.41614	0
3.128488e-06	1.41611	0
3.129786e-06	1.41607	0
3.131084e-06	1.41604	0
3.132382e-06	1.41601	0
3.133681e-06	1.41597	0
3.134979e-06	1.41594	0
3.136277e-06	1.41591	0
3.137576e-06	1.41588	0
3.138874e-06	1.41584	0
3.140172e-06	1.41581	0
3.141470e-06	1.41578	0
3.142769e-06	1.41574	0
3.144067e-06	1.41571	0
3.145365e-06	1.41568	0
3.146663e-06	1.41565	0
3.147962e-06	1.41561	0
3.149260e-06	1.41558	0
3.150558e-06	1.41555	0
3.151856e-06	1.41551	0
3.153155e-06	1.41548	0
3.154453e-06	1.41545	0
3.155751e-06	1.41541	0
3.157049e-06	1.41538	0
3.158348e-06	1.41535	0
3.159646e-06	1.41531	0
3.160944e-06	1.41528	0
3.162242e-06	1.41525	0
3.163541e-06	1.41521	0
3.164839e-06	1.41518	0
3.166137e-06	1.41515	0
3.167435e-06	1.41511	0
3.168734e-06	1.41508	0
3.170032e-06	1.41505	0
3.171330e-06	1.41501	0
3.172629e-06	1.41498	0
3.173927e-06	1.41495	0
3.175225e-06	1.41491	0
3.176523e-06	1.41488	0
3.177822e-06	1.41485	0
3.179120e-06	1.41481	0
3.180418e-06	1.41478	0
3.181716e-06	1.41475	0
3.183015e-06	1.41471	0
3.184313e-06	1.41468	0
3.185611e-06	1.41465	0
3.186909e-06	1.41461	0
3.188208e-06	1.41458	0
3.189506e-06	1.41455	0
3.190804e-06	1.41451	0
3.192102e-06	1.41448	0
3.193401e-06	1.41444	0
3.194699e-06	1.41441	0
3.195997e-06	1.41438	0
3.197295e-06	1.41434	0
3.198594e-06	1.41431	0
3.199892e-06	1.41428	0
3.201190e-06	1.41424	0
3.202488e-06	1.41421	0
3.203787e-06	1.41417	0
3.205085e-06	1.41414	0
3.206383e-06	1.41411	0
3.207682e-06	1.41407	0
3.208980e-06	1.41404	0
3.210278e-06	1.414	0
3.211576e-06	1.41397	0
3.212875e-06	1.41394	0
3.214173e-06	1.4139	0
3.215471e-06	1.41387	0
3.216769e-06	1.41383	0
3.218068e-06	1.4138	0
3.219366e-06	1.41377	0
3.220664e-06	1.41373	0
3.221962e-06	1.4137	0
3.223261e-06	1.41366	0
3.224559e-06	1.41363	0
3.225857e-06	1.4136	0
3.227155e-06	1.41356	0
3.228454e-06	1.41353	0
3.229752e-06	1.41349	0
3.231050e-06	1.41346	0
3.232348e-06	1.41342	0
3.233647e-06	1.41339	0
3.234945e-06	1.41336	0
3.236243e-06	1.41332	0
3.237542e-06	1.41329	0
3.238840e-06	1.41325	0
3.240138e-06	1.41322	0
3.241436e-06	1.41318	0
3.242735e-06	1.41315	0
3.244033e-06	1.41311	0
3.245331e-06	1.41308	0
3.246629e-06	1.41304	0
3.247928e-06	1.41301	0
3.249226e-06	1.41298	0
3.250524e-06	1.41294	0
3.251822e-06	1.41291	0
3.253121e-06	1.41287	0
3.254419e-06	1.41284	0
3.255717e-06	1.4128	0
3.257015e-06	1.41277	0
3.258314e-06	1.41273	0
3.259612e-06	1.4127	0
3.260910e-06	1.41266	0
3.262208e-06	1.41263	0
3.263507e-06	1.41259	0
3.264805e-06	1.41256	0
3.266103e-06	1.41252	0
3.267401e-06	1.41249	0
3.268700e-06	1.41245	0
3.269998e-06	1.41242	0
3.271296e-06	1.41238	0
3.272595e-06	1.41235	0
3.273893e-06	1.41231	0
3.275191e-06	1.41228	0
3.276489e-06	1.41224	0
3.277788e-06	1.41221	0
3.279086e-06	1.41217	0
3.280384e-06	1.41214	0
3.281682e-06	1.4121	0
3.282981e-06	1.41207	0
3.284279e-06	1.41203	0
3.285577e-06	1.412	0
3.286875e-06	1.41196	0
3.288174e-06	1.41193	0
3.289472e-06	1.41189	0
3.290770e-06	1.41186	0
3.292068e-06	1.41182	0
3.293367e-06	1.41179	0
3.294665e-06	1.41175	0
3.295963e-06	1.41172	0
3.297261e-06	1.41168	0
3.298560e-06	1.41165	0
3.299858e-06	1.41161	0
3.301156e-06	1.41157	0
3.302454e-06	1.41154	0
3.303753e-06	1.4115	0
3.305051e-06	1.41147	0
3.306349e-06	1.41143	0
3.307648e-06	1.4114	0
3.308946e-06	1.41136	0
3.310244e-06	1.41133	0
3.311542e-06	1.41129	0
3.312841e-06	1.41125	0
3.314139e-06	1.41122	0
3.315437e-06	1.41118	0
3.316735e-06	1.41115	0
3.318034e-06	1.41111	0
3.319332e-06	1.41108	0
3.320630e-06	1.41104	0
3.321928e-06	1.411	0
3.323227e-06	1.41097	0
3.324525e-06	1.41093	0
3.325823e-06	1.4109	0
3.327121e-06	1.41086	0
3.328420e-06	1.41083	0
3.329718e-06	1.41079	0
3.331016e-06	1.41075	0
3.332314e-06	1.41072	0
3.333613e-06	1.41068	0
3.334911e-06	1.41065	0
3.336209e-06	1.41061	0
3.337508e-06	1.41057	0
3.338806e-06	1.41054	0
3.340104e-06	1.4105	0
3.341402e-06	1.41047	0
3.342701e-06	1.41043	0
3.343999e-06	1.41039	0
3.345297e-06	1.41036	0
3.346595e-06	1.41032	0
3.347894e-06	1.41028	0
3.349192e-06	1.41025	0
3.350490e-06	1.41021	0
3.351788e-06	1.41018	0
3.353087e-06	1.41014	0
3.354385e-06	1.4101	0
3.355683e-06	1.41007	0
3.356981e-06	1.41003	0
3.358280e-06	1.40999	0
3.359578e-06	1.40996	0
3.360876e-06	1.40992	0
3.362174e-06	1.40988	0
3.363473e-06	1.40985	0
3.364771e-06	1.40981	0
3.366069e-06	1.40978	0
3.367367e-06	1.40974	0
3.368666e-06	1.4097	0
3.369964e-06	1.40967	0
3.371262e-06	1.40963	0
3.372561e-06	1.40959	0
3.373859e-06	1.40956	0
3.375157e-06	1.40952	0
3.376455e-06	1.40948	0
3.377754e-06	1.40945	0
3.379052e-06	1.40941	0
3.380350e-06	1.40937	0
3.381648e-06	1.40933	0
3.382947e-06	1.4093	0
3.384245e-06	1.40926	0
3.385543e-06	1.40922	0
3.386841e-06	1.40919	0
3.388140e-06	1.40915	0
3.389438e-06	1.40911	0
3.390736e-06	1.40908	0
3.392034e-06	1.40904	0
3.393333e-06	1.409	0
3.394631e-06	1.40897	0
3.395929e-06	1.40893	0
3.397227e-06	1.40889	0
3.398526e-06	1.40885	0
3.399824e-06	1.40882	0
3.401122e-06	1.40878	0
3.402420e-06	1.40874	0
3.403719e-06	1.40871	0
3.405017e-06	1.40867	0
3.406315e-06	1.40863	0
3.407614e-06	1.40859	0
3.408912e-06	1.40856	0
3.410210e-06	1.40852	0
3.411508e-06	1.40848	0
3.412807e-06	1.40845	0
3.414105e-06	1.40841	0
3.415403e-06	1.40837	0
3.416701e-06	1.40833	0
3.418000e-06	1.4083	0
3.419298e-06	1.40826	0
3.420596e-06	1.40822	0
3.421894e-06	1.40818	0
3.423193e-06	1.40815	0
3.424491e-06	1.40811	0
3.425789e-06	1.40807	0
3.427087e-06	1.40803	0
3.428386e-06	1.408	0
3.429684e-06	1.40796	0
3.430982e-06	1.40792	0
3.432280e-06	1.40788	0
3.433579e-06	1.40784	0
3.434877e-06	1.40781	0
3.436175e-06	1.40777	0
3.437473e-06	1.40773	0
3.438772e-06	1.40769	0
3.440070e-06	1.40766	0
3.441368e-06	1.40762	0
3.442667e-06	1.40758	0
3.443965e-06	1.40754	0
3.445263e-06	1.4075	0
3.446561e-06	1.40747	0
3.447860e-06	1.40743	0
3.449158e-06	1.40739	0
3.450456e-06	1.40735	0
3.451754e-06	1.40731	0
3.453053e-06	1.40728	0
3.454351e-06	1.40724	0
3.455649e-06	1.4072	0
3.456947e-06	1.40716	0
3.458246e-06	1.40712	0
3.459544e-06	1.40709	0
3.460842e-06	1.40705	0
3.462140e-06	1.40701	0
3.463439e-06	1.40697	0
3.464737e-06	1.40693	0
3.466035e-06	1.4069	0
3.467333e-06	1.40686	0
3.468632e-06	1.40682	0
3.469930e-06	1.40678	0
3.471228e-06	1.40674	0
3.472527e-06	1.4067	0
3.473825e-06	1.40667	0
3.475123e-06	1.40663	0
3.476421e-06	1.40659	0
3.477720e-06	1.40655	0
3.479018e-06	1.40651	0
3.480316e-06	1.40647	0
3.481614e-06	1.40643	0
3.482913e-06	1.4064	0
3.484211e-06	1.40636	0
3.485509e-06	1.40632	0
3.486807e-06	1.40628	0
3.488106e-06	1.40624	0
3.489404e-06	1.4062	0
3.490702e-06	1.40616	0
3.492000e-06	1.40613	0
3.493299e-06	1.40609	0
3.494597e-06	1.40605	0
3.495895e-06	1.40601	0
3.497193e-06	1.40597	0
3.498492e-06	1.40593	0
3.499790e-06	1.40589	0
3.501088e-06	1.40585	0
3.502386e-06	1.40581	0
3.503685e-06	1.40578	0
3.504983e-06	1.40574	0
3.506281e-06	1.4057	0
3.507580e-06	1.40566	0
3.508878e-06	1.40562	0
3.510176e-06	1.40558	0
3.511474e-06	1.40554	0
3.512773e-06	1.4055	0
3.514071e-06	1.40546	0
3.515369e-06	1.40542	0
3.516667e-06	1.40538	0
3.517966e-06	1.40535	0
3.519264e-06	1.40531	0
3.520562e-06	1.40527	0
3.521860e-06	1.40523	0
3.523159e-06	1.40519	0
3.524457e-06	1.40515	0
3.525755e-06	1.40511	0
3.527053e-06	1.40507	0
3.528352e-06	1.40503	0
3.529650e-06	1.40499	0
3.530948e-06	1.40495	0
3.532246e-06	1.40491	0
3.533545e-06	1.40487	0
3.534843e-06	1.40483	0
3.536141e-06	1.40479	0
3.537439e-06	1.40475	0
3.538738e-06	1.40472	0
3.540036e-06	1.40468	0
3.541334e-06	1.40464	0
3.542633e-06	1.4046	0
3.543931e-06	1.40456	0
3.545229e-06	1.40452	0
3.546527e-06	1.40448	0
3.547826e-06	1.40444	0
3.549124e-06	1.4044	0
3.550422e-06	1.40436	0
3.551720e-06	1.40432	0
3.553019e-06	1.40428	0
3.554317e-06	1.40424	0
3.555615e-06	1.4042	0
3.556913e-06	1.40416	0
3.558212e-06	1.40412	0
3.559510e-06	1.40408	0
3.560808e-06	1.40404	0
3.562106e-06	1.404	0
3.563405e-06	1.40396	0
3.564703e-06	1.40392	0
3.566001e-06	1.40388	0
3.567299e-06	1.40384	0
3.568598e-06	1.4038	0
3.569896e-06	1.40376	0
3.571194e-06	1.40372	0
3.572492e-06	1.40368	0
3.573791e-06	1.40364	0
3.575089e-06	1.4036	0
3.576387e-06	1.40356	0
3.577686e-06	1.40352	0
3.578984e-06	1.40348	0
3.580282e-06	1.40344	0
3.581580e-06	1.4034	0
3.582879e-06	1.40336	0
3.584177e-06	1.40331	0
3.585475e-06	1.40327	0
3.586773e-06	1.40323	0
3.588072e-06	1.40319	0
3.589370e-06	1.40315	0
3.590668e-06	1.40311	0
3.591966e-06	1.40307	0
3.593265e-06	1.40303	0
3.594563e-06	1.40299	0
3.595861e-06	1.40295	0
3.597159e-06	1.40291	0
3.598458e-06	1.40287	0
3.599756e-06	1.40283	0
3.601054e-06	1.40279	0
3.602352e-06	1.40275	0
3.603651e-06	1.40271	0
3.604949e-06	1.40266	0
3.606247e-06	1.40262	0
3.607546e-06	1.40258	0
3.608844e-06	1.40254	0
3.610142e-06	1.4025	0
3.611440e-06	1.40246	0
3.612739e-06	1.40242	0
3.614037e-06	1.40238	0
3.615335e-06	1.40234	0
3.616633e-06	1.4023	0
3.617932e-06	1.40226	0
3.619230e-06	1.40221	0
3.620528e-06	1.40217	0
3.621826e-06	1.40213	0
3.623125e-06	1.40209	0
3.624423e-06	1.40205	0
3.625721e-06	1.40201	0
3.627019e-06	1.40197	0
3.628318e-06	1.40193	0
3.629616e-06	1.40188	0
3.630914e-06	1.40184	0
3.632212e-06	1.4018	0
3.633511e-06	1.40176	0
3.634809e-06	1.40172	0
3.636107e-06	1.40168	0
3.637405e-06	1.40164	0
3.638704e-06	1.4016	0
3.640002e-06	1.40155	0
3.641300e-06	1.40151	0
3.642599e-06	1.40147	0
3.643897e-06	1.40143	0
3.645195e-06	1.40139	0
3.646493e-06	1.40135	0
3.647792e-06	1.4013	0
3.649090e-06	1.40126	0
3.650388e-06	1.40122	0
3.651686e-06	1.40118	0
3.652985e-06	1.40114	0
3.654283e-06	1.4011	0
3.655581e-06	1.40105	0
3.656879e-06	1.40101	0
3.658178e-06	1.40097	0
3.659476e-06	1.40093	0
3.660774e-06	1.40089	0
3.662072e-06	1.40084	0
3.663371e-06	1.4008	0
3.664669e-06	1.40076	0
3.665967e-06	1.40072	0
3.667265e-06	1.40068	0
3.668564e-06	1.40063	0
3.669862e-06	1.40059	0
3.671160e-06	1.40055	0
3.672458e-06	1.40051	0
3.673757e-06	1.40047	0
3.675055e-06	1.40042	0
3.676353e-06	1.40038	0
3.677652e-06	1.40034	0
3.678950e-06	1.4003	0
3.680248e-06	1.40026	0
3.681546e-06	1.40021	0
3.682845e-06	1.40017	0
3.684143e-06	1.40013	0
3.685441e-06	1.40009	0
3.686739e-06	1.40004	0
3.688038e-06	1.4	0
3.689336e-06	1.39996	0
3.690634e-06	1.39992	0
3.691932e-06	1.39987	0
3.693231e-06	1.39983	0
3.694529e-06	1.39979	0
3.695827e-06	1.39975	0
3.697125e-06	1.3997	0
3.698424e-06	1.39966	0
3.699722e-06	1.39962	0
3.701020e-06	1.39958	0
3.702318e-06	1.39953	0
3.703617e-06	1.39949	0
3.704915e-06	1.39945	0
3.706213e-06	1.3994	0
3.707512e-06	1.39936	0
3.708810e-06	1.39932	0
3.710108e-06	1.39928	0
3.711406e-06	1.39923	0
3.712705e-06	1.39919	0
3.714003e-06	1.39915	0
3.715301e-06	1.3991	0
3.716599e-06	1.39906	0
3.717898e-06	1.39902	0
3.719196e-06	1.39898	0
3.720494e-06	1.39893	0
3.721792e-06	1.39889	0
3.723091e-06	1.39885	0
3.724389e-06	1.3988	0
3.725687e-06	1.39876	0
3.726985e-06	1.39872	0
3.728284e-06	1.39867	0
3.729582e-06	1.39863	0
3.730880e-06	1.39859	0
3.732178e-06	1.39854	0
3.733477e-06	1.3985	0
3.734775e-06	1.39846	0
3.736073e-06	1.39841	0
3.737371e-06	1.39837	0
3.738670e-06	1.39833	0
3.739968e-06	1.39828	0
3.741266e-06	1.39824	0
3.742565e-06	1.3982	0
3.743863e-06	1.39815	0
3.745161e-06	1.39811	0
3.746459e-06	1.39807	0
3.747758e-06	1.39802	0
3.749056e-06	1.39798	0
3.750354e-06	1.39793	0
3.751652e-06	1.39789	0
3.752951e-06	1.39785	0
3.754249e-06	1.3978	0
3.755547e-06	1.39776	0
3.756845e-06	1.39772	0
3.758144e-06	1.39767	0
3.759442e-06	1.39763	0
3.760740e-06	1.39758	0
3.762038e-06	1.39754	0
3.763337e-06	1.3975	0
3.764635e-06	1.39745	0
3.765933e-06	1.39741	0
3.767231e-06	1.39736	0
3.768530e-06	1.39732	0
3.769828e-06	1.39728	0
3.771126e-06	1.39723	0
3.772424e-06	1.39719	0
3.773723e-06	1.39714	0
3.775021e-06	1.3971	0
3.776319e-06	1.39706	0
3.777618e-06	1.39701	0
3.778916e-06	1.39697	0
3.780214e-06	1.39692	0
3.781512e-06	1.39688	0
3.782811e-06	1.39683	0
3.784109e-06	1.39679	0
3.785407e-06	1.39675	0
3.786705e-06	1.3967	0
3.788004e-06	1.39666	0
3.789302e-06	1.39661	0
3.790600e-06	1.39657	0
3.791898e-06	1.39652	0
3.793197e-06	1.39648	0
3.794495e-06	1.39643	0
3.795793e-06	1.39639	0
3.797091e-06	1.39635	0
3.798390e-06	1.3963	0
3.799688e-06	1.39626	0
3.800986e-06	1.39621	0
3.802284e-06	1.39617	0
3.803583e-06	1.39612	0
3.804881e-06	1.39608	0
3.806179e-06	1.39603	0
3.807477e-06	1.39599	0
3.808776e-06	1.39594	0
3.810074e-06	1.3959	0
3.811372e-06	1.39585	0
3.812671e-06	1.39581	0
3.813969e-06	1.39576	0
3.815267e-06	1.39572	0
3.816565e-06	1.39567	0
3.817864e-06	1.39563	0
3.819162e-06	1.39558	0
3.820460e-06	1.39554	0
3.821758e-06	1.39549	0
3.823057e-06	1.39545	0
3.824355e-06	1.3954	0
3.825653e-06	1.39536	0
3.826951e-06	1.39531	0
3.828250e-06	1.39527	0
3.829548e-06	1.39522	0
3.830846e-06	1.39518	0
3.832144e-06	1.39513	0
3.833443e-06	1.39508	0
3.834741e-06	1.39504	0
3.836039e-06	1.39499	0
3.837337e-06	1.39495	0
3.838636e-06	1.3949	0
3.839934e-06	1.39486	0
3.841232e-06	1.39481	0
3.842531e-06	1.39477	0
3.843829e-06	1.39472	0
3.845127e-06	1.39468	0
3.846425e-06	1.39463	0
3.847724e-06	1.39458	0
3.849022e-06	1.39454	0
3.850320e-06	1.39449	0
3.851618e-06	1.39445	0
3.852917e-06	1.3944	0
3.854215e-06	1.39435	0
3.855513e-06	1.39431	0
3.856811e-06	1.39426	0
3.858110e-06	1.39422	0
3.859408e-06	1.39417	0
3.860706e-06	1.39413	0
3.862004e-06	1.39408	0
3.863303e-06	1.39403	0
3.864601e-06	1.39399	0
3.865899e-06	1.39394	0
3.867197e-06	1.3939	0
3.868496e-06	1.39385	0
3.869794e-06	1.3938	0
3.871092e-06	1.39376	0
3.872390e-06	1.39371	0
3.873689e-06	1.39366	0
3.874987e-06	1.39362	0
3.876285e-06	1.39357	0
3.877584e-06	1.39353	0
3.878882e-06	1.39348	0
3.880180e-06	1.39343	0
3.881478e-06	1.39339	0
3.882777e-06	1.39334	0
3.884075e-06	1.39329	0
3.885373e-06	1.39325	0
3.886671e-06	1.3932	0
3.887970e-06	1.39315	0
3.889268e-06	1.39311	0
3.890566e-06	1.39306	0
3.891864e-06	1.39301	0
3.893163e-06	1.39297	0
3.894461e-06	1.39292	0
3.895759e-06	1.39287	0
3.897057e-06	1.39283	0
3.898356e-06	1.39278	0
3.899654e-06	1.39273	0
3.900952e-06	1.39269	0
3.902250e-06	1.39264	0
3.903549e-06	1.39259	0
3.904847e-06	1.39255	0
3.906145e-06	1.3925	0
3.907443e-06	1.39245	0
3.908742e-06	1.3924	0
3.910040e-06	1.39236	0
3.911338e-06	1.39231	0
3.912637e-06	1.39226	0
3.913935e-06	1.39222	0
3.915233e-06	1.39217	0
3.916531e-06	1.39212	0
3.917830e-06	1.39207	0
3.919128e-06	1.39203	0
3.920426e-06	1.39198	0
3.921724e-06	1.39193	0
3.923023e-06	1.39189	0
3.924321e-06	1.39184	0
3.925619e-06	1.39179	0
3.926917e-06	1.39174	0
3.928216e-06	1.3917	0
3.929514e-06	1.39165	0
3.930812e-06	1.3916	0
3.932110e-06	1.39155	0
3.933409e-06	1.39151	0
3.934707e-06	1.39146	0
3.936005e-06	1.39141	0
3.937303e-06	1.39136	0
3.938602e-06	1.39132	0
3.939900e-06	1.39127	0
3.941198e-06	1.39122	0
3.942496e-06	1.39117	0
3.943795e-06	1.39112	0
3.945093e-06	1.39108	0
3.946391e-06	1.39103	0
3.947690e-06	1.39098	0
3.948988e-06	1.39093	0
3.950286e-06	1.39089	0
3.951584e-06	1.39084	0
3.952883e-06	1.39079	0
3.954181e-06	1.39074	0
3.955479e-06	1.39069	0
3.956777e-06	1.39065	0
3.958076e-06	1.3906	0
3.959374e-06	1.39055	0
3.960672e-06	1.3905	0
3.961970e-06	1.39045	0
3.963269e-06	1.3904	0
3.964567e-06	1.39036	0
3.965865e-06	1.39031	0
3.967163e-06	1.39026	0
3.968462e-06	1.39021	0
3.969760e-06	1.39016	0
3.971058e-06	1.39011	0
3.972356e-06	1.39007	0
3.973655e-06	1.39002	0
3.974953e-06	1.38997	0
3.976251e-06	1.38992	0
3.977550e-06	1.38987	0
3.978848e-06	1.38982	0
3.980146e-06	1.38977	0
3.981444e-06	1.38973	0
3.982743e-06	1.38968	0
3.984041e-06	1.38963	0
3.985339e-06	1.38958	0
3.986637e-06	1.38953	0
3.987936e-06	1.38948	0
3.989234e-06	1.38943	0
3.990532e-06	1.38938	0
3.991830e-06	1.38934	0
3.993129e-06	1.38929	0
3.994427e-06	1.38924	0
3.995725e-06	1.38919	0
3.997023e-06	1.38914	0
3.998322e-06	1.38909	0
3.999620e-06	1.38904	0
4.000918e-06	1.38899	0
4.002216e-06	1.38894	0
4.003515e-06	1.38889	0
4.004813e-06	1.38885	0
4.006111e-06	1.3888	0
4.007409e-06	1.38875	0
4.008708e-06	1.3887	0
4.010006e-06	1.38865	0
4.011304e-06	1.3886	0
4.012603e-06	1.38855	0
4.013901e-06	1.3885	0
4.015199e-06	1.38845	0
4.016497e-06	1.3884	0
4.017796e-06	1.38835	0
4.019094e-06	1.3883	0
4.020392e-06	1.38825	0
4.021690e-06	1.3882	0
4.022989e-06	1.38815	0
4.024287e-06	1.3881	0
4.025585e-06	1.38805	0
4.026883e-06	1.38801	0
4.028182e-06	1.38796	0
4.029480e-06	1.38791	0
4.030778e-06	1.38786	0
4.032076e-06	1.38781	0
4.033375e-06	1.38776	0
4.034673e-06	1.38771	0
4.035971e-06	1.38766	0
4.037269e-06	1.38761	0
4.038568e-06	1.38756	0
4.039866e-06	1.38751	0
4.041164e-06	1.38746	0
4.042462e-06	1.38741	0
4.043761e-06	1.38736	0
4.045059e-06	1.38731	0
4.046357e-06	1.38726	0
4.047656e-06	1.38721	0
4.048954e-06	1.38716	0
4.050252e-06	1.38711	0
4.051550e-06	1.38706	0
4.052849e-06	1.38701	0
4.054147e-06	1.38695	0
4.055445e-06	1.3869	0
4.056743e-06	1.38685	0
4.058042e-06	1.3868	0
4.059340e-06	1.38675	0
4.060638e-06	1.3867	0
4.061936e-06	1.38665	0
4.063235e-06	1.3866	0
4.064533e-06	1.38655	0
4.065831e-06	1.3865	0
4.067129e-06	1.38645	0
4.068428e-06	1.3864	0
4.069726e-06	1.38635	0
4.071024e-06	1.3863	0
4.072322e-06	1.38625	0
4.073621e-06	1.3862	0
4.074919e-06	1.38615	0
4.076217e-06	1.38609	0
4.077516e-06	1.38604	0
4.078814e-06	1.38599	0
4.080112e-06	1.38594	0
4.081410e-06	1.38589	0
4.082709e-06	1.38584	0
4.084007e-06	1.38579	0
4.085305e-06	1.38574	0
4.086603e-06	1.38569	0
4.087902e-06	1.38564	0
4.089200e-06	1.38558	0
4.090498e-06	1.38553	0
4.091796e-06	1.38548	0
4.093095e-06	1.38543	0
4.094393e-06	1.38538	0
4.095691e-06	1.38533	0
4.096989e-06	1.38528	0
4.098288e-06	1.38523	0
4.099586e-06	1.38517	0
4.100884e-06	1.38512	0
4.102182e-06	1.38507	0
4.103481e-06	1.38502	0
4.104779e-06	1.38497	0
4.106077e-06	1.38492	0
4.107375e-06	1.38486	0
4.108674e-06	1.38481	0
4.109972e-06	1.38476	0
4.111270e-06	1.38471	0
4.112569e-06	1.38466	0
4.113867e-06	1.38461	0
4.115165e-06	1.38455	0
4.116463e-06	1.3845	0
4.117762e-06	1.38445	0
4.119060e-06	1.3844	0
4.120358e-06	1.38435	0
4.121656e-06	1.38429	0
4.122955e-06	1.38424	0
4.124253e-06	1.38419	0
4.125551e-06	1.38414	0
4.126849e-06	1.38409	0
4.128148e-06	1.38403	0
4.129446e-06	1.38398	0
4.130744e-06	1.38393	0
4.132042e-06	1.38388	0
4.133341e-06	1.38383	0
4.134639e-06	1.38377	0
4.135937e-06	1.38372	0
4.137235e-06	1.38367	0
4.138534e-06	1.38362	0
4.139832e-06	1.38356	0
4.141130e-06	1.38351	0
4.142428e-06	1.38346	0
4.143727e-06	1.38341	0
4.145025e-06	1.38335	0
4.146323e-06	1.3833	0
4.147622e-06	1.38325	0
4.148920e-06	1.3832	0
4.150218e-06	1.38314	0
4.151516e-06	1.38309	0
4.152815e-06	1.38304	0
4.154113e-06	1.38299	0
4.155411e-06	1.38293	0
4.156709e-06	1.38288	0
4.158008e-06	1.38283	0
4.159306e-06	1.38277	0
4.160604e-06	1.38272	0
4.161902e-06	1.38267	0
4.163201e-06	1.38262	0
4.164499e-06	1.38256	0
4.165797e-06	1.38251	0
4.167095e-06	1.38246	0
4.168394e-06	1.3824	0
4.169692e-06	1.38235	0
4.170990e-06	1.3823	0
4.172288e-06	1.38224	0
4.173587e-06	1.38219	0
4.174885e-06	1.38214	0
4.176183e-06	1.38208	0
4.177481e-06	1.38203	0
4.178780e-06	1.38198	0
4.180078e-06	1.38192	0
4.181376e-06	1.38187	0
4.182675e-06	1.38182	0
4.183973e-06	1.38176	0
4.185271e-06	1.38171	0
4.186569e-06	1.38166	0
4.187868e-06	1.3816	0
4.189166e-06	1.38155	0
4.190464e-06	1.3815	0
4.191762e-06	1.38144	0
4.193061e-06	1.38139	0
4.194359e-06	1.38133	0
4.195657e-06	1.38128	0
4.196955e-06	1.38123	0
4.198254e-06	1.38117	0
4.199552e-06	1.38112	0
4.200850e-06	1.38106	0
4.202148e-06	1.38101	0
4.203447e-06	1.38096	0
4.204745e-06	1.3809	0
4.206043e-06	1.38085	0
4.207341e-06	1.38079	0
4.208640e-06	1.38074	0
4.209938e-06	1.38069	0
4.211236e-06	1.38063	0
4.212535e-06	1.38058	0
4.213833e-06	1.38052	0
4.215131e-06	1.38047	0
4.216429e-06	1.38041	0
4.217728e-06	1.38036	0
4.219026e-06	1.38031	0
4.220324e-06	1.38025	0
4.221622e-06	1.3802	0
4.222921e-06	1.38014	0
4.224219e-06	1.38009	0
4.225517e-06	1.38003	0
4.226815e-06	1.37998	0
4.228114e-06	1.37992	0
4.229412e-06	1.37987	0
4.230710e-06	1.37981	0
4.232008e-06	1.37976	0
4.233307e-06	1.37971	0
4.234605e-06	1.37965	0
4.235903e-06	1.3796	0
4.237201e-06	1.37954	0
4.238500e-06	1.37949	0
4.239798e-06	1.37943	0
4.241096e-06	1.37938	0
4.242394e-06	1.37932	0
4.243693e-06	1.37927	0
4.244991e-06	1.37921	0
4.246289e-06	1.37916	0
4.247588e-06	1.3791	0
4.248886e-06	1.37905	0
4.250184e-06	1.37899	0
4.251482e-06	1.37893	0
4.252781e-06	1.37888	0
4.254079e-06	1.37882	0
4.255377e-06	1.37877	0
4.256675e-06	1.37871	0
4.257974e-06	1.37866	0
4.259272e-06	1.3786	0
4.260570e-06	1.37855	0
4.261868e-06	1.37849	0
4.263167e-06	1.37844	0
4.264465e-06	1.37838	0
4.265763e-06	1.37832	0
4.267061e-06	1.37827	0
4.268360e-06	1.37821	0
4.269658e-06	1.37816	0
4.270956e-06	1.3781	0
4.272254e-06	1.37805	0
4.273553e-06	1.37799	0
4.274851e-06	1.37793	0
4.276149e-06	1.37788	0
4.277447e-06	1.37782	0
4.278746e-06	1.37777	0
4.280044e-06	1.37771	0
4.281342e-06	1.37765	0
4.282641e-06	1.3776	0
4.283939e-06	1.37754	0
4.285237e-06	1.37749	0
4.286535e-06	1.37743	0
4.287834e-06	1.37737	0
4.289132e-06	1.37732	0
4.290430e-06	1.37726	0
4.291728e-06	1.3772	0
4.293027e-06	1.37715	0
4.294325e-06	1.37709	0
4.295623e-06	1.37704	0
4.296921e-06	1.37698	0
4.298220e-06	1.37692	0
4.299518e-06	1.37687	0
4.300816e-06	1.37681	0
4.302114e-06	1.37675	0
4.303413e-06	1.3767	0
4.304711e-06	1.37664	0
4.306009e-06	1.37658	0
4.307307e-06	1.37653	0
4.308606e-06	1.37647	0
4.309904e-06	1.37641	0
4.311202e-06	1.37636	0
4.312501e-06	1.3763	0
4.313799e-06	1.37624	0
4.315097e-06	1.37618	0
4.316395e-06	1.37613	0
4.317694e-06	1.37607	0
4.318992e-06	1.37601	0
4.320290e-06	1.37596	0
4.321588e-06	1.3759	0
4.322887e-06	1.37584	0
4.324185e-06	1.37578	0
4.325483e-06	1.37573	0
4.326781e-06	1.37567	0
4.328080e-06	1.37561	0
4.329378e-06	1.37556	0
4.330676e-06	1.3755	0
4.331974e-06	1.37544	0
4.333273e-06	1.37538	0
4.334571e-06	1.37533	0
4.335869e-06	1.37527	0
4.337167e-06	1.37521	0
4.338466e-06	1.37515	0
4.339764e-06	1.3751	0
4.341062e-06	1.37504	0
4.342360e-06	1.37498	0
4.343659e-06	1.37492	0
4.344957e-06	1.37486	0
4.346255e-06	1.37481	0
4.347554e-06	1.37475	0
4.348852e-06	1.37469	0
4.350150e-06	1.37463	0
4.351448e-06	1.37458	0
4.352747e-06	1.37452	0
4.354045e-06	1.37446	0
4.355343e-06	1.3744	0
4.356641e-06	1.37434	0
4.357940e-06	1.37428	0
4.359238e-06	1.37423	0
4.360536e-06	1.37417	0
4.361834e-06	1.37411	0
4.363133e-06	1.37405	0
4.364431e-06	1.37399	0
4.365729e-06	1.37394	0
4.367027e-06	1.37388	0
4.368326e-06	1.37382	0
4.369624e-06	1.37376	0
4.370922e-06	1.3737	0
4.372220e-06	1.37364	0
4.373519e-06	1.37358	0
4.374817e-06	1.37353	0
4.376115e-06	1.37347	0
4.377413e-06	1.37341	0
4.378712e-06	1.37335	0
4.380010e-06	1.37329	0
4.381308e-06	1.37323	0
4.382607e-06	1.37317	0
4.383905e-06	1.37311	0
4.385203e-06	1.37306	0
4.386501e-06	1.373	0
4.387800e-06	1.37294	0
4.389098e-06	1.37288	0
4.390396e-06	1.37282	0
4.391694e-06	1.37276	0
4.392993e-06	1.3727	0
4.394291e-06	1.37264	0
4.395589e-06	1.37258	0
4.396887e-06	1.37252	0
4.398186e-06	1.37246	0
4.399484e-06	1.3724	0
4.400782e-06	1.37235	0
4.402080e-06	1.37229	0
4.403379e-06	1.37223	0
4.404677e-06	1.37217	0
4.405975e-06	1.37211	0
4.407273e-06	1.37205	0
4.408572e-06	1.37199	0
4.409870e-06	1.37193	0
4.411168e-06	1.37187	0
4.412466e-06	1.37181	0
4.413765e-06	1.37175	0
4.415063e-06	1.37169	0
4.416361e-06	1.37163	0
4.417660e-06	1.37157	0
4.418958e-06	1.37151	0
4.420256e-06	1.37145	0
4.421554e-06	1.37139	0
4.422853e-06	1.37133	0
4.424151e-06	1.37127	0
4.425449e-06	1.37121	0
4.426747e-06	1.37115	0
4.428046e-06	1.37109	0
4.429344e-06	1.37103	0
4.430642e-06	1.37097	0
4.431940e-06	1.37091	0
4.433239e-06	1.37085	0
4.434537e-06	1.37079	0
4.435835e-06	1.37073	0
4.437133e-06	1.37067	0
4.438432e-06	1.37061	0
4.439730e-06	1.37055	0
4.441028e-06	1.37049	0
4.442326e-06	1.37043	0
4.443625e-06	1.37037	0
4.444923e-06	1.37031	0
4.446221e-06	1.37024	0
4.447520e-06	1.37018	0
4.448818e-06	1.37012	0
4.450116e-06	1.37006	0
4.451414e-06	1.37	0
4.452713e-06	1.36994	0
4.454011e-06	1.36988	0
4.455309e-06	1.36982	0
4.456607e-06	1.36976	0
4.457906e-06	1.3697	0
4.459204e-06	1.36964	0
4.460502e-06	1.36957	0
4.461800e-06	1.36951	0
4.463099e-06	1.36945	0
4.464397e-06	1.36939	0
4.465695e-06	1.36933	0
4.466993e-06	1.36927	0
4.468292e-06	1.36921	0
4.469590e-06	1.36915	0
4.470888e-06	1.36908	0
4.472186e-06	1.36902	0
4.473485e-06	1.36896	0
4.474783e-06	1.3689	0
4.476081e-06	1.36884	0
4.477379e-06	1.36878	0
4.478678e-06	1.36871	0
4.479976e-06	1.36865	0
4.481274e-06	1.36859	0
4.482573e-06	1.36853	0
4.483871e-06	1.36847	0
4.485169e-06	1.36841	0
4.486467e-06	1.36834	0
4.487766e-06	1.36828	0
4.489064e-06	1.36822	0
4.490362e-06	1.36816	0
4.491660e-06	1.3681	0
4.492959e-06	1.36803	0
4.494257e-06	1.36797	0
4.495555e-06	1.36791	0
4.496853e-06	1.36785	0
4.498152e-06	1.36779	0
4.499450e-06	1.36772	0
4.500748e-06	1.36766	0
4.502046e-06	1.3676	0
4.503345e-06	1.36754	0
4.504643e-06	1.36747	0
4.505941e-06	1.36741	0
4.507239e-06	1.36735	0
4.508538e-06	1.36729	0
4.509836e-06	1.36722	0
4.511134e-06	1.36716	0
4.512432e-06	1.3671	0
4.513731e-06	1.36704	0
4.515029e-06	1.36697	0
4.516327e-06	1.36691	0
4.517626e-06	1.36685	0
4.518924e-06	1.36678	0
4.520222e-06	1.36672	0
4.521520e-06	1.36666	0
4.522819e-06	1.3666	0
4.524117e-06	1.36653	0
4.525415e-06	1.36647	0
4.526713e-06	1.36641	0
4.528012e-06	1.36634	0
4.529310e-06	1.36628	0
4.530608e-06	1.36622	0
4.531906e-06	1.36615	0
4.533205e-06	1.36609	0
4.534503e-06	1.36603	0
4.535801e-06	1.36596	0
4.537099e-06	1.3659	0
4.538398e-06	1.36584	0
4.539696e-06	1.36577	0
4.540994e-06	1.36571	0
4.542292e-06	1.36565	0
4.543591e-06	1.36558	0
4.544889e-06	1.36552	0
4.546187e-06	1.36546	0
4.547485e-06	1.36539	0
4.548784e-06	1.36533	0
4.550082e-06	1.36526	0
4.551380e-06	1.3652	0
4.552679e-06	1.36514	0
4.553977e-06	1.36507	0
4.555275e-06	1.36501	0
4.556573e-06	1.36494	0
4.557872e-06	1.36488	0
4.559170e-06	1.36482	0
4.560468e-06	1.36475	0
4.561766e-06	1.36469	0
4.563065e-06	1.36462	0
4.564363e-06	1.36456	0
4.565661e-06	1.36449	0
4.566959e-06	1.36443	0
4.568258e-06	1.36437	0
4.569556e-06	1.3643	0
4.570854e-06	1.36424	0
4.572152e-06	1.36417	0
4.573451e-06	1.36411	0
4.574749e-06	1.36404	0
4.576047e-06	1.36398	0
4.577345e-06	1.36391	0
4.578644e-06	1.36385	0
4.579942e-06	1.36378	0
4.581240e-06	1.36372	0
4.582539e-06	1.36365	0
4.583837e-06	1.36359	0
4.585135e-06	1.36353	0
4.586433e-06	1.36346	0
4.587732e-06	1.3634	0
4.589030e-06	1.36333	0
4.590328e-06	1.36326	0
4.591626e-06	1.3632	0
4.592925e-06	1.36313	0
4.594223e-06	1.36307	0
4.595521e-06	1.363	0
4.596819e-06	1.36294	0
4.598118e-06	1.36287	0
4.599416e-06	1.36281	0
4.600714e-06	1.36274	0
4.602012e-06	1.36268	0
4.603311e-06	1.36261	0
4.604609e-06	1.36255	0
4.605907e-06	1.36248	0
4.607205e-06	1.36241	0
4.608504e-06	1.36235	0
4.609802e-06	1.36228	0
4.611100e-06	1.36222	0
4.612398e-06	1.36215	0
4.613697e-06	1.36209	0
4.614995e-06	1.36202	0
4.616293e-06	1.36195	0
4.617592e-06	1.36189	0
4.618890e-06	1.36182	0
4.620188e-06	1.36176	0
4.621486e-06	1.36169	0
4.622785e-06	1.36162	0
4.624083e-06	1.36156	0
4.625381e-06	1.36149	0
4.626679e-06	1.36143	0
4.627978e-06	1.36136	0
4.629276e-06	1.36129	0
4.630574e-06	1.36123	0
4.631872e-06	1.36116	0
4.633171e-06	1.36109	0
4.634469e-06	1.36103	0
4.635767e-06	1.36096	0
4.637065e-06	1.36089	0
4.638364e-06	1.36083	0
4.639662e-06	1.36076	0
4.640960e-06	1.36069	0
4.642258e-06	1.36063	0
4.643557e-06	1.36056	0
4.644855e-06	1.36049	0
4.646153e-06	1.36043	0
4.647451e-06	1.36036	0
4.648750e-06	1.36029	0
4.650048e-06	1.36022	0
4.651346e-06	1.36016	0
4.652645e-06	1.36009	0
4.653943e-06	1.36002	0
4.655241e-06	1.35996	0
4.656539e-06	1.35989	0
4.657838e-06	1.35982	0
4.659136e-06	1.35975	0
4.660434e-06	1.35969	0
4.661732e-06	1.35962	0
4.663031e-06	1.35955	0
4.664329e-06	1.35948	0
4.665627e-06	1.35942	0
4.666925e-06	1.35935	0
4.668224e-06	1.35928	0
4.669522e-06	1.35921	0
4.670820e-06	1.35915	0
4.672118e-06	1.35908	0
4.673417e-06	1.35901	0
4.674715e-06	1.35894	0
4.676013e-06	1.35887	0
4.677311e-06	1.35881	0
4.678610e-06	1.35874	0
4.679908e-06	1.35867	0
4.681206e-06	1.3586	0
4.682505e-06	1.35853	0
4.683803e-06	1.35847	0
4.685101e-06	1.3584	0
4.686399e-06	1.35833	0
4.687698e-06	1.35826	0
4.688996e-06	1.35819	0
4.690294e-06	1.35812	0
4.691592e-06	1.35806	0
4.692891e-06	1.35799	0
4.694189e-06	1.35792	0
4.695487e-06	1.35785	0
4.696785e-06	1.35778	0
4.698084e-06	1.35771	0
4.699382e-06	1.35764	0
4.700680e-06	1.35758	0
4.701978e-06	1.35751	0
4.703277e-06	1.35744	0
4.704575e-06	1.35737	0
4.705873e-06	1.3573	0
4.707171e-06	1.35723	0
4.708470e-06	1.35716	0
4.709768e-06	1.35709	0
4.711066e-06	1.35702	0
4.712364e-06	1.35696	0
4.713663e-06	1.35689	0
4.714961e-06	1.35682	0
4.716259e-06	1.35675	0
4.717558e-06	1.35668	0
4.718856e-06	1.35661	0
4.720154e-06	1.35654	0
4.721452e-06	1.35647	0
4.722751e-06	1.3564	0
4.724049e-06	1.35633	0
4.725347e-06	1.35626	0
4.726645e-06	1.35619	0
4.727944e-06	1.35612	0
4.729242e-06	1.35605	0
4.730540e-06	1.35598	0
4.731838e-06	1.35591	0
4.733137e-06	1.35584	0
4.734435e-06	1.35577	0
4.735733e-06	1.3557	0
4.737031e-06	1.35563	0
4.738330e-06	1.35556	0
4.739628e-06	1.35549	0
4.740926e-06	1.35542	0
4.742224e-06	1.35535	0
4.743523e-06	1.35528	0
4.744821e-06	1.35521	0
4.746119e-06	1.35514	0
4.747417e-06	1.35507	0
4.748716e-06	1.355	0
4.750014e-06	1.35493	0
4.751312e-06	1.35486	0
4.752611e-06	1.35479	0
4.753909e-06	1.35472	0
4.755207e-06	1.35465	0
4.756505e-06	1.35458	0
4.757804e-06	1.35451	0
4.759102e-06	1.35444	0
4.760400e-06	1.35436	0
4.761698e-06	1.35429	0
4.762997e-06	1.35422	0
4.764295e-06	1.35415	0
4.765593e-06	1.35408	0
4.766891e-06	1.35401	0
4.768190e-06	1.35394	0
4.769488e-06	1.35387	0
4.770786e-06	1.3538	0
4.772084e-06	1.35372	0
4.773383e-06	1.35365	0
4.774681e-06	1.35358	0
4.775979e-06	1.35351	0
4.777277e-06	1.35344	0
4.778576e-06	1.35337	0
4.779874e-06	1.3533	0
4.781172e-06	1.35322	0
4.782470e-06	1.35315	0
4.783769e-06	1.35308	0
4.785067e-06	1.35301	0
4.786365e-06	1.35294	0
4.787664e-06	1.35287	0
4.788962e-06	1.35279	0
4.790260e-06	1.35272	0
4.791558e-06	1.35265	0
4.792857e-06	1.35258	0
4.794155e-06	1.35251	0
4.795453e-06	1.35243	0
4.796751e-06	1.35236	0
4.798050e-06	1.35229	0
4.799348e-06	1.35222	0
4.800646e-06	1.35215	0
4.801944e-06	1.35207	0
4.803243e-06	1.352	0
4.804541e-06	1.35193	0
4.805839e-06	1.35186	0
4.807137e-06	1.35178	0
4.808436e-06	1.35171	0
4.809734e-06	1.35164	0
4.811032e-06	1.35157	0
4.812330e-06	1.35149	0
4.813629e-06	1.35142	0
4.814927e-06	1.35135	0
4.816225e-06	1.35127	0
4.817524e-06	1.3512	0
4.818822e-06	1.35113	0
4.820120e-06	1.35106	0
4.821418e-06	1.35098	0
4.822717e-06	1.35091	0
4.824015e-06	1.35084	0
4.825313e-06	1.35076	0
4.826611e-06	1.35069	0
4.827910e-06	1.35062	0
4.829208e-06	1.35054	0
4.830506e-06	1.35047	0
4.831804e-06	1.3504	0
4.833103e-06	1.35032	0
4.834401e-06	1.35025	0
4.835699e-06	1.35018	0
4.836997e-06	1.3501	0
4.838296e-06	1.35003	0
4.839594e-06	1.34995	0
4.840892e-06	1.34988	0
4.842190e-06	1.34981	0
4.843489e-06	1.34973	0
4.844787e-06	1.34966	0
4.846085e-06	1.34958	0
4.847383e-06	1.34951	0
4.848682e-06	1.34944	0
4.849980e-06	1.34936	0
4.851278e-06	1.34929	0
4.852577e-06	1.34921	0
4.853875e-06	1.34914	0
4.855173e-06	1.34907	0
4.856471e-06	1.34899	0
4.857770e-06	1.34892	0
4.859068e-06	1.34884	0
4.860366e-06	1.34877	0
4.861664e-06	1.34869	0
4.862963e-06	1.34862	0
4.864261e-06	1.34854	0
4.865559e-06	1.34847	0
4.866857e-06	1.34839	0
4.868156e-06	1.34832	0
4.869454e-06	1.34824	0
4.870752e-06	1.34817	0
4.872050e-06	1.3481	0
4.873349e-06	1.34802	0
4.874647e-06	1.34794	0
4.875945e-06	1.34787	0
4.877243e-06	1.34779	0
4.878542e-06	1.34772	0
4.879840e-06	1.34764	0
4.881138e-06	1.34757	0
4.882436e-06	1.34749	0
4.883735e-06	1.34742	0
4.885033e-06	1.34734	0
4.886331e-06	1.34727	0
4.887630e-06	1.34719	0
4.888928e-06	1.34712	0
4.890226e-06	1.34704	0
4.891524e-06	1.34696	0
4.892823e-06	1.34689	0
4.894121e-06	1.34681	0
4.895419e-06	1.34674	0
4.896717e-06	1.34666	0
4.898016e-06	1.34659	0
4.899314e-06	1.34651	0
4.900612e-06	1.34643	0
4.901910e-06	1.34636	0
4.903209e-06	1.34628	0
4.904507e-06	1.3462	0
4.905805e-06	1.34613	0
4.907103e-06	1.34605	0
4.908402e-06	1.34598	0
4.909700e-06	1.3459	0
4.910998e-06	1.34582	0
4.912296e-06	1.34575	0
4.913595e-06	1.34567	0
4.914893e-06	1.34559	0
4.916191e-06	1.34552	0
4.917489e-06	1.34544	0
4.918788e-06	1.34536	0
4.920086e-06	1.34529	0
4.921384e-06	1.34521	0
4.922683e-06	1.34513	0
4.923981e-06	1.34506	0
4.925279e-06	1.34498	0
4.926577e-06	1.3449	0
4.927876e-06	1.34482	0
4.929174e-06	1.34475	0
4.930472e-06	1.34467	0
4.931770e-06	1.34459	0
4.933069e-06	1.34452	0
4.934367e-06	1.34444	0
4.935665e-06	1.34436	0
4.936963e-06	1.34428	0
4.938262e-06	1.34421	0
4.939560e-06	1.34413	0
4.940858e-06	1.34405	0
4.942156e-06	1.34397	0
4.943455e-06	1.34389	0
4.944753e-06	1.34382	0
4.946051e-06	1.34374	0
4.947349e-06	1.34366	0
4.948648e-06	1.34358	0
4.949946e-06	1.34351	0
4.951244e-06	1.34343	0
4.952543e-06	1.34335	0
4.953841e-06	1.34327	0
4.955139e-06	1.34319	0
4.956437e-06	1.34311	0
4.957736e-06	1.34304	0
4.959034e-06	1.34296	0
4.960332e-06	1.34288	0
4.961630e-06	1.3428	0
4.962929e-06	1.34272	0
4.964227e-06	1.34264	0
4.965525e-06	1.34257	0
4.966823e-06	1.34249	0
4.968122e-06	1.34241	0
4.969420e-06	1.34233	0
4.970718e-06	1.34225	0
4.972016e-06	1.34217	0
4.973315e-06	1.34209	0
4.974613e-06	1.34201	0
4.975911e-06	1.34193	0
4.977209e-06	1.34185	0
4.978508e-06	1.34178	0
4.979806e-06	1.3417	0
4.981104e-06	1.34162	0
4.982402e-06	1.34154	0
4.983701e-06	1.34146	0
4.984999e-06	1.34138	0
4.986297e-06	1.3413	0
4.987596e-06	1.34122	0
4.988894e-06	1.34114	0
4.990192e-06	1.34106	0
4.991490e-06	1.34098	0
4.992789e-06	1.3409	0
4.994087e-06	1.34082	0
4.995385e-06	1.34074	0
4.996683e-06	1.34066	0
4.997982e-06	1.34058	0
4.999280e-06	1.3405	0
5.000578e-06	1.34042	0
5.001876e-06	1.34034	0
5.003175e-06	1.34026	0
5.004473e-06	1.34018	0
5.005771e-06	1.3401	0
5.007069e-06	1.34002	0
5.008368e-06	1.33994	0
5.009666e-06	1.33986	0
5.010964e-06	1.33978	0
5.012262e-06	1.3397	0
5.013561e-06	1.33962	0
5.014859e-06	1.33954	0
5.016157e-06	1.33946	0
5.017455e-06	1.33938	0
5.018754e-06	1.33929	0
5.020052e-06	1.33921	0
5.021350e-06	1.33913	0
5.022649e-06	1.33905	0
5.023947e-06	1.33897	0
5.025245e-06	1.33889	0
5.026543e-06	1.33881	0
5.027842e-06	1.33873	0
5.029140e-06	1.33865	0
5.030438e-06	1.33856	0
5.031736e-06	1.33848	0
5.033035e-06	1.3384	0
5.034333e-06	1.33832	0
5.035631e-06	1.33824	0
5.036929e-06	1.33816	0
5.038228e-06	1.33808	0
5.039526e-06	1.33799	0
5.040824e-06	1.33791	0
5.042122e-06	1.33783	0
5.043421e-06	1.33775	0
5.044719e-06	1.33767	0
5.046017e-06	1.33758	0
5.047315e-06	1.3375	0
5.048614e-06	1.33742	0
5.049912e-06	1.33734	0
5.051210e-06	1.33726	0
5.052509e-06	1.33717	0
5.053807e-06	1.33709	0
5.055105e-06	1.33701	0
5.056403e-06	1.33693	0
5.057702e-06	1.33684	0
5.059000e-06	1.33676	0
5.060298e-06	1.33668	0
5.061596e-06	1.3366	0
5.062895e-06	1.33651	0
5.064193e-06	1.33643	0
5.065491e-06	1.33635	0
5.066789e-06	1.33626	0
5.068088e-06	1.33618	0
5.069386e-06	1.3361	0
5.070684e-06	1.33602	0
5.071982e-06	1.33593	0
5.073281e-06	1.33585	0
5.074579e-06	1.33577	0
5.075877e-06	1.33568	0
5.077175e-06	1.3356	0
5.078474e-06	1.33552	0
5.079772e-06	1.33543	0
5.081070e-06	1.33535	0
5.082368e-06	1.33527	0
5.083667e-06	1.33518	0
5.084965e-06	1.3351	0
5.086263e-06	1.33501	0
5.087562e-06	1.33493	0
5.088860e-06	1.33485	0
5.090158e-06	1.33476	0
5.091456e-06	1.33468	0
5.092755e-06	1.33459	0
5.094053e-06	1.33451	0
5.095351e-06	1.33443	0
5.096649e-06	1.33434	0
5.097948e-06	1.33426	0
5.099246e-06	1.33417	0
5.100544e-06	1.33409	0
5.101842e-06	1.33401	0
5.103141e-06	1.33392	0
5.104439e-06	1.33384	0
5.105737e-06	1.33375	0
5.107035e-06	1.33367	0
5.108334e-06	1.33358	0
5.109632e-06	1.3335	0
5.110930e-06	1.33341	0
5.112228e-06	1.33333	0
5.113527e-06	1.33324	0
5.114825e-06	1.33316	0
5.116123e-06	1.33307	0
5.117421e-06	1.33299	0
5.118720e-06	1.3329	0
5.120018e-06	1.33282	0
5.121316e-06	1.33273	0
5.122615e-06	1.33265	0
5.123913e-06	1.33256	0
5.125211e-06	1.33248	0
5.126509e-06	1.33239	0
5.127808e-06	1.3323	0
5.129106e-06	1.33222	0
5.130404e-06	1.33213	0
5.131702e-06	1.33205	0
5.133001e-06	1.33196	0
5.134299e-06	1.33188	0
5.135597e-06	1.33179	0
5.136895e-06	1.3317	0
5.138194e-06	1.33162	0
5.139492e-06	1.33153	0
5.140790e-06	1.33144	0
5.142088e-06	1.33136	0
5.143387e-06	1.33127	0
5.144685e-06	1.33119	0
5.145983e-06	1.3311	0
5.147281e-06	1.33101	0
5.148580e-06	1.33093	0
5.149878e-06	1.33084	0
5.151176e-06	1.33075	0
5.152474e-06	1.33067	0
5.153773e-06	1.33058	0
5.155071e-06	1.33049	0
5.156369e-06	1.33041	0
5.157668e-06	1.33032	0
5.158966e-06	1.33023	0
5.160264e-06	1.33014	0
5.161562e-06	1.33006	0
5.162861e-06	1.32997	0
5.164159e-06	1.32988	0
5.165457e-06	1.3298	0
5.166755e-06	1.32971	0
5.168054e-06	1.32962	0
5.169352e-06	1.32953	0
5.170650e-06	1.32945	0
5.171948e-06	1.32936	0
5.173247e-06	1.32927	0
5.174545e-06	1.32918	0
5.175843e-06	1.32909	0
5.177141e-06	1.32901	0
5.178440e-06	1.32892	0
5.179738e-06	1.32883	0
5.181036e-06	1.32874	0
5.182334e-06	1.32865	0
5.183633e-06	1.32857	0
5.184931e-06	1.32848	0
5.186229e-06	1.32839	0
5.187528e-06	1.3283	0
5.188826e-06	1.32821	0
5.190124e-06	1.32812	0
5.191422e-06	1.32804	0
5.192721e-06	1.32795	0
5.194019e-06	1.32786	0
5.195317e-06	1.32777	0
5.196615e-06	1.32768	0
5.197914e-06	1.32759	0
5.199212e-06	1.3275	0
5.200510e-06	1.32741	0
5.201808e-06	1.32733	0
5.203107e-06	1.32724	0
5.204405e-06	1.32715	0
5.205703e-06	1.32706	0
5.207001e-06	1.32697	0
5.208300e-06	1.32688	0
5.209598e-06	1.32679	0
5.210896e-06	1.3267	0
5.212194e-06	1.32661	0
5.213493e-06	1.32652	0
5.214791e-06	1.32643	0
5.216089e-06	1.32634	0
5.217387e-06	1.32625	0
5.218686e-06	1.32616	0
5.219984e-06	1.32607	0
5.221282e-06	1.32598	0
5.222581e-06	1.32589	0
5.223879e-06	1.3258	0
5.225177e-06	1.32571	0
5.226475e-06	1.32562	0
5.227774e-06	1.32553	0
5.229072e-06	1.32544	0
5.230370e-06	1.32535	0
5.231668e-06	1.32526	0
5.232967e-06	1.32517	0
5.234265e-06	1.32508	0
5.235563e-06	1.32499	0
5.236861e-06	1.3249	0
5.238160e-06	1.32481	0
5.239458e-06	1.32472	0
5.240756e-06	1.32462	0
5.242054e-06	1.32453	0
5.243353e-06	1.32444	0
5.244651e-06	1.32435	0
5.245949e-06	1.32426	0
5.247247e-06	1.32417	0
5.248546e-06	1.32408	0
5.249844e-06	1.32399	0
5.251142e-06	1.32389	0
5.252440e-06	1.3238	0
5.253739e-06	1.32371	0
5.255037e-06	1.32362	0
5.256335e-06	1.32353	0
5.257634e-06	1.32344	0
5.258932e-06	1.32334	0
5.260230e-06	1.32325	0
5.261528e-06	1.32316	0
5.262827e-06	1.32307	0
5.264125e-06	1.32298	0
5.265423e-06	1.32288	0
5.266721e-06	1.32279	0
5.268020e-06	1.3227	0
5.269318e-06	1.32261	0
5.270616e-06	1.32252	0
5.271914e-06	1.32242	0
5.273213e-06	1.32233	0
5.274511e-06	1.32224	0
5.275809e-06	1.32214	0
5.277107e-06	1.32205	0
5.278406e-06	1.32196	0
5.279704e-06	1.32187	0
5.281002e-06	1.32177	0
5.282300e-06	1.32168	0
5.283599e-06	1.32159	0
5.284897e-06	1.32149	0
5.286195e-06	1.3214	0
5.287493e-06	1.32131	0
5.288792e-06	1.32121	0
5.290090e-06	1.32112	0
5.291388e-06	1.32103	0
5.292687e-06	1.32093	0
5.293985e-06	1.32084	0
5.295283e-06	1.32075	0
5.296581e-06	1.32065	0
5.297880e-06	1.32056	0
5.299178e-06	1.32047	0
5.300476e-06	1.32037	0
5.301774e-06	1.32028	0
5.303073e-06	1.32018	0
5.304371e-06	1.32009	0
5.305669e-06	1.31999	0
5.306967e-06	1.3199	0
5.308266e-06	1.31981	0
5.309564e-06	1.31971	0
5.310862e-06	1.31962	0
5.312160e-06	1.31952	0
5.313459e-06	1.31943	0
5.314757e-06	1.31933	0
5.316055e-06	1.31924	0
5.317353e-06	1.31914	0
5.318652e-06	1.31905	0
5.319950e-06	1.31895	0
5.321248e-06	1.31886	0
5.322547e-06	1.31876	0
5.323845e-06	1.31867	0
5.325143e-06	1.31857	0
5.326441e-06	1.31848	0
5.327740e-06	1.31838	0
5.329038e-06	1.31829	0
5.330336e-06	1.31819	0
5.331634e-06	1.3181	0
5.332933e-06	1.318	0
5.334231e-06	1.31791	0
5.335529e-06	1.31781	0
5.336827e-06	1.31771	0
5.338126e-06	1.31762	0
5.339424e-06	1.31752	0
5.340722e-06	1.31743	0
5.342020e-06	1.31733	0
5.343319e-06	1.31723	0
5.344617e-06	1.31714	0
5.345915e-06	1.31704	0
5.347213e-06	1.31694	0
5.348512e-06	1.31685	0
5.349810e-06	1.31675	0
5.351108e-06	1.31665	0
5.352406e-06	1.31656	0
5.353705e-06	1.31646	0
5.355003e-06	1.31636	0
5.356301e-06	1.31627	0
5.357600e-06	1.31617	0
5.358898e-06	1.31607	0
5.360196e-06	1.31598	0
5.361494e-06	1.31588	0
5.362793e-06	1.31578	0
5.364091e-06	1.31569	0
5.365389e-06	1.31559	0
5.366687e-06	1.31549	0
5.367986e-06	1.31539	0
5.369284e-06	1.3153	0
5.370582e-06	1.3152	0
5.371880e-06	1.3151	0
5.373179e-06	1.315	0
5.374477e-06	1.3149	0
5.375775e-06	1.31481	0
5.377073e-06	1.31471	0
5.378372e-06	1.31461	0
5.379670e-06	1.31451	0
5.380968e-06	1.31441	0
5.382266e-06	1.31432	0
5.383565e-06	1.31422	0
5.384863e-06	1.31412	0
5.386161e-06	1.31402	0
5.387459e-06	1.31392	0
5.388758e-06	1.31382	0
5.390056e-06	1.31372	0
5.391354e-06	1.31363	0
5.392653e-06	1.31353	0
5.393951e-06	1.31343	0
5.395249e-06	1.31333	0
5.396547e-06	1.31323	0
5.397846e-06	1.31313	0
5.399144e-06	1.31303	0
5.400442e-06	1.31293	0
5.401740e-06	1.31283	0
5.403039e-06	1.31273	0
5.404337e-06	1.31263	0
5.405635e-06	1.31253	0
5.406933e-06	1.31244	0
5.408232e-06	1.31234	0
5.409530e-06	1.31224	0
5.410828e-06	1.31214	0
5.412126e-06	1.31204	0
5.413425e-06	1.31194	0
5.414723e-06	1.31184	0
5.416021e-06	1.31174	0
5.417319e-06	1.31164	0
5.418618e-06	1.31154	0
5.419916e-06	1.31143	0
5.421214e-06	1.31133	0
5.422513e-06	1.31123	0
5.423811e-06	1.31113	0
5.425109e-06	1.31103	0
5.426407e-06	1.31093	0
5.427706e-06	1.31083	0
5.429004e-06	1.31073	0
5.430302e-06	1.31063	0
5.431600e-06	1.31053	0
5.432899e-06	1.31043	0
5.434197e-06	1.31033	0
5.435495e-06	1.31023	0
5.436793e-06	1.31012	0
5.438092e-06	1.31002	0
5.439390e-06	1.30992	0
5.440688e-06	1.30982	0
5.441986e-06	1.30972	0
5.443285e-06	1.30962	0
5.444583e-06	1.30951	0
5.445881e-06	1.30941	0
5.447179e-06	1.30931	0
5.448478e-06	1.30921	0
5.449776e-06	1.30911	0
5.451074e-06	1.309	0
5.452372e-06	1.3089	0
5.453671e-06	1.3088	0
5.454969e-06	1.3087	0
5.456267e-06	1.3086	0
5.457566e-06	1.30849	0
5.458864e-06	1.30839	0
5.460162e-06	1.30829	0
5.461460e-06	1.30818	0
5.462759e-06	1.30808	0
5.464057e-06	1.30798	0
5.465355e-06	1.30788	0
5.466653e-06	1.30777	0
5.467952e-06	1.30767	0
5.469250e-06	1.30757	0
5.470548e-06	1.30746	0
5.471846e-06	1.30736	0
5.473145e-06	1.30726	0
5.474443e-06	1.30715	0
5.475741e-06	1.30705	0
5.477039e-06	1.30695	0
5.478338e-06	1.30684	0
5.479636e-06	1.30674	0
5.480934e-06	1.30663	0
5.482232e-06	1.30653	0
5.483531e-06	1.30643	0
5.484829e-06	1.30632	0
5.486127e-06	1.30622	0
5.487425e-06	1.30611	0
5.488724e-06	1.30601	0
5.490022e-06	1.30591	0
5.491320e-06	1.3058	0
5.492619e-06	1.3057	0
5.493917e-06	1.30559	0
5.495215e-06	1.30549	0
5.496513e-06	1.30538	0
5.497812e-06	1.30528	0
5.499110e-06	1.30517	0
5.500408e-06	1.30507	0
5.501706e-06	1.30496	0
5.503005e-06	1.30486	0
5.504303e-06	1.30475	0
5.505601e-06	1.30465	0
5.506899e-06	1.30454	0
5.508198e-06	1.30444	0
5.509496e-06	1.30433	0
5.510794e-06	1.30423	0
5.512092e-06	1.30412	0
5.513391e-06	1.30401	0
5.514689e-06	1.30391	0
5.515987e-06	1.3038	0
5.517285e-06	1.3037	0
5.518584e-06	1.30359	0
5.519882e-06	1.30348	0
5.521180e-06	1.30338	0
5.522478e-06	1.30327	0
5.523777e-06	1.30316	0
5.525075e-06	1.30306	0
5.526373e-06	1.30295	0
5.527672e-06	1.30284	0
5.528970e-06	1.30274	0
5.530268e-06	1.30263	0
5.531566e-06	1.30252	0
5.532865e-06	1.30242	0
5.534163e-06	1.30231	0
5.535461e-06	1.3022	0
5.536759e-06	1.3021	0
5.538058e-06	1.30199	0
5.539356e-06	1.30188	0
5.540654e-06	1.30177	0
5.541952e-06	1.30167	0
5.543251e-06	1.30156	0
5.544549e-06	1.30145	0
5.545847e-06	1.30134	0
5.547145e-06	1.30124	0
5.548444e-06	1.30113	0
5.549742e-06	1.30102	0
5.551040e-06	1.30091	0
5.552338e-06	1.3008	0
5.553637e-06	1.30069	0
5.554935e-06	1.30059	0
5.556233e-06	1.30048	0
5.557532e-06	1.30037	0
5.558830e-06	1.30026	0
5.560128e-06	1.30015	0
5.561426e-06	1.30004	0
5.562725e-06	1.29993	0
5.564023e-06	1.29983	0
5.565321e-06	1.29972	0
5.566619e-06	1.29961	0
5.567918e-06	1.2995	0
5.569216e-06	1.29939	0
5.570514e-06	1.29928	0
5.571812e-06	1.29917	0
5.573111e-06	1.29906	0
5.574409e-06	1.29895	0
5.575707e-06	1.29884	0
5.577005e-06	1.29873	0
5.578304e-06	1.29862	0
5.579602e-06	1.29851	0
5.580900e-06	1.2984	0
5.582198e-06	1.29829	0
5.583497e-06	1.29818	0
5.584795e-06	1.29807	0
5.586093e-06	1.29796	0
5.587391e-06	1.29785	0
5.588690e-06	1.29774	0
5.589988e-06	1.29763	0
5.591286e-06	1.29752	0
5.592585e-06	1.29741	0
5.593883e-06	1.2973	0
5.595181e-06	1.29719	0
5.596479e-06	1.29708	0
5.597778e-06	1.29697	0
5.599076e-06	1.29685	0
5.600374e-06	1.29674	0
5.601672e-06	1.29663	0
5.602971e-06	1.29652	0
5.604269e-06	1.29641	0
5.605567e-06	1.2963	0
5.606865e-06	1.29619	0
5.608164e-06	1.29607	0
5.609462e-06	1.29596	0
5.610760e-06	1.29585	0
5.612058e-06	1.29574	0
5.613357e-06	1.29563	0
5.614655e-06	1.29551	0
5.615953e-06	1.2954	0
5.617251e-06	1.29529	0
5.618550e-06	1.29518	0
5.619848e-06	1.29507	0
5.621146e-06	1.29495	0
5.622444e-06	1.29484	0
5.623743e-06	1.29473	0
5.625041e-06	1.29461	0
5.626339e-06	1.2945	0
5.627638e-06	1.29439	0
5.628936e-06	1.29428	0
5.630234e-06	1.29416	0
5.631532e-06	1.29405	0
5.632831e-06	1.29394	0
5.634129e-06	1.29382	0
5.635427e-06	1.29371	0
5.636725e-06	1.2936	0
5.638024e-06	1.29348	0
5.639322e-06	1.29337	0
5.640620e-06	1.29325	0
5.641918e-06	1.29314	0
5.643217e-06	1.29303	0
5.644515e-06	1.29291	0
5.645813e-06	1.2928	0
5.647111e-06	1.29268	0
5.648410e-06	1.29257	0
5.649708e-06	1.29245	0
5.651006e-06	1.29234	0
5.652304e-06	1.29223	0
5.653603e-06	1.29211	0
5.654901e-06	1.292	0
5.656199e-06	1.29188	0
5.657497e-06	1.29177	0
5.658796e-06	1.29165	0
5.660094e-06	1.29154	0
5.661392e-06	1.29142	0
5.662691e-06	1.2913	0
5.663989e-06	1.29119	0
5.665287e-06	1.29107	0
5.666585e-06	1.29096	0
5.667884e-06	1.29084	0
5.669182e-06	1.29073	0
5.670480e-06	1.29061	0
5.671778e-06	1.2905	0
5.673077e-06	1.29038	0
5.674375e-06	1.29026	0
5.675673e-06	1.29015	0
5.676971e-06	1.29003	0
5.678270e-06	1.28991	0
5.679568e-06	1.2898	0
5.680866e-06	1.28968	0
5.682164e-06	1.28956	0
5.683463e-06	1.28945	0
5.684761e-06	1.28933	0
5.686059e-06	1.28921	0
5.687357e-06	1.2891	0
5.688656e-06	1.28898	0
5.689954e-06	1.28886	0
5.691252e-06	1.28874	0
5.692551e-06	1.28863	0
5.693849e-06	1.28851	0
5.695147e-06	1.28839	0
5.696445e-06	1.28827	0
5.697744e-06	1.28816	0
5.699042e-06	1.28804	0
5.700340e-06	1.28792	0
5.701638e-06	1.2878	0
5.702937e-06	1.28769	0
5.704235e-06	1.28757	0
5.705533e-06	1.28745	0
5.706831e-06	1.28733	0
5.708130e-06	1.28721	0
5.709428e-06	1.28709	0
5.710726e-06	1.28697	0
5.712024e-06	1.28686	0
5.713323e-06	1.28674	0
5.714621e-06	1.28662	0
5.715919e-06	1.2865	0
5.717217e-06	1.28638	0
5.718516e-06	1.28626	0
5.719814e-06	1.28614	0
5.721112e-06	1.28602	0
5.722410e-06	1.2859	0
5.723709e-06	1.28578	0
5.725007e-06	1.28566	0
5.726305e-06	1.28554	0
5.727604e-06	1.28542	0
5.728902e-06	1.2853	0
5.730200e-06	1.28518	0
5.731498e-06	1.28506	0
5.732797e-06	1.28494	0
5.734095e-06	1.28482	0
5.735393e-06	1.2847	0
5.736691e-06	1.28458	0
5.737990e-06	1.28446	0
5.739288e-06	1.28434	0
5.740586e-06	1.28422	0
5.741884e-06	1.2841	0
5.743183e-06	1.28398	0
5.744481e-06	1.28386	0
5.745779e-06	1.28374	0
5.747077e-06	1.28361	0
5.748376e-06	1.28349	0
5.749674e-06	1.28337	0
5.750972e-06	1.28325	0
5.752270e-06	1.28313	0
5.753569e-06	1.28301	0
5.754867e-06	1.28288	0
5.756165e-06	1.28276	0
5.757463e-06	1.28264	0
5.758762e-06	1.28252	0
5.760060e-06	1.2824	0
5.761358e-06	1.28227	0
5.762657e-06	1.28215	0
5.763955e-06	1.28203	0
5.765253e-06	1.28191	0
5.766551e-06	1.28178	0
5.767850e-06	1.28166	0
5.769148e-06	1.28154	0
5.770446e-06	1.28141	0
5.771744e-06	1.28129	0
5.773043e-06	1.28117	0
5.774341e-06	1.28105	0
5.775639e-06	1.28092	0
5.776937e-06	1.2808	0
5.778236e-06	1.28067	0
5.779534e-06	1.28055	0
5.780832e-06	1.28043	0
5.782130e-06	1.2803	0
5.783429e-06	1.28018	0
5.784727e-06	1.28006	0
5.786025e-06	1.27993	0
5.787323e-06	1.27981	0
5.788622e-06	1.27968	0
5.789920e-06	1.27956	0
5.791218e-06	1.27943	0
5.792517e-06	1.27931	0
5.793815e-06	1.27918	0
5.795113e-06	1.27906	0
5.796411e-06	1.27893	0
5.797710e-06	1.27881	0
5.799008e-06	1.27868	0
5.800306e-06	1.27856	0
5.801604e-06	1.27843	0
5.802903e-06	1.27831	0
5.804201e-06	1.27818	0
5.805499e-06	1.27806	0
5.806797e-06	1.27793	0
5.808096e-06	1.27781	0
5.809394e-06	1.27768	0
5.810692e-06	1.27755	0
5.811990e-06	1.27743	0
5.813289e-06	1.2773	0
5.814587e-06	1.27718	0
5.815885e-06	1.27705	0
5.817183e-06	1.27692	0
5.818482e-06	1.2768	0
5.819780e-06	1.27667	0
5.821078e-06	1.27654	0
5.822376e-06	1.27641	0
5.823675e-06	1.27629	0
5.824973e-06	1.27616	0
5.826271e-06	1.27603	0
5.827570e-06	1.27591	0
5.828868e-06	1.27578	0
5.830166e-06	1.27565	0
5.831464e-06	1.27552	0
5.832763e-06	1.2754	0
5.834061e-06	1.27527	0
5.835359e-06	1.27514	0
5.836657e-06	1.27501	0
5.837956e-06	1.27488	0
5.839254e-06	1.27476	0
5.840552e-06	1.27463	0
5.841850e-06	1.2745	0
5.843149e-06	1.27437	0
5.844447e-06	1.27424	0
5.845745e-06	1.27411	0
5.847043e-06	1.27398	0
5.848342e-06	1.27385	0
5.849640e-06	1.27373	0
5.850938e-06	1.2736	0
5.852236e-06	1.27347	0
5.853535e-06	1.27334	0
5.854833e-06	1.27321	0
5.856131e-06	1.27308	0
5.857429e-06	1.27295	0
5.858728e-06	1.27282	0
5.860026e-06	1.27269	0
5.861324e-06	1.27256	0
5.862623e-06	1.27243	0
5.863921e-06	1.2723	0
5.865219e-06	1.27217	0
5.866517e-06	1.27204	0
5.867816e-06	1.27191	0
5.869114e-06	1.27178	0
5.870412e-06	1.27165	0
5.871710e-06	1.27152	0
5.873009e-06	1.27138	0
5.874307e-06	1.27125	0
5.875605e-06	1.27112	0
5.876903e-06	1.27099	0
5.878202e-06	1.27086	0
5.879500e-06	1.27073	0
5.880798e-06	1.2706	0
5.882096e-06	1.27046	0
5.883395e-06	1.27033	0
5.884693e-06	1.2702	0
5.885991e-06	1.27007	0
5.887289e-06	1.26994	0
5.888588e-06	1.2698	0
5.889886e-06	1.26967	0
5.891184e-06	1.26954	0
5.892482e-06	1.26941	0
5.893781e-06	1.26927	0
5.895079e-06	1.26914	0
5.896377e-06	1.26901	0
5.897676e-06	1.26888	0
5.898974e-06	1.26874	0
5.900272e-06	1.26861	0
5.901570e-06	1.26848	0
5.902869e-06	1.26834	0
5.904167e-06	1.26821	0
5.905465e-06	1.26808	0
5.906763e-06	1.26794	0
5.908062e-06	1.26781	0
5.909360e-06	1.26767	0
5.910658e-06	1.26754	0
5.911956e-06	1.26741	0
5.913255e-06	1.26727	0
5.914553e-06	1.26714	0
5.915851e-06	1.267	0
5.917149e-06	1.26687	0
5.918448e-06	1.26673	0
5.919746e-06	1.2666	0
5.921044e-06	1.26646	0
5.922342e-06	1.26633	0
5.923641e-06	1.26619	0
5.924939e-06	1.26606	0
5.926237e-06	1.26592	0
5.927536e-06	1.26579	0
5.928834e-06	1.26565	0
5.930132e-06	1.26552	0
5.931430e-06	1.26538	0
5.932729e-06	1.26524	0
5.934027e-06	1.26511	0
5.935325e-06	1.26497	0
5.936623e-06	1.26484	0
5.937922e-06	1.2647	0
5.939220e-06	1.26456	0
5.940518e-06	1.26443	0
5.941816e-06	1.26429	0
5.943115e-06	1.26415	0
5.944413e-06	1.26402	0
5.945711e-06	1.26388	0
5.947009e-06	1.26374	0
5.948308e-06	1.2636	0
5.949606e-06	1.26347	0
5.950904e-06	1.26333	0
5.952202e-06	1.26319	0
5.953501e-06	1.26305	0
5.954799e-06	1.26292	0
5.956097e-06	1.26278	0
5.957395e-06	1.26264	0
5.958694e-06	1.2625	0
5.959992e-06	1.26236	0
5.961290e-06	1.26223	0
5.962589e-06	1.26209	0
5.963887e-06	1.26195	0
5.965185e-06	1.26181	0
5.966483e-06	1.26167	0
5.967782e-06	1.26153	0
5.969080e-06	1.26139	0
5.970378e-06	1.26125	0
5.971676e-06	1.26111	0
5.972975e-06	1.26098	0
5.974273e-06	1.26084	0
5.975571e-06	1.2607	0
5.976869e-06	1.26056	0
5.978168e-06	1.26042	0
5.979466e-06	1.26028	0
5.980764e-06	1.26014	0
5.982062e-06	1.26	0
5.983361e-06	1.25986	0
5.984659e-06	1.25971	0
5.985957e-06	1.25957	0
5.987255e-06	1.25943	0
5.988554e-06	1.25929	0
5.989852e-06	1.25915	0
5.991150e-06	1.25901	0
5.992448e-06	1.25887	0
5.993747e-06	1.25873	0
5.995045e-06	1.25859	0
5.996343e-06	1.25845	0
5.997642e-06	1.2583	0
5.998940e-06	1.25816	0
6.000238e-06	1.25802	0
6.001536e-06	1.25788	0
6.002835e-06	1.25774	0
6.004133e-06	1.25759	0
6.005431e-06	1.25745	0
6.006729e-06	1.25731	0
6.008028e-06	1.25717	0
6.009326e-06	1.25702	0
6.010624e-06	1.25688	0
6.011922e-06	1.25674	0
6.013221e-06	1.25659	0
6.014519e-06	1.25645	0
6.015817e-06	1.25631	0
6.017115e-06	1.25616	0
6.018414e-06	1.25602	0
6.019712e-06	1.25588	0
6.021010e-06	1.25573	0
6.022308e-06	1.25559	0
6.023607e-06	1.25545	0
6.024905e-06	1.2553	0
6.026203e-06	1.25516	0
6.027502e-06	1.25501	0
6.028800e-06	1.25487	0
6.030098e-06	1.25472	0
6.031396e-06	1.25458	0
6.032695e-06	1.25443	0
6.033993e-06	1.25429	0
6.035291e-06	1.25414	0
6.036589e-06	1.254	0
6.037888e-06	1.25385	0
6.039186e-06	1.25371	0
6.040484e-06	1.25356	0
6.041782e-06	1.25342	0
6.043081e-06	1.25327	0
6.044379e-06	1.25312	0
6.045677e-06	1.25298	0
6.046975e-06	1.25283	0
6.048274e-06	1.25269	0
6.049572e-06	1.25254	0
6.050870e-06	1.25239	0
6.052168e-06	1.25225	0
6.053467e-06	1.2521	0
6.054765e-06	1.25195	0
6.056063e-06	1.25181	0
6.057361e-06	1.25166	0
6.058660e-06	1.25151	0
6.059958e-06	1.25136	0
6.061256e-06	1.25122	0
6.062555e-06	1.25107	0
6.063853e-06	1.25092	0
6.065151e-06	1.25077	0
6.066449e-06	1.25062	0
6.067748e-06	1.25048	0
6.069046e-06	1.25033	0
6.070344e-06	1.25018	0
6.071642e-06	1.25003	0
6.072941e-06	1.24988	0
6.074239e-06	1.24973	0
6.075537e-06	1.24958	0
6.076835e-06	1.24944	0
6.078134e-06	1.24929	0
6.079432e-06	1.24914	0
6.080730e-06	1.24899	0
6.082028e-06	1.24884	0
6.083327e-06	1.24869	0
6.084625e-06	1.24854	0
6.085923e-06	1.24839	0
6.087221e-06	1.24824	0
6.088520e-06	1.24809	0
6.089818e-06	1.24794	0
6.091116e-06	1.24779	0
6.092414e-06	1.24764	0
6.093713e-06	1.24749	0
6.095011e-06	1.24733	0
6.096309e-06	1.24718	0
6.097608e-06	1.24703	0
6.098906e-06	1.24688	0
6.100204e-06	1.24673	0
6.101502e-06	1.24658	0
6.102801e-06	1.24643	0
6.104099e-06	1.24627	0
6.105397e-06	1.24612	0
6.106695e-06	1.24597	0
6.107994e-06	1.24582	0
6.109292e-06	1.24567	0
6.110590e-06	1.24551	0
6.111888e-06	1.24536	0
6.113187e-06	1.24521	0
6.114485e-06	1.24506	0
6.115783e-06	1.2449	0
6.117081e-06	1.24475	0
6.118380e-06	1.2446	0
6.119678e-06	1.24444	0
6.120976e-06	1.24429	0
6.122274e-06	1.24414	0
6.123573e-06	1.24398	0
6.124871e-06	1.24383	0
6.126169e-06	1.24367	0
6.127467e-06	1.24352	0
6.128766e-06	1.24337	0
6.130064e-06	1.24321	0
6.131362e-06	1.24306	0
6.132661e-06	1.2429	0
6.133959e-06	1.24275	0
6.135257e-06	1.24259	0
6.136555e-06	1.24244	0
6.137854e-06	1.24228	0
6.139152e-06	1.24213	0
6.140450e-06	1.24197	0
6.141748e-06	1.24182	0
6.143047e-06	1.24166	0
6.144345e-06	1.2415	0
6.145643e-06	1.24135	0
6.146941e-06	1.24119	0
6.148240e-06	1.24104	0
6.149538e-06	1.24088	0
6.150836e-06	1.24072	0
6.152134e-06	1.24057	0
6.153433e-06	1.24041	0
6.154731e-06	1.24025	0
6.156029e-06	1.24009	0
6.157327e-06	1.23994	0
6.158626e-06	1.23978	0
6.159924e-06	1.23962	0
6.161222e-06	1.23946	0
6.162521e-06	1.23931	0
6.163819e-06	1.23915	0
6.165117e-06	1.23899	0
6.166415e-06	1.23883	0
6.167714e-06	1.23867	0
6.169012e-06	1.23852	0
6.170310e-06	1.23836	0
6.171608e-06	1.2382	0
6.172907e-06	1.23804	0
6.174205e-06	1.23788	0
6.175503e-06	1.23772	0
6.176801e-06	1.23756	0
6.178100e-06	1.2374	0
6.179398e-06	1.23724	0
6.180696e-06	1.23708	0
6.181994e-06	1.23692	0
6.183293e-06	1.23676	0
6.184591e-06	1.2366	0
6.185889e-06	1.23644	0
6.187187e-06	1.23628	0
6.188486e-06	1.23612	0
6.189784e-06	1.23596	0
6.191082e-06	1.2358	0
6.192380e-06	1.23564	0
6.193679e-06	1.23548	0
6.194977e-06	1.23532	0
6.196275e-06	1.23515	0
6.197574e-06	1.23499	0
6.198872e-06	1.23483	0
6.200170e-06	1.23467	0
6.201468e-06	1.23451	0
6.202767e-06	1.23435	0
6.204065e-06	1.23418	0
6.205363e-06	1.23402	0
6.206661e-06	1.23386	0
6.207960e-06	1.2337	0
6.209258e-06	1.23353	0
6.210556e-06	1.23337	0
6.211854e-06	1.23321	0
6.213153e-06	1.23304	0
6.214451e-06	1.23288	0
6.215749e-06	1.23272	0
6.217047e-06	1.23255	0
6.218346e-06	1.23239	0
6.219644e-06	1.23222	0
6.220942e-06	1.23206	0
6.222240e-06	1.2319	0
6.223539e-06	1.23173	0
6.224837e-06	1.23157	0
6.226135e-06	1.2314	0
6.227433e-06	1.23124	0
6.228732e-06	1.23107	0
6.230030e-06	1.23091	0
6.231328e-06	1.23074	0
6.232627e-06	1.23058	0
6.233925e-06	1.23041	0
6.235223e-06	1.23024	0
6.236521e-06	1.23008	0
6.237820e-06	1.22991	0
6.239118e-06	1.22975	0
6.240416e-06	1.22958	0
6.241714e-06	1.22941	0
6.243013e-06	1.22925	0
6.244311e-06	1.22908	0
6.245609e-06	1.22891	0
6.246907e-06	1.22875	0
6.248206e-06	1.22858	0
6.249504e-06	1.22841	0
6.250802e-06	1.22824	0
6.252100e-06	1.22808	0
6.253399e-06	1.22791	0
6.254697e-06	1.22774	0
6.255995e-06	1.22757	0
6.257293e-06	1.2274	0
6.258592e-06	1.22723	0
6.259890e-06	1.22707	0
6.261188e-06	1.2269	0
6.262486e-06	1.22673	0
6.263785e-06	1.22656	0
6.265083e-06	1.22639	0
6.266381e-06	1.22622	0
6.267680e-06	1.22605	0
6.268978e-06	1.22588	0
6.270276e-06	1.22571	0
6.271574e-06	1.22554	0
6.272873e-06	1.22537	0
6.274171e-06	1.2252	0
6.275469e-06	1.22503	0
6.276767e-06	1.22486	0
6.278066e-06	1.22469	0
6.279364e-06	1.22452	0
6.280662e-06	1.22435	0
6.281960e-06	1.22418	0
6.283259e-06	1.224	0
6.284557e-06	1.22383	0
6.285855e-06	1.22366	0
6.287153e-06	1.22349	0
6.288452e-06	1.22332	0
6.289750e-06	1.22315	0
6.291048e-06	1.22297	0
6.292346e-06	1.2228	0
6.293645e-06	1.22263	0
6.294943e-06	1.22246	0
6.296241e-06	1.22228	0
6.297540e-06	1.22211	0
6.298838e-06	1.22194	0
6.300136e-06	1.22176	0
6.301434e-06	1.22159	0
6.302733e-06	1.22142	0
6.304031e-06	1.22124	0
6.305329e-06	1.22107	0
6.306627e-06	1.22089	0
6.307926e-06	1.22072	0
6.309224e-06	1.22054	0
6.310522e-06	1.22037	0
6.311820e-06	1.22019	0
6.313119e-06	1.22002	0
6.314417e-06	1.21984	0
6.315715e-06	1.21967	0
6.317013e-06	1.21949	0
6.318312e-06	1.21932	0
6.319610e-06	1.21914	0
6.320908e-06	1.21897	0
6.322206e-06	1.21879	0
6.323505e-06	1.21861	0
6.324803e-06	1.21844	0
6.326101e-06	1.21826	0
6.327399e-06	1.21808	0
6.328698e-06	1.21791	0
6.329996e-06	1.21773	0
6.331294e-06	1.21755	0
6.332593e-06	1.21738	0
6.333891e-06	1.2172	0
6.335189e-06	1.21702	0
6.336487e-06	1.21684	0
6.337786e-06	1.21666	0
6.339084e-06	1.21649	0
6.340382e-06	1.21631	0
6.341680e-06	1.21613	0
6.342979e-06	1.21595	0
6.344277e-06	1.21577	0
6.345575e-06	1.21559	0
6.346873e-06	1.21541	0
6.348172e-06	1.21523	0
6.349470e-06	1.21505	0
6.350768e-06	1.21487	0
6.352066e-06	1.21469	0
6.353365e-06	1.21451	0
6.354663e-06	1.21433	0
6.355961e-06	1.21415	0
6.357259e-06	1.21397	0
6.358558e-06	1.21379	0
6.359856e-06	1.21361	0
6.361154e-06	1.21343	0
6.362452e-06	1.21325	0
6.363751e-06	1.21307	0
6.365049e-06	1.21289	0
6.366347e-06	1.2127	0
6.367646e-06	1.21252	0
6.368944e-06	1.21234	0
6.370242e-06	1.21216	0
6.371540e-06	1.21198	0
6.372839e-06	1.21179	0
6.374137e-06	1.21161	0
6.375435e-06	1.21143	0
6.376733e-06	1.21124	0
6.378032e-06	1.21106	0
6.379330e-06	1.21088	0
6.380628e-06	1.21069	0
6.381926e-06	1.21051	0
6.383225e-06	1.21033	0
6.384523e-06	1.21014	0
6.385821e-06	1.20996	0
6.387119e-06	1.20977	0
6.388418e-06	1.20959	0
6.389716e-06	1.2094	0
6.391014e-06	1.20922	0
6.392312e-06	1.20903	0
6.393611e-06	1.20885	0
6.394909e-06	1.20866	0
6.396207e-06	1.20848	0
6.397506e-06	1.20829	0
6.398804e-06	1.20811	0
6.400102e-06	1.20792	0
6.401400e-06	1.20773	0
6.402699e-06	1.20755	0
6.403997e-06	1.20736	0
6.405295e-06	1.20717	0
6.406593e-06	1.20699	0
6.407892e-06	1.2068	0
6.409190e-06	1.20661	0
6.410488e-06	1.20642	0
6.411786e-06	1.20623	0
6.413085e-06	1.20605	0
6.414383e-06	1.20586	0
6.415681e-06	1.20567	0
6.416979e-06	1.20548	0
6.418278e-06	1.20529	0
6.419576e-06	1.2051	0
6.420874e-06	1.20492	0
6.422172e-06	1.20473	0
6.423471e-06	1.20454	0
6.424769e-06	1.20435	0
6.426067e-06	1.20416	0
6.427365e-06	1.20397	0
6.428664e-06	1.20378	0
6.429962e-06	1.20359	0
6.431260e-06	1.2034	0
6.432559e-06	1.20321	0
6.433857e-06	1.20302	0
6.435155e-06	1.20282	0
6.436453e-06	1.20263	0
6.437752e-06	1.20244	0
6.439050e-06	1.20225	0
6.440348e-06	1.20206	0
6.441646e-06	1.20187	0
6.442945e-06	1.20167	0
6.444243e-06	1.20148	0
6.445541e-06	1.20129	0
6.446839e-06	1.2011	0
6.448138e-06	1.2009	0
6.449436e-06	1.20071	0
6.450734e-06	1.20052	0
6.452032e-06	1.20032	0
6.453331e-06	1.20013	0
6.454629e-06	1.19994	0
6.455927e-06	1.19974	0
6.457225e-06	1.19955	0
6.458524e-06	1.19935	0
6.459822e-06	1.19916	0
6.461120e-06	1.19896	0
6.462418e-06	1.19877	0
6.463717e-06	1.19857	0
6.465015e-06	1.19838	0
6.466313e-06	1.19818	0
6.467612e-06	1.19799	0
6.468910e-06	1.19779	0
6.470208e-06	1.1976	0
6.471506e-06	1.1974	0
6.472805e-06	1.1972	0
6.474103e-06	1.19701	0
6.475401e-06	1.19681	0
6.476699e-06	1.19661	0
6.477998e-06	1.19642	0
6.479296e-06	1.19622	0
6.480594e-06	1.19602	0
6.481892e-06	1.19582	0
6.483191e-06	1.19563	0
6.484489e-06	1.19543	0
6.485787e-06	1.19523	0
6.487085e-06	1.19503	0
6.488384e-06	1.19483	0
6.489682e-06	1.19463	0
6.490980e-06	1.19443	0
6.492278e-06	1.19423	0
6.493577e-06	1.19404	0
6.494875e-06	1.19384	0
6.496173e-06	1.19364	0
6.497471e-06	1.19344	0
6.498770e-06	1.19324	0
6.500068e-06	1.19304	0
6.501366e-06	1.19283	0
6.502665e-06	1.19263	0
6.503963e-06	1.19243	0
6.505261e-06	1.19223	0
6.506559e-06	1.19203	0
6.507858e-06	1.19183	0
6.509156e-06	1.19163	0
6.510454e-06	1.19142	0
6.511752e-06	1.19122	0
6.513051e-06	1.19102	0
6.514349e-06	1.19082	0
6.515647e-06	1.19061	0
6.516945e-06	1.19041	0
6.518244e-06	1.19021	0
6.519542e-06	1.19	0
6.520840e-06	1.1898	0
6.522138e-06	1.1896	0
6.523437e-06	1.18939	0
6.524735e-06	1.18919	0
6.526033e-06	1.18898	0
6.527331e-06	1.18878	0
6.528630e-06	1.18858	0
6.529928e-06	1.18837	0
6.531226e-06	1.18817	0
6.532525e-06	1.18796	0
6.533823e-06	1.18775	0
6.535121e-06	1.18755	0
6.536419e-06	1.18734	0
6.537718e-06	1.18714	0
6.539016e-06	1.18693	0
6.540314e-06	1.18672	0
6.541612e-06	1.18652	0
6.542911e-06	1.18631	0
6.544209e-06	1.1861	0
6.545507e-06	1.18589	0
6.546805e-06	1.18569	0
6.548104e-06	1.18548	0
6.549402e-06	1.18527	0
6.550700e-06	1.18506	0
6.551998e-06	1.18485	0
6.553297e-06	1.18465	0
6.554595e-06	1.18444	0
6.555893e-06	1.18423	0
6.557191e-06	1.18402	0
6.558490e-06	1.18381	0
6.559788e-06	1.1836	0
6.561086e-06	1.18339	0
6.562384e-06	1.18318	0
6.563683e-06	1.18297	0
6.564981e-06	1.18276	0
6.566279e-06	1.18255	0
6.567578e-06	1.18234	0
6.568876e-06	1.18212	0
6.570174e-06	1.18191	0
6.571472e-06	1.1817	0
6.572771e-06	1.18149	0
6.574069e-06	1.18128	0
6.575367e-06	1.18107	0
6.576665e-06	1.18085	0
6.577964e-06	1.18064	0
6.579262e-06	1.18043	0
6.580560e-06	1.18021	0
6.581858e-06	1.18	0
6.583157e-06	1.17979	0
6.584455e-06	1.17957	0
6.585753e-06	1.17936	0
6.587051e-06	1.17915	0
6.588350e-06	1.17893	0
6.589648e-06	1.17872	0
6.590946e-06	1.1785	0
6.592244e-06	1.17829	0
6.593543e-06	1.17807	0
6.594841e-06	1.17786	0
6.596139e-06	1.17764	0
6.597437e-06	1.17742	0
6.598736e-06	1.17721	0
6.600034e-06	1.17699	0
6.601332e-06	1.17678	0
6.602631e-06	1.17656	0
6.603929e-06	1.17634	0
6.605227e-06	1.17612	0
6.606525e-06	1.17591	0
6.607824e-06	1.17569	0
6.609122e-06	1.17547	0
6.610420e-06	1.17525	0
6.611718e-06	1.17503	0
6.613017e-06	1.17482	0
6.614315e-06	1.1746	0
6.615613e-06	1.17438	0
6.616911e-06	1.17416	0
6.618210e-06	1.17394	0
6.619508e-06	1.17372	0
6.620806e-06	1.1735	0
6.622104e-06	1.17328	0
6.623403e-06	1.17306	0
6.624701e-06	1.17284	0
6.625999e-06	1.17262	0
6.627297e-06	1.1724	0
6.628596e-06	1.17218	0
6.629894e-06	1.17195	0
6.631192e-06	1.17173	0
6.632490e-06	1.17151	0
6.633789e-06	1.17129	0
6.635087e-06	1.17107	0
6.636385e-06	1.17084	0
6.637684e-06	1.17062	0
6.638982e-06	1.1704	0
6.640280e-06	1.17017	0
6.641578e-06	1.16995	0
6.642877e-06	1.16973	0
6.644175e-06	1.1695	0
6.645473e-06	1.16928	0
6.646771e-06	1.16905	0
6.648070e-06	1.16883	0
6.649368e-06	1.16861	0
6.650666e-06	1.16838	0
6.651964e-06	1.16815	0
6.653263e-06	1.16793	0
6.654561e-06	1.1677	0
6.655859e-06	1.16748	0
6.657157e-06	1.16725	0
6.658456e-06	1.16702	0
6.659754e-06	1.1668	0
6.661052e-06	1.16657	0
6.662350e-06	1.16634	0
6.663649e-06	1.16612	0
6.664947e-06	1.16589	0
6.666245e-06	1.16566	0
6.667544e-06	1.16543	0
6.668842e-06	1.1652	0
6.670140e-06	1.16497	0
6.671438e-06	1.16475	0
6.672737e-06	1.16452	0
6.674035e-06	1.16429	0
6.675333e-06	1.16406	0
6.676631e-06	1.16383	0
6.677930e-06	1.1636	0
6.679228e-06	1.16337	0
6.680526e-06	1.16314	0
6.681824e-06	1.16291	0
6.683123e-06	1.16268	0
6.684421e-06	1.16244	0
6.685719e-06	1.16221	0
6.687017e-06	1.16198	0
6.688316e-06	1.16175	0
6.689614e-06	1.16152	0
6.690912e-06	1.16128	0
6.692210e-06	1.16105	0
6.693509e-06	1.16082	0
6.694807e-06	1.16058	0
6.696105e-06	1.16035	0
6.697403e-06	1.16012	0
6.698702e-06	1.15988	0
6.700000e-06	1.15965	0
