Wavelength(m)	n	k
# material: SiO2
# source: G. Ghosh. Dispersion-equation coefficients for the refractive index and birefringence of calcite and quartz crystals. Opt. Commun. 163, 95-102 (1999)
# conditions: Extraordinary ray (e). Room temperature.
# upstream: polyanskiy/refractiveindex.info-database@ff11b58 main/SiO2/nk/Ghosh-e.yml
# type: formula 2
# note: dispersion formula sampled at 5000 points; k set to 0
# range: 1.9800e-07 - 2.0531e-06 m
# converted: 2026-07-31 by tools/convert_refractiveindex_info.py (wavelength um -> m)
1.980000e-07	1.66397	0
1.983711e-07	1.66339	0
1.987422e-07	1.66281	0
1.991133e-07	1.66223	0
1.994844e-07	1.66166	0
1.998555e-07	1.66109	0
2.002266e-07	1.66053	0
2.005977e-07	1.65997	0
2.009688e-07	1.65941	0
2.013398e-07	1.65886	0
2.017109e-07	1.65832	0
2.020820e-07	1.65778	0
2.024531e-07	1.65724	0
2.028242e-07	1.6567	0
2.031953e-07	1.65617	0
2.035664e-07	1.65565	0
2.039375e-07	1.65513	0
2.043086e-07	1.65461	0
2.046797e-07	1.6541	0
2.050508e-07	1.65359	0
2.054219e-07	1.65308	0
2.057930e-07	1.65258	0
2.061641e-07	1.65208	0
2.065352e-07	1.65158	0
2.069063e-07	1.65109	0
2.072774e-07	1.6506	0
2.076484e-07	1.65012	0
2.080195e-07	1.64964	0
2.083906e-07	1.64916	0
2.087617e-07	1.64869	0
2.091328e-07	1.64822	0
2.095039e-07	1.64775	0
2.098750e-07	1.64728	0
2.102461e-07	1.64682	0
2.106172e-07	1.64637	0
2.109883e-07	1.64591	0
2.113594e-07	1.64546	0
2.117305e-07	1.64501	0
2.121016e-07	1.64457	0
2.124727e-07	1.64413	0
2.128438e-07	1.64369	0
2.132149e-07	1.64325	0
2.135860e-07	1.64282	0
2.139571e-07	1.64239	0
2.143281e-07	1.64197	0
2.146992e-07	1.64154	0
2.150703e-07	1.64112	0
2.154414e-07	1.6407	0
2.158125e-07	1.64029	0
2.161836e-07	1.63988	0
2.165547e-07	1.63947	0
2.169258e-07	1.63906	0
2.172969e-07	1.63866	0
2.176680e-07	1.63826	0
2.180391e-07	1.63786	0
2.184102e-07	1.63746	0
2.187813e-07	1.63707	0
2.191524e-07	1.63668	0
2.195235e-07	1.63629	0
2.198946e-07	1.63591	0
2.202657e-07	1.63552	0
2.206367e-07	1.63514	0
2.210078e-07	1.63477	0
2.213789e-07	1.63439	0
2.217500e-07	1.63402	0
2.221211e-07	1.63365	0
2.224922e-07	1.63328	0
2.228633e-07	1.63292	0
2.232344e-07	1.63255	0
2.236055e-07	1.63219	0
2.239766e-07	1.63183	0
2.243477e-07	1.63148	0
2.247188e-07	1.63112	0
2.250899e-07	1.63077	0
2.254610e-07	1.63042	0
2.258321e-07	1.63007	0
2.262032e-07	1.62973	0
2.265743e-07	1.62939	0
2.269453e-07	1.62905	0
2.273164e-07	1.62871	0
2.276875e-07	1.62837	0
2.280586e-07	1.62804	0
2.284297e-07	1.6277	0
2.288008e-07	1.62737	0
2.291719e-07	1.62705	0
2.295430e-07	1.62672	0
2.299141e-07	1.6264	0
2.302852e-07	1.62607	0
2.306563e-07	1.62575	0
2.310274e-07	1.62544	0
2.313985e-07	1.62512	0
2.317696e-07	1.62481	0
2.321407e-07	1.62449	0
2.325118e-07	1.62418	0
2.328829e-07	1.62387	0
2.332540e-07	1.62357	0
2.336250e-07	1.62326	0
2.339961e-07	1.62296	0
2.343672e-07	1.62266	0
2.347383e-07	1.62236	0
2.351094e-07	1.62206	0
2.354805e-07	1.62177	0
2.358516e-07	1.62147	0
2.362227e-07	1.62118	0
2.365938e-07	1.62089	0
2.369649e-07	1.6206	0
2.373360e-07	1.62031	0
2.377071e-07	1.62003	0
2.380782e-07	1.61974	0
2.384493e-07	1.61946	0
2.388204e-07	1.61918	0
2.391915e-07	1.6189	0
2.395626e-07	1.61862	0
2.399336e-07	1.61835	0
2.403047e-07	1.61807	0
2.406758e-07	1.6178	0
2.410469e-07	1.61753	0
2.414180e-07	1.61726	0
2.417891e-07	1.61699	0
2.421602e-07	1.61673	0
2.425313e-07	1.61646	0
2.429024e-07	1.6162	0
2.432735e-07	1.61594	0
2.436446e-07	1.61568	0
2.440157e-07	1.61542	0
2.443868e-07	1.61516	0
2.447579e-07	1.6149	0
2.451290e-07	1.61465	0
2.455001e-07	1.6144	0
2.458712e-07	1.61414	0
2.462422e-07	1.61389	0
2.466133e-07	1.61365	0
2.469844e-07	1.6134	0
2.473555e-07	1.61315	0
2.477266e-07	1.61291	0
2.480977e-07	1.61266	0
2.484688e-07	1.61242	0
2.488399e-07	1.61218	0
2.492110e-07	1.61194	0
2.495821e-07	1.6117	0
2.499532e-07	1.61147	0
2.503243e-07	1.61123	0
2.506954e-07	1.611	0
2.510665e-07	1.61076	0
2.514376e-07	1.61053	0
2.518087e-07	1.6103	0
2.521798e-07	1.61007	0
2.525509e-07	1.60984	0
2.529219e-07	1.60962	0
2.532930e-07	1.60939	0
2.536641e-07	1.60917	0
2.540352e-07	1.60894	0
2.544063e-07	1.60872	0
2.547774e-07	1.6085	0
2.551485e-07	1.60828	0
2.555196e-07	1.60806	0
2.558907e-07	1.60784	0
2.562618e-07	1.60763	0
2.566329e-07	1.60741	0
2.570040e-07	1.6072	0
2.573751e-07	1.60699	0
2.577462e-07	1.60677	0
2.581173e-07	1.60656	0
2.584884e-07	1.60635	0
2.588595e-07	1.60614	0
2.592305e-07	1.60594	0
2.596016e-07	1.60573	0
2.599727e-07	1.60553	0
2.603438e-07	1.60532	0
2.607149e-07	1.60512	0
2.610860e-07	1.60492	0
2.614571e-07	1.60471	0
2.618282e-07	1.60451	0
2.621993e-07	1.60432	0
2.625704e-07	1.60412	0
2.629415e-07	1.60392	0
2.633126e-07	1.60372	0
2.636837e-07	1.60353	0
2.640548e-07	1.60333	0
2.644259e-07	1.60314	0
2.647970e-07	1.60295	0
2.651681e-07	1.60276	0
2.655391e-07	1.60257	0
2.659102e-07	1.60238	0
2.662813e-07	1.60219	0
2.666524e-07	1.602	0
2.670235e-07	1.60182	0
2.673946e-07	1.60163	0
2.677657e-07	1.60145	0
2.681368e-07	1.60126	0
2.685079e-07	1.60108	0
2.688790e-07	1.6009	0
2.692501e-07	1.60072	0
2.696212e-07	1.60054	0
2.699923e-07	1.60036	0
2.703634e-07	1.60018	0
2.707345e-07	1.6	0
2.711056e-07	1.59982	0
2.714767e-07	1.59965	0
2.718477e-07	1.59947	0
2.722188e-07	1.5993	0
2.725899e-07	1.59913	0
2.729610e-07	1.59895	0
2.733321e-07	1.59878	0
2.737032e-07	1.59861	0
2.740743e-07	1.59844	0
2.744454e-07	1.59827	0
2.748165e-07	1.5981	0
2.751876e-07	1.59794	0
2.755587e-07	1.59777	0
2.759298e-07	1.5976	0
2.763009e-07	1.59744	0
2.766720e-07	1.59727	0
2.770431e-07	1.59711	0
2.774142e-07	1.59695	0
2.777853e-07	1.59678	0
2.781564e-07	1.59662	0
2.785274e-07	1.59646	0
2.788985e-07	1.5963	0
2.792696e-07	1.59614	0
2.796407e-07	1.59599	0
2.800118e-07	1.59583	0
2.803829e-07	1.59567	0
2.807540e-07	1.59551	0
2.811251e-07	1.59536	0
2.814962e-07	1.5952	0
2.818673e-07	1.59505	0
2.822384e-07	1.5949	0
2.826095e-07	1.59474	0
2.829806e-07	1.59459	0
2.833517e-07	1.59444	0
2.837228e-07	1.59429	0
2.840939e-07	1.59414	0
2.844650e-07	1.59399	0
2.848360e-07	1.59384	0
2.852071e-07	1.59369	0
2.855782e-07	1.59355	0
2.859493e-07	1.5934	0
2.863204e-07	1.59326	0
2.866915e-07	1.59311	0
2.870626e-07	1.59297	0
2.874337e-07	1.59282	0
2.878048e-07	1.59268	0
2.881759e-07	1.59254	0
2.885470e-07	1.59239	0
2.889181e-07	1.59225	0
2.892892e-07	1.59211	0
2.896603e-07	1.59197	0
2.900314e-07	1.59183	0
2.904025e-07	1.59169	0
2.907736e-07	1.59155	0
2.911446e-07	1.59142	0
2.915157e-07	1.59128	0
2.918868e-07	1.59114	0
2.922579e-07	1.59101	0
2.926290e-07	1.59087	0
2.930001e-07	1.59074	0
2.933712e-07	1.5906	0
2.937423e-07	1.59047	0
2.941134e-07	1.59034	0
2.944845e-07	1.5902	0
2.948556e-07	1.59007	0
2.952267e-07	1.58994	0
2.955978e-07	1.58981	0
2.959689e-07	1.58968	0
2.963400e-07	1.58955	0
2.967111e-07	1.58942	0
2.970822e-07	1.58929	0
2.974533e-07	1.58917	0
2.978243e-07	1.58904	0
2.981954e-07	1.58891	0
2.985665e-07	1.58879	0
2.989376e-07	1.58866	0
2.993087e-07	1.58854	0
2.996798e-07	1.58841	0
3.000509e-07	1.58829	0
3.004220e-07	1.58816	0
3.007931e-07	1.58804	0
3.011642e-07	1.58792	0
3.015353e-07	1.5878	0
3.019064e-07	1.58767	0
3.022775e-07	1.58755	0
3.026486e-07	1.58743	0
3.030197e-07	1.58731	0
3.033908e-07	1.58719	0
3.037619e-07	1.58707	0
3.041329e-07	1.58696	0
3.045040e-07	1.58684	0
3.048751e-07	1.58672	0
3.052462e-07	1.5866	0
3.056173e-07	1.58649	0
3.059884e-07	1.58637	0
3.063595e-07	1.58625	0
3.067306e-07	1.58614	0
3.071017e-07	1.58602	0
3.074728e-07	1.58591	0
3.078439e-07	1.5858	0
3.082150e-07	1.58568	0
3.085861e-07	1.58557	0
3.089572e-07	1.58546	0
3.093283e-07	1.58535	0
3.096994e-07	1.58524	0
3.100705e-07	1.58512	0
3.104415e-07	1.58501	0
3.108126e-07	1.5849	0
3.111837e-07	1.58479	0
3.115548e-07	1.58468	0
3.119259e-07	1.58458	0
3.122970e-07	1.58447	0
3.126681e-07	1.58436	0
3.130392e-07	1.58425	0
3.134103e-07	1.58415	0
3.137814e-07	1.58404	0
3.141525e-07	1.58393	0
3.145236e-07	1.58383	0
3.148947e-07	1.58372	0
3.152658e-07	1.58362	0
3.156369e-07	1.58351	0
3.160080e-07	1.58341	0
3.163791e-07	1.5833	0
3.167502e-07	1.5832	0
3.171212e-07	1.5831	0
3.174923e-07	1.583	0
3.178634e-07	1.58289	0
3.182345e-07	1.58279	0
3.186056e-07	1.58269	0
3.189767e-07	1.58259	0
3.193478e-07	1.58249	0
3.197189e-07	1.58239	0
3.200900e-07	1.58229	0
3.204611e-07	1.58219	0
3.208322e-07	1.58209	0
3.212033e-07	1.58199	0
3.215744e-07	1.58189	0
3.219455e-07	1.5818	0
3.223166e-07	1.5817	0
3.226877e-07	1.5816	0
3.230588e-07	1.58151	0
3.234298e-07	1.58141	0
3.238009e-07	1.58131	0
3.241720e-07	1.58122	0
3.245431e-07	1.58112	0
3.249142e-07	1.58103	0
3.252853e-07	1.58093	0
3.256564e-07	1.58084	0
3.260275e-07	1.58075	0
3.263986e-07	1.58065	0
3.267697e-07	1.58056	0
3.271408e-07	1.58047	0
3.275119e-07	1.58037	0
3.278830e-07	1.58028	0
3.282541e-07	1.58019	0
3.286252e-07	1.5801	0
3.289963e-07	1.58001	0
3.293674e-07	1.57992	0
3.297384e-07	1.57983	0
3.301095e-07	1.57974	0
3.304806e-07	1.57965	0
3.308517e-07	1.57956	0
3.312228e-07	1.57947	0
3.315939e-07	1.57938	0
3.319650e-07	1.57929	0
3.323361e-07	1.5792	0
3.327072e-07	1.57912	0
3.330783e-07	1.57903	0
3.334494e-07	1.57894	0
3.338205e-07	1.57886	0
3.341916e-07	1.57877	0
3.345627e-07	1.57868	0
3.349338e-07	1.5786	0
3.353049e-07	1.57851	0
3.356760e-07	1.57843	0
3.360470e-07	1.57834	0
3.364181e-07	1.57826	0
3.367892e-07	1.57817	0
3.371603e-07	1.57809	0
3.375314e-07	1.57801	0
3.379025e-07	1.57792	0
3.382736e-07	1.57784	0
3.386447e-07	1.57776	0
3.390158e-07	1.57767	0
3.393869e-07	1.57759	0
3.397580e-07	1.57751	0
3.401291e-07	1.57743	0
3.405002e-07	1.57735	0
3.408713e-07	1.57727	0
3.412424e-07	1.57719	0
3.416135e-07	1.57711	0
3.419846e-07	1.57703	0
3.423557e-07	1.57695	0
3.427267e-07	1.57687	0
3.430978e-07	1.57679	0
3.434689e-07	1.57671	0
3.438400e-07	1.57663	0
3.442111e-07	1.57655	0
3.445822e-07	1.57647	0
3.449533e-07	1.5764	0
3.453244e-07	1.57632	0
3.456955e-07	1.57624	0
3.460666e-07	1.57616	0
3.464377e-07	1.57609	0
3.468088e-07	1.57601	0
3.471799e-07	1.57593	0
3.475510e-07	1.57586	0
3.479221e-07	1.57578	0
3.482932e-07	1.57571	0
3.486643e-07	1.57563	0
3.490353e-07	1.57556	0
3.494064e-07	1.57548	0
3.497775e-07	1.57541	0
3.501486e-07	1.57533	0
3.505197e-07	1.57526	0
3.508908e-07	1.57519	0
3.512619e-07	1.57511	0
3.516330e-07	1.57504	0
3.520041e-07	1.57497	0
3.523752e-07	1.5749	0
3.527463e-07	1.57482	0
3.531174e-07	1.57475	0
3.534885e-07	1.57468	0
3.538596e-07	1.57461	0
3.542307e-07	1.57454	0
3.546018e-07	1.57447	0
3.549729e-07	1.57439	0
3.553439e-07	1.57432	0
3.557150e-07	1.57425	0
3.560861e-07	1.57418	0
3.564572e-07	1.57411	0
3.568283e-07	1.57404	0
3.571994e-07	1.57397	0
3.575705e-07	1.57391	0
3.579416e-07	1.57384	0
3.583127e-07	1.57377	0
3.586838e-07	1.5737	0
3.590549e-07	1.57363	0
3.594260e-07	1.57356	0
3.597971e-07	1.57349	0
3.601682e-07	1.57343	0
3.605393e-07	1.57336	0
3.609104e-07	1.57329	0
3.612815e-07	1.57323	0
3.616526e-07	1.57316	0
3.620236e-07	1.57309	0
3.623947e-07	1.57303	0
3.627658e-07	1.57296	0
3.631369e-07	1.57289	0
3.635080e-07	1.57283	0
3.638791e-07	1.57276	0
3.642502e-07	1.5727	0
3.646213e-07	1.57263	0
3.649924e-07	1.57257	0
3.653635e-07	1.5725	0
3.657346e-07	1.57244	0
3.661057e-07	1.57238	0
3.664768e-07	1.57231	0
3.668479e-07	1.57225	0
3.672190e-07	1.57218	0
3.675901e-07	1.57212	0
3.679612e-07	1.57206	0
3.683322e-07	1.572	0
3.687033e-07	1.57193	0
3.690744e-07	1.57187	0
3.694455e-07	1.57181	0
3.698166e-07	1.57175	0
3.701877e-07	1.57168	0
3.705588e-07	1.57162	0
3.709299e-07	1.57156	0
3.713010e-07	1.5715	0
3.716721e-07	1.57144	0
3.720432e-07	1.57138	0
3.724143e-07	1.57132	0
3.727854e-07	1.57126	0
3.731565e-07	1.5712	0
3.735276e-07	1.57114	0
3.738987e-07	1.57108	0
3.742698e-07	1.57102	0
3.746408e-07	1.57096	0
3.750119e-07	1.5709	0
3.753830e-07	1.57084	0
3.757541e-07	1.57078	0
3.761252e-07	1.57072	0
3.764963e-07	1.57066	0
3.768674e-07	1.5706	0
3.772385e-07	1.57054	0
3.776096e-07	1.57049	0
3.779807e-07	1.57043	0
3.783518e-07	1.57037	0
3.787229e-07	1.57031	0
3.790940e-07	1.57026	0
3.794651e-07	1.5702	0
3.798362e-07	1.57014	0
3.802073e-07	1.57009	0
3.805784e-07	1.57003	0
3.809494e-07	1.56997	0
3.813205e-07	1.56992	0
3.816916e-07	1.56986	0
3.820627e-07	1.5698	0
3.824338e-07	1.56975	0
3.828049e-07	1.56969	0
3.831760e-07	1.56964	0
3.835471e-07	1.56958	0
3.839182e-07	1.56953	0
3.842893e-07	1.56947	0
3.846604e-07	1.56942	0
3.850315e-07	1.56936	0
3.854026e-07	1.56931	0
3.857737e-07	1.56925	0
3.861448e-07	1.5692	0
3.865159e-07	1.56915	0
3.868870e-07	1.56909	0
3.872581e-07	1.56904	0
3.876291e-07	1.56899	0
3.880002e-07	1.56893	0
3.883713e-07	1.56888	0
3.887424e-07	1.56883	0
3.891135e-07	1.56877	0
3.894846e-07	1.56872	0
3.898557e-07	1.56867	0
3.902268e-07	1.56862	0
3.905979e-07	1.56856	0
3.909690e-07	1.56851	0
3.913401e-07	1.56846	0
3.917112e-07	1.56841	0
3.920823e-07	1.56836	0
3.924534e-07	1.56831	0
3.928245e-07	1.56825	0
3.931956e-07	1.5682	0
3.935667e-07	1.56815	0
3.939377e-07	1.5681	0
3.943088e-07	1.56805	0
3.946799e-07	1.568	0
3.950510e-07	1.56795	0
3.954221e-07	1.5679	0
3.957932e-07	1.56785	0
3.961643e-07	1.5678	0
3.965354e-07	1.56775	0
3.969065e-07	1.5677	0
3.972776e-07	1.56765	0
3.976487e-07	1.5676	0
3.980198e-07	1.56755	0
3.983909e-07	1.5675	0
3.987620e-07	1.56746	0
3.991331e-07	1.56741	0
3.995042e-07	1.56736	0
3.998753e-07	1.56731	0
4.002463e-07	1.56726	0
4.006174e-07	1.56721	0
4.009885e-07	1.56717	0
4.013596e-07	1.56712	0
4.017307e-07	1.56707	0
4.021018e-07	1.56702	0
4.024729e-07	1.56697	0
4.028440e-07	1.56693	0
4.032151e-07	1.56688	0
4.035862e-07	1.56683	0
4.039573e-07	1.56679	0
4.043284e-07	1.56674	0
4.046995e-07	1.56669	0
4.050706e-07	1.56665	0
4.054417e-07	1.5666	0
4.058128e-07	1.56655	0
4.061839e-07	1.56651	0
4.065550e-07	1.56646	0
4.069260e-07	1.56642	0
4.072971e-07	1.56637	0
4.076682e-07	1.56632	0
4.080393e-07	1.56628	0
4.084104e-07	1.56623	0
4.087815e-07	1.56619	0
4.091526e-07	1.56614	0
4.095237e-07	1.5661	0
4.098948e-07	1.56605	0
4.102659e-07	1.56601	0
4.106370e-07	1.56596	0
4.110081e-07	1.56592	0
4.113792e-07	1.56588	0
4.117503e-07	1.56583	0
4.121214e-07	1.56579	0
4.124925e-07	1.56574	0
4.128636e-07	1.5657	0
4.132346e-07	1.56566	0
4.136057e-07	1.56561	0
4.139768e-07	1.56557	0
4.143479e-07	1.56553	0
4.147190e-07	1.56548	0
4.150901e-07	1.56544	0
4.154612e-07	1.5654	0
4.158323e-07	1.56535	0
4.162034e-07	1.56531	0
4.165745e-07	1.56527	0
4.169456e-07	1.56523	0
4.173167e-07	1.56518	0
4.176878e-07	1.56514	0
4.180589e-07	1.5651	0
4.184300e-07	1.56506	0
4.188011e-07	1.56502	0
4.191722e-07	1.56497	0
4.195432e-07	1.56493	0
4.199143e-07	1.56489	0
4.202854e-07	1.56485	0
4.206565e-07	1.56481	0
4.210276e-07	1.56477	0
4.213987e-07	1.56473	0
4.217698e-07	1.56468	0
4.221409e-07	1.56464	0
4.225120e-07	1.5646	0
4.228831e-07	1.56456	0
4.232542e-07	1.56452	0
4.236253e-07	1.56448	0
4.239964e-07	1.56444	0
4.243675e-07	1.5644	0
4.247386e-07	1.56436	0
4.251097e-07	1.56432	0
4.254808e-07	1.56428	0
4.258519e-07	1.56424	0
4.262229e-07	1.5642	0
4.265940e-07	1.56416	0
4.269651e-07	1.56412	0
4.273362e-07	1.56408	0
4.277073e-07	1.56404	0
4.280784e-07	1.564	0
4.284495e-07	1.56397	0
4.288206e-07	1.56393	0
4.291917e-07	1.56389	0
4.295628e-07	1.56385	0
4.299339e-07	1.56381	0
4.303050e-07	1.56377	0
4.306761e-07	1.56373	0
4.310472e-07	1.56369	0
4.314183e-07	1.56366	0
4.317894e-07	1.56362	0
4.321605e-07	1.56358	0
4.325315e-07	1.56354	0
4.329026e-07	1.5635	0
4.332737e-07	1.56347	0
4.336448e-07	1.56343	0
4.340159e-07	1.56339	0
4.343870e-07	1.56335	0
4.347581e-07	1.56332	0
4.351292e-07	1.56328	0
4.355003e-07	1.56324	0
4.358714e-07	1.56321	0
4.362425e-07	1.56317	0
4.366136e-07	1.56313	0
4.369847e-07	1.56309	0
4.373558e-07	1.56306	0
4.377269e-07	1.56302	0
4.380980e-07	1.56299	0
4.384691e-07	1.56295	0
4.388401e-07	1.56291	0
4.392112e-07	1.56288	0
4.395823e-07	1.56284	0
4.399534e-07	1.5628	0
4.403245e-07	1.56277	0
4.406956e-07	1.56273	0
4.410667e-07	1.5627	0
4.414378e-07	1.56266	0
4.418089e-07	1.56263	0
4.421800e-07	1.56259	0
4.425511e-07	1.56255	0
4.429222e-07	1.56252	0
4.432933e-07	1.56248	0
4.436644e-07	1.56245	0
4.440355e-07	1.56241	0
4.444066e-07	1.56238	0
4.447777e-07	1.56234	0
4.451487e-07	1.56231	0
4.455198e-07	1.56228	0
4.458909e-07	1.56224	0
4.462620e-07	1.56221	0
4.466331e-07	1.56217	0
4.470042e-07	1.56214	0
4.473753e-07	1.5621	0
4.477464e-07	1.56207	0
4.481175e-07	1.56203	0
4.484886e-07	1.562	0
4.488597e-07	1.56197	0
4.492308e-07	1.56193	0
4.496019e-07	1.5619	0
4.499730e-07	1.56187	0
4.503441e-07	1.56183	0
4.507152e-07	1.5618	0
4.510863e-07	1.56177	0
4.514574e-07	1.56173	0
4.518284e-07	1.5617	0
4.521995e-07	1.56167	0
4.525706e-07	1.56163	0
4.529417e-07	1.5616	0
4.533128e-07	1.56157	0
4.536839e-07	1.56153	0
4.540550e-07	1.5615	0
4.544261e-07	1.56147	0
4.547972e-07	1.56144	0
4.551683e-07	1.5614	0
4.555394e-07	1.56137	0
4.559105e-07	1.56134	0
4.562816e-07	1.56131	0
4.566527e-07	1.56127	0
4.570238e-07	1.56124	0
4.573949e-07	1.56121	0
4.577660e-07	1.56118	0
4.581370e-07	1.56115	0
4.585081e-07	1.56112	0
4.588792e-07	1.56108	0
4.592503e-07	1.56105	0
4.596214e-07	1.56102	0
4.599925e-07	1.56099	0
4.603636e-07	1.56096	0
4.607347e-07	1.56093	0
4.611058e-07	1.5609	0
4.614769e-07	1.56086	0
4.618480e-07	1.56083	0
4.622191e-07	1.5608	0
4.625902e-07	1.56077	0
4.629613e-07	1.56074	0
4.633324e-07	1.56071	0
4.637035e-07	1.56068	0
4.640746e-07	1.56065	0
4.644456e-07	1.56062	0
4.648167e-07	1.56059	0
4.651878e-07	1.56056	0
4.655589e-07	1.56053	0
4.659300e-07	1.5605	0
4.663011e-07	1.56047	0
4.666722e-07	1.56044	0
4.670433e-07	1.56041	0
4.674144e-07	1.56038	0
4.677855e-07	1.56035	0
4.681566e-07	1.56032	0
4.685277e-07	1.56029	0
4.688988e-07	1.56026	0
4.692699e-07	1.56023	0
4.696410e-07	1.5602	0
4.700121e-07	1.56017	0
4.703832e-07	1.56014	0
4.707543e-07	1.56011	0
4.711253e-07	1.56008	0
4.714964e-07	1.56005	0
4.718675e-07	1.56002	0
4.722386e-07	1.55999	0
4.726097e-07	1.55996	0
4.729808e-07	1.55993	0
4.733519e-07	1.55991	0
4.737230e-07	1.55988	0
4.740941e-07	1.55985	0
4.744652e-07	1.55982	0
4.748363e-07	1.55979	0
4.752074e-07	1.55976	0
4.755785e-07	1.55973	0
4.759496e-07	1.55971	0
4.763207e-07	1.55968	0
4.766918e-07	1.55965	0
4.770629e-07	1.55962	0
4.774339e-07	1.55959	0
4.778050e-07	1.55956	0
4.781761e-07	1.55954	0
4.785472e-07	1.55951	0
4.789183e-07	1.55948	0
4.792894e-07	1.55945	0
4.796605e-07	1.55942	0
4.800316e-07	1.5594	0
4.804027e-07	1.55937	0
4.807738e-07	1.55934	0
4.811449e-07	1.55931	0
4.815160e-07	1.55929	0
4.818871e-07	1.55926	0
4.822582e-07	1.55923	0
4.826293e-07	1.5592	0
4.830004e-07	1.55918	0
4.833715e-07	1.55915	0
4.837425e-07	1.55912	0
4.841136e-07	1.5591	0
4.844847e-07	1.55907	0
4.848558e-07	1.55904	0
4.852269e-07	1.55902	0
4.855980e-07	1.55899	0
4.859691e-07	1.55896	0
4.863402e-07	1.55894	0
4.867113e-07	1.55891	0
4.870824e-07	1.55888	0
4.874535e-07	1.55886	0
4.878246e-07	1.55883	0
4.881957e-07	1.5588	0
4.885668e-07	1.55878	0
4.889379e-07	1.55875	0
4.893090e-07	1.55872	0
4.896801e-07	1.5587	0
4.900512e-07	1.55867	0
4.904222e-07	1.55865	0
4.907933e-07	1.55862	0
4.911644e-07	1.55859	0
4.915355e-07	1.55857	0
4.919066e-07	1.55854	0
4.922777e-07	1.55852	0
4.926488e-07	1.55849	0
4.930199e-07	1.55847	0
4.933910e-07	1.55844	0
4.937621e-07	1.55841	0
4.941332e-07	1.55839	0
4.945043e-07	1.55836	0
4.948754e-07	1.55834	0
4.952465e-07	1.55831	0
4.956176e-07	1.55829	0
4.959887e-07	1.55826	0
4.963598e-07	1.55824	0
4.967308e-07	1.55821	0
4.971019e-07	1.55819	0
4.974730e-07	1.55816	0
4.978441e-07	1.55814	0
4.982152e-07	1.55811	0
4.985863e-07	1.55809	0
4.989574e-07	1.55806	0
4.993285e-07	1.55804	0
4.996996e-07	1.55801	0
5.000707e-07	1.55799	0
5.004418e-07	1.55797	0
5.008129e-07	1.55794	0
5.011840e-07	1.55792	0
5.015551e-07	1.55789	0
5.019262e-07	1.55787	0
5.022973e-07	1.55784	0
5.026684e-07	1.55782	0
5.030394e-07	1.5578	0
5.034105e-07	1.55777	0
5.037816e-07	1.55775	0
5.041527e-07	1.55772	0
5.045238e-07	1.5577	0
5.048949e-07	1.55768	0
5.052660e-07	1.55765	0
5.056371e-07	1.55763	0
5.060082e-07	1.5576	0
5.063793e-07	1.55758	0
5.067504e-07	1.55756	0
5.071215e-07	1.55753	0
5.074926e-07	1.55751	0
5.078637e-07	1.55749	0
5.082348e-07	1.55746	0
5.086059e-07	1.55744	0
5.089770e-07	1.55742	0
5.093480e-07	1.55739	0
5.097191e-07	1.55737	0
5.100902e-07	1.55735	0
5.104613e-07	1.55732	0
5.108324e-07	1.5573	0
5.112035e-07	1.55728	0
5.115746e-07	1.55725	0
5.119457e-07	1.55723	0
5.123168e-07	1.55721	0
5.126879e-07	1.55719	0
5.130590e-07	1.55716	0
5.134301e-07	1.55714	0
5.138012e-07	1.55712	0
5.141723e-07	1.55709	0
5.145434e-07	1.55707	0
5.149145e-07	1.55705	0
5.152856e-07	1.55703	0
5.156567e-07	1.557	0
5.160277e-07	1.55698	0
5.163988e-07	1.55696	0
5.167699e-07	1.55694	0
5.171410e-07	1.55691	0
5.175121e-07	1.55689	0
5.178832e-07	1.55687	0
5.182543e-07	1.55685	0
5.186254e-07	1.55683	0
5.189965e-07	1.5568	0
5.193676e-07	1.55678	0
5.197387e-07	1.55676	0
5.201098e-07	1.55674	0
5.204809e-07	1.55672	0
5.208520e-07	1.55669	0
5.212231e-07	1.55667	0
5.215942e-07	1.55665	0
5.219653e-07	1.55663	0
5.223363e-07	1.55661	0
5.227074e-07	1.55659	0
5.230785e-07	1.55656	0
5.234496e-07	1.55654	0
5.238207e-07	1.55652	0
5.241918e-07	1.5565	0
5.245629e-07	1.55648	0
5.249340e-07	1.55646	0
5.253051e-07	1.55644	0
5.256762e-07	1.55641	0
5.260473e-07	1.55639	0
5.264184e-07	1.55637	0
5.267895e-07	1.55635	0
5.271606e-07	1.55633	0
5.275317e-07	1.55631	0
5.279028e-07	1.55629	0
5.282739e-07	1.55627	0
5.286449e-07	1.55625	0
5.290160e-07	1.55623	0
5.293871e-07	1.5562	0
5.297582e-07	1.55618	0
5.301293e-07	1.55616	0
5.305004e-07	1.55614	0
5.308715e-07	1.55612	0
5.312426e-07	1.5561	0
5.316137e-07	1.55608	0
5.319848e-07	1.55606	0
5.323559e-07	1.55604	0
5.327270e-07	1.55602	0
5.330981e-07	1.556	0
5.334692e-07	1.55598	0
5.338403e-07	1.55596	0
5.342114e-07	1.55594	0
5.345825e-07	1.55592	0
5.349536e-07	1.5559	0
5.353246e-07	1.55588	0
5.356957e-07	1.55586	0
5.360668e-07	1.55584	0
5.364379e-07	1.55582	0
5.368090e-07	1.5558	0
5.371801e-07	1.55578	0
5.375512e-07	1.55576	0
5.379223e-07	1.55574	0
5.382934e-07	1.55572	0
5.386645e-07	1.5557	0
5.390356e-07	1.55568	0
5.394067e-07	1.55566	0
5.397778e-07	1.55564	0
5.401489e-07	1.55562	0
5.405200e-07	1.5556	0
5.408911e-07	1.55558	0
5.412622e-07	1.55556	0
5.416332e-07	1.55554	0
5.420043e-07	1.55552	0
5.423754e-07	1.5555	0
5.427465e-07	1.55548	0
5.431176e-07	1.55546	0
5.434887e-07	1.55544	0
5.438598e-07	1.55542	0
5.442309e-07	1.5554	0
5.446020e-07	1.55538	0
5.449731e-07	1.55536	0
5.453442e-07	1.55535	0
5.457153e-07	1.55533	0
5.460864e-07	1.55531	0
5.464575e-07	1.55529	0
5.468286e-07	1.55527	0
5.471997e-07	1.55525	0
5.475708e-07	1.55523	0
5.479418e-07	1.55521	0
5.483129e-07	1.55519	0
5.486840e-07	1.55517	0
5.490551e-07	1.55516	0
5.494262e-07	1.55514	0
5.497973e-07	1.55512	0
5.501684e-07	1.5551	0
5.505395e-07	1.55508	0
5.509106e-07	1.55506	0
5.512817e-07	1.55504	0
5.516528e-07	1.55503	0
5.520239e-07	1.55501	0
5.523950e-07	1.55499	0
5.527661e-07	1.55497	0
5.531372e-07	1.55495	0
5.535083e-07	1.55493	0
5.538794e-07	1.55491	0
5.542505e-07	1.5549	0
5.546215e-07	1.55488	0
5.549926e-07	1.55486	0
5.553637e-07	1.55484	0
5.557348e-07	1.55482	0
5.561059e-07	1.55481	0
5.564770e-07	1.55479	0
5.568481e-07	1.55477	0
5.572192e-07	1.55475	0
5.575903e-07	1.55473	0
5.579614e-07	1.55471	0
5.583325e-07	1.5547	0
5.587036e-07	1.55468	0
5.590747e-07	1.55466	0
5.594458e-07	1.55464	0
5.598169e-07	1.55463	0
5.601880e-07	1.55461	0
5.605591e-07	1.55459	0
5.609301e-07	1.55457	0
5.613012e-07	1.55455	0
5.616723e-07	1.55454	0
5.620434e-07	1.55452	0
5.624145e-07	1.5545	0
5.627856e-07	1.55448	0
5.631567e-07	1.55447	0
5.635278e-07	1.55445	0
5.638989e-07	1.55443	0
5.642700e-07	1.55441	0
5.646411e-07	1.5544	0
5.650122e-07	1.55438	0
5.653833e-07	1.55436	0
5.657544e-07	1.55434	0
5.661255e-07	1.55433	0
5.664966e-07	1.55431	0
5.668677e-07	1.55429	0
5.672387e-07	1.55428	0
5.676098e-07	1.55426	0
5.679809e-07	1.55424	0
5.683520e-07	1.55422	0
5.687231e-07	1.55421	0
5.690942e-07	1.55419	0
5.694653e-07	1.55417	0
5.698364e-07	1.55416	0
5.702075e-07	1.55414	0
5.705786e-07	1.55412	0
5.709497e-07	1.55411	0
5.713208e-07	1.55409	0
5.716919e-07	1.55407	0
5.720630e-07	1.55405	0
5.724341e-07	1.55404	0
5.728052e-07	1.55402	0
5.731763e-07	1.554	0
5.735473e-07	1.55399	0
5.739184e-07	1.55397	0
5.742895e-07	1.55395	0
5.746606e-07	1.55394	0
5.750317e-07	1.55392	0
5.754028e-07	1.5539	0
5.757739e-07	1.55389	0
5.761450e-07	1.55387	0
5.765161e-07	1.55386	0
5.768872e-07	1.55384	0
5.772583e-07	1.55382	0
5.776294e-07	1.55381	0
5.780005e-07	1.55379	0
5.783716e-07	1.55377	0
5.787427e-07	1.55376	0
5.791138e-07	1.55374	0
5.794849e-07	1.55372	0
5.798560e-07	1.55371	0
5.802270e-07	1.55369	0
5.805981e-07	1.55368	0
5.809692e-07	1.55366	0
5.813403e-07	1.55364	0
5.817114e-07	1.55363	0
5.820825e-07	1.55361	0
5.824536e-07	1.5536	0
5.828247e-07	1.55358	0
5.831958e-07	1.55356	0
5.835669e-07	1.55355	0
5.839380e-07	1.55353	0
5.843091e-07	1.55352	0
5.846802e-07	1.5535	0
5.850513e-07	1.55348	0
5.854224e-07	1.55347	0
5.857935e-07	1.55345	0
5.861646e-07	1.55344	0
5.865356e-07	1.55342	0
5.869067e-07	1.55341	0
5.872778e-07	1.55339	0
5.876489e-07	1.55337	0
5.880200e-07	1.55336	0
5.883911e-07	1.55334	0
5.887622e-07	1.55333	0
5.891333e-07	1.55331	0
5.895044e-07	1.5533	0
5.898755e-07	1.55328	0
5.902466e-07	1.55327	0
5.906177e-07	1.55325	0
5.909888e-07	1.55324	0
5.913599e-07	1.55322	0
5.917310e-07	1.5532	0
5.921021e-07	1.55319	0
5.924732e-07	1.55317	0
5.928442e-07	1.55316	0
5.932153e-07	1.55314	0
5.935864e-07	1.55313	0
5.939575e-07	1.55311	0
5.943286e-07	1.5531	0
5.946997e-07	1.55308	0
5.950708e-07	1.55307	0
5.954419e-07	1.55305	0
5.958130e-07	1.55304	0
5.961841e-07	1.55302	0
5.965552e-07	1.55301	0
5.969263e-07	1.55299	0
5.972974e-07	1.55298	0
5.976685e-07	1.55296	0
5.980396e-07	1.55295	0
5.984107e-07	1.55293	0
5.987818e-07	1.55292	0
5.991529e-07	1.5529	0
5.995239e-07	1.55289	0
5.998950e-07	1.55287	0
6.002661e-07	1.55286	0
6.006372e-07	1.55284	0
6.010083e-07	1.55283	0
6.013794e-07	1.55281	0
6.017505e-07	1.5528	0
6.021216e-07	1.55279	0
6.024927e-07	1.55277	0
6.028638e-07	1.55276	0
6.032349e-07	1.55274	0
6.036060e-07	1.55273	0
6.039771e-07	1.55271	0
6.043482e-07	1.5527	0
6.047193e-07	1.55268	0
6.050904e-07	1.55267	0
6.054615e-07	1.55265	0
6.058325e-07	1.55264	0
6.062036e-07	1.55263	0
6.065747e-07	1.55261	0
6.069458e-07	1.5526	0
6.073169e-07	1.55258	0
6.076880e-07	1.55257	0
6.080591e-07	1.55255	0
6.084302e-07	1.55254	0
6.088013e-07	1.55253	0
6.091724e-07	1.55251	0
6.095435e-07	1.5525	0
6.099146e-07	1.55248	0
6.102857e-07	1.55247	0
6.106568e-07	1.55245	0
6.110279e-07	1.55244	0
6.113990e-07	1.55243	0
6.117701e-07	1.55241	0
6.121411e-07	1.5524	0
6.125122e-07	1.55238	0
6.128833e-07	1.55237	0
6.132544e-07	1.55236	0
6.136255e-07	1.55234	0
6.139966e-07	1.55233	0
6.143677e-07	1.55231	0
6.147388e-07	1.5523	0
6.151099e-07	1.55229	0
6.154810e-07	1.55227	0
6.158521e-07	1.55226	0
6.162232e-07	1.55225	0
6.165943e-07	1.55223	0
6.169654e-07	1.55222	0
6.173365e-07	1.5522	0
6.177076e-07	1.55219	0
6.180787e-07	1.55218	0
6.184497e-07	1.55216	0
6.188208e-07	1.55215	0
6.191919e-07	1.55214	0
6.195630e-07	1.55212	0
6.199341e-07	1.55211	0
6.203052e-07	1.5521	0
6.206763e-07	1.55208	0
6.210474e-07	1.55207	0
6.214185e-07	1.55205	0
6.217896e-07	1.55204	0
6.221607e-07	1.55203	0
6.225318e-07	1.55201	0
6.229029e-07	1.552	0
6.232740e-07	1.55199	0
6.236451e-07	1.55197	0
6.240162e-07	1.55196	0
6.243873e-07	1.55195	0
6.247584e-07	1.55193	0
6.251294e-07	1.55192	0
6.255005e-07	1.55191	0
6.258716e-07	1.55189	0
6.262427e-07	1.55188	0
6.266138e-07	1.55187	0
6.269849e-07	1.55185	0
6.273560e-07	1.55184	0
6.277271e-07	1.55183	0
6.280982e-07	1.55182	0
6.284693e-07	1.5518	0
6.288404e-07	1.55179	0
6.292115e-07	1.55178	0
6.295826e-07	1.55176	0
6.299537e-07	1.55175	0
6.303248e-07	1.55174	0
6.306959e-07	1.55172	0
6.310670e-07	1.55171	0
6.314380e-07	1.5517	0
6.318091e-07	1.55169	0
6.321802e-07	1.55167	0
6.325513e-07	1.55166	0
6.329224e-07	1.55165	0
6.332935e-07	1.55163	0
6.336646e-07	1.55162	0
6.340357e-07	1.55161	0
6.344068e-07	1.5516	0
6.347779e-07	1.55158	0
6.351490e-07	1.55157	0
6.355201e-07	1.55156	0
6.358912e-07	1.55154	0
6.362623e-07	1.55153	0
6.366334e-07	1.55152	0
6.370045e-07	1.55151	0
6.373756e-07	1.55149	0
6.377466e-07	1.55148	0
6.381177e-07	1.55147	0
6.384888e-07	1.55146	0
6.388599e-07	1.55144	0
6.392310e-07	1.55143	0
6.396021e-07	1.55142	0
6.399732e-07	1.55141	0
6.403443e-07	1.55139	0
6.407154e-07	1.55138	0
6.410865e-07	1.55137	0
6.414576e-07	1.55136	0
6.418287e-07	1.55134	0
6.421998e-07	1.55133	0
6.425709e-07	1.55132	0
6.429420e-07	1.55131	0
6.433131e-07	1.55129	0
6.436842e-07	1.55128	0
6.440553e-07	1.55127	0
6.444263e-07	1.55126	0
6.447974e-07	1.55124	0
6.451685e-07	1.55123	0
6.455396e-07	1.55122	0
6.459107e-07	1.55121	0
6.462818e-07	1.5512	0
6.466529e-07	1.55118	0
6.470240e-07	1.55117	0
6.473951e-07	1.55116	0
6.477662e-07	1.55115	0
6.481373e-07	1.55113	0
6.485084e-07	1.55112	0
6.488795e-07	1.55111	0
6.492506e-07	1.5511	0
6.496217e-07	1.55109	0
6.499928e-07	1.55107	0
6.503639e-07	1.55106	0
6.507349e-07	1.55105	0
6.511060e-07	1.55104	0
6.514771e-07	1.55103	0
6.518482e-07	1.55101	0
6.522193e-07	1.551	0
6.525904e-07	1.55099	0
6.529615e-07	1.55098	0
6.533326e-07	1.55097	0
6.537037e-07	1.55095	0
6.540748e-07	1.55094	0
6.544459e-07	1.55093	0
6.548170e-07	1.55092	0
6.551881e-07	1.55091	0
6.555592e-07	1.5509	0
6.559303e-07	1.55088	0
6.563014e-07	1.55087	0
6.566725e-07	1.55086	0
6.570435e-07	1.55085	0
6.574146e-07	1.55084	0
6.577857e-07	1.55082	0
6.581568e-07	1.55081	0
6.585279e-07	1.5508	0
6.588990e-07	1.55079	0
6.592701e-07	1.55078	0
6.596412e-07	1.55077	0
6.600123e-07	1.55075	0
6.603834e-07	1.55074	0
6.607545e-07	1.55073	0
6.611256e-07	1.55072	0
6.614967e-07	1.55071	0
6.618678e-07	1.5507	0
6.622389e-07	1.55069	0
6.626100e-07	1.55067	0
6.629811e-07	1.55066	0
6.633522e-07	1.55065	0
6.637232e-07	1.55064	0
6.640943e-07	1.55063	0
6.644654e-07	1.55062	0
6.648365e-07	1.55061	0
6.652076e-07	1.55059	0
6.655787e-07	1.55058	0
6.659498e-07	1.55057	0
6.663209e-07	1.55056	0
6.666920e-07	1.55055	0
6.670631e-07	1.55054	0
6.674342e-07	1.55053	0
6.678053e-07	1.55051	0
6.681764e-07	1.5505	0
6.685475e-07	1.55049	0
6.689186e-07	1.55048	0
6.692897e-07	1.55047	0
6.696608e-07	1.55046	0
6.700318e-07	1.55045	0
6.704029e-07	1.55044	0
6.707740e-07	1.55042	0
6.711451e-07	1.55041	0
6.715162e-07	1.5504	0
6.718873e-07	1.55039	0
6.722584e-07	1.55038	0
6.726295e-07	1.55037	0
6.730006e-07	1.55036	0
6.733717e-07	1.55035	0
6.737428e-07	1.55034	0
6.741139e-07	1.55033	0
6.744850e-07	1.55031	0
6.748561e-07	1.5503	0
6.752272e-07	1.55029	0
6.755983e-07	1.55028	0
6.759694e-07	1.55027	0
6.763404e-07	1.55026	0
6.767115e-07	1.55025	0
6.770826e-07	1.55024	0
6.774537e-07	1.55023	0
6.778248e-07	1.55022	0
6.781959e-07	1.5502	0
6.785670e-07	1.55019	0
6.789381e-07	1.55018	0
6.793092e-07	1.55017	0
6.796803e-07	1.55016	0
6.800514e-07	1.55015	0
6.804225e-07	1.55014	0
6.807936e-07	1.55013	0
6.811647e-07	1.55012	0
6.815358e-07	1.55011	0
6.819069e-07	1.5501	0
6.822780e-07	1.55009	0
6.826490e-07	1.55008	0
6.830201e-07	1.55006	0
6.833912e-07	1.55005	0
6.837623e-07	1.55004	0
6.841334e-07	1.55003	0
6.845045e-07	1.55002	0
6.848756e-07	1.55001	0
6.852467e-07	1.55	0
6.856178e-07	1.54999	0
6.859889e-07	1.54998	0
6.863600e-07	1.54997	0
6.867311e-07	1.54996	0
6.871022e-07	1.54995	0
6.874733e-07	1.54994	0
6.878444e-07	1.54993	0
6.882155e-07	1.54992	0
6.885866e-07	1.54991	0
6.889577e-07	1.5499	0
6.893287e-07	1.54988	0
6.896998e-07	1.54987	0
6.900709e-07	1.54986	0
6.904420e-07	1.54985	0
6.908131e-07	1.54984	0
6.911842e-07	1.54983	0
6.915553e-07	1.54982	0
6.919264e-07	1.54981	0
6.922975e-07	1.5498	0
6.926686e-07	1.54979	0
6.930397e-07	1.54978	0
6.934108e-07	1.54977	0
6.937819e-07	1.54976	0
6.941530e-07	1.54975	0
6.945241e-07	1.54974	0
6.948952e-07	1.54973	0
6.952663e-07	1.54972	0
6.956373e-07	1.54971	0
6.960084e-07	1.5497	0
6.963795e-07	1.54969	0
6.967506e-07	1.54968	0
6.971217e-07	1.54967	0
6.974928e-07	1.54966	0
6.978639e-07	1.54965	0
6.982350e-07	1.54964	0
6.986061e-07	1.54963	0
6.989772e-07	1.54962	0
6.993483e-07	1.54961	0
6.997194e-07	1.5496	0
7.000905e-07	1.54959	0
7.004616e-07	1.54958	0
7.008327e-07	1.54957	0
7.012038e-07	1.54956	0
7.015749e-07	1.54955	0
7.019459e-07	1.54954	0
7.023170e-07	1.54953	0
7.026881e-07	1.54952	0
7.030592e-07	1.54951	0
7.034303e-07	1.5495	0
7.038014e-07	1.54949	0
7.041725e-07	1.54948	0
7.045436e-07	1.54947	0
7.049147e-07	1.54946	0
7.052858e-07	1.54945	0
7.056569e-07	1.54944	0
7.060280e-07	1.54943	0
7.063991e-07	1.54942	0
7.067702e-07	1.54941	0
7.071413e-07	1.5494	0
7.075124e-07	1.54939	0
7.078835e-07	1.54938	0
7.082546e-07	1.54937	0
7.086256e-07	1.54936	0
7.089967e-07	1.54935	0
7.093678e-07	1.54934	0
7.097389e-07	1.54933	0
7.101100e-07	1.54932	0
7.104811e-07	1.54931	0
7.108522e-07	1.5493	0
7.112233e-07	1.54929	0
7.115944e-07	1.54928	0
7.119655e-07	1.54927	0
7.123366e-07	1.54926	0
7.127077e-07	1.54925	0
7.130788e-07	1.54924	0
7.134499e-07	1.54923	0
7.138210e-07	1.54922	0
7.141921e-07	1.54921	0
7.145632e-07	1.5492	0
7.149342e-07	1.54919	0
7.153053e-07	1.54918	0
7.156764e-07	1.54917	0
7.160475e-07	1.54916	0
7.164186e-07	1.54915	0
7.167897e-07	1.54914	0
7.171608e-07	1.54913	0
7.175319e-07	1.54912	0
7.179030e-07	1.54912	0
7.182741e-07	1.54911	0
7.186452e-07	1.5491	0
7.190163e-07	1.54909	0
7.193874e-07	1.54908	0
7.197585e-07	1.54907	0
7.201296e-07	1.54906	0
7.205007e-07	1.54905	0
7.208718e-07	1.54904	0
7.212428e-07	1.54903	0
7.216139e-07	1.54902	0
7.219850e-07	1.54901	0
7.223561e-07	1.549	0
7.227272e-07	1.54899	0
7.230983e-07	1.54898	0
7.234694e-07	1.54897	0
7.238405e-07	1.54896	0
7.242116e-07	1.54895	0
7.245827e-07	1.54895	0
7.249538e-07	1.54894	0
7.253249e-07	1.54893	0
7.256960e-07	1.54892	0
7.260671e-07	1.54891	0
7.264382e-07	1.5489	0
7.268093e-07	1.54889	0
7.271804e-07	1.54888	0
7.275515e-07	1.54887	0
7.279225e-07	1.54886	0
7.282936e-07	1.54885	0
7.286647e-07	1.54884	0
7.290358e-07	1.54883	0
7.294069e-07	1.54882	0
7.297780e-07	1.54882	0
7.301491e-07	1.54881	0
7.305202e-07	1.5488	0
7.308913e-07	1.54879	0
7.312624e-07	1.54878	0
7.316335e-07	1.54877	0
7.320046e-07	1.54876	0
7.323757e-07	1.54875	0
7.327468e-07	1.54874	0
7.331179e-07	1.54873	0
7.334890e-07	1.54872	0
7.338601e-07	1.54871	0
7.342311e-07	1.54871	0
7.346022e-07	1.5487	0
7.349733e-07	1.54869	0
7.353444e-07	1.54868	0
7.357155e-07	1.54867	0
7.360866e-07	1.54866	0
7.364577e-07	1.54865	0
7.368288e-07	1.54864	0
7.371999e-07	1.54863	0
7.375710e-07	1.54862	0
7.379421e-07	1.54862	0
7.383132e-07	1.54861	0
7.386843e-07	1.5486	0
7.390554e-07	1.54859	0
7.394265e-07	1.54858	0
7.397976e-07	1.54857	0
7.401687e-07	1.54856	0
7.405397e-07	1.54855	0
7.409108e-07	1.54854	0
7.412819e-07	1.54853	0
7.416530e-07	1.54853	0
7.420241e-07	1.54852	0
7.423952e-07	1.54851	0
7.427663e-07	1.5485	0
7.431374e-07	1.54849	0
7.435085e-07	1.54848	0
7.438796e-07	1.54847	0
7.442507e-07	1.54846	0
7.446218e-07	1.54845	0
7.449929e-07	1.54845	0
7.453640e-07	1.54844	0
7.457351e-07	1.54843	0
7.461062e-07	1.54842	0
7.464773e-07	1.54841	0
7.468483e-07	1.5484	0
7.472194e-07	1.54839	0
7.475905e-07	1.54838	0
7.479616e-07	1.54838	0
7.483327e-07	1.54837	0
7.487038e-07	1.54836	0
7.490749e-07	1.54835	0
7.494460e-07	1.54834	0
7.498171e-07	1.54833	0
7.501882e-07	1.54832	0
7.505593e-07	1.54831	0
7.509304e-07	1.54831	0
7.513015e-07	1.5483	0
7.516726e-07	1.54829	0
7.520437e-07	1.54828	0
7.524148e-07	1.54827	0
7.527859e-07	1.54826	0
7.531570e-07	1.54825	0
7.535280e-07	1.54825	0
7.538991e-07	1.54824	0
7.542702e-07	1.54823	0
7.546413e-07	1.54822	0
7.550124e-07	1.54821	0
7.553835e-07	1.5482	0
7.557546e-07	1.54819	0
7.561257e-07	1.54819	0
7.564968e-07	1.54818	0
7.568679e-07	1.54817	0
7.572390e-07	1.54816	0
7.576101e-07	1.54815	0
7.579812e-07	1.54814	0
7.583523e-07	1.54813	0
7.587234e-07	1.54813	0
7.590945e-07	1.54812	0
7.594656e-07	1.54811	0
7.598366e-07	1.5481	0
7.602077e-07	1.54809	0
7.605788e-07	1.54808	0
7.609499e-07	1.54808	0
7.613210e-07	1.54807	0
7.616921e-07	1.54806	0
7.620632e-07	1.54805	0
7.624343e-07	1.54804	0
7.628054e-07	1.54803	0
7.631765e-07	1.54802	0
7.635476e-07	1.54802	0
7.639187e-07	1.54801	0
7.642898e-07	1.548	0
7.646609e-07	1.54799	0
7.650320e-07	1.54798	0
7.654031e-07	1.54797	0
7.657742e-07	1.54797	0
7.661452e-07	1.54796	0
7.665163e-07	1.54795	0
7.668874e-07	1.54794	0
7.672585e-07	1.54793	0
7.676296e-07	1.54792	0
7.680007e-07	1.54792	0
7.683718e-07	1.54791	0
7.687429e-07	1.5479	0
7.691140e-07	1.54789	0
7.694851e-07	1.54788	0
7.698562e-07	1.54788	0
7.702273e-07	1.54787	0
7.705984e-07	1.54786	0
7.709695e-07	1.54785	0
7.713406e-07	1.54784	0
7.717117e-07	1.54783	0
7.720828e-07	1.54783	0
7.724539e-07	1.54782	0
7.728249e-07	1.54781	0
7.731960e-07	1.5478	0
7.735671e-07	1.54779	0
7.739382e-07	1.54778	0
7.743093e-07	1.54778	0
7.746804e-07	1.54777	0
7.750515e-07	1.54776	0
7.754226e-07	1.54775	0
7.757937e-07	1.54774	0
7.761648e-07	1.54774	0
7.765359e-07	1.54773	0
7.769070e-07	1.54772	0
7.772781e-07	1.54771	0
7.776492e-07	1.5477	0
7.780203e-07	1.5477	0
7.783914e-07	1.54769	0
7.787625e-07	1.54768	0
7.791335e-07	1.54767	0
7.795046e-07	1.54766	0
7.798757e-07	1.54766	0
7.802468e-07	1.54765	0
7.806179e-07	1.54764	0
7.809890e-07	1.54763	0
7.813601e-07	1.54762	0
7.817312e-07	1.54762	0
7.821023e-07	1.54761	0
7.824734e-07	1.5476	0
7.828445e-07	1.54759	0
7.832156e-07	1.54758	0
7.835867e-07	1.54758	0
7.839578e-07	1.54757	0
7.843289e-07	1.54756	0
7.847000e-07	1.54755	0
7.850711e-07	1.54754	0
7.854421e-07	1.54754	0
7.858132e-07	1.54753	0
7.861843e-07	1.54752	0
7.865554e-07	1.54751	0
7.869265e-07	1.5475	0
7.872976e-07	1.5475	0
7.876687e-07	1.54749	0
7.880398e-07	1.54748	0
7.884109e-07	1.54747	0
7.887820e-07	1.54746	0
7.891531e-07	1.54746	0
7.895242e-07	1.54745	0
7.898953e-07	1.54744	0
7.902664e-07	1.54743	0
7.906375e-07	1.54743	0
7.910086e-07	1.54742	0
7.913797e-07	1.54741	0
7.917508e-07	1.5474	0
7.921218e-07	1.54739	0
7.924929e-07	1.54739	0
7.928640e-07	1.54738	0
7.932351e-07	1.54737	0
7.936062e-07	1.54736	0
7.939773e-07	1.54736	0
7.943484e-07	1.54735	0
7.947195e-07	1.54734	0
7.950906e-07	1.54733	0
7.954617e-07	1.54732	0
7.958328e-07	1.54732	0
7.962039e-07	1.54731	0
7.965750e-07	1.5473	0
7.969461e-07	1.54729	0
7.973172e-07	1.54729	0
7.976883e-07	1.54728	0
7.980594e-07	1.54727	0
7.984304e-07	1.54726	0
7.988015e-07	1.54725	0
7.991726e-07	1.54725	0
7.995437e-07	1.54724	0
7.999148e-07	1.54723	0
8.002859e-07	1.54722	0
8.006570e-07	1.54722	0
8.010281e-07	1.54721	0
8.013992e-07	1.5472	0
8.017703e-07	1.54719	0
8.021414e-07	1.54719	0
8.025125e-07	1.54718	0
8.028836e-07	1.54717	0
8.032547e-07	1.54716	0
8.036258e-07	1.54716	0
8.039969e-07	1.54715	0
8.043680e-07	1.54714	0
8.047390e-07	1.54713	0
8.051101e-07	1.54713	0
8.054812e-07	1.54712	0
8.058523e-07	1.54711	0
8.062234e-07	1.5471	0
8.065945e-07	1.5471	0
8.069656e-07	1.54709	0
8.073367e-07	1.54708	0
8.077078e-07	1.54707	0
8.080789e-07	1.54706	0
8.084500e-07	1.54706	0
8.088211e-07	1.54705	0
8.091922e-07	1.54704	0
8.095633e-07	1.54703	0
8.099344e-07	1.54703	0
8.103055e-07	1.54702	0
8.106766e-07	1.54701	0
8.110476e-07	1.54701	0
8.114187e-07	1.547	0
8.117898e-07	1.54699	0
8.121609e-07	1.54698	0
8.125320e-07	1.54698	0
8.129031e-07	1.54697	0
8.132742e-07	1.54696	0
8.136453e-07	1.54695	0
8.140164e-07	1.54695	0
8.143875e-07	1.54694	0
8.147586e-07	1.54693	0
8.151297e-07	1.54692	0
8.155008e-07	1.54692	0
8.158719e-07	1.54691	0
8.162430e-07	1.5469	0
8.166141e-07	1.54689	0
8.169852e-07	1.54689	0
8.173563e-07	1.54688	0
8.177273e-07	1.54687	0
8.180984e-07	1.54686	0
8.184695e-07	1.54686	0
8.188406e-07	1.54685	0
8.192117e-07	1.54684	0
8.195828e-07	1.54683	0
8.199539e-07	1.54683	0
8.203250e-07	1.54682	0
8.206961e-07	1.54681	0
8.210672e-07	1.54681	0
8.214383e-07	1.5468	0
8.218094e-07	1.54679	0
8.221805e-07	1.54678	0
8.225516e-07	1.54678	0
8.229227e-07	1.54677	0
8.232938e-07	1.54676	0
8.236649e-07	1.54675	0
8.240359e-07	1.54675	0
8.244070e-07	1.54674	0
8.247781e-07	1.54673	0
8.251492e-07	1.54673	0
8.255203e-07	1.54672	0
8.258914e-07	1.54671	0
8.262625e-07	1.5467	0
8.266336e-07	1.5467	0
8.270047e-07	1.54669	0
8.273758e-07	1.54668	0
8.277469e-07	1.54668	0
8.281180e-07	1.54667	0
8.284891e-07	1.54666	0
8.288602e-07	1.54665	0
8.292313e-07	1.54665	0
8.296024e-07	1.54664	0
8.299735e-07	1.54663	0
8.303445e-07	1.54662	0
8.307156e-07	1.54662	0
8.310867e-07	1.54661	0
8.314578e-07	1.5466	0
8.318289e-07	1.5466	0
8.322000e-07	1.54659	0
8.325711e-07	1.54658	0
8.329422e-07	1.54657	0
8.333133e-07	1.54657	0
8.336844e-07	1.54656	0
8.340555e-07	1.54655	0
8.344266e-07	1.54655	0
8.347977e-07	1.54654	0
8.351688e-07	1.54653	0
8.355399e-07	1.54652	0
8.359110e-07	1.54652	0
8.362821e-07	1.54651	0
8.366532e-07	1.5465	0
8.370242e-07	1.5465	0
8.373953e-07	1.54649	0
8.377664e-07	1.54648	0
8.381375e-07	1.54648	0
8.385086e-07	1.54647	0
8.388797e-07	1.54646	0
8.392508e-07	1.54645	0
8.396219e-07	1.54645	0
8.399930e-07	1.54644	0
8.403641e-07	1.54643	0
8.407352e-07	1.54643	0
8.411063e-07	1.54642	0
8.414774e-07	1.54641	0
8.418485e-07	1.54641	0
8.422196e-07	1.5464	0
8.425907e-07	1.54639	0
8.429618e-07	1.54638	0
8.433328e-07	1.54638	0
8.437039e-07	1.54637	0
8.440750e-07	1.54636	0
8.444461e-07	1.54636	0
8.448172e-07	1.54635	0
8.451883e-07	1.54634	0
8.455594e-07	1.54634	0
8.459305e-07	1.54633	0
8.463016e-07	1.54632	0
8.466727e-07	1.54631	0
8.470438e-07	1.54631	0
8.474149e-07	1.5463	0
8.477860e-07	1.54629	0
8.481571e-07	1.54629	0
8.485282e-07	1.54628	0
8.488993e-07	1.54627	0
8.492704e-07	1.54627	0
8.496414e-07	1.54626	0
8.500125e-07	1.54625	0
8.503836e-07	1.54625	0
8.507547e-07	1.54624	0
8.511258e-07	1.54623	0
8.514969e-07	1.54622	0
8.518680e-07	1.54622	0
8.522391e-07	1.54621	0
8.526102e-07	1.5462	0
8.529813e-07	1.5462	0
8.533524e-07	1.54619	0
8.537235e-07	1.54618	0
8.540946e-07	1.54618	0
8.544657e-07	1.54617	0
8.548368e-07	1.54616	0
8.552079e-07	1.54616	0
8.555790e-07	1.54615	0
8.559501e-07	1.54614	0
8.563211e-07	1.54614	0
8.566922e-07	1.54613	0
8.570633e-07	1.54612	0
8.574344e-07	1.54612	0
8.578055e-07	1.54611	0
8.581766e-07	1.5461	0
8.585477e-07	1.5461	0
8.589188e-07	1.54609	0
8.592899e-07	1.54608	0
8.596610e-07	1.54607	0
8.600321e-07	1.54607	0
8.604032e-07	1.54606	0
8.607743e-07	1.54605	0
8.611454e-07	1.54605	0
8.615165e-07	1.54604	0
8.618876e-07	1.54603	0
8.622587e-07	1.54603	0
8.626297e-07	1.54602	0
8.630008e-07	1.54601	0
8.633719e-07	1.54601	0
8.637430e-07	1.546	0
8.641141e-07	1.54599	0
8.644852e-07	1.54599	0
8.648563e-07	1.54598	0
8.652274e-07	1.54597	0
8.655985e-07	1.54597	0
8.659696e-07	1.54596	0
8.663407e-07	1.54595	0
8.667118e-07	1.54595	0
8.670829e-07	1.54594	0
8.674540e-07	1.54593	0
8.678251e-07	1.54593	0
8.681962e-07	1.54592	0
8.685673e-07	1.54591	0
8.689383e-07	1.54591	0
8.693094e-07	1.5459	0
8.696805e-07	1.54589	0
8.700516e-07	1.54589	0
8.704227e-07	1.54588	0
8.707938e-07	1.54587	0
8.711649e-07	1.54587	0
8.715360e-07	1.54586	0
8.719071e-07	1.54585	0
8.722782e-07	1.54585	0
8.726493e-07	1.54584	0
8.730204e-07	1.54583	0
8.733915e-07	1.54583	0
8.737626e-07	1.54582	0
8.741337e-07	1.54581	0
8.745048e-07	1.54581	0
8.748759e-07	1.5458	0
8.752469e-07	1.54579	0
8.756180e-07	1.54579	0
8.759891e-07	1.54578	0
8.763602e-07	1.54578	0
8.767313e-07	1.54577	0
8.771024e-07	1.54576	0
8.774735e-07	1.54576	0
8.778446e-07	1.54575	0
8.782157e-07	1.54574	0
8.785868e-07	1.54574	0
8.789579e-07	1.54573	0
8.793290e-07	1.54572	0
8.797001e-07	1.54572	0
8.800712e-07	1.54571	0
8.804423e-07	1.5457	0
8.808134e-07	1.5457	0
8.811845e-07	1.54569	0
8.815556e-07	1.54568	0
8.819266e-07	1.54568	0
8.822977e-07	1.54567	0
8.826688e-07	1.54566	0
8.830399e-07	1.54566	0
8.834110e-07	1.54565	0
8.837821e-07	1.54564	0
8.841532e-07	1.54564	0
8.845243e-07	1.54563	0
8.848954e-07	1.54563	0
8.852665e-07	1.54562	0
8.856376e-07	1.54561	0
8.860087e-07	1.54561	0
8.863798e-07	1.5456	0
8.867509e-07	1.54559	0
8.871220e-07	1.54559	0
8.874931e-07	1.54558	0
8.878642e-07	1.54557	0
8.882352e-07	1.54557	0
8.886063e-07	1.54556	0
8.889774e-07	1.54555	0
8.893485e-07	1.54555	0
8.897196e-07	1.54554	0
8.900907e-07	1.54553	0
8.904618e-07	1.54553	0
8.908329e-07	1.54552	0
8.912040e-07	1.54552	0
8.915751e-07	1.54551	0
8.919462e-07	1.5455	0
8.923173e-07	1.5455	0
8.926884e-07	1.54549	0
8.930595e-07	1.54548	0
8.934306e-07	1.54548	0
8.938017e-07	1.54547	0
8.941728e-07	1.54546	0
8.945438e-07	1.54546	0
8.949149e-07	1.54545	0
8.952860e-07	1.54545	0
8.956571e-07	1.54544	0
8.960282e-07	1.54543	0
8.963993e-07	1.54543	0
8.967704e-07	1.54542	0
8.971415e-07	1.54541	0
8.975126e-07	1.54541	0
8.978837e-07	1.5454	0
8.982548e-07	1.54539	0
8.986259e-07	1.54539	0
8.989970e-07	1.54538	0
8.993681e-07	1.54538	0
8.997392e-07	1.54537	0
9.001103e-07	1.54536	0
9.004814e-07	1.54536	0
9.008525e-07	1.54535	0
9.012235e-07	1.54534	0
9.015946e-07	1.54534	0
9.019657e-07	1.54533	0
9.023368e-07	1.54533	0
9.027079e-07	1.54532	0
9.030790e-07	1.54531	0
9.034501e-07	1.54531	0
9.038212e-07	1.5453	0
9.041923e-07	1.54529	0
9.045634e-07	1.54529	0
9.049345e-07	1.54528	0
9.053056e-07	1.54527	0
9.056767e-07	1.54527	0
9.060478e-07	1.54526	0
9.064189e-07	1.54526	0
9.067900e-07	1.54525	0
9.071611e-07	1.54524	0
9.075321e-07	1.54524	0
9.079032e-07	1.54523	0
9.082743e-07	1.54522	0
9.086454e-07	1.54522	0
9.090165e-07	1.54521	0
9.093876e-07	1.54521	0
9.097587e-07	1.5452	0
9.101298e-07	1.54519	0
9.105009e-07	1.54519	0
9.108720e-07	1.54518	0
9.112431e-07	1.54517	0
9.116142e-07	1.54517	0
9.119853e-07	1.54516	0
9.123564e-07	1.54516	0
9.127275e-07	1.54515	0
9.130986e-07	1.54514	0
9.134697e-07	1.54514	0
9.138407e-07	1.54513	0
9.142118e-07	1.54513	0
9.145829e-07	1.54512	0
9.149540e-07	1.54511	0
9.153251e-07	1.54511	0
9.156962e-07	1.5451	0
9.160673e-07	1.54509	0
9.164384e-07	1.54509	0
9.168095e-07	1.54508	0
9.171806e-07	1.54508	0
9.175517e-07	1.54507	0
9.179228e-07	1.54506	0
9.182939e-07	1.54506	0
9.186650e-07	1.54505	0
9.190361e-07	1.54505	0
9.194072e-07	1.54504	0
9.197783e-07	1.54503	0
9.201493e-07	1.54503	0
9.205204e-07	1.54502	0
9.208915e-07	1.54501	0
9.212626e-07	1.54501	0
9.216337e-07	1.545	0
9.220048e-07	1.545	0
9.223759e-07	1.54499	0
9.227470e-07	1.54498	0
9.231181e-07	1.54498	0
9.234892e-07	1.54497	0
9.238603e-07	1.54497	0
9.242314e-07	1.54496	0
9.246025e-07	1.54495	0
9.249736e-07	1.54495	0
9.253447e-07	1.54494	0
9.257158e-07	1.54494	0
9.260869e-07	1.54493	0
9.264580e-07	1.54492	0
9.268290e-07	1.54492	0
9.272001e-07	1.54491	0
9.275712e-07	1.5449	0
9.279423e-07	1.5449	0
9.283134e-07	1.54489	0
9.286845e-07	1.54489	0
9.290556e-07	1.54488	0
9.294267e-07	1.54487	0
9.297978e-07	1.54487	0
9.301689e-07	1.54486	0
9.305400e-07	1.54486	0
9.309111e-07	1.54485	0
9.312822e-07	1.54484	0
9.316533e-07	1.54484	0
9.320244e-07	1.54483	0
9.323955e-07	1.54483	0
9.327666e-07	1.54482	0
9.331376e-07	1.54481	0
9.335087e-07	1.54481	0
9.338798e-07	1.5448	0
9.342509e-07	1.5448	0
9.346220e-07	1.54479	0
9.349931e-07	1.54478	0
9.353642e-07	1.54478	0
9.357353e-07	1.54477	0
9.361064e-07	1.54477	0
9.364775e-07	1.54476	0
9.368486e-07	1.54475	0
9.372197e-07	1.54475	0
9.375908e-07	1.54474	0
9.379619e-07	1.54474	0
9.383330e-07	1.54473	0
9.387041e-07	1.54472	0
9.390752e-07	1.54472	0
9.394462e-07	1.54471	0
9.398173e-07	1.54471	0
9.401884e-07	1.5447	0
9.405595e-07	1.54469	0
9.409306e-07	1.54469	0
9.413017e-07	1.54468	0
9.416728e-07	1.54468	0
9.420439e-07	1.54467	0
9.424150e-07	1.54466	0
9.427861e-07	1.54466	0
9.431572e-07	1.54465	0
9.435283e-07	1.54465	0
9.438994e-07	1.54464	0
9.442705e-07	1.54463	0
9.446416e-07	1.54463	0
9.450127e-07	1.54462	0
9.453838e-07	1.54462	0
9.457549e-07	1.54461	0
9.461259e-07	1.54461	0
9.464970e-07	1.5446	0
9.468681e-07	1.54459	0
9.472392e-07	1.54459	0
9.476103e-07	1.54458	0
9.479814e-07	1.54458	0
9.483525e-07	1.54457	0
9.487236e-07	1.54456	0
9.490947e-07	1.54456	0
9.494658e-07	1.54455	0
9.498369e-07	1.54455	0
9.502080e-07	1.54454	0
9.505791e-07	1.54453	0
9.509502e-07	1.54453	0
9.513213e-07	1.54452	0
9.516924e-07	1.54452	0
9.520635e-07	1.54451	0
9.524345e-07	1.5445	0
9.528056e-07	1.5445	0
9.531767e-07	1.54449	0
9.535478e-07	1.54449	0
9.539189e-07	1.54448	0
9.542900e-07	1.54448	0
9.546611e-07	1.54447	0
9.550322e-07	1.54446	0
9.554033e-07	1.54446	0
9.557744e-07	1.54445	0
9.561455e-07	1.54445	0
9.565166e-07	1.54444	0
9.568877e-07	1.54443	0
9.572588e-07	1.54443	0
9.576299e-07	1.54442	0
9.580010e-07	1.54442	0
9.583721e-07	1.54441	0
9.587431e-07	1.54441	0
9.591142e-07	1.5444	0
9.594853e-07	1.54439	0
9.598564e-07	1.54439	0
9.602275e-07	1.54438	0
9.605986e-07	1.54438	0
9.609697e-07	1.54437	0
9.613408e-07	1.54436	0
9.617119e-07	1.54436	0
9.620830e-07	1.54435	0
9.624541e-07	1.54435	0
9.628252e-07	1.54434	0
9.631963e-07	1.54434	0
9.635674e-07	1.54433	0
9.639385e-07	1.54432	0
9.643096e-07	1.54432	0
9.646807e-07	1.54431	0
9.650518e-07	1.54431	0
9.654228e-07	1.5443	0
9.657939e-07	1.5443	0
9.661650e-07	1.54429	0
9.665361e-07	1.54428	0
9.669072e-07	1.54428	0
9.672783e-07	1.54427	0
9.676494e-07	1.54427	0
9.680205e-07	1.54426	0
9.683916e-07	1.54425	0
9.687627e-07	1.54425	0
9.691338e-07	1.54424	0
9.695049e-07	1.54424	0
9.698760e-07	1.54423	0
9.702471e-07	1.54423	0
9.706182e-07	1.54422	0
9.709893e-07	1.54421	0
9.713604e-07	1.54421	0
9.717314e-07	1.5442	0
9.721025e-07	1.5442	0
9.724736e-07	1.54419	0
9.728447e-07	1.54419	0
9.732158e-07	1.54418	0
9.735869e-07	1.54417	0
9.739580e-07	1.54417	0
9.743291e-07	1.54416	0
9.747002e-07	1.54416	0
9.750713e-07	1.54415	0
9.754424e-07	1.54415	0
9.758135e-07	1.54414	0
9.761846e-07	1.54413	0
9.765557e-07	1.54413	0
9.769268e-07	1.54412	0
9.772979e-07	1.54412	0
9.776690e-07	1.54411	0
9.780400e-07	1.54411	0
9.784111e-07	1.5441	0
9.787822e-07	1.54409	0
9.791533e-07	1.54409	0
9.795244e-07	1.54408	0
9.798955e-07	1.54408	0
9.802666e-07	1.54407	0
9.806377e-07	1.54407	0
9.810088e-07	1.54406	0
9.813799e-07	1.54405	0
9.817510e-07	1.54405	0
9.821221e-07	1.54404	0
9.824932e-07	1.54404	0
9.828643e-07	1.54403	0
9.832354e-07	1.54403	0
9.836065e-07	1.54402	0
9.839776e-07	1.54401	0
9.843486e-07	1.54401	0
9.847197e-07	1.544	0
9.850908e-07	1.544	0
9.854619e-07	1.54399	0
9.858330e-07	1.54399	0
9.862041e-07	1.54398	0
9.865752e-07	1.54397	0
9.869463e-07	1.54397	0
9.873174e-07	1.54396	0
9.876885e-07	1.54396	0
9.880596e-07	1.54395	0
9.884307e-07	1.54395	0
9.888018e-07	1.54394	0
9.891729e-07	1.54394	0
9.895440e-07	1.54393	0
9.899151e-07	1.54392	0
9.902862e-07	1.54392	0
9.906573e-07	1.54391	0
9.910283e-07	1.54391	0
9.913994e-07	1.5439	0
9.917705e-07	1.5439	0
9.921416e-07	1.54389	0
9.925127e-07	1.54388	0
9.928838e-07	1.54388	0
9.932549e-07	1.54387	0
9.936260e-07	1.54387	0
9.939971e-07	1.54386	0
9.943682e-07	1.54386	0
9.947393e-07	1.54385	0
9.951104e-07	1.54385	0
9.954815e-07	1.54384	0
9.958526e-07	1.54383	0
9.962237e-07	1.54383	0
9.965948e-07	1.54382	0
9.969659e-07	1.54382	0
9.973369e-07	1.54381	0
9.977080e-07	1.54381	0
9.980791e-07	1.5438	0
9.984502e-07	1.54379	0
9.988213e-07	1.54379	0
9.991924e-07	1.54378	0
9.995635e-07	1.54378	0
9.999346e-07	1.54377	0
1.000306e-06	1.54377	0
1.000677e-06	1.54376	0
1.001048e-06	1.54376	0
1.001419e-06	1.54375	0
1.001790e-06	1.54374	0
1.002161e-06	1.54374	0
1.002532e-06	1.54373	0
1.002903e-06	1.54373	0
1.003274e-06	1.54372	0
1.003646e-06	1.54372	0
1.004017e-06	1.54371	0
1.004388e-06	1.54371	0
1.004759e-06	1.5437	0
1.005130e-06	1.54369	0
1.005501e-06	1.54369	0
1.005872e-06	1.54368	0
1.006243e-06	1.54368	0
1.006614e-06	1.54367	0
1.006985e-06	1.54367	0
1.007356e-06	1.54366	0
1.007728e-06	1.54366	0
1.008099e-06	1.54365	0
1.008470e-06	1.54364	0
1.008841e-06	1.54364	0
1.009212e-06	1.54363	0
1.009583e-06	1.54363	0
1.009954e-06	1.54362	0
1.010325e-06	1.54362	0
1.010696e-06	1.54361	0
1.011067e-06	1.54361	0
1.011439e-06	1.5436	0
1.011810e-06	1.54359	0
1.012181e-06	1.54359	0
1.012552e-06	1.54358	0
1.012923e-06	1.54358	0
1.013294e-06	1.54357	0
1.013665e-06	1.54357	0
1.014036e-06	1.54356	0
1.014407e-06	1.54356	0
1.014778e-06	1.54355	0
1.015149e-06	1.54355	0
1.015521e-06	1.54354	0
1.015892e-06	1.54353	0
1.016263e-06	1.54353	0
1.016634e-06	1.54352	0
1.017005e-06	1.54352	0
1.017376e-06	1.54351	0
1.017747e-06	1.54351	0
1.018118e-06	1.5435	0
1.018489e-06	1.5435	0
1.018860e-06	1.54349	0
1.019232e-06	1.54348	0
1.019603e-06	1.54348	0
1.019974e-06	1.54347	0
1.020345e-06	1.54347	0
1.020716e-06	1.54346	0
1.021087e-06	1.54346	0
1.021458e-06	1.54345	0
1.021829e-06	1.54345	0
1.022200e-06	1.54344	0
1.022571e-06	1.54344	0
1.022942e-06	1.54343	0
1.023314e-06	1.54342	0
1.023685e-06	1.54342	0
1.024056e-06	1.54341	0
1.024427e-06	1.54341	0
1.024798e-06	1.5434	0
1.025169e-06	1.5434	0
1.025540e-06	1.54339	0
1.025911e-06	1.54339	0
1.026282e-06	1.54338	0
1.026653e-06	1.54338	0
1.027024e-06	1.54337	0
1.027396e-06	1.54336	0
1.027767e-06	1.54336	0
1.028138e-06	1.54335	0
1.028509e-06	1.54335	0
1.028880e-06	1.54334	0
1.029251e-06	1.54334	0
1.029622e-06	1.54333	0
1.029993e-06	1.54333	0
1.030364e-06	1.54332	0
1.030735e-06	1.54332	0
1.031107e-06	1.54331	0
1.031478e-06	1.5433	0
1.031849e-06	1.5433	0
1.032220e-06	1.54329	0
1.032591e-06	1.54329	0
1.032962e-06	1.54328	0
1.033333e-06	1.54328	0
1.033704e-06	1.54327	0
1.034075e-06	1.54327	0
1.034446e-06	1.54326	0
1.034817e-06	1.54326	0
1.035189e-06	1.54325	0
1.035560e-06	1.54325	0
1.035931e-06	1.54324	0
1.036302e-06	1.54323	0
1.036673e-06	1.54323	0
1.037044e-06	1.54322	0
1.037415e-06	1.54322	0
1.037786e-06	1.54321	0
1.038157e-06	1.54321	0
1.038528e-06	1.5432	0
1.038899e-06	1.5432	0
1.039271e-06	1.54319	0
1.039642e-06	1.54319	0
1.040013e-06	1.54318	0
1.040384e-06	1.54318	0
1.040755e-06	1.54317	0
1.041126e-06	1.54316	0
1.041497e-06	1.54316	0
1.041868e-06	1.54315	0
1.042239e-06	1.54315	0
1.042610e-06	1.54314	0
1.042982e-06	1.54314	0
1.043353e-06	1.54313	0
1.043724e-06	1.54313	0
1.044095e-06	1.54312	0
1.044466e-06	1.54312	0
1.044837e-06	1.54311	0
1.045208e-06	1.54311	0
1.045579e-06	1.5431	0
1.045950e-06	1.54309	0
1.046321e-06	1.54309	0
1.046692e-06	1.54308	0
1.047064e-06	1.54308	0
1.047435e-06	1.54307	0
1.047806e-06	1.54307	0
1.048177e-06	1.54306	0
1.048548e-06	1.54306	0
1.048919e-06	1.54305	0
1.049290e-06	1.54305	0
1.049661e-06	1.54304	0
1.050032e-06	1.54304	0
1.050403e-06	1.54303	0
1.050775e-06	1.54302	0
1.051146e-06	1.54302	0
1.051517e-06	1.54301	0
1.051888e-06	1.54301	0
1.052259e-06	1.543	0
1.052630e-06	1.543	0
1.053001e-06	1.54299	0
1.053372e-06	1.54299	0
1.053743e-06	1.54298	0
1.054114e-06	1.54298	0
1.054485e-06	1.54297	0
1.054857e-06	1.54297	0
1.055228e-06	1.54296	0
1.055599e-06	1.54296	0
1.055970e-06	1.54295	0
1.056341e-06	1.54294	0
1.056712e-06	1.54294	0
1.057083e-06	1.54293	0
1.057454e-06	1.54293	0
1.057825e-06	1.54292	0
1.058196e-06	1.54292	0
1.058567e-06	1.54291	0
1.058939e-06	1.54291	0
1.059310e-06	1.5429	0
1.059681e-06	1.5429	0
1.060052e-06	1.54289	0
1.060423e-06	1.54289	0
1.060794e-06	1.54288	0
1.061165e-06	1.54288	0
1.061536e-06	1.54287	0
1.061907e-06	1.54286	0
1.062278e-06	1.54286	0
1.062650e-06	1.54285	0
1.063021e-06	1.54285	0
1.063392e-06	1.54284	0
1.063763e-06	1.54284	0
1.064134e-06	1.54283	0
1.064505e-06	1.54283	0
1.064876e-06	1.54282	0
1.065247e-06	1.54282	0
1.065618e-06	1.54281	0
1.065989e-06	1.54281	0
1.066360e-06	1.5428	0
1.066732e-06	1.5428	0
1.067103e-06	1.54279	0
1.067474e-06	1.54279	0
1.067845e-06	1.54278	0
1.068216e-06	1.54277	0
1.068587e-06	1.54277	0
1.068958e-06	1.54276	0
1.069329e-06	1.54276	0
1.069700e-06	1.54275	0
1.070071e-06	1.54275	0
1.070443e-06	1.54274	0
1.070814e-06	1.54274	0
1.071185e-06	1.54273	0
1.071556e-06	1.54273	0
1.071927e-06	1.54272	0
1.072298e-06	1.54272	0
1.072669e-06	1.54271	0
1.073040e-06	1.54271	0
1.073411e-06	1.5427	0
1.073782e-06	1.5427	0
1.074153e-06	1.54269	0
1.074525e-06	1.54269	0
1.074896e-06	1.54268	0
1.075267e-06	1.54267	0
1.075638e-06	1.54267	0
1.076009e-06	1.54266	0
1.076380e-06	1.54266	0
1.076751e-06	1.54265	0
1.077122e-06	1.54265	0
1.077493e-06	1.54264	0
1.077864e-06	1.54264	0
1.078235e-06	1.54263	0
1.078607e-06	1.54263	0
1.078978e-06	1.54262	0
1.079349e-06	1.54262	0
1.079720e-06	1.54261	0
1.080091e-06	1.54261	0
1.080462e-06	1.5426	0
1.080833e-06	1.5426	0
1.081204e-06	1.54259	0
1.081575e-06	1.54259	0
1.081946e-06	1.54258	0
1.082318e-06	1.54257	0
1.082689e-06	1.54257	0
1.083060e-06	1.54256	0
1.083431e-06	1.54256	0
1.083802e-06	1.54255	0
1.084173e-06	1.54255	0
1.084544e-06	1.54254	0
1.084915e-06	1.54254	0
1.085286e-06	1.54253	0
1.085657e-06	1.54253	0
1.086028e-06	1.54252	0
1.086400e-06	1.54252	0
1.086771e-06	1.54251	0
1.087142e-06	1.54251	0
1.087513e-06	1.5425	0
1.087884e-06	1.5425	0
1.088255e-06	1.54249	0
1.088626e-06	1.54249	0
1.088997e-06	1.54248	0
1.089368e-06	1.54248	0
1.089739e-06	1.54247	0
1.090111e-06	1.54246	0
1.090482e-06	1.54246	0
1.090853e-06	1.54245	0
1.091224e-06	1.54245	0
1.091595e-06	1.54244	0
1.091966e-06	1.54244	0
1.092337e-06	1.54243	0
1.092708e-06	1.54243	0
1.093079e-06	1.54242	0
1.093450e-06	1.54242	0
1.093821e-06	1.54241	0
1.094193e-06	1.54241	0
1.094564e-06	1.5424	0
1.094935e-06	1.5424	0
1.095306e-06	1.54239	0
1.095677e-06	1.54239	0
1.096048e-06	1.54238	0
1.096419e-06	1.54238	0
1.096790e-06	1.54237	0
1.097161e-06	1.54237	0
1.097532e-06	1.54236	0
1.097903e-06	1.54236	0
1.098275e-06	1.54235	0
1.098646e-06	1.54235	0
1.099017e-06	1.54234	0
1.099388e-06	1.54233	0
1.099759e-06	1.54233	0
1.100130e-06	1.54232	0
1.100501e-06	1.54232	0
1.100872e-06	1.54231	0
1.101243e-06	1.54231	0
1.101614e-06	1.5423	0
1.101986e-06	1.5423	0
1.102357e-06	1.54229	0
1.102728e-06	1.54229	0
1.103099e-06	1.54228	0
1.103470e-06	1.54228	0
1.103841e-06	1.54227	0
1.104212e-06	1.54227	0
1.104583e-06	1.54226	0
1.104954e-06	1.54226	0
1.105325e-06	1.54225	0
1.105696e-06	1.54225	0
1.106068e-06	1.54224	0
1.106439e-06	1.54224	0
1.106810e-06	1.54223	0
1.107181e-06	1.54223	0
1.107552e-06	1.54222	0
1.107923e-06	1.54222	0
1.108294e-06	1.54221	0
1.108665e-06	1.54221	0
1.109036e-06	1.5422	0
1.109407e-06	1.54219	0
1.109778e-06	1.54219	0
1.110150e-06	1.54218	0
1.110521e-06	1.54218	0
1.110892e-06	1.54217	0
1.111263e-06	1.54217	0
1.111634e-06	1.54216	0
1.112005e-06	1.54216	0
1.112376e-06	1.54215	0
1.112747e-06	1.54215	0
1.113118e-06	1.54214	0
1.113489e-06	1.54214	0
1.113861e-06	1.54213	0
1.114232e-06	1.54213	0
1.114603e-06	1.54212	0
1.114974e-06	1.54212	0
1.115345e-06	1.54211	0
1.115716e-06	1.54211	0
1.116087e-06	1.5421	0
1.116458e-06	1.5421	0
1.116829e-06	1.54209	0
1.117200e-06	1.54209	0
1.117571e-06	1.54208	0
1.117943e-06	1.54208	0
1.118314e-06	1.54207	0
1.118685e-06	1.54207	0
1.119056e-06	1.54206	0
1.119427e-06	1.54206	0
1.119798e-06	1.54205	0
1.120169e-06	1.54205	0
1.120540e-06	1.54204	0
1.120911e-06	1.54204	0
1.121282e-06	1.54203	0
1.121654e-06	1.54202	0
1.122025e-06	1.54202	0
1.122396e-06	1.54201	0
1.122767e-06	1.54201	0
1.123138e-06	1.542	0
1.123509e-06	1.542	0
1.123880e-06	1.54199	0
1.124251e-06	1.54199	0
1.124622e-06	1.54198	0
1.124993e-06	1.54198	0
1.125364e-06	1.54197	0
1.125736e-06	1.54197	0
1.126107e-06	1.54196	0
1.126478e-06	1.54196	0
1.126849e-06	1.54195	0
1.127220e-06	1.54195	0
1.127591e-06	1.54194	0
1.127962e-06	1.54194	0
1.128333e-06	1.54193	0
1.128704e-06	1.54193	0
1.129075e-06	1.54192	0
1.129446e-06	1.54192	0
1.129818e-06	1.54191	0
1.130189e-06	1.54191	0
1.130560e-06	1.5419	0
1.130931e-06	1.5419	0
1.131302e-06	1.54189	0
1.131673e-06	1.54189	0
1.132044e-06	1.54188	0
1.132415e-06	1.54188	0
1.132786e-06	1.54187	0
1.133157e-06	1.54187	0
1.133529e-06	1.54186	0
1.133900e-06	1.54186	0
1.134271e-06	1.54185	0
1.134642e-06	1.54185	0
1.135013e-06	1.54184	0
1.135384e-06	1.54184	0
1.135755e-06	1.54183	0
1.136126e-06	1.54182	0
1.136497e-06	1.54182	0
1.136868e-06	1.54181	0
1.137239e-06	1.54181	0
1.137611e-06	1.5418	0
1.137982e-06	1.5418	0
1.138353e-06	1.54179	0
1.138724e-06	1.54179	0
1.139095e-06	1.54178	0
1.139466e-06	1.54178	0
1.139837e-06	1.54177	0
1.140208e-06	1.54177	0
1.140579e-06	1.54176	0
1.140950e-06	1.54176	0
1.141322e-06	1.54175	0
1.141693e-06	1.54175	0
1.142064e-06	1.54174	0
1.142435e-06	1.54174	0
1.142806e-06	1.54173	0
1.143177e-06	1.54173	0
1.143548e-06	1.54172	0
1.143919e-06	1.54172	0
1.144290e-06	1.54171	0
1.144661e-06	1.54171	0
1.145032e-06	1.5417	0
1.145404e-06	1.5417	0
1.145775e-06	1.54169	0
1.146146e-06	1.54169	0
1.146517e-06	1.54168	0
1.146888e-06	1.54168	0
1.147259e-06	1.54167	0
1.147630e-06	1.54167	0
1.148001e-06	1.54166	0
1.148372e-06	1.54166	0
1.148743e-06	1.54165	0
1.149114e-06	1.54165	0
1.149486e-06	1.54164	0
1.149857e-06	1.54164	0
1.150228e-06	1.54163	0
1.150599e-06	1.54163	0
1.150970e-06	1.54162	0
1.151341e-06	1.54162	0
1.151712e-06	1.54161	0
1.152083e-06	1.54161	0
1.152454e-06	1.5416	0
1.152825e-06	1.5416	0
1.153197e-06	1.54159	0
1.153568e-06	1.54159	0
1.153939e-06	1.54158	0
1.154310e-06	1.54158	0
1.154681e-06	1.54157	0
1.155052e-06	1.54157	0
1.155423e-06	1.54156	0
1.155794e-06	1.54155	0
1.156165e-06	1.54155	0
1.156536e-06	1.54154	0
1.156907e-06	1.54154	0
1.157279e-06	1.54153	0
1.157650e-06	1.54153	0
1.158021e-06	1.54152	0
1.158392e-06	1.54152	0
1.158763e-06	1.54151	0
1.159134e-06	1.54151	0
1.159505e-06	1.5415	0
1.159876e-06	1.5415	0
1.160247e-06	1.54149	0
1.160618e-06	1.54149	0
1.160989e-06	1.54148	0
1.161361e-06	1.54148	0
1.161732e-06	1.54147	0
1.162103e-06	1.54147	0
1.162474e-06	1.54146	0
1.162845e-06	1.54146	0
1.163216e-06	1.54145	0
1.163587e-06	1.54145	0
1.163958e-06	1.54144	0
1.164329e-06	1.54144	0
1.164700e-06	1.54143	0
1.165072e-06	1.54143	0
1.165443e-06	1.54142	0
1.165814e-06	1.54142	0
1.166185e-06	1.54141	0
1.166556e-06	1.54141	0
1.166927e-06	1.5414	0
1.167298e-06	1.5414	0
1.167669e-06	1.54139	0
1.168040e-06	1.54139	0
1.168411e-06	1.54138	0
1.168782e-06	1.54138	0
1.169154e-06	1.54137	0
1.169525e-06	1.54137	0
1.169896e-06	1.54136	0
1.170267e-06	1.54136	0
1.170638e-06	1.54135	0
1.171009e-06	1.54135	0
1.171380e-06	1.54134	0
1.171751e-06	1.54134	0
1.172122e-06	1.54133	0
1.172493e-06	1.54133	0
1.172865e-06	1.54132	0
1.173236e-06	1.54132	0
1.173607e-06	1.54131	0
1.173978e-06	1.54131	0
1.174349e-06	1.5413	0
1.174720e-06	1.5413	0
1.175091e-06	1.54129	0
1.175462e-06	1.54129	0
1.175833e-06	1.54128	0
1.176204e-06	1.54128	0
1.176575e-06	1.54127	0
1.176947e-06	1.54127	0
1.177318e-06	1.54126	0
1.177689e-06	1.54126	0
1.178060e-06	1.54125	0
1.178431e-06	1.54125	0
1.178802e-06	1.54124	0
1.179173e-06	1.54124	0
1.179544e-06	1.54123	0
1.179915e-06	1.54123	0
1.180286e-06	1.54122	0
1.180657e-06	1.54122	0
1.181029e-06	1.54121	0
1.181400e-06	1.54121	0
1.181771e-06	1.5412	0
1.182142e-06	1.5412	0
1.182513e-06	1.54119	0
1.182884e-06	1.54119	0
1.183255e-06	1.54118	0
1.183626e-06	1.54118	0
1.183997e-06	1.54117	0
1.184368e-06	1.54117	0
1.184740e-06	1.54116	0
1.185111e-06	1.54116	0
1.185482e-06	1.54115	0
1.185853e-06	1.54115	0
1.186224e-06	1.54114	0
1.186595e-06	1.54114	0
1.186966e-06	1.54113	0
1.187337e-06	1.54113	0
1.187708e-06	1.54112	0
1.188079e-06	1.54112	0
1.188450e-06	1.54111	0
1.188822e-06	1.54111	0
1.189193e-06	1.5411	0
1.189564e-06	1.5411	0
1.189935e-06	1.54109	0
1.190306e-06	1.54109	0
1.190677e-06	1.54108	0
1.191048e-06	1.54108	0
1.191419e-06	1.54107	0
1.191790e-06	1.54106	0
1.192161e-06	1.54106	0
1.192533e-06	1.54105	0
1.192904e-06	1.54105	0
1.193275e-06	1.54104	0
1.193646e-06	1.54104	0
1.194017e-06	1.54103	0
1.194388e-06	1.54103	0
1.194759e-06	1.54102	0
1.195130e-06	1.54102	0
1.195501e-06	1.54101	0
1.195872e-06	1.54101	0
1.196243e-06	1.541	0
1.196615e-06	1.541	0
1.196986e-06	1.54099	0
1.197357e-06	1.54099	0
1.197728e-06	1.54098	0
1.198099e-06	1.54098	0
1.198470e-06	1.54097	0
1.198841e-06	1.54097	0
1.199212e-06	1.54096	0
1.199583e-06	1.54096	0
1.199954e-06	1.54095	0
1.200325e-06	1.54095	0
1.200697e-06	1.54094	0
1.201068e-06	1.54094	0
1.201439e-06	1.54093	0
1.201810e-06	1.54093	0
1.202181e-06	1.54092	0
1.202552e-06	1.54092	0
1.202923e-06	1.54091	0
1.203294e-06	1.54091	0
1.203665e-06	1.5409	0
1.204036e-06	1.5409	0
1.204408e-06	1.54089	0
1.204779e-06	1.54089	0
1.205150e-06	1.54088	0
1.205521e-06	1.54088	0
1.205892e-06	1.54087	0
1.206263e-06	1.54087	0
1.206634e-06	1.54086	0
1.207005e-06	1.54086	0
1.207376e-06	1.54085	0
1.207747e-06	1.54085	0
1.208118e-06	1.54084	0
1.208490e-06	1.54084	0
1.208861e-06	1.54083	0
1.209232e-06	1.54083	0
1.209603e-06	1.54082	0
1.209974e-06	1.54082	0
1.210345e-06	1.54081	0
1.210716e-06	1.54081	0
1.211087e-06	1.5408	0
1.211458e-06	1.5408	0
1.211829e-06	1.54079	0
1.212201e-06	1.54079	0
1.212572e-06	1.54078	0
1.212943e-06	1.54078	0
1.213314e-06	1.54077	0
1.213685e-06	1.54077	0
1.214056e-06	1.54076	0
1.214427e-06	1.54076	0
1.214798e-06	1.54075	0
1.215169e-06	1.54075	0
1.215540e-06	1.54074	0
1.215911e-06	1.54074	0
1.216283e-06	1.54073	0
1.216654e-06	1.54073	0
1.217025e-06	1.54072	0
1.217396e-06	1.54072	0
1.217767e-06	1.54071	0
1.218138e-06	1.54071	0
1.218509e-06	1.5407	0
1.218880e-06	1.5407	0
1.219251e-06	1.54069	0
1.219622e-06	1.54069	0
1.219993e-06	1.54068	0
1.220365e-06	1.54068	0
1.220736e-06	1.54067	0
1.221107e-06	1.54067	0
1.221478e-06	1.54066	0
1.221849e-06	1.54066	0
1.222220e-06	1.54065	0
1.222591e-06	1.54065	0
1.222962e-06	1.54064	0
1.223333e-06	1.54064	0
1.223704e-06	1.54063	0
1.224076e-06	1.54063	0
1.224447e-06	1.54062	0
1.224818e-06	1.54062	0
1.225189e-06	1.54061	0
1.225560e-06	1.54061	0
1.225931e-06	1.5406	0
1.226302e-06	1.5406	0
1.226673e-06	1.54059	0
1.227044e-06	1.54059	0
1.227415e-06	1.54058	0
1.227786e-06	1.54058	0
1.228158e-06	1.54057	0
1.228529e-06	1.54057	0
1.228900e-06	1.54056	0
1.229271e-06	1.54056	0
1.229642e-06	1.54055	0
1.230013e-06	1.54055	0
1.230384e-06	1.54054	0
1.230755e-06	1.54054	0
1.231126e-06	1.54053	0
1.231497e-06	1.54053	0
1.231868e-06	1.54052	0
1.232240e-06	1.54052	0
1.232611e-06	1.54051	0
1.232982e-06	1.54051	0
1.233353e-06	1.5405	0
1.233724e-06	1.5405	0
1.234095e-06	1.54049	0
1.234466e-06	1.54049	0
1.234837e-06	1.54048	0
1.235208e-06	1.54048	0
1.235579e-06	1.54047	0
1.235951e-06	1.54047	0
1.236322e-06	1.54046	0
1.236693e-06	1.54046	0
1.237064e-06	1.54045	0
1.237435e-06	1.54045	0
1.237806e-06	1.54044	0
1.238177e-06	1.54044	0
1.238548e-06	1.54043	0
1.238919e-06	1.54043	0
1.239290e-06	1.54042	0
1.239661e-06	1.54042	0
1.240033e-06	1.54041	0
1.240404e-06	1.54041	0
1.240775e-06	1.5404	0
1.241146e-06	1.5404	0
1.241517e-06	1.54039	0
1.241888e-06	1.54039	0
1.242259e-06	1.54038	0
1.242630e-06	1.54038	0
1.243001e-06	1.54037	0
1.243372e-06	1.54037	0
1.243744e-06	1.54036	0
1.244115e-06	1.54036	0
1.244486e-06	1.54035	0
1.244857e-06	1.54035	0
1.245228e-06	1.54034	0
1.245599e-06	1.54034	0
1.245970e-06	1.54033	0
1.246341e-06	1.54033	0
1.246712e-06	1.54032	0
1.247083e-06	1.54032	0
1.247454e-06	1.54031	0
1.247826e-06	1.54031	0
1.248197e-06	1.5403	0
1.248568e-06	1.5403	0
1.248939e-06	1.54029	0
1.249310e-06	1.54029	0
1.249681e-06	1.54028	0
1.250052e-06	1.54028	0
1.250423e-06	1.54027	0
1.250794e-06	1.54027	0
1.251165e-06	1.54026	0
1.251536e-06	1.54026	0
1.251908e-06	1.54025	0
1.252279e-06	1.54025	0
1.252650e-06	1.54024	0
1.253021e-06	1.54024	0
1.253392e-06	1.54023	0
1.253763e-06	1.54023	0
1.254134e-06	1.54022	0
1.254505e-06	1.54022	0
1.254876e-06	1.54021	0
1.255247e-06	1.54021	0
1.255619e-06	1.5402	0
1.255990e-06	1.5402	0
1.256361e-06	1.54019	0
1.256732e-06	1.54019	0
1.257103e-06	1.54018	0
1.257474e-06	1.54018	0
1.257845e-06	1.54017	0
1.258216e-06	1.54017	0
1.258587e-06	1.54016	0
1.258958e-06	1.54016	0
1.259329e-06	1.54015	0
1.259701e-06	1.54015	0
1.260072e-06	1.54014	0
1.260443e-06	1.54014	0
1.260814e-06	1.54013	0
1.261185e-06	1.54013	0
1.261556e-06	1.54012	0
1.261927e-06	1.54012	0
1.262298e-06	1.54011	0
1.262669e-06	1.54011	0
1.263040e-06	1.5401	0
1.263412e-06	1.5401	0
1.263783e-06	1.54009	0
1.264154e-06	1.54009	0
1.264525e-06	1.54008	0
1.264896e-06	1.54008	0
1.265267e-06	1.54007	0
1.265638e-06	1.54007	0
1.266009e-06	1.54006	0
1.266380e-06	1.54006	0
1.266751e-06	1.54005	0
1.267122e-06	1.54005	0
1.267494e-06	1.54004	0
1.267865e-06	1.54004	0
1.268236e-06	1.54003	0
1.268607e-06	1.54003	0
1.268978e-06	1.54002	0
1.269349e-06	1.54002	0
1.269720e-06	1.54001	0
1.270091e-06	1.54001	0
1.270462e-06	1.54	0
1.270833e-06	1.54	0
1.271204e-06	1.53999	0
1.271576e-06	1.53999	0
1.271947e-06	1.53998	0
1.272318e-06	1.53998	0
1.272689e-06	1.53997	0
1.273060e-06	1.53997	0
1.273431e-06	1.53996	0
1.273802e-06	1.53996	0
1.274173e-06	1.53995	0
1.274544e-06	1.53995	0
1.274915e-06	1.53994	0
1.275287e-06	1.53994	0
1.275658e-06	1.53993	0
1.276029e-06	1.53993	0
1.276400e-06	1.53992	0
1.276771e-06	1.53992	0
1.277142e-06	1.53991	0
1.277513e-06	1.53991	0
1.277884e-06	1.5399	0
1.278255e-06	1.5399	0
1.278626e-06	1.53989	0
1.278997e-06	1.53989	0
1.279369e-06	1.53988	0
1.279740e-06	1.53988	0
1.280111e-06	1.53987	0
1.280482e-06	1.53987	0
1.280853e-06	1.53986	0
1.281224e-06	1.53986	0
1.281595e-06	1.53985	0
1.281966e-06	1.53985	0
1.282337e-06	1.53984	0
1.282708e-06	1.53984	0
1.283079e-06	1.53983	0
1.283451e-06	1.53983	0
1.283822e-06	1.53982	0
1.284193e-06	1.53982	0
1.284564e-06	1.53981	0
1.284935e-06	1.53981	0
1.285306e-06	1.5398	0
1.285677e-06	1.5398	0
1.286048e-06	1.53979	0
1.286419e-06	1.53979	0
1.286790e-06	1.53978	0
1.287162e-06	1.53978	0
1.287533e-06	1.53977	0
1.287904e-06	1.53977	0
1.288275e-06	1.53976	0
1.288646e-06	1.53976	0
1.289017e-06	1.53975	0
1.289388e-06	1.53975	0
1.289759e-06	1.53975	0
1.290130e-06	1.53974	0
1.290501e-06	1.53974	0
1.290872e-06	1.53973	0
1.291244e-06	1.53973	0
1.291615e-06	1.53972	0
1.291986e-06	1.53972	0
1.292357e-06	1.53971	0
1.292728e-06	1.53971	0
1.293099e-06	1.5397	0
1.293470e-06	1.5397	0
1.293841e-06	1.53969	0
1.294212e-06	1.53969	0
1.294583e-06	1.53968	0
1.294955e-06	1.53968	0
1.295326e-06	1.53967	0
1.295697e-06	1.53967	0
1.296068e-06	1.53966	0
1.296439e-06	1.53966	0
1.296810e-06	1.53965	0
1.297181e-06	1.53965	0
1.297552e-06	1.53964	0
1.297923e-06	1.53964	0
1.298294e-06	1.53963	0
1.298665e-06	1.53963	0
1.299037e-06	1.53962	0
1.299408e-06	1.53962	0
1.299779e-06	1.53961	0
1.300150e-06	1.53961	0
1.300521e-06	1.5396	0
1.300892e-06	1.5396	0
1.301263e-06	1.53959	0
1.301634e-06	1.53959	0
1.302005e-06	1.53958	0
1.302376e-06	1.53958	0
1.302747e-06	1.53957	0
1.303119e-06	1.53957	0
1.303490e-06	1.53956	0
1.303861e-06	1.53956	0
1.304232e-06	1.53955	0
1.304603e-06	1.53955	0
1.304974e-06	1.53954	0
1.305345e-06	1.53954	0
1.305716e-06	1.53953	0
1.306087e-06	1.53953	0
1.306458e-06	1.53952	0
1.306830e-06	1.53952	0
1.307201e-06	1.53951	0
1.307572e-06	1.53951	0
1.307943e-06	1.5395	0
1.308314e-06	1.5395	0
1.308685e-06	1.53949	0
1.309056e-06	1.53949	0
1.309427e-06	1.53948	0
1.309798e-06	1.53948	0
1.310169e-06	1.53947	0
1.310540e-06	1.53947	0
1.310912e-06	1.53946	0
1.311283e-06	1.53946	0
1.311654e-06	1.53945	0
1.312025e-06	1.53945	0
1.312396e-06	1.53944	0
1.312767e-06	1.53944	0
1.313138e-06	1.53943	0
1.313509e-06	1.53943	0
1.313880e-06	1.53942	0
1.314251e-06	1.53942	0
1.314623e-06	1.53941	0
1.314994e-06	1.53941	0
1.315365e-06	1.5394	0
1.315736e-06	1.5394	0
1.316107e-06	1.53939	0
1.316478e-06	1.53939	0
1.316849e-06	1.53938	0
1.317220e-06	1.53938	0
1.317591e-06	1.53937	0
1.317962e-06	1.53937	0
1.318333e-06	1.53936	0
1.318705e-06	1.53936	0
1.319076e-06	1.53935	0
1.319447e-06	1.53935	0
1.319818e-06	1.53934	0
1.320189e-06	1.53934	0
1.320560e-06	1.53933	0
1.320931e-06	1.53933	0
1.321302e-06	1.53932	0
1.321673e-06	1.53932	0
1.322044e-06	1.53931	0
1.322415e-06	1.53931	0
1.322787e-06	1.5393	0
1.323158e-06	1.5393	0
1.323529e-06	1.53929	0
1.323900e-06	1.53929	0
1.324271e-06	1.53928	0
1.324642e-06	1.53928	0
1.325013e-06	1.53927	0
1.325384e-06	1.53927	0
1.325755e-06	1.53926	0
1.326126e-06	1.53926	0
1.326498e-06	1.53925	0
1.326869e-06	1.53925	0
1.327240e-06	1.53924	0
1.327611e-06	1.53924	0
1.327982e-06	1.53923	0
1.328353e-06	1.53923	0
1.328724e-06	1.53922	0
1.329095e-06	1.53922	0
1.329466e-06	1.53921	0
1.329837e-06	1.53921	0
1.330208e-06	1.5392	0
1.330580e-06	1.5392	0
1.330951e-06	1.53919	0
1.331322e-06	1.53919	0
1.331693e-06	1.53918	0
1.332064e-06	1.53918	0
1.332435e-06	1.53917	0
1.332806e-06	1.53917	0
1.333177e-06	1.53916	0
1.333548e-06	1.53916	0
1.333919e-06	1.53915	0
1.334290e-06	1.53915	0
1.334662e-06	1.53914	0
1.335033e-06	1.53914	0
1.335404e-06	1.53913	0
1.335775e-06	1.53913	0
1.336146e-06	1.53912	0
1.336517e-06	1.53912	0
1.336888e-06	1.53911	0
1.337259e-06	1.53911	0
1.337630e-06	1.5391	0
1.338001e-06	1.5391	0
1.338373e-06	1.53909	0
1.338744e-06	1.53909	0
1.339115e-06	1.53908	0
1.339486e-06	1.53908	0
1.339857e-06	1.53907	0
1.340228e-06	1.53907	0
1.340599e-06	1.53906	0
1.340970e-06	1.53906	0
1.341341e-06	1.53905	0
1.341712e-06	1.53905	0
1.342083e-06	1.53904	0
1.342455e-06	1.53904	0
1.342826e-06	1.53903	0
1.343197e-06	1.53903	0
1.343568e-06	1.53902	0
1.343939e-06	1.53902	0
1.344310e-06	1.53901	0
1.344681e-06	1.53901	0
1.345052e-06	1.539	0
1.345423e-06	1.539	0
1.345794e-06	1.53899	0
1.346166e-06	1.53899	0
1.346537e-06	1.53898	0
1.346908e-06	1.53898	0
1.347279e-06	1.53897	0
1.347650e-06	1.53897	0
1.348021e-06	1.53896	0
1.348392e-06	1.53896	0
1.348763e-06	1.53895	0
1.349134e-06	1.53895	0
1.349505e-06	1.53894	0
1.349876e-06	1.53894	0
1.350248e-06	1.53893	0
1.350619e-06	1.53893	0
1.350990e-06	1.53892	0
1.351361e-06	1.53892	0
1.351732e-06	1.53891	0
1.352103e-06	1.53891	0
1.352474e-06	1.5389	0
1.352845e-06	1.53889	0
1.353216e-06	1.53889	0
1.353587e-06	1.53888	0
1.353958e-06	1.53888	0
1.354330e-06	1.53887	0
1.354701e-06	1.53887	0
1.355072e-06	1.53886	0
1.355443e-06	1.53886	0
1.355814e-06	1.53885	0
1.356185e-06	1.53885	0
1.356556e-06	1.53884	0
1.356927e-06	1.53884	0
1.357298e-06	1.53883	0
1.357669e-06	1.53883	0
1.358041e-06	1.53882	0
1.358412e-06	1.53882	0
1.358783e-06	1.53881	0
1.359154e-06	1.53881	0
1.359525e-06	1.5388	0
1.359896e-06	1.5388	0
1.360267e-06	1.53879	0
1.360638e-06	1.53879	0
1.361009e-06	1.53878	0
1.361380e-06	1.53878	0
1.361751e-06	1.53877	0
1.362123e-06	1.53877	0
1.362494e-06	1.53876	0
1.362865e-06	1.53876	0
1.363236e-06	1.53875	0
1.363607e-06	1.53875	0
1.363978e-06	1.53874	0
1.364349e-06	1.53874	0
1.364720e-06	1.53873	0
1.365091e-06	1.53873	0
1.365462e-06	1.53872	0
1.365834e-06	1.53872	0
1.366205e-06	1.53871	0
1.366576e-06	1.53871	0
1.366947e-06	1.5387	0
1.367318e-06	1.5387	0
1.367689e-06	1.53869	0
1.368060e-06	1.53869	0
1.368431e-06	1.53868	0
1.368802e-06	1.53868	0
1.369173e-06	1.53867	0
1.369544e-06	1.53867	0
1.369916e-06	1.53866	0
1.370287e-06	1.53866	0
1.370658e-06	1.53865	0
1.371029e-06	1.53865	0
1.371400e-06	1.53864	0
1.371771e-06	1.53864	0
1.372142e-06	1.53863	0
1.372513e-06	1.53863	0
1.372884e-06	1.53862	0
1.373255e-06	1.53862	0
1.373626e-06	1.53861	0
1.373998e-06	1.53861	0
1.374369e-06	1.5386	0
1.374740e-06	1.5386	0
1.375111e-06	1.53859	0
1.375482e-06	1.53859	0
1.375853e-06	1.53858	0
1.376224e-06	1.53858	0
1.376595e-06	1.53857	0
1.376966e-06	1.53857	0
1.377337e-06	1.53856	0
1.377709e-06	1.53856	0
1.378080e-06	1.53855	0
1.378451e-06	1.53855	0
1.378822e-06	1.53854	0
1.379193e-06	1.53854	0
1.379564e-06	1.53853	0
1.379935e-06	1.53853	0
1.380306e-06	1.53852	0
1.380677e-06	1.53852	0
1.381048e-06	1.53851	0
1.381419e-06	1.53851	0
1.381791e-06	1.5385	0
1.382162e-06	1.5385	0
1.382533e-06	1.53849	0
1.382904e-06	1.53849	0
1.383275e-06	1.53848	0
1.383646e-06	1.53848	0
1.384017e-06	1.53847	0
1.384388e-06	1.53847	0
1.384759e-06	1.53846	0
1.385130e-06	1.53846	0
1.385502e-06	1.53845	0
1.385873e-06	1.53845	0
1.386244e-06	1.53844	0
1.386615e-06	1.53844	0
1.386986e-06	1.53843	0
1.387357e-06	1.53843	0
1.387728e-06	1.53842	0
1.388099e-06	1.53842	0
1.388470e-06	1.53841	0
1.388841e-06	1.53841	0
1.389212e-06	1.5384	0
1.389584e-06	1.5384	0
1.389955e-06	1.53839	0
1.390326e-06	1.53839	0
1.390697e-06	1.53838	0
1.391068e-06	1.53838	0
1.391439e-06	1.53837	0
1.391810e-06	1.53837	0
1.392181e-06	1.53836	0
1.392552e-06	1.53836	0
1.392923e-06	1.53835	0
1.393294e-06	1.53835	0
1.393666e-06	1.53834	0
1.394037e-06	1.53834	0
1.394408e-06	1.53833	0
1.394779e-06	1.53833	0
1.395150e-06	1.53832	0
1.395521e-06	1.53832	0
1.395892e-06	1.53831	0
1.396263e-06	1.53831	0
1.396634e-06	1.5383	0
1.397005e-06	1.5383	0
1.397377e-06	1.53829	0
1.397748e-06	1.53829	0
1.398119e-06	1.53828	0
1.398490e-06	1.53828	0
1.398861e-06	1.53827	0
1.399232e-06	1.53827	0
1.399603e-06	1.53826	0
1.399974e-06	1.53826	0
1.400345e-06	1.53825	0
1.400716e-06	1.53825	0
1.401087e-06	1.53824	0
1.401459e-06	1.53824	0
1.401830e-06	1.53823	0
1.402201e-06	1.53823	0
1.402572e-06	1.53822	0
1.402943e-06	1.53821	0
1.403314e-06	1.53821	0
1.403685e-06	1.5382	0
1.404056e-06	1.5382	0
1.404427e-06	1.53819	0
1.404798e-06	1.53819	0
1.405169e-06	1.53818	0
1.405541e-06	1.53818	0
1.405912e-06	1.53817	0
1.406283e-06	1.53817	0
1.406654e-06	1.53816	0
1.407025e-06	1.53816	0
1.407396e-06	1.53815	0
1.407767e-06	1.53815	0
1.408138e-06	1.53814	0
1.408509e-06	1.53814	0
1.408880e-06	1.53813	0
1.409252e-06	1.53813	0
1.409623e-06	1.53812	0
1.409994e-06	1.53812	0
1.410365e-06	1.53811	0
1.410736e-06	1.53811	0
1.411107e-06	1.5381	0
1.411478e-06	1.5381	0
1.411849e-06	1.53809	0
1.412220e-06	1.53809	0
1.412591e-06	1.53808	0
1.412962e-06	1.53808	0
1.413334e-06	1.53807	0
1.413705e-06	1.53807	0
1.414076e-06	1.53806	0
1.414447e-06	1.53806	0
1.414818e-06	1.53805	0
1.415189e-06	1.53805	0
1.415560e-06	1.53804	0
1.415931e-06	1.53804	0
1.416302e-06	1.53803	0
1.416673e-06	1.53803	0
1.417045e-06	1.53802	0
1.417416e-06	1.53802	0
1.417787e-06	1.53801	0
1.418158e-06	1.53801	0
1.418529e-06	1.538	0
1.418900e-06	1.538	0
1.419271e-06	1.53799	0
1.419642e-06	1.53799	0
1.420013e-06	1.53798	0
1.420384e-06	1.53798	0
1.420755e-06	1.53797	0
1.421127e-06	1.53797	0
1.421498e-06	1.53796	0
1.421869e-06	1.53796	0
1.422240e-06	1.53795	0
1.422611e-06	1.53795	0
1.422982e-06	1.53794	0
1.423353e-06	1.53794	0
1.423724e-06	1.53793	0
1.424095e-06	1.53793	0
1.424466e-06	1.53792	0
1.424837e-06	1.53792	0
1.425209e-06	1.53791	0
1.425580e-06	1.53791	0
1.425951e-06	1.5379	0
1.426322e-06	1.5379	0
1.426693e-06	1.53789	0
1.427064e-06	1.53789	0
1.427435e-06	1.53788	0
1.427806e-06	1.53788	0
1.428177e-06	1.53787	0
1.428548e-06	1.53786	0
1.428920e-06	1.53786	0
1.429291e-06	1.53785	0
1.429662e-06	1.53785	0
1.430033e-06	1.53784	0
1.430404e-06	1.53784	0
1.430775e-06	1.53783	0
1.431146e-06	1.53783	0
1.431517e-06	1.53782	0
1.431888e-06	1.53782	0
1.432259e-06	1.53781	0
1.432630e-06	1.53781	0
1.433002e-06	1.5378	0
1.433373e-06	1.5378	0
1.433744e-06	1.53779	0
1.434115e-06	1.53779	0
1.434486e-06	1.53778	0
1.434857e-06	1.53778	0
1.435228e-06	1.53777	0
1.435599e-06	1.53777	0
1.435970e-06	1.53776	0
1.436341e-06	1.53776	0
1.436713e-06	1.53775	0
1.437084e-06	1.53775	0
1.437455e-06	1.53774	0
1.437826e-06	1.53774	0
1.438197e-06	1.53773	0
1.438568e-06	1.53773	0
1.438939e-06	1.53772	0
1.439310e-06	1.53772	0
1.439681e-06	1.53771	0
1.440052e-06	1.53771	0
1.440423e-06	1.5377	0
1.440795e-06	1.5377	0
1.441166e-06	1.53769	0
1.441537e-06	1.53769	0
1.441908e-06	1.53768	0
1.442279e-06	1.53768	0
1.442650e-06	1.53767	0
1.443021e-06	1.53767	0
1.443392e-06	1.53766	0
1.443763e-06	1.53766	0
1.444134e-06	1.53765	0
1.444505e-06	1.53765	0
1.444877e-06	1.53764	0
1.445248e-06	1.53764	0
1.445619e-06	1.53763	0
1.445990e-06	1.53763	0
1.446361e-06	1.53762	0
1.446732e-06	1.53761	0
1.447103e-06	1.53761	0
1.447474e-06	1.5376	0
1.447845e-06	1.5376	0
1.448216e-06	1.53759	0
1.448588e-06	1.53759	0
1.448959e-06	1.53758	0
1.449330e-06	1.53758	0
1.449701e-06	1.53757	0
1.450072e-06	1.53757	0
1.450443e-06	1.53756	0
1.450814e-06	1.53756	0
1.451185e-06	1.53755	0
1.451556e-06	1.53755	0
1.451927e-06	1.53754	0
1.452298e-06	1.53754	0
1.452670e-06	1.53753	0
1.453041e-06	1.53753	0
1.453412e-06	1.53752	0
1.453783e-06	1.53752	0
1.454154e-06	1.53751	0
1.454525e-06	1.53751	0
1.454896e-06	1.5375	0
1.455267e-06	1.5375	0
1.455638e-06	1.53749	0
1.456009e-06	1.53749	0
1.456380e-06	1.53748	0
1.456752e-06	1.53748	0
1.457123e-06	1.53747	0
1.457494e-06	1.53747	0
1.457865e-06	1.53746	0
1.458236e-06	1.53746	0
1.458607e-06	1.53745	0
1.458978e-06	1.53745	0
1.459349e-06	1.53744	0
1.459720e-06	1.53744	0
1.460091e-06	1.53743	0
1.460463e-06	1.53743	0
1.460834e-06	1.53742	0
1.461205e-06	1.53742	0
1.461576e-06	1.53741	0
1.461947e-06	1.5374	0
1.462318e-06	1.5374	0
1.462689e-06	1.53739	0
1.463060e-06	1.53739	0
1.463431e-06	1.53738	0
1.463802e-06	1.53738	0
1.464173e-06	1.53737	0
1.464545e-06	1.53737	0
1.464916e-06	1.53736	0
1.465287e-06	1.53736	0
1.465658e-06	1.53735	0
1.466029e-06	1.53735	0
1.466400e-06	1.53734	0
1.466771e-06	1.53734	0
1.467142e-06	1.53733	0
1.467513e-06	1.53733	0
1.467884e-06	1.53732	0
1.468256e-06	1.53732	0
1.468627e-06	1.53731	0
1.468998e-06	1.53731	0
1.469369e-06	1.5373	0
1.469740e-06	1.5373	0
1.470111e-06	1.53729	0
1.470482e-06	1.53729	0
1.470853e-06	1.53728	0
1.471224e-06	1.53728	0
1.471595e-06	1.53727	0
1.471966e-06	1.53727	0
1.472338e-06	1.53726	0
1.472709e-06	1.53726	0
1.473080e-06	1.53725	0
1.473451e-06	1.53725	0
1.473822e-06	1.53724	0
1.474193e-06	1.53724	0
1.474564e-06	1.53723	0
1.474935e-06	1.53722	0
1.475306e-06	1.53722	0
1.475677e-06	1.53721	0
1.476048e-06	1.53721	0
1.476420e-06	1.5372	0
1.476791e-06	1.5372	0
1.477162e-06	1.53719	0
1.477533e-06	1.53719	0
1.477904e-06	1.53718	0
1.478275e-06	1.53718	0
1.478646e-06	1.53717	0
1.479017e-06	1.53717	0
1.479388e-06	1.53716	0
1.479759e-06	1.53716	0
1.480131e-06	1.53715	0
1.480502e-06	1.53715	0
1.480873e-06	1.53714	0
1.481244e-06	1.53714	0
1.481615e-06	1.53713	0
1.481986e-06	1.53713	0
1.482357e-06	1.53712	0
1.482728e-06	1.53712	0
1.483099e-06	1.53711	0
1.483470e-06	1.53711	0
1.483841e-06	1.5371	0
1.484213e-06	1.5371	0
1.484584e-06	1.53709	0
1.484955e-06	1.53709	0
1.485326e-06	1.53708	0
1.485697e-06	1.53708	0
1.486068e-06	1.53707	0
1.486439e-06	1.53706	0
1.486810e-06	1.53706	0
1.487181e-06	1.53705	0
1.487552e-06	1.53705	0
1.487924e-06	1.53704	0
1.488295e-06	1.53704	0
1.488666e-06	1.53703	0
1.489037e-06	1.53703	0
1.489408e-06	1.53702	0
1.489779e-06	1.53702	0
1.490150e-06	1.53701	0
1.490521e-06	1.53701	0
1.490892e-06	1.537	0
1.491263e-06	1.537	0
1.491634e-06	1.53699	0
1.492006e-06	1.53699	0
1.492377e-06	1.53698	0
1.492748e-06	1.53698	0
1.493119e-06	1.53697	0
1.493490e-06	1.53697	0
1.493861e-06	1.53696	0
1.494232e-06	1.53696	0
1.494603e-06	1.53695	0
1.494974e-06	1.53695	0
1.495345e-06	1.53694	0
1.495716e-06	1.53694	0
1.496088e-06	1.53693	0
1.496459e-06	1.53693	0
1.496830e-06	1.53692	0
1.497201e-06	1.53691	0
1.497572e-06	1.53691	0
1.497943e-06	1.5369	0
1.498314e-06	1.5369	0
1.498685e-06	1.53689	0
1.499056e-06	1.53689	0
1.499427e-06	1.53688	0
1.499799e-06	1.53688	0
1.500170e-06	1.53687	0
1.500541e-06	1.53687	0
1.500912e-06	1.53686	0
1.501283e-06	1.53686	0
1.501654e-06	1.53685	0
1.502025e-06	1.53685	0
1.502396e-06	1.53684	0
1.502767e-06	1.53684	0
1.503138e-06	1.53683	0
1.503509e-06	1.53683	0
1.503881e-06	1.53682	0
1.504252e-06	1.53682	0
1.504623e-06	1.53681	0
1.504994e-06	1.53681	0
1.505365e-06	1.5368	0
1.505736e-06	1.5368	0
1.506107e-06	1.53679	0
1.506478e-06	1.53678	0
1.506849e-06	1.53678	0
1.507220e-06	1.53677	0
1.507591e-06	1.53677	0
1.507963e-06	1.53676	0
1.508334e-06	1.53676	0
1.508705e-06	1.53675	0
1.509076e-06	1.53675	0
1.509447e-06	1.53674	0
1.509818e-06	1.53674	0
1.510189e-06	1.53673	0
1.510560e-06	1.53673	0
1.510931e-06	1.53672	0
1.511302e-06	1.53672	0
1.511674e-06	1.53671	0
1.512045e-06	1.53671	0
1.512416e-06	1.5367	0
1.512787e-06	1.5367	0
1.513158e-06	1.53669	0
1.513529e-06	1.53669	0
1.513900e-06	1.53668	0
1.514271e-06	1.53668	0
1.514642e-06	1.53667	0
1.515013e-06	1.53666	0
1.515384e-06	1.53666	0
1.515756e-06	1.53665	0
1.516127e-06	1.53665	0
1.516498e-06	1.53664	0
1.516869e-06	1.53664	0
1.517240e-06	1.53663	0
1.517611e-06	1.53663	0
1.517982e-06	1.53662	0
1.518353e-06	1.53662	0
1.518724e-06	1.53661	0
1.519095e-06	1.53661	0
1.519467e-06	1.5366	0
1.519838e-06	1.5366	0
1.520209e-06	1.53659	0
1.520580e-06	1.53659	0
1.520951e-06	1.53658	0
1.521322e-06	1.53658	0
1.521693e-06	1.53657	0
1.522064e-06	1.53657	0
1.522435e-06	1.53656	0
1.522806e-06	1.53656	0
1.523177e-06	1.53655	0
1.523549e-06	1.53654	0
1.523920e-06	1.53654	0
1.524291e-06	1.53653	0
1.524662e-06	1.53653	0
1.525033e-06	1.53652	0
1.525404e-06	1.53652	0
1.525775e-06	1.53651	0
1.526146e-06	1.53651	0
1.526517e-06	1.5365	0
1.526888e-06	1.5365	0
1.527259e-06	1.53649	0
1.527631e-06	1.53649	0
1.528002e-06	1.53648	0
1.528373e-06	1.53648	0
1.528744e-06	1.53647	0
1.529115e-06	1.53647	0
1.529486e-06	1.53646	0
1.529857e-06	1.53646	0
1.530228e-06	1.53645	0
1.530599e-06	1.53645	0
1.530970e-06	1.53644	0
1.531342e-06	1.53643	0
1.531713e-06	1.53643	0
1.532084e-06	1.53642	0
1.532455e-06	1.53642	0
1.532826e-06	1.53641	0
1.533197e-06	1.53641	0
1.533568e-06	1.5364	0
1.533939e-06	1.5364	0
1.534310e-06	1.53639	0
1.534681e-06	1.53639	0
1.535052e-06	1.53638	0
1.535424e-06	1.53638	0
1.535795e-06	1.53637	0
1.536166e-06	1.53637	0
1.536537e-06	1.53636	0
1.536908e-06	1.53636	0
1.537279e-06	1.53635	0
1.537650e-06	1.53635	0
1.538021e-06	1.53634	0
1.538392e-06	1.53634	0
1.538763e-06	1.53633	0
1.539135e-06	1.53632	0
1.539506e-06	1.53632	0
1.539877e-06	1.53631	0
1.540248e-06	1.53631	0
1.540619e-06	1.5363	0
1.540990e-06	1.5363	0
1.541361e-06	1.53629	0
1.541732e-06	1.53629	0
1.542103e-06	1.53628	0
1.542474e-06	1.53628	0
1.542845e-06	1.53627	0
1.543217e-06	1.53627	0
1.543588e-06	1.53626	0
1.543959e-06	1.53626	0
1.544330e-06	1.53625	0
1.544701e-06	1.53625	0
1.545072e-06	1.53624	0
1.545443e-06	1.53624	0
1.545814e-06	1.53623	0
1.546185e-06	1.53622	0
1.546556e-06	1.53622	0
1.546927e-06	1.53621	0
1.547299e-06	1.53621	0
1.547670e-06	1.5362	0
1.548041e-06	1.5362	0
1.548412e-06	1.53619	0
1.548783e-06	1.53619	0
1.549154e-06	1.53618	0
1.549525e-06	1.53618	0
1.549896e-06	1.53617	0
1.550267e-06	1.53617	0
1.550638e-06	1.53616	0
1.551010e-06	1.53616	0
1.551381e-06	1.53615	0
1.551752e-06	1.53615	0
1.552123e-06	1.53614	0
1.552494e-06	1.53613	0
1.552865e-06	1.53613	0
1.553236e-06	1.53612	0
1.553607e-06	1.53612	0
1.553978e-06	1.53611	0
1.554349e-06	1.53611	0
1.554720e-06	1.5361	0
1.555092e-06	1.5361	0
1.555463e-06	1.53609	0
1.555834e-06	1.53609	0
1.556205e-06	1.53608	0
1.556576e-06	1.53608	0
1.556947e-06	1.53607	0
1.557318e-06	1.53607	0
1.557689e-06	1.53606	0
1.558060e-06	1.53606	0
1.558431e-06	1.53605	0
1.558803e-06	1.53604	0
1.559174e-06	1.53604	0
1.559545e-06	1.53603	0
1.559916e-06	1.53603	0
1.560287e-06	1.53602	0
1.560658e-06	1.53602	0
1.561029e-06	1.53601	0
1.561400e-06	1.53601	0
1.561771e-06	1.536	0
1.562142e-06	1.536	0
1.562513e-06	1.53599	0
1.562885e-06	1.53599	0
1.563256e-06	1.53598	0
1.563627e-06	1.53598	0
1.563998e-06	1.53597	0
1.564369e-06	1.53597	0
1.564740e-06	1.53596	0
1.565111e-06	1.53595	0
1.565482e-06	1.53595	0
1.565853e-06	1.53594	0
1.566224e-06	1.53594	0
1.566595e-06	1.53593	0
1.566967e-06	1.53593	0
1.567338e-06	1.53592	0
1.567709e-06	1.53592	0
1.568080e-06	1.53591	0
1.568451e-06	1.53591	0
1.568822e-06	1.5359	0
1.569193e-06	1.5359	0
1.569564e-06	1.53589	0
1.569935e-06	1.53589	0
1.570306e-06	1.53588	0
1.570678e-06	1.53588	0
1.571049e-06	1.53587	0
1.571420e-06	1.53586	0
1.571791e-06	1.53586	0
1.572162e-06	1.53585	0
1.572533e-06	1.53585	0
1.572904e-06	1.53584	0
1.573275e-06	1.53584	0
1.573646e-06	1.53583	0
1.574017e-06	1.53583	0
1.574388e-06	1.53582	0
1.574760e-06	1.53582	0
1.575131e-06	1.53581	0
1.575502e-06	1.53581	0
1.575873e-06	1.5358	0
1.576244e-06	1.5358	0
1.576615e-06	1.53579	0
1.576986e-06	1.53578	0
1.577357e-06	1.53578	0
1.577728e-06	1.53577	0
1.578099e-06	1.53577	0
1.578470e-06	1.53576	0
1.578842e-06	1.53576	0
1.579213e-06	1.53575	0
1.579584e-06	1.53575	0
1.579955e-06	1.53574	0
1.580326e-06	1.53574	0
1.580697e-06	1.53573	0
1.581068e-06	1.53573	0
1.581439e-06	1.53572	0
1.581810e-06	1.53572	0
1.582181e-06	1.53571	0
1.582553e-06	1.5357	0
1.582924e-06	1.5357	0
1.583295e-06	1.53569	0
1.583666e-06	1.53569	0
1.584037e-06	1.53568	0
1.584408e-06	1.53568	0
1.584779e-06	1.53567	0
1.585150e-06	1.53567	0
1.585521e-06	1.53566	0
1.585892e-06	1.53566	0
1.586263e-06	1.53565	0
1.586635e-06	1.53565	0
1.587006e-06	1.53564	0
1.587377e-06	1.53564	0
1.587748e-06	1.53563	0
1.588119e-06	1.53562	0
1.588490e-06	1.53562	0
1.588861e-06	1.53561	0
1.589232e-06	1.53561	0
1.589603e-06	1.5356	0
1.589974e-06	1.5356	0
1.590346e-06	1.53559	0
1.590717e-06	1.53559	0
1.591088e-06	1.53558	0
1.591459e-06	1.53558	0
1.591830e-06	1.53557	0
1.592201e-06	1.53557	0
1.592572e-06	1.53556	0
1.592943e-06	1.53555	0
1.593314e-06	1.53555	0
1.593685e-06	1.53554	0
1.594056e-06	1.53554	0
1.594428e-06	1.53553	0
1.594799e-06	1.53553	0
1.595170e-06	1.53552	0
1.595541e-06	1.53552	0
1.595912e-06	1.53551	0
1.596283e-06	1.53551	0
1.596654e-06	1.5355	0
1.597025e-06	1.5355	0
1.597396e-06	1.53549	0
1.597767e-06	1.53548	0
1.598138e-06	1.53548	0
1.598510e-06	1.53547	0
1.598881e-06	1.53547	0
1.599252e-06	1.53546	0
1.599623e-06	1.53546	0
1.599994e-06	1.53545	0
1.600365e-06	1.53545	0
1.600736e-06	1.53544	0
1.601107e-06	1.53544	0
1.601478e-06	1.53543	0
1.601849e-06	1.53543	0
1.602221e-06	1.53542	0
1.602592e-06	1.53542	0
1.602963e-06	1.53541	0
1.603334e-06	1.5354	0
1.603705e-06	1.5354	0
1.604076e-06	1.53539	0
1.604447e-06	1.53539	0
1.604818e-06	1.53538	0
1.605189e-06	1.53538	0
1.605560e-06	1.53537	0
1.605931e-06	1.53537	0
1.606303e-06	1.53536	0
1.606674e-06	1.53536	0
1.607045e-06	1.53535	0
1.607416e-06	1.53535	0
1.607787e-06	1.53534	0
1.608158e-06	1.53533	0
1.608529e-06	1.53533	0
1.608900e-06	1.53532	0
1.609271e-06	1.53532	0
1.609642e-06	1.53531	0
1.610014e-06	1.53531	0
1.610385e-06	1.5353	0
1.610756e-06	1.5353	0
1.611127e-06	1.53529	0
1.611498e-06	1.53529	0
1.611869e-06	1.53528	0
1.612240e-06	1.53527	0
1.612611e-06	1.53527	0
1.612982e-06	1.53526	0
1.613353e-06	1.53526	0
1.613724e-06	1.53525	0
1.614096e-06	1.53525	0
1.614467e-06	1.53524	0
1.614838e-06	1.53524	0
1.615209e-06	1.53523	0
1.615580e-06	1.53523	0
1.615951e-06	1.53522	0
1.616322e-06	1.53522	0
1.616693e-06	1.53521	0
1.617064e-06	1.5352	0
1.617435e-06	1.5352	0
1.617806e-06	1.53519	0
1.618178e-06	1.53519	0
1.618549e-06	1.53518	0
1.618920e-06	1.53518	0
1.619291e-06	1.53517	0
1.619662e-06	1.53517	0
1.620033e-06	1.53516	0
1.620404e-06	1.53516	0
1.620775e-06	1.53515	0
1.621146e-06	1.53515	0
1.621517e-06	1.53514	0
1.621889e-06	1.53513	0
1.622260e-06	1.53513	0
1.622631e-06	1.53512	0
1.623002e-06	1.53512	0
1.623373e-06	1.53511	0
1.623744e-06	1.53511	0
1.624115e-06	1.5351	0
1.624486e-06	1.5351	0
1.624857e-06	1.53509	0
1.625228e-06	1.53509	0
1.625599e-06	1.53508	0
1.625971e-06	1.53507	0
1.626342e-06	1.53507	0
1.626713e-06	1.53506	0
1.627084e-06	1.53506	0
1.627455e-06	1.53505	0
1.627826e-06	1.53505	0
1.628197e-06	1.53504	0
1.628568e-06	1.53504	0
1.628939e-06	1.53503	0
1.629310e-06	1.53503	0
1.629681e-06	1.53502	0
1.630053e-06	1.53501	0
1.630424e-06	1.53501	0
1.630795e-06	1.535	0
1.631166e-06	1.535	0
1.631537e-06	1.53499	0
1.631908e-06	1.53499	0
1.632279e-06	1.53498	0
1.632650e-06	1.53498	0
1.633021e-06	1.53497	0
1.633392e-06	1.53497	0
1.633764e-06	1.53496	0
1.634135e-06	1.53495	0
1.634506e-06	1.53495	0
1.634877e-06	1.53494	0
1.635248e-06	1.53494	0
1.635619e-06	1.53493	0
1.635990e-06	1.53493	0
1.636361e-06	1.53492	0
1.636732e-06	1.53492	0
1.637103e-06	1.53491	0
1.637474e-06	1.53491	0
1.637846e-06	1.5349	0
1.638217e-06	1.53489	0
1.638588e-06	1.53489	0
1.638959e-06	1.53488	0
1.639330e-06	1.53488	0
1.639701e-06	1.53487	0
1.640072e-06	1.53487	0
1.640443e-06	1.53486	0
1.640814e-06	1.53486	0
1.641185e-06	1.53485	0
1.641557e-06	1.53485	0
1.641928e-06	1.53484	0
1.642299e-06	1.53483	0
1.642670e-06	1.53483	0
1.643041e-06	1.53482	0
1.643412e-06	1.53482	0
1.643783e-06	1.53481	0
1.644154e-06	1.53481	0
1.644525e-06	1.5348	0
1.644896e-06	1.5348	0
1.645267e-06	1.53479	0
1.645639e-06	1.53479	0
1.646010e-06	1.53478	0
1.646381e-06	1.53477	0
1.646752e-06	1.53477	0
1.647123e-06	1.53476	0
1.647494e-06	1.53476	0
1.647865e-06	1.53475	0
1.648236e-06	1.53475	0
1.648607e-06	1.53474	0
1.648978e-06	1.53474	0
1.649349e-06	1.53473	0
1.649721e-06	1.53473	0
1.650092e-06	1.53472	0
1.650463e-06	1.53471	0
1.650834e-06	1.53471	0
1.651205e-06	1.5347	0
1.651576e-06	1.5347	0
1.651947e-06	1.53469	0
1.652318e-06	1.53469	0
1.652689e-06	1.53468	0
1.653060e-06	1.53468	0
1.653432e-06	1.53467	0
1.653803e-06	1.53467	0
1.654174e-06	1.53466	0
1.654545e-06	1.53465	0
1.654916e-06	1.53465	0
1.655287e-06	1.53464	0
1.655658e-06	1.53464	0
1.656029e-06	1.53463	0
1.656400e-06	1.53463	0
1.656771e-06	1.53462	0
1.657142e-06	1.53462	0
1.657514e-06	1.53461	0
1.657885e-06	1.5346	0
1.658256e-06	1.5346	0
1.658627e-06	1.53459	0
1.658998e-06	1.53459	0
1.659369e-06	1.53458	0
1.659740e-06	1.53458	0
1.660111e-06	1.53457	0
1.660482e-06	1.53457	0
1.660853e-06	1.53456	0
1.661225e-06	1.53456	0
1.661596e-06	1.53455	0
1.661967e-06	1.53454	0
1.662338e-06	1.53454	0
1.662709e-06	1.53453	0
1.663080e-06	1.53453	0
1.663451e-06	1.53452	0
1.663822e-06	1.53452	0
1.664193e-06	1.53451	0
1.664564e-06	1.53451	0
1.664935e-06	1.5345	0
1.665307e-06	1.53449	0
1.665678e-06	1.53449	0
1.666049e-06	1.53448	0
1.666420e-06	1.53448	0
1.666791e-06	1.53447	0
1.667162e-06	1.53447	0
1.667533e-06	1.53446	0
1.667904e-06	1.53446	0
1.668275e-06	1.53445	0
1.668646e-06	1.53444	0
1.669017e-06	1.53444	0
1.669389e-06	1.53443	0
1.669760e-06	1.53443	0
1.670131e-06	1.53442	0
1.670502e-06	1.53442	0
1.670873e-06	1.53441	0
1.671244e-06	1.53441	0
1.671615e-06	1.5344	0
1.671986e-06	1.53439	0
1.672357e-06	1.53439	0
1.672728e-06	1.53438	0
1.673100e-06	1.53438	0
1.673471e-06	1.53437	0
1.673842e-06	1.53437	0
1.674213e-06	1.53436	0
1.674584e-06	1.53436	0
1.674955e-06	1.53435	0
1.675326e-06	1.53435	0
1.675697e-06	1.53434	0
1.676068e-06	1.53433	0
1.676439e-06	1.53433	0
1.676810e-06	1.53432	0
1.677182e-06	1.53432	0
1.677553e-06	1.53431	0
1.677924e-06	1.53431	0
1.678295e-06	1.5343	0
1.678666e-06	1.5343	0
1.679037e-06	1.53429	0
1.679408e-06	1.53428	0
1.679779e-06	1.53428	0
1.680150e-06	1.53427	0
1.680521e-06	1.53427	0
1.680892e-06	1.53426	0
1.681264e-06	1.53426	0
1.681635e-06	1.53425	0
1.682006e-06	1.53425	0
1.682377e-06	1.53424	0
1.682748e-06	1.53423	0
1.683119e-06	1.53423	0
1.683490e-06	1.53422	0
1.683861e-06	1.53422	0
1.684232e-06	1.53421	0
1.684603e-06	1.53421	0
1.684975e-06	1.5342	0
1.685346e-06	1.5342	0
1.685717e-06	1.53419	0
1.686088e-06	1.53418	0
1.686459e-06	1.53418	0
1.686830e-06	1.53417	0
1.687201e-06	1.53417	0
1.687572e-06	1.53416	0
1.687943e-06	1.53416	0
1.688314e-06	1.53415	0
1.688685e-06	1.53415	0
1.689057e-06	1.53414	0
1.689428e-06	1.53413	0
1.689799e-06	1.53413	0
1.690170e-06	1.53412	0
1.690541e-06	1.53412	0
1.690912e-06	1.53411	0
1.691283e-06	1.53411	0
1.691654e-06	1.5341	0
1.692025e-06	1.53409	0
1.692396e-06	1.53409	0
1.692768e-06	1.53408	0
1.693139e-06	1.53408	0
1.693510e-06	1.53407	0
1.693881e-06	1.53407	0
1.694252e-06	1.53406	0
1.694623e-06	1.53406	0
1.694994e-06	1.53405	0
1.695365e-06	1.53404	0
1.695736e-06	1.53404	0
1.696107e-06	1.53403	0
1.696478e-06	1.53403	0
1.696850e-06	1.53402	0
1.697221e-06	1.53402	0
1.697592e-06	1.53401	0
1.697963e-06	1.53401	0
1.698334e-06	1.534	0
1.698705e-06	1.53399	0
1.699076e-06	1.53399	0
1.699447e-06	1.53398	0
1.699818e-06	1.53398	0
1.700189e-06	1.53397	0
1.700560e-06	1.53397	0
1.700932e-06	1.53396	0
1.701303e-06	1.53396	0
1.701674e-06	1.53395	0
1.702045e-06	1.53394	0
1.702416e-06	1.53394	0
1.702787e-06	1.53393	0
1.703158e-06	1.53393	0
1.703529e-06	1.53392	0
1.703900e-06	1.53392	0
1.704271e-06	1.53391	0
1.704643e-06	1.5339	0
1.705014e-06	1.5339	0
1.705385e-06	1.53389	0
1.705756e-06	1.53389	0
1.706127e-06	1.53388	0
1.706498e-06	1.53388	0
1.706869e-06	1.53387	0
1.707240e-06	1.53387	0
1.707611e-06	1.53386	0
1.707982e-06	1.53385	0
1.708353e-06	1.53385	0
1.708725e-06	1.53384	0
1.709096e-06	1.53384	0
1.709467e-06	1.53383	0
1.709838e-06	1.53383	0
1.710209e-06	1.53382	0
1.710580e-06	1.53381	0
1.710951e-06	1.53381	0
1.711322e-06	1.5338	0
1.711693e-06	1.5338	0
1.712064e-06	1.53379	0
1.712436e-06	1.53379	0
1.712807e-06	1.53378	0
1.713178e-06	1.53378	0
1.713549e-06	1.53377	0
1.713920e-06	1.53376	0
1.714291e-06	1.53376	0
1.714662e-06	1.53375	0
1.715033e-06	1.53375	0
1.715404e-06	1.53374	0
1.715775e-06	1.53374	0
1.716146e-06	1.53373	0
1.716518e-06	1.53372	0
1.716889e-06	1.53372	0
1.717260e-06	1.53371	0
1.717631e-06	1.53371	0
1.718002e-06	1.5337	0
1.718373e-06	1.5337	0
1.718744e-06	1.53369	0
1.719115e-06	1.53369	0
1.719486e-06	1.53368	0
1.719857e-06	1.53367	0
1.720228e-06	1.53367	0
1.720600e-06	1.53366	0
1.720971e-06	1.53366	0
1.721342e-06	1.53365	0
1.721713e-06	1.53365	0
1.722084e-06	1.53364	0
1.722455e-06	1.53363	0
1.722826e-06	1.53363	0
1.723197e-06	1.53362	0
1.723568e-06	1.53362	0
1.723939e-06	1.53361	0
1.724311e-06	1.53361	0
1.724682e-06	1.5336	0
1.725053e-06	1.53359	0
1.725424e-06	1.53359	0
1.725795e-06	1.53358	0
1.726166e-06	1.53358	0
1.726537e-06	1.53357	0
1.726908e-06	1.53357	0
1.727279e-06	1.53356	0
1.727650e-06	1.53356	0
1.728021e-06	1.53355	0
1.728393e-06	1.53354	0
1.728764e-06	1.53354	0
1.729135e-06	1.53353	0
1.729506e-06	1.53353	0
1.729877e-06	1.53352	0
1.730248e-06	1.53352	0
1.730619e-06	1.53351	0
1.730990e-06	1.5335	0
1.731361e-06	1.5335	0
1.731732e-06	1.53349	0
1.732104e-06	1.53349	0
1.732475e-06	1.53348	0
1.732846e-06	1.53348	0
1.733217e-06	1.53347	0
1.733588e-06	1.53346	0
1.733959e-06	1.53346	0
1.734330e-06	1.53345	0
1.734701e-06	1.53345	0
1.735072e-06	1.53344	0
1.735443e-06	1.53344	0
1.735814e-06	1.53343	0
1.736186e-06	1.53342	0
1.736557e-06	1.53342	0
1.736928e-06	1.53341	0
1.737299e-06	1.53341	0
1.737670e-06	1.5334	0
1.738041e-06	1.5334	0
1.738412e-06	1.53339	0
1.738783e-06	1.53338	0
1.739154e-06	1.53338	0
1.739525e-06	1.53337	0
1.739896e-06	1.53337	0
1.740268e-06	1.53336	0
1.740639e-06	1.53336	0
1.741010e-06	1.53335	0
1.741381e-06	1.53334	0
1.741752e-06	1.53334	0
1.742123e-06	1.53333	0
1.742494e-06	1.53333	0
1.742865e-06	1.53332	0
1.743236e-06	1.53332	0
1.743607e-06	1.53331	0
1.743979e-06	1.5333	0
1.744350e-06	1.5333	0
1.744721e-06	1.53329	0
1.745092e-06	1.53329	0
1.745463e-06	1.53328	0
1.745834e-06	1.53328	0
1.746205e-06	1.53327	0
1.746576e-06	1.53326	0
1.746947e-06	1.53326	0
1.747318e-06	1.53325	0
1.747689e-06	1.53325	0
1.748061e-06	1.53324	0
1.748432e-06	1.53324	0
1.748803e-06	1.53323	0
1.749174e-06	1.53322	0
1.749545e-06	1.53322	0
1.749916e-06	1.53321	0
1.750287e-06	1.53321	0
1.750658e-06	1.5332	0
1.751029e-06	1.5332	0
1.751400e-06	1.53319	0
1.751771e-06	1.53318	0
1.752143e-06	1.53318	0
1.752514e-06	1.53317	0
1.752885e-06	1.53317	0
1.753256e-06	1.53316	0
1.753627e-06	1.53316	0
1.753998e-06	1.53315	0
1.754369e-06	1.53314	0
1.754740e-06	1.53314	0
1.755111e-06	1.53313	0
1.755482e-06	1.53313	0
1.755854e-06	1.53312	0
1.756225e-06	1.53312	0
1.756596e-06	1.53311	0
1.756967e-06	1.5331	0
1.757338e-06	1.5331	0
1.757709e-06	1.53309	0
1.758080e-06	1.53309	0
1.758451e-06	1.53308	0
1.758822e-06	1.53308	0
1.759193e-06	1.53307	0
1.759564e-06	1.53306	0
1.759936e-06	1.53306	0
1.760307e-06	1.53305	0
1.760678e-06	1.53305	0
1.761049e-06	1.53304	0
1.761420e-06	1.53304	0
1.761791e-06	1.53303	0
1.762162e-06	1.53302	0
1.762533e-06	1.53302	0
1.762904e-06	1.53301	0
1.763275e-06	1.53301	0
1.763647e-06	1.533	0
1.764018e-06	1.533	0
1.764389e-06	1.53299	0
1.764760e-06	1.53298	0
1.765131e-06	1.53298	0
1.765502e-06	1.53297	0
1.765873e-06	1.53297	0
1.766244e-06	1.53296	0
1.766615e-06	1.53296	0
1.766986e-06	1.53295	0
1.767357e-06	1.53294	0
1.767729e-06	1.53294	0
1.768100e-06	1.53293	0
1.768471e-06	1.53293	0
1.768842e-06	1.53292	0
1.769213e-06	1.53291	0
1.769584e-06	1.53291	0
1.769955e-06	1.5329	0
1.770326e-06	1.5329	0
1.770697e-06	1.53289	0
1.771068e-06	1.53289	0
1.771439e-06	1.53288	0
1.771811e-06	1.53287	0
1.772182e-06	1.53287	0
1.772553e-06	1.53286	0
1.772924e-06	1.53286	0
1.773295e-06	1.53285	0
1.773666e-06	1.53285	0
1.774037e-06	1.53284	0
1.774408e-06	1.53283	0
1.774779e-06	1.53283	0
1.775150e-06	1.53282	0
1.775522e-06	1.53282	0
1.775893e-06	1.53281	0
1.776264e-06	1.5328	0
1.776635e-06	1.5328	0
1.777006e-06	1.53279	0
1.777377e-06	1.53279	0
1.777748e-06	1.53278	0
1.778119e-06	1.53278	0
1.778490e-06	1.53277	0
1.778861e-06	1.53276	0
1.779232e-06	1.53276	0
1.779604e-06	1.53275	0
1.779975e-06	1.53275	0
1.780346e-06	1.53274	0
1.780717e-06	1.53274	0
1.781088e-06	1.53273	0
1.781459e-06	1.53272	0
1.781830e-06	1.53272	0
1.782201e-06	1.53271	0
1.782572e-06	1.53271	0
1.782943e-06	1.5327	0
1.783315e-06	1.53269	0
1.783686e-06	1.53269	0
1.784057e-06	1.53268	0
1.784428e-06	1.53268	0
1.784799e-06	1.53267	0
1.785170e-06	1.53267	0
1.785541e-06	1.53266	0
1.785912e-06	1.53265	0
1.786283e-06	1.53265	0
1.786654e-06	1.53264	0
1.787025e-06	1.53264	0
1.787397e-06	1.53263	0
1.787768e-06	1.53262	0
1.788139e-06	1.53262	0
1.788510e-06	1.53261	0
1.788881e-06	1.53261	0
1.789252e-06	1.5326	0
1.789623e-06	1.5326	0
1.789994e-06	1.53259	0
1.790365e-06	1.53258	0
1.790736e-06	1.53258	0
1.791107e-06	1.53257	0
1.791479e-06	1.53257	0
1.791850e-06	1.53256	0
1.792221e-06	1.53256	0
1.792592e-06	1.53255	0
1.792963e-06	1.53254	0
1.793334e-06	1.53254	0
1.793705e-06	1.53253	0
1.794076e-06	1.53253	0
1.794447e-06	1.53252	0
1.794818e-06	1.53251	0
1.795190e-06	1.53251	0
1.795561e-06	1.5325	0
1.795932e-06	1.5325	0
1.796303e-06	1.53249	0
1.796674e-06	1.53249	0
1.797045e-06	1.53248	0
1.797416e-06	1.53247	0
1.797787e-06	1.53247	0
1.798158e-06	1.53246	0
1.798529e-06	1.53246	0
1.798900e-06	1.53245	0
1.799272e-06	1.53244	0
1.799643e-06	1.53244	0
1.800014e-06	1.53243	0
1.800385e-06	1.53243	0
1.800756e-06	1.53242	0
1.801127e-06	1.53241	0
1.801498e-06	1.53241	0
1.801869e-06	1.5324	0
1.802240e-06	1.5324	0
1.802611e-06	1.53239	0
1.802982e-06	1.53239	0
1.803354e-06	1.53238	0
1.803725e-06	1.53237	0
1.804096e-06	1.53237	0
1.804467e-06	1.53236	0
1.804838e-06	1.53236	0
1.805209e-06	1.53235	0
1.805580e-06	1.53234	0
1.805951e-06	1.53234	0
1.806322e-06	1.53233	0
1.806693e-06	1.53233	0
1.807065e-06	1.53232	0
1.807436e-06	1.53232	0
1.807807e-06	1.53231	0
1.808178e-06	1.5323	0
1.808549e-06	1.5323	0
1.808920e-06	1.53229	0
1.809291e-06	1.53229	0
1.809662e-06	1.53228	0
1.810033e-06	1.53227	0
1.810404e-06	1.53227	0
1.810775e-06	1.53226	0
1.811147e-06	1.53226	0
1.811518e-06	1.53225	0
1.811889e-06	1.53224	0
1.812260e-06	1.53224	0
1.812631e-06	1.53223	0
1.813002e-06	1.53223	0
1.813373e-06	1.53222	0
1.813744e-06	1.53222	0
1.814115e-06	1.53221	0
1.814486e-06	1.5322	0
1.814858e-06	1.5322	0
1.815229e-06	1.53219	0
1.815600e-06	1.53219	0
1.815971e-06	1.53218	0
1.816342e-06	1.53217	0
1.816713e-06	1.53217	0
1.817084e-06	1.53216	0
1.817455e-06	1.53216	0
1.817826e-06	1.53215	0
1.818197e-06	1.53214	0
1.818568e-06	1.53214	0
1.818940e-06	1.53213	0
1.819311e-06	1.53213	0
1.819682e-06	1.53212	0
1.820053e-06	1.53211	0
1.820424e-06	1.53211	0
1.820795e-06	1.5321	0
1.821166e-06	1.5321	0
1.821537e-06	1.53209	0
1.821908e-06	1.53209	0
1.822279e-06	1.53208	0
1.822650e-06	1.53207	0
1.823022e-06	1.53207	0
1.823393e-06	1.53206	0
1.823764e-06	1.53206	0
1.824135e-06	1.53205	0
1.824506e-06	1.53204	0
1.824877e-06	1.53204	0
1.825248e-06	1.53203	0
1.825619e-06	1.53203	0
1.825990e-06	1.53202	0
1.826361e-06	1.53201	0
1.826733e-06	1.53201	0
1.827104e-06	1.532	0
1.827475e-06	1.532	0
1.827846e-06	1.53199	0
1.828217e-06	1.53198	0
1.828588e-06	1.53198	0
1.828959e-06	1.53197	0
1.829330e-06	1.53197	0
1.829701e-06	1.53196	0
1.830072e-06	1.53196	0
1.830443e-06	1.53195	0
1.830815e-06	1.53194	0
1.831186e-06	1.53194	0
1.831557e-06	1.53193	0
1.831928e-06	1.53193	0
1.832299e-06	1.53192	0
1.832670e-06	1.53191	0
1.833041e-06	1.53191	0
1.833412e-06	1.5319	0
1.833783e-06	1.5319	0
1.834154e-06	1.53189	0
1.834526e-06	1.53188	0
1.834897e-06	1.53188	0
1.835268e-06	1.53187	0
1.835639e-06	1.53187	0
1.836010e-06	1.53186	0
1.836381e-06	1.53185	0
1.836752e-06	1.53185	0
1.837123e-06	1.53184	0
1.837494e-06	1.53184	0
1.837865e-06	1.53183	0
1.838236e-06	1.53182	0
1.838608e-06	1.53182	0
1.838979e-06	1.53181	0
1.839350e-06	1.53181	0
1.839721e-06	1.5318	0
1.840092e-06	1.53179	0
1.840463e-06	1.53179	0
1.840834e-06	1.53178	0
1.841205e-06	1.53178	0
1.841576e-06	1.53177	0
1.841947e-06	1.53176	0
1.842318e-06	1.53176	0
1.842690e-06	1.53175	0
1.843061e-06	1.53175	0
1.843432e-06	1.53174	0
1.843803e-06	1.53173	0
1.844174e-06	1.53173	0
1.844545e-06	1.53172	0
1.844916e-06	1.53172	0
1.845287e-06	1.53171	0
1.845658e-06	1.5317	0
1.846029e-06	1.5317	0
1.846401e-06	1.53169	0
1.846772e-06	1.53169	0
1.847143e-06	1.53168	0
1.847514e-06	1.53168	0
1.847885e-06	1.53167	0
1.848256e-06	1.53166	0
1.848627e-06	1.53166	0
1.848998e-06	1.53165	0
1.849369e-06	1.53165	0
1.849740e-06	1.53164	0
1.850111e-06	1.53163	0
1.850483e-06	1.53163	0
1.850854e-06	1.53162	0
1.851225e-06	1.53162	0
1.851596e-06	1.53161	0
1.851967e-06	1.5316	0
1.852338e-06	1.5316	0
1.852709e-06	1.53159	0
1.853080e-06	1.53159	0
1.853451e-06	1.53158	0
1.853822e-06	1.53157	0
1.854193e-06	1.53157	0
1.854565e-06	1.53156	0
1.854936e-06	1.53156	0
1.855307e-06	1.53155	0
1.855678e-06	1.53154	0
1.856049e-06	1.53154	0
1.856420e-06	1.53153	0
1.856791e-06	1.53153	0
1.857162e-06	1.53152	0
1.857533e-06	1.53151	0
1.857904e-06	1.53151	0
1.858276e-06	1.5315	0
1.858647e-06	1.5315	0
1.859018e-06	1.53149	0
1.859389e-06	1.53148	0
1.859760e-06	1.53148	0
1.860131e-06	1.53147	0
1.860502e-06	1.53147	0
1.860873e-06	1.53146	0
1.861244e-06	1.53145	0
1.861615e-06	1.53145	0
1.861986e-06	1.53144	0
1.862358e-06	1.53143	0
1.862729e-06	1.53143	0
1.863100e-06	1.53142	0
1.863471e-06	1.53142	0
1.863842e-06	1.53141	0
1.864213e-06	1.5314	0
1.864584e-06	1.5314	0
1.864955e-06	1.53139	0
1.865326e-06	1.53139	0
1.865697e-06	1.53138	0
1.866069e-06	1.53137	0
1.866440e-06	1.53137	0
1.866811e-06	1.53136	0
1.867182e-06	1.53136	0
1.867553e-06	1.53135	0
1.867924e-06	1.53134	0
1.868295e-06	1.53134	0
1.868666e-06	1.53133	0
1.869037e-06	1.53133	0
1.869408e-06	1.53132	0
1.869779e-06	1.53131	0
1.870151e-06	1.53131	0
1.870522e-06	1.5313	0
1.870893e-06	1.5313	0
1.871264e-06	1.53129	0
1.871635e-06	1.53128	0
1.872006e-06	1.53128	0
1.872377e-06	1.53127	0
1.872748e-06	1.53127	0
1.873119e-06	1.53126	0
1.873490e-06	1.53125	0
1.873861e-06	1.53125	0
1.874233e-06	1.53124	0
1.874604e-06	1.53124	0
1.874975e-06	1.53123	0
1.875346e-06	1.53122	0
1.875717e-06	1.53122	0
1.876088e-06	1.53121	0
1.876459e-06	1.53121	0
1.876830e-06	1.5312	0
1.877201e-06	1.53119	0
1.877572e-06	1.53119	0
1.877944e-06	1.53118	0
1.878315e-06	1.53117	0
1.878686e-06	1.53117	0
1.879057e-06	1.53116	0
1.879428e-06	1.53116	0
1.879799e-06	1.53115	0
1.880170e-06	1.53114	0
1.880541e-06	1.53114	0
1.880912e-06	1.53113	0
1.881283e-06	1.53113	0
1.881654e-06	1.53112	0
1.882026e-06	1.53111	0
1.882397e-06	1.53111	0
1.882768e-06	1.5311	0
1.883139e-06	1.5311	0
1.883510e-06	1.53109	0
1.883881e-06	1.53108	0
1.884252e-06	1.53108	0
1.884623e-06	1.53107	0
1.884994e-06	1.53107	0
1.885365e-06	1.53106	0
1.885737e-06	1.53105	0
1.886108e-06	1.53105	0
1.886479e-06	1.53104	0
1.886850e-06	1.53104	0
1.887221e-06	1.53103	0
1.887592e-06	1.53102	0
1.887963e-06	1.53102	0
1.888334e-06	1.53101	0
1.888705e-06	1.531	0
1.889076e-06	1.531	0
1.889447e-06	1.53099	0
1.889819e-06	1.53099	0
1.890190e-06	1.53098	0
1.890561e-06	1.53097	0
1.890932e-06	1.53097	0
1.891303e-06	1.53096	0
1.891674e-06	1.53096	0
1.892045e-06	1.53095	0
1.892416e-06	1.53094	0
1.892787e-06	1.53094	0
1.893158e-06	1.53093	0
1.893529e-06	1.53093	0
1.893901e-06	1.53092	0
1.894272e-06	1.53091	0
1.894643e-06	1.53091	0
1.895014e-06	1.5309	0
1.895385e-06	1.53089	0
1.895756e-06	1.53089	0
1.896127e-06	1.53088	0
1.896498e-06	1.53088	0
1.896869e-06	1.53087	0
1.897240e-06	1.53086	0
1.897612e-06	1.53086	0
1.897983e-06	1.53085	0
1.898354e-06	1.53085	0
1.898725e-06	1.53084	0
1.899096e-06	1.53083	0
1.899467e-06	1.53083	0
1.899838e-06	1.53082	0
1.900209e-06	1.53082	0
1.900580e-06	1.53081	0
1.900951e-06	1.5308	0
1.901322e-06	1.5308	0
1.901694e-06	1.53079	0
1.902065e-06	1.53078	0
1.902436e-06	1.53078	0
1.902807e-06	1.53077	0
1.903178e-06	1.53077	0
1.903549e-06	1.53076	0
1.903920e-06	1.53075	0
1.904291e-06	1.53075	0
1.904662e-06	1.53074	0
1.905033e-06	1.53074	0
1.905405e-06	1.53073	0
1.905776e-06	1.53072	0
1.906147e-06	1.53072	0
1.906518e-06	1.53071	0
1.906889e-06	1.5307	0
1.907260e-06	1.5307	0
1.907631e-06	1.53069	0
1.908002e-06	1.53069	0
1.908373e-06	1.53068	0
1.908744e-06	1.53067	0
1.909115e-06	1.53067	0
1.909487e-06	1.53066	0
1.909858e-06	1.53066	0
1.910229e-06	1.53065	0
1.910600e-06	1.53064	0
1.910971e-06	1.53064	0
1.911342e-06	1.53063	0
1.911713e-06	1.53062	0
1.912084e-06	1.53062	0
1.912455e-06	1.53061	0
1.912826e-06	1.53061	0
1.913197e-06	1.5306	0
1.913569e-06	1.53059	0
1.913940e-06	1.53059	0
1.914311e-06	1.53058	0
1.914682e-06	1.53058	0
1.915053e-06	1.53057	0
1.915424e-06	1.53056	0
1.915795e-06	1.53056	0
1.916166e-06	1.53055	0
1.916537e-06	1.53054	0
1.916908e-06	1.53054	0
1.917280e-06	1.53053	0
1.917651e-06	1.53053	0
1.918022e-06	1.53052	0
1.918393e-06	1.53051	0
1.918764e-06	1.53051	0
1.919135e-06	1.5305	0
1.919506e-06	1.53049	0
1.919877e-06	1.53049	0
1.920248e-06	1.53048	0
1.920619e-06	1.53048	0
1.920990e-06	1.53047	0
1.921362e-06	1.53046	0
1.921733e-06	1.53046	0
1.922104e-06	1.53045	0
1.922475e-06	1.53045	0
1.922846e-06	1.53044	0
1.923217e-06	1.53043	0
1.923588e-06	1.53043	0
1.923959e-06	1.53042	0
1.924330e-06	1.53041	0
1.924701e-06	1.53041	0
1.925072e-06	1.5304	0
1.925444e-06	1.5304	0
1.925815e-06	1.53039	0
1.926186e-06	1.53038	0
1.926557e-06	1.53038	0
1.926928e-06	1.53037	0
1.927299e-06	1.53036	0
1.927670e-06	1.53036	0
1.928041e-06	1.53035	0
1.928412e-06	1.53035	0
1.928783e-06	1.53034	0
1.929155e-06	1.53033	0
1.929526e-06	1.53033	0
1.929897e-06	1.53032	0
1.930268e-06	1.53031	0
1.930639e-06	1.53031	0
1.931010e-06	1.5303	0
1.931381e-06	1.5303	0
1.931752e-06	1.53029	0
1.932123e-06	1.53028	0
1.932494e-06	1.53028	0
1.932865e-06	1.53027	0
1.933237e-06	1.53027	0
1.933608e-06	1.53026	0
1.933979e-06	1.53025	0
1.934350e-06	1.53025	0
1.934721e-06	1.53024	0
1.935092e-06	1.53023	0
1.935463e-06	1.53023	0
1.935834e-06	1.53022	0
1.936205e-06	1.53022	0
1.936576e-06	1.53021	0
1.936948e-06	1.5302	0
1.937319e-06	1.5302	0
1.937690e-06	1.53019	0
1.938061e-06	1.53018	0
1.938432e-06	1.53018	0
1.938803e-06	1.53017	0
1.939174e-06	1.53017	0
1.939545e-06	1.53016	0
1.939916e-06	1.53015	0
1.940287e-06	1.53015	0
1.940658e-06	1.53014	0
1.941030e-06	1.53013	0
1.941401e-06	1.53013	0
1.941772e-06	1.53012	0
1.942143e-06	1.53012	0
1.942514e-06	1.53011	0
1.942885e-06	1.5301	0
1.943256e-06	1.5301	0
1.943627e-06	1.53009	0
1.943998e-06	1.53008	0
1.944369e-06	1.53008	0
1.944740e-06	1.53007	0
1.945112e-06	1.53007	0
1.945483e-06	1.53006	0
1.945854e-06	1.53005	0
1.946225e-06	1.53005	0
1.946596e-06	1.53004	0
1.946967e-06	1.53003	0
1.947338e-06	1.53003	0
1.947709e-06	1.53002	0
1.948080e-06	1.53001	0
1.948451e-06	1.53001	0
1.948823e-06	1.53	0
1.949194e-06	1.53	0
1.949565e-06	1.52999	0
1.949936e-06	1.52998	0
1.950307e-06	1.52998	0
1.950678e-06	1.52997	0
1.951049e-06	1.52996	0
1.951420e-06	1.52996	0
1.951791e-06	1.52995	0
1.952162e-06	1.52995	0
1.952533e-06	1.52994	0
1.952905e-06	1.52993	0
1.953276e-06	1.52993	0
1.953647e-06	1.52992	0
1.954018e-06	1.52991	0
1.954389e-06	1.52991	0
1.954760e-06	1.5299	0
1.955131e-06	1.5299	0
1.955502e-06	1.52989	0
1.955873e-06	1.52988	0
1.956244e-06	1.52988	0
1.956616e-06	1.52987	0
1.956987e-06	1.52986	0
1.957358e-06	1.52986	0
1.957729e-06	1.52985	0
1.958100e-06	1.52985	0
1.958471e-06	1.52984	0
1.958842e-06	1.52983	0
1.959213e-06	1.52983	0
1.959584e-06	1.52982	0
1.959955e-06	1.52981	0
1.960326e-06	1.52981	0
1.960698e-06	1.5298	0
1.961069e-06	1.52979	0
1.961440e-06	1.52979	0
1.961811e-06	1.52978	0
1.962182e-06	1.52978	0
1.962553e-06	1.52977	0
1.962924e-06	1.52976	0
1.963295e-06	1.52976	0
1.963666e-06	1.52975	0
1.964037e-06	1.52974	0
1.964408e-06	1.52974	0
1.964780e-06	1.52973	0
1.965151e-06	1.52973	0
1.965522e-06	1.52972	0
1.965893e-06	1.52971	0
1.966264e-06	1.52971	0
1.966635e-06	1.5297	0
1.967006e-06	1.52969	0
1.967377e-06	1.52969	0
1.967748e-06	1.52968	0
1.968119e-06	1.52967	0
1.968491e-06	1.52967	0
1.968862e-06	1.52966	0
1.969233e-06	1.52966	0
1.969604e-06	1.52965	0
1.969975e-06	1.52964	0
1.970346e-06	1.52964	0
1.970717e-06	1.52963	0
1.971088e-06	1.52962	0
1.971459e-06	1.52962	0
1.971830e-06	1.52961	0
1.972201e-06	1.5296	0
1.972573e-06	1.5296	0
1.972944e-06	1.52959	0
1.973315e-06	1.52959	0
1.973686e-06	1.52958	0
1.974057e-06	1.52957	0
1.974428e-06	1.52957	0
1.974799e-06	1.52956	0
1.975170e-06	1.52955	0
1.975541e-06	1.52955	0
1.975912e-06	1.52954	0
1.976283e-06	1.52953	0
1.976655e-06	1.52953	0
1.977026e-06	1.52952	0
1.977397e-06	1.52952	0
1.977768e-06	1.52951	0
1.978139e-06	1.5295	0
1.978510e-06	1.5295	0
1.978881e-06	1.52949	0
1.979252e-06	1.52948	0
1.979623e-06	1.52948	0
1.979994e-06	1.52947	0
1.980366e-06	1.52946	0
1.980737e-06	1.52946	0
1.981108e-06	1.52945	0
1.981479e-06	1.52945	0
1.981850e-06	1.52944	0
1.982221e-06	1.52943	0
1.982592e-06	1.52943	0
1.982963e-06	1.52942	0
1.983334e-06	1.52941	0
1.983705e-06	1.52941	0
1.984076e-06	1.5294	0
1.984448e-06	1.52939	0
1.984819e-06	1.52939	0
1.985190e-06	1.52938	0
1.985561e-06	1.52938	0
1.985932e-06	1.52937	0
1.986303e-06	1.52936	0
1.986674e-06	1.52936	0
1.987045e-06	1.52935	0
1.987416e-06	1.52934	0
1.987787e-06	1.52934	0
1.988159e-06	1.52933	0
1.988530e-06	1.52932	0
1.988901e-06	1.52932	0
1.989272e-06	1.52931	0
1.989643e-06	1.52931	0
1.990014e-06	1.5293	0
1.990385e-06	1.52929	0
1.990756e-06	1.52929	0
1.991127e-06	1.52928	0
1.991498e-06	1.52927	0
1.991869e-06	1.52927	0
1.992241e-06	1.52926	0
1.992612e-06	1.52925	0
1.992983e-06	1.52925	0
1.993354e-06	1.52924	0
1.993725e-06	1.52923	0
1.994096e-06	1.52923	0
1.994467e-06	1.52922	0
1.994838e-06	1.52922	0
1.995209e-06	1.52921	0
1.995580e-06	1.5292	0
1.995951e-06	1.5292	0
1.996323e-06	1.52919	0
1.996694e-06	1.52918	0
1.997065e-06	1.52918	0
1.997436e-06	1.52917	0
1.997807e-06	1.52916	0
1.998178e-06	1.52916	0
1.998549e-06	1.52915	0
1.998920e-06	1.52914	0
1.999291e-06	1.52914	0
1.999662e-06	1.52913	0
2.000034e-06	1.52913	0
2.000405e-06	1.52912	0
2.000776e-06	1.52911	0
2.001147e-06	1.52911	0
2.001518e-06	1.5291	0
2.001889e-06	1.52909	0
2.002260e-06	1.52909	0
2.002631e-06	1.52908	0
2.003002e-06	1.52907	0
2.003373e-06	1.52907	0
2.003744e-06	1.52906	0
2.004116e-06	1.52905	0
2.004487e-06	1.52905	0
2.004858e-06	1.52904	0
2.005229e-06	1.52904	0
2.005600e-06	1.52903	0
2.005971e-06	1.52902	0
2.006342e-06	1.52902	0
2.006713e-06	1.52901	0
2.007084e-06	1.529	0
2.007455e-06	1.529	0
2.007827e-06	1.52899	0
2.008198e-06	1.52898	0
2.008569e-06	1.52898	0
2.008940e-06	1.52897	0
2.009311e-06	1.52896	0
2.009682e-06	1.52896	0
2.010053e-06	1.52895	0
2.010424e-06	1.52895	0
2.010795e-06	1.52894	0
2.011166e-06	1.52893	0
2.011537e-06	1.52893	0
2.011909e-06	1.52892	0
2.012280e-06	1.52891	0
2.012651e-06	1.52891	0
2.013022e-06	1.5289	0
2.013393e-06	1.52889	0
2.013764e-06	1.52889	0
2.014135e-06	1.52888	0
2.014506e-06	1.52887	0
2.014877e-06	1.52887	0
2.015248e-06	1.52886	0
2.015619e-06	1.52885	0
2.015991e-06	1.52885	0
2.016362e-06	1.52884	0
2.016733e-06	1.52884	0
2.017104e-06	1.52883	0
2.017475e-06	1.52882	0
2.017846e-06	1.52882	0
2.018217e-06	1.52881	0
2.018588e-06	1.5288	0
2.018959e-06	1.5288	0
2.019330e-06	1.52879	0
2.019702e-06	1.52878	0
2.020073e-06	1.52878	0
2.020444e-06	1.52877	0
2.020815e-06	1.52876	0
2.021186e-06	1.52876	0
2.021557e-06	1.52875	0
2.021928e-06	1.52874	0
2.022299e-06	1.52874	0
2.022670e-06	1.52873	0
2.023041e-06	1.52872	0
2.023412e-06	1.52872	0
2.023784e-06	1.52871	0
2.024155e-06	1.52871	0
2.024526e-06	1.5287	0
2.024897e-06	1.52869	0
2.025268e-06	1.52869	0
2.025639e-06	1.52868	0
2.026010e-06	1.52867	0
2.026381e-06	1.52867	0
2.026752e-06	1.52866	0
2.027123e-06	1.52865	0
2.027494e-06	1.52865	0
2.027866e-06	1.52864	0
2.028237e-06	1.52863	0
2.028608e-06	1.52863	0
2.028979e-06	1.52862	0
2.029350e-06	1.52861	0
2.029721e-06	1.52861	0
2.030092e-06	1.5286	0
2.030463e-06	1.52859	0
2.030834e-06	1.52859	0
2.031205e-06	1.52858	0
2.031577e-06	1.52857	0
2.031948e-06	1.52857	0
2.032319e-06	1.52856	0
2.032690e-06	1.52856	0
2.033061e-06	1.52855	0
2.033432e-06	1.52854	0
2.033803e-06	1.52854	0
2.034174e-06	1.52853	0
2.034545e-06	1.52852	0
2.034916e-06	1.52852	0
2.035287e-06	1.52851	0
2.035659e-06	1.5285	0
2.036030e-06	1.5285	0
2.036401e-06	1.52849	0
2.036772e-06	1.52848	0
2.037143e-06	1.52848	0
2.037514e-06	1.52847	0
2.037885e-06	1.52846	0
2.038256e-06	1.52846	0
2.038627e-06	1.52845	0
2.038998e-06	1.52844	0
2.039370e-06	1.52844	0
2.039741e-06	1.52843	0
2.040112e-06	1.52842	0
2.040483e-06	1.52842	0
2.040854e-06	1.52841	0
2.041225e-06	1.5284	0
2.041596e-06	1.5284	0
2.041967e-06	1.52839	0
2.042338e-06	1.52838	0
2.042709e-06	1.52838	0
2.043080e-06	1.52837	0
2.043452e-06	1.52837	0
2.043823e-06	1.52836	0
2.044194e-06	1.52835	0
2.044565e-06	1.52835	0
2.044936e-06	1.52834	0
2.045307e-06	1.52833	0
2.045678e-06	1.52833	0
2.046049e-06	1.52832	0
2.046420e-06	1.52831	0
2.046791e-06	1.52831	0
2.047162e-06	1.5283	0
2.047534e-06	1.52829	0
2.047905e-06	1.52829	0
2.048276e-06	1.52828	0
2.048647e-06	1.52827	0
2.049018e-06	1.52827	0
2.049389e-06	1.52826	0
2.049760e-06	1.52825	0
2.050131e-06	1.52825	0
2.050502e-06	1.52824	0
2.050873e-06	1.52823	0
2.051245e-06	1.52823	0
2.051616e-06	1.52822	0
2.051987e-06	1.52821	0
2.052358e-06	1.52821	0
2.052729e-06	1.5282	0
2.053100e-06	1.52819	0
